date,ticker,close,volume,source,retrieved_at,as_of_date
2023-04-17,AAPL,162.58033752441406,41516200.0,Yahoo Finance,2026-09-21T08:29:09+00:00,2024-05-20
2023-04-18,AAPL,163.8004608154297,49923000.0,Yahoo Finance,2026-09-21T08:29:09+00:00,2024-05-20
2023-04-19,AAPL,164.94183349609375,47720200.0,Yahoo Finance,2026-09-21T08:29:09+00:00,2024-05-20
2023-04-20,AAPL,163.97756958007812,52456400.0,Yahoo Finance,2026-09-21T08:29:09+00:00,2024-05-20
2023-04-21,AAPL,162.37371826171875,58337300.0,Yahoo Finance,2026-09-21T08:29:09+00:00,2024-05-20
2023-04-24,AAPL,162.67874145507812,41949600.0,Yahoo Finance,2026-09-21T08:29:09+00:00,2024-05-20
2023-04-25,AAPL,161.14376831054688,48714100.0,Yahoo Finance,2026-09-21T08:29:09+00:00,2024-05-20
2023-04-26,AAPL,161.13389587402344,45498800.0,Yahoo Finance,2026-09-21T08:29:09+00:00,2024-05-20
2023-04-27,AAPL,165.7093505859375,64902300.0,Yahoo Finance,2026-09-21T08:29:09+00:00,2024-05-20
2023-04-28,AAPL,166.95896911621094,55275900.0,Yahoo Finance,2026-09-21T08:29:09+00:00,2024-05-20
2023-05-01,AAPL,166.8704376220703,52472900.0,Yahoo Finance,2026-09-21T08:29:09+00:00,2024-05-20
2023-05-02,AAPL,165.83726501464844,48425700.0,Yahoo Finance,2026-09-21T08:29:09+00:00,2024-05-20
2023-05-03,AAPL,164.7647247314453,65136000.0,Yahoo Finance,2026-09-21T08:29:09+00:00,2024-05-20
2023-05-04,AAPL,163.13136291503906,81235400.0,Yahoo Finance,2026-09-21T08:29:09+00:00,2024-05-20
2023-05-05,AAPL,170.78659057617188,113453200.0,Yahoo Finance,2026-09-21T08:29:09+00:00,2024-05-20
2023-05-08,AAPL,170.71774291992188,55962800.0,Yahoo Finance,2026-09-21T08:29:09+00:00,2024-05-20
2023-05-09,AAPL,169.01544189453125,45326900.0,Yahoo Finance,2026-09-21T08:29:09+00:00,2024-05-20
2023-05-10,AAPL,170.77674865722656,53724500.0,Yahoo Finance,2026-09-21T08:29:09+00:00,2024-05-20
2023-05-11,AAPL,170.96368408203125,49514700.0,Yahoo Finance,2026-09-21T08:29:09+00:00,2024-05-20
2023-05-12,AAPL,170.03750610351562,45533100.0,Yahoo Finance,2026-09-21T08:29:09+00:00,2024-05-20
2023-05-15,AAPL,169.5448455810547,37266700.0,Yahoo Finance,2026-09-21T08:29:09+00:00,2024-05-20
2023-05-16,AAPL,169.5448455810547,42110300.0,Yahoo Finance,2026-09-21T08:29:09+00:00,2024-05-20
2023-05-17,AAPL,170.15573120117188,57951600.0,Yahoo Finance,2026-09-21T08:29:09+00:00,2024-05-20
2023-05-18,AAPL,172.4811248779297,65496700.0,Yahoo Finance,2026-09-21T08:29:09+00:00,2024-05-20
2023-05-19,AAPL,172.58950805664062,55809500.0,Yahoo Finance,2026-09-21T08:29:09+00:00,2024-05-20
2023-05-22,AAPL,171.64358520507812,43570900.0,Yahoo Finance,2026-09-21T08:29:09+00:00,2024-05-20
2023-05-23,AAPL,169.04232788085938,50747300.0,Yahoo Finance,2026-09-21T08:29:09+00:00,2024-05-20
2023-05-24,AAPL,169.31820678710938,45143500.0,Yahoo Finance,2026-09-21T08:29:09+00:00,2024-05-20
2023-05-25,AAPL,170.45132446289062,56058300.0,Yahoo Finance,2026-09-21T08:29:09+00:00,2024-05-20
2023-05-26,AAPL,172.85552978515625,54835000.0,Yahoo Finance,2026-09-21T08:29:09+00:00,2024-05-20
2023-05-30,AAPL,174.6980743408203,55964400.0,Yahoo Finance,2026-09-21T08:29:09+00:00,2024-05-20
2023-05-31,AAPL,174.64881896972656,99625300.0,Yahoo Finance,2026-09-21T08:29:09+00:00,2024-05-20
2023-06-01,AAPL,177.44715881347656,68901800.0,Yahoo Finance,2026-09-21T08:29:09+00:00,2024-05-20
2023-06-02,AAPL,178.29452514648438,61996900.0,Yahoo Finance,2026-09-21T08:29:09+00:00,2024-05-20
2023-06-05,AAPL,176.9446258544922,121946500.0,Yahoo Finance,2026-09-21T08:29:09+00:00,2024-05-20
2023-06-06,AAPL,176.58009338378906,64848400.0,Yahoo Finance,2026-09-21T08:29:09+00:00,2024-05-20
2023-06-07,AAPL,175.21047973632812,61944600.0,Yahoo Finance,2026-09-21T08:29:09+00:00,2024-05-20
2023-06-08,AAPL,177.9200897216797,50214900.0,Yahoo Finance,2026-09-21T08:29:09+00:00,2024-05-20
2023-06-09,AAPL,178.3043975830078,48900000.0,Yahoo Finance,2026-09-21T08:29:09+00:00,2024-05-20
2023-06-12,AAPL,181.0928497314453,54274900.0,Yahoo Finance,2026-09-21T08:29:09+00:00,2024-05-20
2023-06-13,AAPL,180.61990356445312,54929100.0,Yahoo Finance,2026-09-21T08:29:09+00:00,2024-05-20
2023-06-14,AAPL,181.25050354003906,57462900.0,Yahoo Finance,2026-09-21T08:29:09+00:00,2024-05-20
2023-06-15,AAPL,183.2802734375,65433200.0,Yahoo Finance,2026-09-21T08:29:09+00:00,2024-05-20
2023-06-16,AAPL,182.2062530517578,101256200.0,Yahoo Finance,2026-09-21T08:29:09+00:00,2024-05-20
2023-06-20,AAPL,182.2949676513672,49799100.0,Yahoo Finance,2026-09-21T08:29:09+00:00,2024-05-20
2023-06-21,AAPL,181.2603759765625,49515700.0,Yahoo Finance,2026-09-21T08:29:09+00:00,2024-05-20
2023-06-22,AAPL,184.2557373046875,51245300.0,Yahoo Finance,2026-09-21T08:29:09+00:00,2024-05-20
2023-06-23,AAPL,183.94039916992188,53117000.0,Yahoo Finance,2026-09-21T08:29:09+00:00,2024-05-20
2023-06-26,AAPL,182.5511016845703,48088700.0,Yahoo Finance,2026-09-21T08:29:09+00:00,2024-05-20
2023-06-27,AAPL,185.30014038085938,50730800.0,Yahoo Finance,2026-09-21T08:29:09+00:00,2024-05-20
2023-06-28,AAPL,186.4727020263672,51216800.0,Yahoo Finance,2026-09-21T08:29:09+00:00,2024-05-20
2023-06-29,AAPL,186.80770874023438,46347300.0,Yahoo Finance,2026-09-21T08:29:09+00:00,2024-05-20
2023-06-30,AAPL,191.12347412109375,85213200.0,Yahoo Finance,2026-09-21T08:29:09+00:00,2024-05-20
2023-07-03,AAPL,189.6356201171875,31458200.0,Yahoo Finance,2026-09-21T08:29:09+00:00,2024-05-20
2023-07-05,AAPL,188.522216796875,46920300.0,Yahoo Finance,2026-09-21T08:29:09+00:00,2024-05-20
2023-07-06,AAPL,188.99514770507812,45094300.0,Yahoo Finance,2026-09-21T08:29:09+00:00,2024-05-20
2023-07-07,AAPL,187.88172912597656,46815000.0,Yahoo Finance,2026-09-21T08:29:09+00:00,2024-05-20
2023-07-10,AAPL,185.8421173095703,59922200.0,Yahoo Finance,2026-09-21T08:29:09+00:00,2024-05-20
2023-07-11,AAPL,185.31991577148438,46638100.0,Yahoo Finance,2026-09-21T08:29:09+00:00,2024-05-20
2023-07-12,AAPL,186.98512268066406,60750200.0,Yahoo Finance,2026-09-21T08:29:09+00:00,2024-05-20
2023-07-13,AAPL,187.74378967285156,41342300.0,Yahoo Finance,2026-09-21T08:29:09+00:00,2024-05-20
2023-07-14,AAPL,187.89158630371094,41616200.0,Yahoo Finance,2026-09-21T08:29:09+00:00,2024-05-20
2023-07-17,AAPL,191.14317321777344,50520200.0,Yahoo Finance,2026-09-21T08:29:09+00:00,2024-05-20
2023-07-18,AAPL,190.88697814941406,48288200.0,Yahoo Finance,2026-09-21T08:29:09+00:00,2024-05-20
2023-07-19,AAPL,192.2368621826172,80507300.0,Yahoo Finance,2026-09-21T08:29:09+00:00,2024-05-20
2023-07-20,AAPL,190.29579162597656,59581200.0,Yahoo Finance,2026-09-21T08:29:09+00:00,2024-05-20
2023-07-21,AAPL,189.1232452392578,71951700.0,Yahoo Finance,2026-09-21T08:29:09+00:00,2024-05-20
2023-07-24,AAPL,189.92135620117188,45377800.0,Yahoo Finance,2026-09-21T08:29:09+00:00,2024-05-20
2023-07-25,AAPL,190.7786102294922,37283200.0,Yahoo Finance,2026-09-21T08:29:09+00:00,2024-05-20
2023-07-26,AAPL,191.6457061767578,47471900.0,Yahoo Finance,2026-09-21T08:29:09+00:00,2024-05-20
2023-07-27,AAPL,190.3844451904297,47460200.0,Yahoo Finance,2026-09-21T08:29:09+00:00,2024-05-20
2023-07-28,AAPL,192.95614624023438,48291400.0,Yahoo Finance,2026-09-21T08:29:09+00:00,2024-05-20
2023-07-31,AAPL,193.5670623779297,38824100.0,Yahoo Finance,2026-09-21T08:29:09+00:00,2024-05-20
2023-08-01,AAPL,192.73941040039062,35175100.0,Yahoo Finance,2026-09-21T08:29:09+00:00,2024-05-20
2023-08-02,AAPL,189.75384521484375,50389300.0,Yahoo Finance,2026-09-21T08:29:09+00:00,2024-05-20
2023-08-03,AAPL,188.36456298828125,61235200.0,Yahoo Finance,2026-09-21T08:29:09+00:00,2024-05-20
2023-08-04,AAPL,179.31930541992188,115956800.0,Yahoo Finance,2026-09-21T08:29:09+00:00,2024-05-20
2023-08-07,AAPL,176.22535705566406,97576100.0,Yahoo Finance,2026-09-21T08:29:09+00:00,2024-05-20
2023-08-08,AAPL,177.161376953125,67823000.0,Yahoo Finance,2026-09-21T08:29:09+00:00,2024-05-20
2023-08-09,AAPL,175.57504272460938,60378500.0,Yahoo Finance,2026-09-21T08:29:09+00:00,2024-05-20
2023-08-10,AAPL,175.3582763671875,54686900.0,Yahoo Finance,2026-09-21T08:29:09+00:00,2024-05-20
2023-08-11,AAPL,175.41744995117188,52036700.0,Yahoo Finance,2026-09-21T08:29:09+00:00,2024-05-20
2023-08-14,AAPL,177.06517028808594,43675600.0,Yahoo Finance,2026-09-21T08:29:09+00:00,2024-05-20
2023-08-15,AAPL,175.08200073242188,43622600.0,Yahoo Finance,2026-09-21T08:29:09+00:00,2024-05-20
2023-08-16,AAPL,174.21372985839844,46964900.0,Yahoo Finance,2026-09-21T08:29:09+00:00,2024-05-20
2023-08-17,AAPL,171.6780548095703,66062900.0,Yahoo Finance,2026-09-21T08:29:09+00:00,2024-05-20
2023-08-18,AAPL,172.16151428222656,61172200.0,Yahoo Finance,2026-09-21T08:29:09+00:00,2024-05-20
2023-08-21,AAPL,173.4934844970703,46311900.0,Yahoo Finance,2026-09-21T08:29:09+00:00,2024-05-20
2023-08-22,AAPL,174.86492919921875,42038900.0,Yahoo Finance,2026-09-21T08:29:09+00:00,2024-05-20
2023-08-23,AAPL,178.7030029296875,52722800.0,Yahoo Finance,2026-09-21T08:29:09+00:00,2024-05-20
2023-08-24,AAPL,174.0262908935547,54945800.0,Yahoo Finance,2026-09-21T08:29:09+00:00,2024-05-20
2023-08-25,AAPL,176.2265167236328,51449600.0,Yahoo Finance,2026-09-21T08:29:09+00:00,2024-05-20
2023-08-28,AAPL,177.78543090820312,43820700.0,Yahoo Finance,2026-09-21T08:29:09+00:00,2024-05-20
2023-08-29,AAPL,181.66299438476562,53003900.0,Yahoo Finance,2026-09-21T08:29:09+00:00,2024-05-20
2023-08-30,AAPL,185.14588928222656,60813900.0,Yahoo Finance,2026-09-21T08:29:09+00:00,2024-05-20
2023-08-31,AAPL,185.3629608154297,60794500.0,Yahoo Finance,2026-09-21T08:29:09+00:00,2024-05-20
2023-09-01,AAPL,186.9317169189453,45766500.0,Yahoo Finance,2026-09-21T08:29:09+00:00,2024-05-20
2023-09-05,AAPL,187.1685333251953,45280000.0,Yahoo Finance,2026-09-21T08:29:09+00:00,2024-05-20
2023-09-06,AAPL,180.46913146972656,81755800.0,Yahoo Finance,2026-09-21T08:29:09+00:00,2024-05-20
2023-09-07,AAPL,175.1905517578125,112488800.0,Yahoo Finance,2026-09-21T08:29:09+00:00,2024-05-20
2023-09-08,AAPL,175.80224609375,65551300.0,Yahoo Finance,2026-09-21T08:29:09+00:00,2024-05-20
2023-09-11,AAPL,176.96652221679688,58953100.0,Yahoo Finance,2026-09-21T08:29:09+00:00,2024-05-20
2023-09-12,AAPL,173.94735717773438,90370200.0,Yahoo Finance,2026-09-21T08:29:09+00:00,2024-05-20
2023-09-13,AAPL,171.88523864746094,84267900.0,Yahoo Finance,2026-09-21T08:29:09+00:00,2024-05-20
2023-09-14,AAPL,173.3948516845703,60895800.0,Yahoo Finance,2026-09-21T08:29:09+00:00,2024-05-20
2023-09-15,AAPL,172.67453002929688,109259500.0,Yahoo Finance,2026-09-21T08:29:09+00:00,2024-05-20
2023-09-18,AAPL,175.59506225585938,67257600.0,Yahoo Finance,2026-09-21T08:29:09+00:00,2024-05-20
2023-09-19,AAPL,176.68038940429688,51826900.0,Yahoo Finance,2026-09-21T08:29:09+00:00,2024-05-20
2023-09-20,AAPL,173.14816284179688,58436200.0,Yahoo Finance,2026-09-21T08:29:09+00:00,2024-05-20
2023-09-21,AAPL,171.60897827148438,63149100.0,Yahoo Finance,2026-09-21T08:29:09+00:00,2024-05-20
2023-09-22,AAPL,172.45748901367188,56725400.0,Yahoo Finance,2026-09-21T08:29:09+00:00,2024-05-20
2023-09-25,AAPL,173.7302703857422,46172700.0,Yahoo Finance,2026-09-21T08:29:09+00:00,2024-05-20
2023-09-26,AAPL,169.665283203125,64588900.0,Yahoo Finance,2026-09-21T08:29:09+00:00,2024-05-20
2023-09-27,AAPL,168.15565490722656,66921800.0,Yahoo Finance,2026-09-21T08:29:09+00:00,2024-05-20
2023-09-28,AAPL,168.4122314453125,56294400.0,Yahoo Finance,2026-09-21T08:29:09+00:00,2024-05-20
2023-09-29,AAPL,168.92527770996094,51861100.0,Yahoo Finance,2026-09-21T08:29:09+00:00,2024-05-20
2023-10-02,AAPL,171.43138122558594,52164500.0,Yahoo Finance,2026-09-21T08:29:09+00:00,2024-05-20
2023-10-03,AAPL,170.09939575195312,49594600.0,Yahoo Finance,2026-09-21T08:29:09+00:00,2024-05-20
2023-10-04,AAPL,171.3425750732422,53020300.0,Yahoo Finance,2026-09-21T08:29:09+00:00,2024-05-20
2023-10-05,AAPL,172.57589721679688,48527900.0,Yahoo Finance,2026-09-21T08:29:09+00:00,2024-05-20
2023-10-06,AAPL,175.12147521972656,57266700.0,Yahoo Finance,2026-09-21T08:29:09+00:00,2024-05-20
2023-10-09,AAPL,176.6014404296875,42390800.0,Yahoo Finance,2026-09-21T08:29:09+00:00,2024-05-20
2023-10-10,AAPL,176.00942993164062,43698000.0,Yahoo Finance,2026-09-21T08:29:09+00:00,2024-05-20
2023-10-11,AAPL,177.400634765625,47551100.0,Yahoo Finance,2026-09-21T08:29:09+00:00,2024-05-20
2023-10-12,AAPL,178.29849243164062,56743100.0,Yahoo Finance,2026-09-21T08:29:09+00:00,2024-05-20
2023-10-13,AAPL,176.46331787109375,51427100.0,Yahoo Finance,2026-09-21T08:29:09+00:00,2024-05-20
2023-10-16,AAPL,176.33506774902344,52517000.0,Yahoo Finance,2026-09-21T08:29:09+00:00,2024-05-20
2023-10-17,AAPL,174.78599548339844,57549400.0,Yahoo Finance,2026-09-21T08:29:09+00:00,2024-05-20
2023-10-18,AAPL,173.4934844970703,54764400.0,Yahoo Finance,2026-09-21T08:29:09+00:00,2024-05-20
2023-10-19,AAPL,173.1186065673828,59302900.0,Yahoo Finance,2026-09-21T08:29:09+00:00,2024-05-20
2023-10-20,AAPL,170.572998046875,64244000.0,Yahoo Finance,2026-09-21T08:29:09+00:00,2024-05-20
2023-10-23,AAPL,170.69139099121094,55980100.0,Yahoo Finance,2026-09-21T08:29:09+00:00,2024-05-20
2023-10-24,AAPL,171.1255340576172,43816600.0,Yahoo Finance,2026-09-21T08:29:09+00:00,2024-05-20
2023-10-25,AAPL,168.8167266845703,57157000.0,Yahoo Finance,2026-09-21T08:29:09+00:00,2024-05-20
2023-10-26,AAPL,164.6628875732422,70625300.0,Yahoo Finance,2026-09-21T08:29:09+00:00,2024-05-20
2023-10-27,AAPL,165.9751739501953,58499100.0,Yahoo Finance,2026-09-21T08:29:09+00:00,2024-05-20
2023-10-30,AAPL,168.01756286621094,51131000.0,Yahoo Finance,2026-09-21T08:29:09+00:00,2024-05-20
2023-10-31,AAPL,168.49114990234375,44846000.0,Yahoo Finance,2026-09-21T08:29:09+00:00,2024-05-20
2023-11-01,AAPL,171.64842224121094,56934900.0,Yahoo Finance,2026-09-21T08:29:09+00:00,2024-05-20
2023-11-02,AAPL,175.2003936767578,77334800.0,Yahoo Finance,2026-09-21T08:29:09+00:00,2024-05-20
2023-11-03,AAPL,174.29266357421875,79829200.0,Yahoo Finance,2026-09-21T08:29:09+00:00,2024-05-20
2023-11-06,AAPL,176.83822631835938,63841300.0,Yahoo Finance,2026-09-21T08:29:09+00:00,2024-05-20
2023-11-07,AAPL,179.39369201660156,70530000.0,Yahoo Finance,2026-09-21T08:29:09+00:00,2024-05-20
2023-11-08,AAPL,180.44940185546875,49340300.0,Yahoo Finance,2026-09-21T08:29:09+00:00,2024-05-20
2023-11-09,AAPL,179.975830078125,53763500.0,Yahoo Finance,2026-09-21T08:29:09+00:00,2024-05-20
2023-11-10,AAPL,184.1548309326172,66133400.0,Yahoo Finance,2026-09-21T08:29:09+00:00,2024-05-20
2023-11-13,AAPL,182.57411193847656,43627500.0,Yahoo Finance,2026-09-21T08:29:09+00:00,2024-05-20
2023-11-14,AAPL,185.18234252929688,60108400.0,Yahoo Finance,2026-09-21T08:29:09+00:00,2024-05-20
2023-11-15,AAPL,185.74546813964844,53790500.0,Yahoo Finance,2026-09-21T08:29:09+00:00,2024-05-20
2023-11-16,AAPL,187.42501831054688,54412900.0,Yahoo Finance,2026-09-21T08:29:09+00:00,2024-05-20
2023-11-17,AAPL,187.4052276611328,50922700.0,Yahoo Finance,2026-09-21T08:29:09+00:00,2024-05-20
2023-11-20,AAPL,189.14404296875,46505100.0,Yahoo Finance,2026-09-21T08:29:09+00:00,2024-05-20
2023-11-21,AAPL,188.34376525878906,38134500.0,Yahoo Finance,2026-09-21T08:29:09+00:00,2024-05-20
2023-11-22,AAPL,189.0057373046875,39617700.0,Yahoo Finance,2026-09-21T08:29:09+00:00,2024-05-20
2023-11-24,AAPL,187.68186950683594,24048300.0,Yahoo Finance,2026-09-21T08:29:09+00:00,2024-05-20
2023-11-27,AAPL,187.50401306152344,40552600.0,Yahoo Finance,2026-09-21T08:29:09+00:00,2024-05-20
2023-11-28,AAPL,188.10667419433594,38415400.0,Yahoo Finance,2026-09-21T08:29:09+00:00,2024-05-20
2023-11-29,AAPL,187.08908081054688,43014200.0,Yahoo Finance,2026-09-21T08:29:09+00:00,2024-05-20
2023-11-30,AAPL,187.66209411621094,48794400.0,Yahoo Finance,2026-09-21T08:29:09+00:00,2024-05-20
2023-12-01,AAPL,188.93655395507812,45704800.0,Yahoo Finance,2026-09-21T08:29:09+00:00,2024-05-20
2023-12-04,AAPL,187.14837646484375,43389500.0,Yahoo Finance,2026-09-21T08:29:09+00:00,2024-05-20
2023-12-05,AAPL,191.0902862548828,66628400.0,Yahoo Finance,2026-09-21T08:29:09+00:00,2024-05-20
2023-12-06,AAPL,190.0035400390625,41089700.0,Yahoo Finance,2026-09-21T08:29:09+00:00,2024-05-20
2023-12-07,AAPL,191.93006896972656,47477700.0,Yahoo Finance,2026-09-21T08:29:09+00:00,2024-05-20
2023-12-08,AAPL,193.3527374267578,53406400.0,Yahoo Finance,2026-09-21T08:29:09+00:00,2024-05-20
2023-12-11,AAPL,190.85317993164062,60943700.0,Yahoo Finance,2026-09-21T08:29:09+00:00,2024-05-20
2023-12-12,AAPL,192.36477661132812,52696900.0,Yahoo Finance,2026-09-21T08:29:09+00:00,2024-05-20
2023-12-13,AAPL,195.5756072998047,70404200.0,Yahoo Finance,2026-09-21T08:29:09+00:00,2024-05-20
2023-12-14,AAPL,195.7238311767578,66831600.0,Yahoo Finance,2026-09-21T08:29:09+00:00,2024-05-20
2023-12-15,AAPL,195.19032287597656,128538400.0,Yahoo Finance,2026-09-21T08:29:09+00:00,2024-05-20
2023-12-18,AAPL,193.5305633544922,55751900.0,Yahoo Finance,2026-09-21T08:29:09+00:00,2024-05-20
2023-12-19,AAPL,194.5679473876953,40714100.0,Yahoo Finance,2026-09-21T08:29:09+00:00,2024-05-20
2023-12-20,AAPL,192.48329162597656,52242800.0,Yahoo Finance,2026-09-21T08:29:09+00:00,2024-05-20
2023-12-21,AAPL,192.33511352539062,46482500.0,Yahoo Finance,2026-09-21T08:29:09+00:00,2024-05-20
2023-12-22,AAPL,191.2681427001953,37149600.0,Yahoo Finance,2026-09-21T08:29:09+00:00,2024-05-20
2023-12-26,AAPL,190.72476196289062,28919300.0,Yahoo Finance,2026-09-21T08:29:09+00:00,2024-05-20
2023-12-27,AAPL,190.82354736328125,48087700.0,Yahoo Finance,2026-09-21T08:29:09+00:00,2024-05-20
2023-12-28,AAPL,191.2483673095703,34049900.0,Yahoo Finance,2026-09-21T08:29:09+00:00,2024-05-20
2023-12-29,AAPL,190.2110137939453,42672100.0,Yahoo Finance,2026-09-21T08:29:09+00:00,2024-05-20
2024-01-02,AAPL,183.4040069580078,82488700.0,Yahoo Finance,2026-09-21T08:29:09+00:00,2024-05-20
2024-01-03,AAPL,182.03077697753906,58414500.0,Yahoo Finance,2026-09-21T08:29:09+00:00,2024-05-20
2024-01-04,AAPL,179.71893310546875,71983600.0,Yahoo Finance,2026-09-21T08:29:09+00:00,2024-05-20
2024-01-05,AAPL,178.9977264404297,62379700.0,Yahoo Finance,2026-09-21T08:29:09+00:00,2024-05-20
2024-01-08,AAPL,183.32496643066406,59144500.0,Yahoo Finance,2026-09-21T08:29:09+00:00,2024-05-20
2024-01-09,AAPL,182.9100341796875,42841800.0,Yahoo Finance,2026-09-21T08:29:09+00:00,2024-05-20
2024-01-10,AAPL,183.94737243652344,46792900.0,Yahoo Finance,2026-09-21T08:29:09+00:00,2024-05-20
2024-01-11,AAPL,183.35459899902344,49128400.0,Yahoo Finance,2026-09-21T08:29:09+00:00,2024-05-20
2024-01-12,AAPL,183.68060302734375,40477800.0,Yahoo Finance,2026-09-21T08:29:09+00:00,2024-05-20
2024-01-16,AAPL,181.41822814941406,65603000.0,Yahoo Finance,2026-09-21T08:29:09+00:00,2024-05-20
2024-01-17,AAPL,180.47964477539062,47317400.0,Yahoo Finance,2026-09-21T08:29:09+00:00,2024-05-20
2024-01-18,AAPL,186.35801696777344,78005800.0,Yahoo Finance,2026-09-21T08:29:09+00:00,2024-05-20
2024-01-19,AAPL,189.25267028808594,68903000.0,Yahoo Finance,2026-09-21T08:29:09+00:00,2024-05-20
2024-01-22,AAPL,191.5546417236328,60133900.0,Yahoo Finance,2026-09-21T08:29:09+00:00,2024-05-20
2024-01-23,AAPL,192.82907104492188,42355600.0,Yahoo Finance,2026-09-21T08:29:09+00:00,2024-05-20
2024-01-24,AAPL,192.15728759765625,53631300.0,Yahoo Finance,2026-09-21T08:29:09+00:00,2024-05-20
2024-01-25,AAPL,191.83126831054688,54822100.0,Yahoo Finance,2026-09-21T08:29:09+00:00,2024-05-20
2024-01-26,AAPL,190.1023406982422,44594000.0,Yahoo Finance,2026-09-21T08:29:09+00:00,2024-05-20
2024-01-29,AAPL,189.42066955566406,47145600.0,Yahoo Finance,2026-09-21T08:29:09+00:00,2024-05-20
2024-01-30,AAPL,185.7751007080078,55859400.0,Yahoo Finance,2026-09-21T08:29:09+00:00,2024-05-20
2024-01-31,AAPL,182.1789093017578,55467800.0,Yahoo Finance,2026-09-21T08:29:09+00:00,2024-05-20
2024-02-01,AAPL,184.6092987060547,64885400.0,Yahoo Finance,2026-09-21T08:29:09+00:00,2024-05-20
2024-02-02,AAPL,183.6114959716797,102551700.0,Yahoo Finance,2026-09-21T08:29:09+00:00,2024-05-20
2024-02-05,AAPL,185.41944885253906,69668800.0,Yahoo Finance,2026-09-21T08:29:09+00:00,2024-05-20
2024-02-06,AAPL,187.01992797851562,43490800.0,Yahoo Finance,2026-09-21T08:29:09+00:00,2024-05-20
2024-02-07,AAPL,187.1286163330078,53439000.0,Yahoo Finance,2026-09-21T08:29:09+00:00,2024-05-20
2024-02-08,AAPL,186.0517120361328,40962000.0,Yahoo Finance,2026-09-21T08:29:09+00:00,2024-05-20
2024-02-09,AAPL,186.8134307861328,45155200.0,Yahoo Finance,2026-09-21T08:29:09+00:00,2024-05-20
2024-02-12,AAPL,185.13174438476562,41781900.0,Yahoo Finance,2026-09-21T08:29:09+00:00,2024-05-20
2024-02-13,AAPL,183.04449462890625,56529500.0,Yahoo Finance,2026-09-21T08:29:09+00:00,2024-05-20
2024-02-14,AAPL,182.1641082763672,54630500.0,Yahoo Finance,2026-09-21T08:29:09+00:00,2024-05-20
2024-02-15,AAPL,181.87725830078125,65434500.0,Yahoo Finance,2026-09-21T08:29:09+00:00,2024-05-20
2024-02-16,AAPL,180.3439483642578,49752500.0,Yahoo Finance,2026-09-21T08:29:09+00:00,2024-05-20
2024-02-20,AAPL,179.60202026367188,53665600.0,Yahoo Finance,2026-09-21T08:29:09+00:00,2024-05-20
2024-02-21,AAPL,180.35385131835938,41371400.0,Yahoo Finance,2026-09-21T08:29:09+00:00,2024-05-20
2024-02-22,AAPL,182.38172912597656,52292200.0,Yahoo Finance,2026-09-21T08:29:09+00:00,2024-05-20
2024-02-23,AAPL,180.5516815185547,45119700.0,Yahoo Finance,2026-09-21T08:29:09+00:00,2024-05-20
2024-02-26,AAPL,179.20635986328125,40867400.0,Yahoo Finance,2026-09-21T08:29:09+00:00,2024-05-20
2024-02-27,AAPL,180.66050720214844,54318900.0,Yahoo Finance,2026-09-21T08:29:09+00:00,2024-05-20
2024-02-28,AAPL,179.46356201171875,48953900.0,Yahoo Finance,2026-09-21T08:29:09+00:00,2024-05-20
2024-02-29,AAPL,178.80076599121094,136682600.0,Yahoo Finance,2026-09-21T08:29:09+00:00,2024-05-20
2024-03-01,AAPL,177.72254943847656,73563100.0,Yahoo Finance,2026-09-21T08:29:09+00:00,2024-05-20
2024-03-04,AAPL,173.2117156982422,81510100.0,Yahoo Finance,2026-09-21T08:29:09+00:00,2024-05-20
2024-03-05,AAPL,168.285400390625,95132400.0,Yahoo Finance,2026-09-21T08:29:09+00:00,2024-05-20
2024-03-06,AAPL,167.2961883544922,68587700.0,Yahoo Finance,2026-09-21T08:29:09+00:00,2024-05-20
2024-03-07,AAPL,167.177490234375,71765100.0,Yahoo Finance,2026-09-21T08:29:09+00:00,2024-05-20
2024-03-08,AAPL,168.88882446289062,76267000.0,Yahoo Finance,2026-09-21T08:29:09+00:00,2024-05-20
2024-03-11,AAPL,170.88705444335938,60139500.0,Yahoo Finance,2026-09-21T08:29:09+00:00,2024-05-20
2024-03-12,AAPL,171.36187744140625,59825400.0,Yahoo Finance,2026-09-21T08:29:09+00:00,2024-05-20
2024-03-13,AAPL,169.2845458984375,52488700.0,Yahoo Finance,2026-09-21T08:29:09+00:00,2024-05-20
2024-03-14,AAPL,171.1343536376953,72913500.0,Yahoo Finance,2026-09-21T08:29:09+00:00,2024-05-20
2024-03-15,AAPL,170.7584686279297,121752700.0,Yahoo Finance,2026-09-21T08:29:09+00:00,2024-05-20
2024-03-18,AAPL,171.84661865234375,75604200.0,Yahoo Finance,2026-09-21T08:29:09+00:00,2024-05-20
2024-03-19,AAPL,174.18115234375,55215200.0,Yahoo Finance,2026-09-21T08:29:09+00:00,2024-05-20
2024-03-20,AAPL,176.7432098388672,53423100.0,Yahoo Finance,2026-09-21T08:29:09+00:00,2024-05-20
2024-03-21,AAPL,169.52191162109375,106181300.0,Yahoo Finance,2026-09-21T08:29:09+00:00,2024-05-20
2024-03-22,AAPL,170.42208862304688,71160100.0,Yahoo Finance,2026-09-21T08:29:09+00:00,2024-05-20
2024-03-25,AAPL,169.007568359375,54288300.0,Yahoo Finance,2026-09-21T08:29:09+00:00,2024-05-20
2024-03-26,AAPL,167.8798370361328,57388400.0,Yahoo Finance,2026-09-21T08:29:09+00:00,2024-05-20
2024-03-27,AAPL,171.44100952148438,60273300.0,Yahoo Finance,2026-09-21T08:29:09+00:00,2024-05-20
2024-03-28,AAPL,169.63075256347656,65672700.0,Yahoo Finance,2026-09-21T08:29:09+00:00,2024-05-20
2024-04-01,AAPL,168.19638061523438,46240500.0,Yahoo Finance,2026-09-21T08:29:09+00:00,2024-05-20
2024-04-02,AAPL,167.01919555664062,49329500.0,Yahoo Finance,2026-09-21T08:29:09+00:00,2024-05-20
2024-04-03,AAPL,167.8204803466797,47691700.0,Yahoo Finance,2026-09-21T08:29:09+00:00,2024-05-20
2024-04-04,AAPL,166.9994659423828,53704400.0,Yahoo Finance,2026-09-21T08:29:09+00:00,2024-05-20
2024-04-05,AAPL,167.75123596191406,42104800.0,Yahoo Finance,2026-09-21T08:29:09+00:00,2024-05-20
2024-04-08,AAPL,166.63343811035156,37425500.0,Yahoo Finance,2026-09-21T08:29:09+00:00,2024-05-20
2024-04-09,AAPL,167.8402862548828,42373800.0,Yahoo Finance,2026-09-21T08:29:09+00:00,2024-05-20
2024-04-10,AAPL,165.9706268310547,49709300.0,Yahoo Finance,2026-09-21T08:29:09+00:00,2024-05-20
2024-04-11,AAPL,173.15235900878906,91070300.0,Yahoo Finance,2026-09-21T08:29:09+00:00,2024-05-20
2024-04-12,AAPL,174.64605712890625,101670900.0,Yahoo Finance,2026-09-21T08:29:09+00:00,2024-05-20
2024-04-15,AAPL,170.8276824951172,73531800.0,Yahoo Finance,2026-09-21T08:29:09+00:00,2024-05-20
2024-04-16,AAPL,167.55337524414062,73711200.0,Yahoo Finance,2026-09-21T08:29:09+00:00,2024-05-20
2024-04-17,AAPL,166.18826293945312,50901200.0,Yahoo Finance,2026-09-21T08:29:09+00:00,2024-05-20
2024-04-18,AAPL,165.23861694335938,43122900.0,Yahoo Finance,2026-09-21T08:29:09+00:00,2024-05-20
2024-04-19,AAPL,163.22064208984375,68149400.0,Yahoo Finance,2026-09-21T08:29:09+00:00,2024-05-20
2024-04-22,AAPL,164.0515594482422,48116400.0,Yahoo Finance,2026-09-21T08:29:09+00:00,2024-05-20
2024-04-23,AAPL,165.10015869140625,49537800.0,Yahoo Finance,2026-09-21T08:29:09+00:00,2024-05-20
2024-04-24,AAPL,167.19728088378906,48251800.0,Yahoo Finance,2026-09-21T08:29:09+00:00,2024-05-20
2024-04-25,AAPL,168.05787658691406,50558300.0,Yahoo Finance,2026-09-21T08:29:09+00:00,2024-05-20
2024-04-26,AAPL,167.4742431640625,44838400.0,Yahoo Finance,2026-09-21T08:29:09+00:00,2024-05-20
2024-04-29,AAPL,171.6289825439453,68169400.0,Yahoo Finance,2026-09-21T08:29:09+00:00,2024-05-20
2024-04-30,AAPL,168.49314880371094,65934800.0,Yahoo Finance,2026-09-21T08:29:09+00:00,2024-05-20
2024-05-01,AAPL,167.4742431640625,50383100.0,Yahoo Finance,2026-09-21T08:29:09+00:00,2024-05-20
2024-05-02,AAPL,171.16403198242188,94214900.0,Yahoo Finance,2026-09-21T08:29:09+00:00,2024-05-20
2024-05-03,AAPL,181.4024200439453,163224100.0,Yahoo Finance,2026-09-21T08:29:09+00:00,2024-05-20
2024-05-06,AAPL,179.75042724609375,78569700.0,Yahoo Finance,2026-09-21T08:29:09+00:00,2024-05-20
2024-05-07,AAPL,180.4329833984375,77305800.0,Yahoo Finance,2026-09-21T08:29:09+00:00,2024-05-20
2024-05-08,AAPL,180.7693634033203,45057100.0,Yahoo Finance,2026-09-21T08:29:09+00:00,2024-05-20
2024-05-09,AAPL,182.57962036132812,48983000.0,Yahoo Finance,2026-09-21T08:29:09+00:00,2024-05-20
2024-05-10,AAPL,181.32159423828125,50759500.0,Yahoo Finance,2026-09-21T08:29:09+00:00,2024-05-20
2024-05-13,AAPL,184.52108764648438,72044800.0,Yahoo Finance,2026-09-21T08:29:09+00:00,2024-05-20
2024-05-14,AAPL,185.66018676757812,52393600.0,Yahoo Finance,2026-09-21T08:29:09+00:00,2024-05-20
2024-05-15,AAPL,187.92860412597656,70400000.0,Yahoo Finance,2026-09-21T08:29:09+00:00,2024-05-20
2024-05-16,AAPL,188.0474395751953,52845200.0,Yahoo Finance,2026-09-21T08:29:09+00:00,2024-05-20
2024-05-17,AAPL,188.07717895507812,41282900.0,Yahoo Finance,2026-09-21T08:29:09+00:00,2024-05-20
2024-05-20,AAPL,189.23611450195312,44361300.0,Yahoo Finance,2026-09-21T08:29:09+00:00,2024-05-20
2023-04-17,AMZN,102.73999786376953,39919500.0,Yahoo Finance,2026-09-21T08:29:09+00:00,2024-05-20
2023-04-18,AMZN,102.30000305175781,39790500.0,Yahoo Finance,2026-09-21T08:29:09+00:00,2024-05-20
2023-04-19,AMZN,104.30000305175781,58398900.0,Yahoo Finance,2026-09-21T08:29:09+00:00,2024-05-20
2023-04-20,AMZN,103.80999755859375,57696900.0,Yahoo Finance,2026-09-21T08:29:09+00:00,2024-05-20
2023-04-21,AMZN,106.95999908447266,86774200.0,Yahoo Finance,2026-09-21T08:29:09+00:00,2024-05-20
2023-04-24,AMZN,106.20999908447266,69575600.0,Yahoo Finance,2026-09-21T08:29:09+00:00,2024-05-20
2023-04-25,AMZN,102.56999969482422,65026800.0,Yahoo Finance,2026-09-21T08:29:09+00:00,2024-05-20
2023-04-26,AMZN,104.9800033569336,73803800.0,Yahoo Finance,2026-09-21T08:29:09+00:00,2024-05-20
2023-04-27,AMZN,109.81999969482422,149961200.0,Yahoo Finance,2026-09-21T08:29:09+00:00,2024-05-20
2023-04-28,AMZN,105.44999694824219,130715900.0,Yahoo Finance,2026-09-21T08:29:09+00:00,2024-05-20
2023-05-01,AMZN,102.05000305175781,74728100.0,Yahoo Finance,2026-09-21T08:29:09+00:00,2024-05-20
2023-05-02,AMZN,103.62999725341797,73469400.0,Yahoo Finance,2026-09-21T08:29:09+00:00,2024-05-20
2023-05-03,AMZN,103.6500015258789,65051900.0,Yahoo Finance,2026-09-21T08:29:09+00:00,2024-05-20
2023-05-04,AMZN,104.0,45345500.0,Yahoo Finance,2026-09-21T08:29:09+00:00,2024-05-20
2023-05-05,AMZN,105.66000366210938,56951700.0,Yahoo Finance,2026-09-21T08:29:09+00:00,2024-05-20
2023-05-08,AMZN,105.83000183105469,49430900.0,Yahoo Finance,2026-09-21T08:29:09+00:00,2024-05-20
2023-05-09,AMZN,106.62000274658203,44089400.0,Yahoo Finance,2026-09-21T08:29:09+00:00,2024-05-20
2023-05-10,AMZN,110.19000244140625,78627600.0,Yahoo Finance,2026-09-21T08:29:09+00:00,2024-05-20
2023-05-11,AMZN,112.18000030517578,74924800.0,Yahoo Finance,2026-09-21T08:29:09+00:00,2024-05-20
2023-05-12,AMZN,110.26000213623047,49852700.0,Yahoo Finance,2026-09-21T08:29:09+00:00,2024-05-20
2023-05-15,AMZN,111.19999694824219,53011100.0,Yahoo Finance,2026-09-21T08:29:09+00:00,2024-05-20
2023-05-16,AMZN,113.4000015258789,71472900.0,Yahoo Finance,2026-09-21T08:29:09+00:00,2024-05-20
2023-05-17,AMZN,115.5,65655200.0,Yahoo Finance,2026-09-21T08:29:09+00:00,2024-05-20
2023-05-18,AMZN,118.1500015258789,73174100.0,Yahoo Finance,2026-09-21T08:29:09+00:00,2024-05-20
2023-05-19,AMZN,116.25,55056300.0,Yahoo Finance,2026-09-21T08:29:09+00:00,2024-05-20
2023-05-22,AMZN,115.01000213623047,70741100.0,Yahoo Finance,2026-09-21T08:29:09+00:00,2024-05-20
2023-05-23,AMZN,114.98999786376953,67576300.0,Yahoo Finance,2026-09-21T08:29:09+00:00,2024-05-20
2023-05-24,AMZN,116.75,63487900.0,Yahoo Finance,2026-09-21T08:29:09+00:00,2024-05-20
2023-05-25,AMZN,115.0,66496700.0,Yahoo Finance,2026-09-21T08:29:09+00:00,2024-05-20
2023-05-26,AMZN,120.11000061035156,96779900.0,Yahoo Finance,2026-09-21T08:29:09+00:00,2024-05-20
2023-05-30,AMZN,121.66000366210938,64314800.0,Yahoo Finance,2026-09-21T08:29:09+00:00,2024-05-20
2023-05-31,AMZN,120.58000183105469,72800800.0,Yahoo Finance,2026-09-21T08:29:09+00:00,2024-05-20
2023-06-01,AMZN,122.7699966430664,54375100.0,Yahoo Finance,2026-09-21T08:29:09+00:00,2024-05-20
2023-06-02,AMZN,124.25,61264400.0,Yahoo Finance,2026-09-21T08:29:09+00:00,2024-05-20
2023-06-05,AMZN,125.30000305175781,47950100.0,Yahoo Finance,2026-09-21T08:29:09+00:00,2024-05-20
2023-06-06,AMZN,126.61000061035156,45695200.0,Yahoo Finance,2026-09-21T08:29:09+00:00,2024-05-20
2023-06-07,AMZN,121.2300033569336,95663300.0,Yahoo Finance,2026-09-21T08:29:09+00:00,2024-05-20
2023-06-08,AMZN,124.25,62159300.0,Yahoo Finance,2026-09-21T08:29:09+00:00,2024-05-20
2023-06-09,AMZN,123.43000030517578,51396000.0,Yahoo Finance,2026-09-21T08:29:09+00:00,2024-05-20
2023-06-12,AMZN,126.56999969482422,51338000.0,Yahoo Finance,2026-09-21T08:29:09+00:00,2024-05-20
2023-06-13,AMZN,126.66000366210938,50564800.0,Yahoo Finance,2026-09-21T08:29:09+00:00,2024-05-20
2023-06-14,AMZN,126.41999816894531,52422500.0,Yahoo Finance,2026-09-21T08:29:09+00:00,2024-05-20
2023-06-15,AMZN,127.11000061035156,60458500.0,Yahoo Finance,2026-09-21T08:29:09+00:00,2024-05-20
2023-06-16,AMZN,125.48999786376953,84247100.0,Yahoo Finance,2026-09-21T08:29:09+00:00,2024-05-20
2023-06-20,AMZN,125.77999877929688,56930100.0,Yahoo Finance,2026-09-21T08:29:09+00:00,2024-05-20
2023-06-21,AMZN,124.83000183105469,52137700.0,Yahoo Finance,2026-09-21T08:29:09+00:00,2024-05-20
2023-06-22,AMZN,130.14999389648438,90354600.0,Yahoo Finance,2026-09-21T08:29:09+00:00,2024-05-20
2023-06-23,AMZN,129.3300018310547,71927800.0,Yahoo Finance,2026-09-21T08:29:09+00:00,2024-05-20
2023-06-26,AMZN,127.33000183105469,59989300.0,Yahoo Finance,2026-09-21T08:29:09+00:00,2024-05-20
2023-06-27,AMZN,129.17999267578125,46801000.0,Yahoo Finance,2026-09-21T08:29:09+00:00,2024-05-20
2023-06-28,AMZN,129.0399932861328,52149500.0,Yahoo Finance,2026-09-21T08:29:09+00:00,2024-05-20
2023-06-29,AMZN,127.9000015258789,40761000.0,Yahoo Finance,2026-09-21T08:29:09+00:00,2024-05-20
2023-06-30,AMZN,130.36000061035156,54350700.0,Yahoo Finance,2026-09-21T08:29:09+00:00,2024-05-20
2023-07-03,AMZN,130.22000122070312,28264800.0,Yahoo Finance,2026-09-21T08:29:09+00:00,2024-05-20
2023-07-05,AMZN,130.3800048828125,35895400.0,Yahoo Finance,2026-09-21T08:29:09+00:00,2024-05-20
2023-07-06,AMZN,128.36000061035156,40639900.0,Yahoo Finance,2026-09-21T08:29:09+00:00,2024-05-20
2023-07-07,AMZN,129.77999877929688,41992300.0,Yahoo Finance,2026-09-21T08:29:09+00:00,2024-05-20
2023-07-10,AMZN,127.12999725341797,61889300.0,Yahoo Finance,2026-09-21T08:29:09+00:00,2024-05-20
2023-07-11,AMZN,128.77999877929688,49951500.0,Yahoo Finance,2026-09-21T08:29:09+00:00,2024-05-20
2023-07-12,AMZN,130.8000030517578,54022800.0,Yahoo Finance,2026-09-21T08:29:09+00:00,2024-05-20
2023-07-13,AMZN,134.3000030517578,61170900.0,Yahoo Finance,2026-09-21T08:29:09+00:00,2024-05-20
2023-07-14,AMZN,134.67999267578125,54487100.0,Yahoo Finance,2026-09-21T08:29:09+00:00,2024-05-20
2023-07-17,AMZN,133.55999755859375,48450200.0,Yahoo Finance,2026-09-21T08:29:09+00:00,2024-05-20
2023-07-18,AMZN,132.8300018310547,54882900.0,Yahoo Finance,2026-09-21T08:29:09+00:00,2024-05-20
2023-07-19,AMZN,135.36000061035156,54531000.0,Yahoo Finance,2026-09-21T08:29:09+00:00,2024-05-20
2023-07-20,AMZN,129.9600067138672,59820600.0,Yahoo Finance,2026-09-21T08:29:09+00:00,2024-05-20
2023-07-21,AMZN,130.0,133307300.0,Yahoo Finance,2026-09-21T08:29:09+00:00,2024-05-20
2023-07-24,AMZN,128.8000030517578,45591100.0,Yahoo Finance,2026-09-21T08:29:09+00:00,2024-05-20
2023-07-25,AMZN,129.1300048828125,39236700.0,Yahoo Finance,2026-09-21T08:29:09+00:00,2024-05-20
2023-07-26,AMZN,128.14999389648438,53910100.0,Yahoo Finance,2026-09-21T08:29:09+00:00,2024-05-20
2023-07-27,AMZN,128.25,52610700.0,Yahoo Finance,2026-09-21T08:29:09+00:00,2024-05-20
2023-07-28,AMZN,132.2100067138672,46317400.0,Yahoo Finance,2026-09-21T08:29:09+00:00,2024-05-20
2023-07-31,AMZN,133.67999267578125,41901500.0,Yahoo Finance,2026-09-21T08:29:09+00:00,2024-05-20
2023-08-01,AMZN,131.69000244140625,42098500.0,Yahoo Finance,2026-09-21T08:29:09+00:00,2024-05-20
2023-08-02,AMZN,128.2100067138672,51027600.0,Yahoo Finance,2026-09-21T08:29:09+00:00,2024-05-20
2023-08-03,AMZN,128.91000366210938,88585200.0,Yahoo Finance,2026-09-21T08:29:09+00:00,2024-05-20
2023-08-04,AMZN,139.57000732421875,153128500.0,Yahoo Finance,2026-09-21T08:29:09+00:00,2024-05-20
2023-08-07,AMZN,142.22000122070312,71213100.0,Yahoo Finance,2026-09-21T08:29:09+00:00,2024-05-20
2023-08-08,AMZN,139.94000244140625,51710500.0,Yahoo Finance,2026-09-21T08:29:09+00:00,2024-05-20
2023-08-09,AMZN,137.85000610351562,50017300.0,Yahoo Finance,2026-09-21T08:29:09+00:00,2024-05-20
2023-08-10,AMZN,138.55999755859375,58928400.0,Yahoo Finance,2026-09-21T08:29:09+00:00,2024-05-20
2023-08-11,AMZN,138.41000366210938,42905800.0,Yahoo Finance,2026-09-21T08:29:09+00:00,2024-05-20
2023-08-14,AMZN,140.57000732421875,47148700.0,Yahoo Finance,2026-09-21T08:29:09+00:00,2024-05-20
2023-08-15,AMZN,137.6699981689453,42781500.0,Yahoo Finance,2026-09-21T08:29:09+00:00,2024-05-20
2023-08-16,AMZN,135.07000732421875,41675900.0,Yahoo Finance,2026-09-21T08:29:09+00:00,2024-05-20
2023-08-17,AMZN,133.97999572753906,48354100.0,Yahoo Finance,2026-09-21T08:29:09+00:00,2024-05-20
2023-08-18,AMZN,133.22000122070312,48497700.0,Yahoo Finance,2026-09-21T08:29:09+00:00,2024-05-20
2023-08-21,AMZN,134.67999267578125,41442500.0,Yahoo Finance,2026-09-21T08:29:09+00:00,2024-05-20
2023-08-22,AMZN,134.25,32905400.0,Yahoo Finance,2026-09-21T08:29:09+00:00,2024-05-20
2023-08-23,AMZN,135.52000427246094,42801000.0,Yahoo Finance,2026-09-21T08:29:09+00:00,2024-05-20
2023-08-24,AMZN,131.83999633789062,43646300.0,Yahoo Finance,2026-09-21T08:29:09+00:00,2024-05-20
2023-08-25,AMZN,133.25999450683594,44147500.0,Yahoo Finance,2026-09-21T08:29:09+00:00,2024-05-20
2023-08-28,AMZN,133.13999938964844,34108400.0,Yahoo Finance,2026-09-21T08:29:09+00:00,2024-05-20
2023-08-29,AMZN,134.91000366210938,38646100.0,Yahoo Finance,2026-09-21T08:29:09+00:00,2024-05-20
2023-08-30,AMZN,135.07000732421875,36137000.0,Yahoo Finance,2026-09-21T08:29:09+00:00,2024-05-20
2023-08-31,AMZN,138.00999450683594,58781300.0,Yahoo Finance,2026-09-21T08:29:09+00:00,2024-05-20
2023-09-01,AMZN,138.1199951171875,40991500.0,Yahoo Finance,2026-09-21T08:29:09+00:00,2024-05-20
2023-09-05,AMZN,137.27000427246094,40636700.0,Yahoo Finance,2026-09-21T08:29:09+00:00,2024-05-20
2023-09-06,AMZN,135.36000061035156,41785500.0,Yahoo Finance,2026-09-21T08:29:09+00:00,2024-05-20
2023-09-07,AMZN,137.85000610351562,48498900.0,Yahoo Finance,2026-09-21T08:29:09+00:00,2024-05-20
2023-09-08,AMZN,138.22999572753906,38348200.0,Yahoo Finance,2026-09-21T08:29:09+00:00,2024-05-20
2023-09-11,AMZN,143.10000610351562,56764500.0,Yahoo Finance,2026-09-21T08:29:09+00:00,2024-05-20
2023-09-12,AMZN,141.22999572753906,42668500.0,Yahoo Finance,2026-09-21T08:29:09+00:00,2024-05-20
2023-09-13,AMZN,144.85000610351562,60465200.0,Yahoo Finance,2026-09-21T08:29:09+00:00,2024-05-20
2023-09-14,AMZN,144.72000122070312,64033600.0,Yahoo Finance,2026-09-21T08:29:09+00:00,2024-05-20
2023-09-15,AMZN,140.38999938964844,102909300.0,Yahoo Finance,2026-09-21T08:29:09+00:00,2024-05-20
2023-09-18,AMZN,139.97999572753906,42823500.0,Yahoo Finance,2026-09-21T08:29:09+00:00,2024-05-20
2023-09-19,AMZN,137.6300048828125,61482500.0,Yahoo Finance,2026-09-21T08:29:09+00:00,2024-05-20
2023-09-20,AMZN,135.2899932861328,46263700.0,Yahoo Finance,2026-09-21T08:29:09+00:00,2024-05-20
2023-09-21,AMZN,129.3300018310547,70343300.0,Yahoo Finance,2026-09-21T08:29:09+00:00,2024-05-20
2023-09-22,AMZN,129.1199951171875,59904300.0,Yahoo Finance,2026-09-21T08:29:09+00:00,2024-05-20
2023-09-25,AMZN,131.27000427246094,46017800.0,Yahoo Finance,2026-09-21T08:29:09+00:00,2024-05-20
2023-09-26,AMZN,125.9800033569336,73048200.0,Yahoo Finance,2026-09-21T08:29:09+00:00,2024-05-20
2023-09-27,AMZN,125.9800033569336,66553400.0,Yahoo Finance,2026-09-21T08:29:09+00:00,2024-05-20
2023-09-28,AMZN,125.9800033569336,54555000.0,Yahoo Finance,2026-09-21T08:29:09+00:00,2024-05-20
2023-09-29,AMZN,127.12000274658203,62411700.0,Yahoo Finance,2026-09-21T08:29:09+00:00,2024-05-20
2023-10-02,AMZN,129.4600067138672,48029700.0,Yahoo Finance,2026-09-21T08:29:09+00:00,2024-05-20
2023-10-03,AMZN,124.72000122070312,51565000.0,Yahoo Finance,2026-09-21T08:29:09+00:00,2024-05-20
2023-10-04,AMZN,127.0,44203900.0,Yahoo Finance,2026-09-21T08:29:09+00:00,2024-05-20
2023-10-05,AMZN,125.95999908447266,39660600.0,Yahoo Finance,2026-09-21T08:29:09+00:00,2024-05-20
2023-10-06,AMZN,127.95999908447266,46836700.0,Yahoo Finance,2026-09-21T08:29:09+00:00,2024-05-20
2023-10-09,AMZN,128.25999450683594,38773700.0,Yahoo Finance,2026-09-21T08:29:09+00:00,2024-05-20
2023-10-10,AMZN,129.47999572753906,42178600.0,Yahoo Finance,2026-09-21T08:29:09+00:00,2024-05-20
2023-10-11,AMZN,131.8300018310547,40741800.0,Yahoo Finance,2026-09-21T08:29:09+00:00,2024-05-20
2023-10-12,AMZN,132.3300018310547,55528600.0,Yahoo Finance,2026-09-21T08:29:09+00:00,2024-05-20
2023-10-13,AMZN,129.7899932861328,45786600.0,Yahoo Finance,2026-09-21T08:29:09+00:00,2024-05-20
2023-10-16,AMZN,132.5500030517578,42832900.0,Yahoo Finance,2026-09-21T08:29:09+00:00,2024-05-20
2023-10-17,AMZN,131.47000122070312,49344600.0,Yahoo Finance,2026-09-21T08:29:09+00:00,2024-05-20
2023-10-18,AMZN,128.1300048828125,42699500.0,Yahoo Finance,2026-09-21T08:29:09+00:00,2024-05-20
2023-10-19,AMZN,128.39999389648438,60961400.0,Yahoo Finance,2026-09-21T08:29:09+00:00,2024-05-20
2023-10-20,AMZN,125.16999816894531,56406400.0,Yahoo Finance,2026-09-21T08:29:09+00:00,2024-05-20
2023-10-23,AMZN,126.55999755859375,48260000.0,Yahoo Finance,2026-09-21T08:29:09+00:00,2024-05-20
2023-10-24,AMZN,128.55999755859375,46477400.0,Yahoo Finance,2026-09-21T08:29:09+00:00,2024-05-20
2023-10-25,AMZN,121.38999938964844,74577500.0,Yahoo Finance,2026-09-21T08:29:09+00:00,2024-05-20
2023-10-26,AMZN,119.56999969482422,100419500.0,Yahoo Finance,2026-09-21T08:29:09+00:00,2024-05-20
2023-10-27,AMZN,127.73999786376953,125309300.0,Yahoo Finance,2026-09-21T08:29:09+00:00,2024-05-20
2023-10-30,AMZN,132.7100067138672,72485500.0,Yahoo Finance,2026-09-21T08:29:09+00:00,2024-05-20
2023-10-31,AMZN,133.08999633789062,51589400.0,Yahoo Finance,2026-09-21T08:29:09+00:00,2024-05-20
2023-11-01,AMZN,137.0,61529400.0,Yahoo Finance,2026-09-21T08:29:09+00:00,2024-05-20
2023-11-02,AMZN,138.07000732421875,52236700.0,Yahoo Finance,2026-09-21T08:29:09+00:00,2024-05-20
2023-11-03,AMZN,138.60000610351562,44059800.0,Yahoo Finance,2026-09-21T08:29:09+00:00,2024-05-20
2023-11-06,AMZN,139.74000549316406,44970400.0,Yahoo Finance,2026-09-21T08:29:09+00:00,2024-05-20
2023-11-07,AMZN,142.7100067138672,53553500.0,Yahoo Finance,2026-09-21T08:29:09+00:00,2024-05-20
2023-11-08,AMZN,142.0800018310547,44521700.0,Yahoo Finance,2026-09-21T08:29:09+00:00,2024-05-20
2023-11-09,AMZN,140.60000610351562,36235400.0,Yahoo Finance,2026-09-21T08:29:09+00:00,2024-05-20
2023-11-10,AMZN,143.55999755859375,49287800.0,Yahoo Finance,2026-09-21T08:29:09+00:00,2024-05-20
2023-11-13,AMZN,142.58999633789062,35680600.0,Yahoo Finance,2026-09-21T08:29:09+00:00,2024-05-20
2023-11-14,AMZN,145.8000030517578,56674600.0,Yahoo Finance,2026-09-21T08:29:09+00:00,2024-05-20
2023-11-15,AMZN,143.1999969482422,63875700.0,Yahoo Finance,2026-09-21T08:29:09+00:00,2024-05-20
2023-11-16,AMZN,142.8300018310547,49653500.0,Yahoo Finance,2026-09-21T08:29:09+00:00,2024-05-20
2023-11-17,AMZN,145.17999267578125,49636700.0,Yahoo Finance,2026-09-21T08:29:09+00:00,2024-05-20
2023-11-20,AMZN,146.1300048828125,41951200.0,Yahoo Finance,2026-09-21T08:29:09+00:00,2024-05-20
2023-11-21,AMZN,143.89999389648438,71226000.0,Yahoo Finance,2026-09-21T08:29:09+00:00,2024-05-20
2023-11-22,AMZN,146.7100067138672,45669100.0,Yahoo Finance,2026-09-21T08:29:09+00:00,2024-05-20
2023-11-24,AMZN,146.74000549316406,22378400.0,Yahoo Finance,2026-09-21T08:29:09+00:00,2024-05-20
2023-11-27,AMZN,147.72999572753906,53762400.0,Yahoo Finance,2026-09-21T08:29:09+00:00,2024-05-20
2023-11-28,AMZN,147.02999877929688,42711700.0,Yahoo Finance,2026-09-21T08:29:09+00:00,2024-05-20
2023-11-29,AMZN,146.32000732421875,40610900.0,Yahoo Finance,2026-09-21T08:29:09+00:00,2024-05-20
2023-11-30,AMZN,146.08999633789062,65814000.0,Yahoo Finance,2026-09-21T08:29:09+00:00,2024-05-20
2023-12-01,AMZN,147.02999877929688,39951800.0,Yahoo Finance,2026-09-21T08:29:09+00:00,2024-05-20
2023-12-04,AMZN,144.83999633789062,48294200.0,Yahoo Finance,2026-09-21T08:29:09+00:00,2024-05-20
2023-12-05,AMZN,146.8800048828125,46822400.0,Yahoo Finance,2026-09-21T08:29:09+00:00,2024-05-20
2023-12-06,AMZN,144.52000427246094,39679000.0,Yahoo Finance,2026-09-21T08:29:09+00:00,2024-05-20
2023-12-07,AMZN,146.8800048828125,52352800.0,Yahoo Finance,2026-09-21T08:29:09+00:00,2024-05-20
2023-12-08,AMZN,147.4199981689453,41906000.0,Yahoo Finance,2026-09-21T08:29:09+00:00,2024-05-20
2023-12-11,AMZN,145.88999938964844,50907300.0,Yahoo Finance,2026-09-21T08:29:09+00:00,2024-05-20
2023-12-12,AMZN,147.47999572753906,44944300.0,Yahoo Finance,2026-09-21T08:29:09+00:00,2024-05-20
2023-12-13,AMZN,148.83999633789062,52766200.0,Yahoo Finance,2026-09-21T08:29:09+00:00,2024-05-20
2023-12-14,AMZN,147.4199981689453,58400800.0,Yahoo Finance,2026-09-21T08:29:09+00:00,2024-05-20
2023-12-15,AMZN,149.97000122070312,110089300.0,Yahoo Finance,2026-09-21T08:29:09+00:00,2024-05-20
2023-12-18,AMZN,154.07000732421875,62512800.0,Yahoo Finance,2026-09-21T08:29:09+00:00,2024-05-20
2023-12-19,AMZN,153.7899932861328,43171300.0,Yahoo Finance,2026-09-21T08:29:09+00:00,2024-05-20
2023-12-20,AMZN,152.1199951171875,50322100.0,Yahoo Finance,2026-09-21T08:29:09+00:00,2024-05-20
2023-12-21,AMZN,153.83999633789062,36305700.0,Yahoo Finance,2026-09-21T08:29:09+00:00,2024-05-20
2023-12-22,AMZN,153.4199981689453,29514100.0,Yahoo Finance,2026-09-21T08:29:09+00:00,2024-05-20
2023-12-26,AMZN,153.41000366210938,25067200.0,Yahoo Finance,2026-09-21T08:29:09+00:00,2024-05-20
2023-12-27,AMZN,153.33999633789062,31434700.0,Yahoo Finance,2026-09-21T08:29:09+00:00,2024-05-20
2023-12-28,AMZN,153.3800048828125,27057000.0,Yahoo Finance,2026-09-21T08:29:09+00:00,2024-05-20
2023-12-29,AMZN,151.94000244140625,39823200.0,Yahoo Finance,2026-09-21T08:29:09+00:00,2024-05-20
2024-01-02,AMZN,149.92999267578125,47339400.0,Yahoo Finance,2026-09-21T08:29:09+00:00,2024-05-20
2024-01-03,AMZN,148.47000122070312,49425500.0,Yahoo Finance,2026-09-21T08:29:09+00:00,2024-05-20
2024-01-04,AMZN,144.57000732421875,56039800.0,Yahoo Finance,2026-09-21T08:29:09+00:00,2024-05-20
2024-01-05,AMZN,145.24000549316406,45153100.0,Yahoo Finance,2026-09-21T08:29:09+00:00,2024-05-20
2024-01-08,AMZN,149.10000610351562,46757100.0,Yahoo Finance,2026-09-21T08:29:09+00:00,2024-05-20
2024-01-09,AMZN,151.3699951171875,43812600.0,Yahoo Finance,2026-09-21T08:29:09+00:00,2024-05-20
2024-01-10,AMZN,153.72999572753906,44421800.0,Yahoo Finance,2026-09-21T08:29:09+00:00,2024-05-20
2024-01-11,AMZN,155.17999267578125,49072700.0,Yahoo Finance,2026-09-21T08:29:09+00:00,2024-05-20
2024-01-12,AMZN,154.6199951171875,40484200.0,Yahoo Finance,2026-09-21T08:29:09+00:00,2024-05-20
2024-01-16,AMZN,153.16000366210938,41384600.0,Yahoo Finance,2026-09-21T08:29:09+00:00,2024-05-20
2024-01-17,AMZN,151.7100067138672,34953400.0,Yahoo Finance,2026-09-21T08:29:09+00:00,2024-05-20
2024-01-18,AMZN,153.5,37850200.0,Yahoo Finance,2026-09-21T08:29:09+00:00,2024-05-20
2024-01-19,AMZN,155.33999633789062,51651600.0,Yahoo Finance,2026-09-21T08:29:09+00:00,2024-05-20
2024-01-22,AMZN,154.77999877929688,43687500.0,Yahoo Finance,2026-09-21T08:29:09+00:00,2024-05-20
2024-01-23,AMZN,156.02000427246094,37986000.0,Yahoo Finance,2026-09-21T08:29:09+00:00,2024-05-20
2024-01-24,AMZN,156.8699951171875,48547300.0,Yahoo Finance,2026-09-21T08:29:09+00:00,2024-05-20
2024-01-25,AMZN,157.75,43638600.0,Yahoo Finance,2026-09-21T08:29:09+00:00,2024-05-20
2024-01-26,AMZN,159.1199951171875,51047400.0,Yahoo Finance,2026-09-21T08:29:09+00:00,2024-05-20
2024-01-29,AMZN,161.25999450683594,45270400.0,Yahoo Finance,2026-09-21T08:29:09+00:00,2024-05-20
2024-01-30,AMZN,159.0,45207400.0,Yahoo Finance,2026-09-21T08:29:09+00:00,2024-05-20
2024-01-31,AMZN,155.1999969482422,50284400.0,Yahoo Finance,2026-09-21T08:29:09+00:00,2024-05-20
2024-02-01,AMZN,159.27999877929688,76542400.0,Yahoo Finance,2026-09-21T08:29:09+00:00,2024-05-20
2024-02-02,AMZN,171.80999755859375,117218300.0,Yahoo Finance,2026-09-21T08:29:09+00:00,2024-05-20
2024-02-05,AMZN,170.30999755859375,55081300.0,Yahoo Finance,2026-09-21T08:29:09+00:00,2024-05-20
2024-02-06,AMZN,169.14999389648438,42505500.0,Yahoo Finance,2026-09-21T08:29:09+00:00,2024-05-20
2024-02-07,AMZN,170.52999877929688,47174100.0,Yahoo Finance,2026-09-21T08:29:09+00:00,2024-05-20
2024-02-08,AMZN,169.83999633789062,42316500.0,Yahoo Finance,2026-09-21T08:29:09+00:00,2024-05-20
2024-02-09,AMZN,174.4499969482422,56986000.0,Yahoo Finance,2026-09-21T08:29:09+00:00,2024-05-20
2024-02-12,AMZN,172.33999633789062,51050400.0,Yahoo Finance,2026-09-21T08:29:09+00:00,2024-05-20
2024-02-13,AMZN,168.63999938964844,56345100.0,Yahoo Finance,2026-09-21T08:29:09+00:00,2024-05-20
2024-02-14,AMZN,170.97999572753906,42815500.0,Yahoo Finance,2026-09-21T08:29:09+00:00,2024-05-20
2024-02-15,AMZN,169.8000030517578,49855200.0,Yahoo Finance,2026-09-21T08:29:09+00:00,2024-05-20
2024-02-16,AMZN,169.50999450683594,48107700.0,Yahoo Finance,2026-09-21T08:29:09+00:00,2024-05-20
2024-02-20,AMZN,167.0800018310547,41980300.0,Yahoo Finance,2026-09-21T08:29:09+00:00,2024-05-20
2024-02-21,AMZN,168.58999633789062,44420100.0,Yahoo Finance,2026-09-21T08:29:09+00:00,2024-05-20
2024-02-22,AMZN,174.5800018310547,55392400.0,Yahoo Finance,2026-09-21T08:29:09+00:00,2024-05-20
2024-02-23,AMZN,174.99000549316406,59715200.0,Yahoo Finance,2026-09-21T08:29:09+00:00,2024-05-20
2024-02-26,AMZN,174.72999572753906,44368600.0,Yahoo Finance,2026-09-21T08:29:09+00:00,2024-05-20
2024-02-27,AMZN,173.5399932861328,31141700.0,Yahoo Finance,2026-09-21T08:29:09+00:00,2024-05-20
2024-02-28,AMZN,173.16000366210938,28180500.0,Yahoo Finance,2026-09-21T08:29:09+00:00,2024-05-20
2024-02-29,AMZN,176.75999450683594,53805400.0,Yahoo Finance,2026-09-21T08:29:09+00:00,2024-05-20
2024-03-01,AMZN,178.22000122070312,31981200.0,Yahoo Finance,2026-09-21T08:29:09+00:00,2024-05-20
2024-03-04,AMZN,177.5800018310547,37381500.0,Yahoo Finance,2026-09-21T08:29:09+00:00,2024-05-20
2024-03-05,AMZN,174.1199951171875,37228300.0,Yahoo Finance,2026-09-21T08:29:09+00:00,2024-05-20
2024-03-06,AMZN,173.50999450683594,32090900.0,Yahoo Finance,2026-09-21T08:29:09+00:00,2024-05-20
2024-03-07,AMZN,176.82000732421875,34063300.0,Yahoo Finance,2026-09-21T08:29:09+00:00,2024-05-20
2024-03-08,AMZN,175.35000610351562,37893200.0,Yahoo Finance,2026-09-21T08:29:09+00:00,2024-05-20
2024-03-11,AMZN,171.9600067138672,28484800.0,Yahoo Finance,2026-09-21T08:29:09+00:00,2024-05-20
2024-03-12,AMZN,175.38999938964844,36610600.0,Yahoo Finance,2026-09-21T08:29:09+00:00,2024-05-20
2024-03-13,AMZN,176.55999755859375,30772600.0,Yahoo Finance,2026-09-21T08:29:09+00:00,2024-05-20
2024-03-14,AMZN,178.75,43705800.0,Yahoo Finance,2026-09-21T08:29:09+00:00,2024-05-20
2024-03-15,AMZN,174.4199981689453,72147400.0,Yahoo Finance,2026-09-21T08:29:09+00:00,2024-05-20
2024-03-18,AMZN,174.47999572753906,31250700.0,Yahoo Finance,2026-09-21T08:29:09+00:00,2024-05-20
2024-03-19,AMZN,175.89999389648438,26880900.0,Yahoo Finance,2026-09-21T08:29:09+00:00,2024-05-20
2024-03-20,AMZN,178.14999389648438,29947200.0,Yahoo Finance,2026-09-21T08:29:09+00:00,2024-05-20
2024-03-21,AMZN,178.14999389648438,32824300.0,Yahoo Finance,2026-09-21T08:29:09+00:00,2024-05-20
2024-03-22,AMZN,178.8699951171875,27995400.0,Yahoo Finance,2026-09-21T08:29:09+00:00,2024-05-20
2024-03-25,AMZN,179.7100067138672,29815500.0,Yahoo Finance,2026-09-21T08:29:09+00:00,2024-05-20
2024-03-26,AMZN,178.3000030517578,29659000.0,Yahoo Finance,2026-09-21T08:29:09+00:00,2024-05-20
2024-03-27,AMZN,179.8300018310547,33272600.0,Yahoo Finance,2026-09-21T08:29:09+00:00,2024-05-20
2024-03-28,AMZN,180.3800048828125,38051600.0,Yahoo Finance,2026-09-21T08:29:09+00:00,2024-05-20
2024-04-01,AMZN,180.97000122070312,29174500.0,Yahoo Finance,2026-09-21T08:29:09+00:00,2024-05-20
2024-04-02,AMZN,180.69000244140625,32611500.0,Yahoo Finance,2026-09-21T08:29:09+00:00,2024-05-20
2024-04-03,AMZN,182.41000366210938,31046600.0,Yahoo Finance,2026-09-21T08:29:09+00:00,2024-05-20
2024-04-04,AMZN,180.0,41624300.0,Yahoo Finance,2026-09-21T08:29:09+00:00,2024-05-20
2024-04-05,AMZN,185.07000732421875,42374000.0,Yahoo Finance,2026-09-21T08:29:09+00:00,2024-05-20
2024-04-08,AMZN,185.19000244140625,39221300.0,Yahoo Finance,2026-09-21T08:29:09+00:00,2024-05-20
2024-04-09,AMZN,185.6699981689453,36520100.0,Yahoo Finance,2026-09-21T08:29:09+00:00,2024-05-20
2024-04-10,AMZN,185.9499969482422,35879200.0,Yahoo Finance,2026-09-21T08:29:09+00:00,2024-05-20
2024-04-11,AMZN,189.0500030517578,40020700.0,Yahoo Finance,2026-09-21T08:29:09+00:00,2024-05-20
2024-04-12,AMZN,186.1300048828125,38608800.0,Yahoo Finance,2026-09-21T08:29:09+00:00,2024-05-20
2024-04-15,AMZN,183.6199951171875,48052400.0,Yahoo Finance,2026-09-21T08:29:09+00:00,2024-05-20
2024-04-16,AMZN,183.32000732421875,32891300.0,Yahoo Finance,2026-09-21T08:29:09+00:00,2024-05-20
2024-04-17,AMZN,181.27999877929688,31359700.0,Yahoo Finance,2026-09-21T08:29:09+00:00,2024-05-20
2024-04-18,AMZN,179.22000122070312,30723800.0,Yahoo Finance,2026-09-21T08:29:09+00:00,2024-05-20
2024-04-19,AMZN,174.6300048828125,56000700.0,Yahoo Finance,2026-09-21T08:29:09+00:00,2024-05-20
2024-04-22,AMZN,177.22999572753906,37924900.0,Yahoo Finance,2026-09-21T08:29:09+00:00,2024-05-20
2024-04-23,AMZN,179.5399932861328,37046500.0,Yahoo Finance,2026-09-21T08:29:09+00:00,2024-05-20
2024-04-24,AMZN,176.58999633789062,34185100.0,Yahoo Finance,2026-09-21T08:29:09+00:00,2024-05-20
2024-04-25,AMZN,173.6699981689453,49249400.0,Yahoo Finance,2026-09-21T08:29:09+00:00,2024-05-20
2024-04-26,AMZN,179.6199951171875,43919800.0,Yahoo Finance,2026-09-21T08:29:09+00:00,2024-05-20
2024-04-29,AMZN,180.9600067138672,54063900.0,Yahoo Finance,2026-09-21T08:29:09+00:00,2024-05-20
2024-04-30,AMZN,175.0,94639800.0,Yahoo Finance,2026-09-21T08:29:09+00:00,2024-05-20
2024-05-01,AMZN,179.0,94645100.0,Yahoo Finance,2026-09-21T08:29:09+00:00,2024-05-20
2024-05-02,AMZN,184.72000122070312,54303500.0,Yahoo Finance,2026-09-21T08:29:09+00:00,2024-05-20
2024-05-03,AMZN,186.2100067138672,39172000.0,Yahoo Finance,2026-09-21T08:29:09+00:00,2024-05-20
2024-05-06,AMZN,188.6999969482422,34725300.0,Yahoo Finance,2026-09-21T08:29:09+00:00,2024-05-20
2024-05-07,AMZN,188.75999450683594,34048900.0,Yahoo Finance,2026-09-21T08:29:09+00:00,2024-05-20
2024-05-08,AMZN,188.0,26136400.0,Yahoo Finance,2026-09-21T08:29:09+00:00,2024-05-20
2024-05-09,AMZN,189.5,43368400.0,Yahoo Finance,2026-09-21T08:29:09+00:00,2024-05-20
2024-05-10,AMZN,187.47999572753906,34141800.0,Yahoo Finance,2026-09-21T08:29:09+00:00,2024-05-20
2024-05-13,AMZN,186.57000732421875,24898600.0,Yahoo Finance,2026-09-21T08:29:09+00:00,2024-05-20
2024-05-14,AMZN,187.07000732421875,38698200.0,Yahoo Finance,2026-09-21T08:29:09+00:00,2024-05-20
2024-05-15,AMZN,185.99000549316406,75459900.0,Yahoo Finance,2026-09-21T08:29:09+00:00,2024-05-20
2024-05-16,AMZN,183.6300048828125,38834500.0,Yahoo Finance,2026-09-21T08:29:09+00:00,2024-05-20
2024-05-17,AMZN,184.6999969482422,33175700.0,Yahoo Finance,2026-09-21T08:29:09+00:00,2024-05-20
2024-05-20,AMZN,183.5399932861328,30511800.0,Yahoo Finance,2026-09-21T08:29:09+00:00,2024-05-20
2023-04-17,BAC,27.808019638061523,83704400.0,Yahoo Finance,2026-09-21T08:29:09+00:00,2024-05-20
2023-04-18,BAC,27.981992721557617,114498800.0,Yahoo Finance,2026-09-21T08:29:09+00:00,2024-05-20
2023-04-19,BAC,27.524169921875,65594200.0,Yahoo Finance,2026-09-21T08:29:09+00:00,2024-05-20
2023-04-20,BAC,27.377668380737305,43193800.0,Yahoo Finance,2026-09-21T08:29:09+00:00,2024-05-20
2023-04-21,BAC,27.35019874572754,44759000.0,Yahoo Finance,2026-09-21T08:29:09+00:00,2024-05-20
2023-04-24,BAC,27.249481201171875,28020300.0,Yahoo Finance,2026-09-21T08:29:09+00:00,2024-05-20
2023-04-25,BAC,26.407089233398438,49718800.0,Yahoo Finance,2026-09-21T08:29:09+00:00,2024-05-20
2023-04-26,BAC,26.040836334228516,45848400.0,Yahoo Finance,2026-09-21T08:29:09+00:00,2024-05-20
2023-04-27,BAC,26.452869415283203,33060100.0,Yahoo Finance,2026-09-21T08:29:09+00:00,2024-05-20
2023-04-28,BAC,26.809972763061523,45592500.0,Yahoo Finance,2026-09-21T08:29:09+00:00,2024-05-20
2023-05-01,BAC,26.590219497680664,34076800.0,Yahoo Finance,2026-09-21T08:29:09+00:00,2024-05-20
2023-05-02,BAC,25.784454345703125,70797700.0,Yahoo Finance,2026-09-21T08:29:09+00:00,2024-05-20
2023-05-03,BAC,25.509761810302734,51139500.0,Yahoo Finance,2026-09-21T08:29:09+00:00,2024-05-20
2023-05-04,BAC,24.713157653808594,82173800.0,Yahoo Finance,2026-09-21T08:29:09+00:00,2024-05-20
2023-05-05,BAC,25.37241554260254,50087100.0,Yahoo Finance,2026-09-21T08:29:09+00:00,2024-05-20
2023-05-08,BAC,25.354097366333008,34245500.0,Yahoo Finance,2026-09-21T08:29:09+00:00,2024-05-20
2023-05-09,BAC,25.326631546020508,32188800.0,Yahoo Finance,2026-09-21T08:29:09+00:00,2024-05-20
2023-05-10,BAC,25.015321731567383,44446400.0,Yahoo Finance,2026-09-21T08:29:09+00:00,2024-05-20
2023-05-11,BAC,25.079408645629883,34897300.0,Yahoo Finance,2026-09-21T08:29:09+00:00,2024-05-20
2023-05-12,BAC,24.80472183227539,38142000.0,Yahoo Finance,2026-09-21T08:29:09+00:00,2024-05-20
2023-05-15,BAC,25.317476272583008,38722800.0,Yahoo Finance,2026-09-21T08:29:09+00:00,2024-05-20
2023-05-16,BAC,25.051939010620117,33347500.0,Yahoo Finance,2026-09-21T08:29:09+00:00,2024-05-20
2023-05-17,BAC,26.15986442565918,61750400.0,Yahoo Finance,2026-09-21T08:29:09+00:00,2024-05-20
2023-05-18,BAC,26.068300247192383,51146100.0,Yahoo Finance,2026-09-21T08:29:09+00:00,2024-05-20
2023-05-19,BAC,25.738670349121094,50062500.0,Yahoo Finance,2026-09-21T08:29:09+00:00,2024-05-20
2023-05-22,BAC,25.949268341064453,36473700.0,Yahoo Finance,2026-09-21T08:29:09+00:00,2024-05-20
2023-05-23,BAC,26.169023513793945,51400400.0,Yahoo Finance,2026-09-21T08:29:09+00:00,2024-05-20
2023-05-24,BAC,25.72951316833496,50606900.0,Yahoo Finance,2026-09-21T08:29:09+00:00,2024-05-20
2023-05-25,BAC,25.793607711791992,40517800.0,Yahoo Finance,2026-09-21T08:29:09+00:00,2024-05-20
2023-05-26,BAC,25.921798706054688,57879100.0,Yahoo Finance,2026-09-21T08:29:09+00:00,2024-05-20
2023-05-30,BAC,25.87601661682129,41819600.0,Yahoo Finance,2026-09-21T08:29:09+00:00,2024-05-20
2023-05-31,BAC,25.445667266845703,61905200.0,Yahoo Finance,2026-09-21T08:29:09+00:00,2024-05-20
2023-06-01,BAC,25.63948631286621,57426100.0,Yahoo Finance,2026-09-21T08:29:09+00:00,2024-05-20
2023-06-02,BAC,26.497825622558594,66578100.0,Yahoo Finance,2026-09-21T08:29:09+00:00,2024-05-20
2023-06-05,BAC,26.34092903137207,34757800.0,Yahoo Finance,2026-09-21T08:29:09+00:00,2024-05-20
2023-06-06,BAC,26.977758407592773,46297900.0,Yahoo Finance,2026-09-21T08:29:09+00:00,2024-05-20
2023-06-07,BAC,27.20849609375,44502600.0,Yahoo Finance,2026-09-21T08:29:09+00:00,2024-05-20
2023-06-08,BAC,26.977758407592773,41483100.0,Yahoo Finance,2026-09-21T08:29:09+00:00,2024-05-20
2023-06-09,BAC,27.014673233032227,32692000.0,Yahoo Finance,2026-09-21T08:29:09+00:00,2024-05-20
2023-06-12,BAC,26.885461807250977,41011300.0,Yahoo Finance,2026-09-21T08:29:09+00:00,2024-05-20
2023-06-13,BAC,27.134660720825195,42718800.0,Yahoo Finance,2026-09-21T08:29:09+00:00,2024-05-20
2023-06-14,BAC,26.876235961914062,38322800.0,Yahoo Finance,2026-09-21T08:29:09+00:00,2024-05-20
2023-06-15,BAC,27.106971740722656,42044900.0,Yahoo Finance,2026-09-21T08:29:09+00:00,2024-05-20
2023-06-16,BAC,26.940841674804688,53050200.0,Yahoo Finance,2026-09-21T08:29:09+00:00,2024-05-20
2023-06-20,BAC,26.64550018310547,39040900.0,Yahoo Finance,2026-09-21T08:29:09+00:00,2024-05-20
2023-06-21,BAC,26.36861228942871,39553400.0,Yahoo Finance,2026-09-21T08:29:09+00:00,2024-05-20
2023-06-22,BAC,25.80561637878418,50742900.0,Yahoo Finance,2026-09-21T08:29:09+00:00,2024-05-20
2023-06-23,BAC,25.61179542541504,55181100.0,Yahoo Finance,2026-09-21T08:29:09+00:00,2024-05-20
2023-06-26,BAC,25.92559814453125,47519300.0,Yahoo Finance,2026-09-21T08:29:09+00:00,2024-05-20
2023-06-27,BAC,26.06403923034668,39081800.0,Yahoo Finance,2026-09-21T08:29:09+00:00,2024-05-20
2023-06-28,BAC,25.90713882446289,37803800.0,Yahoo Finance,2026-09-21T08:29:09+00:00,2024-05-20
2023-06-29,BAC,26.451675415039062,68376400.0,Yahoo Finance,2026-09-21T08:29:09+00:00,2024-05-20
2023-06-30,BAC,26.4793643951416,50479000.0,Yahoo Finance,2026-09-21T08:29:09+00:00,2024-05-20
2023-07-03,BAC,26.9500675201416,30995800.0,Yahoo Finance,2026-09-21T08:29:09+00:00,2024-05-20
2023-07-05,BAC,26.839319229125977,37492000.0,Yahoo Finance,2026-09-21T08:29:09+00:00,2024-05-20
2023-07-06,BAC,26.100961685180664,52098000.0,Yahoo Finance,2026-09-21T08:29:09+00:00,2024-05-20
2023-07-07,BAC,26.331695556640625,34288000.0,Yahoo Finance,2026-09-21T08:29:09+00:00,2024-05-20
2023-07-10,BAC,26.451675415039062,36086000.0,Yahoo Finance,2026-09-21T08:29:09+00:00,2024-05-20
2023-07-11,BAC,26.783937454223633,40978700.0,Yahoo Finance,2026-09-21T08:29:09+00:00,2024-05-20
2023-07-12,BAC,27.097742080688477,41855500.0,Yahoo Finance,2026-09-21T08:29:09+00:00,2024-05-20
2023-07-13,BAC,27.38385581970215,39589000.0,Yahoo Finance,2026-09-21T08:29:09+00:00,2024-05-20
2023-07-14,BAC,26.867006301879883,58720300.0,Yahoo Finance,2026-09-21T08:29:09+00:00,2024-05-20
2023-07-17,BAC,27.134660720825195,49477200.0,Yahoo Finance,2026-09-21T08:29:09+00:00,2024-05-20
2023-07-18,BAC,28.334491729736328,98253800.0,Yahoo Finance,2026-09-21T08:29:09+00:00,2024-05-20
2023-07-19,BAC,29.10053825378418,70619800.0,Yahoo Finance,2026-09-21T08:29:09+00:00,2024-05-20
2023-07-20,BAC,29.24820899963379,42128800.0,Yahoo Finance,2026-09-21T08:29:09+00:00,2024-05-20
2023-07-21,BAC,29.515865325927734,70872400.0,Yahoo Finance,2026-09-21T08:29:09+00:00,2024-05-20
2023-07-24,BAC,30.134241104125977,64548600.0,Yahoo Finance,2026-09-21T08:29:09+00:00,2024-05-20
2023-07-25,BAC,29.67276954650879,51208800.0,Yahoo Finance,2026-09-21T08:29:09+00:00,2024-05-20
2023-07-26,BAC,29.91273307800293,41814600.0,Yahoo Finance,2026-09-21T08:29:09+00:00,2024-05-20
2023-07-27,BAC,29.488178253173828,45529500.0,Yahoo Finance,2026-09-21T08:29:09+00:00,2024-05-20
2023-07-28,BAC,29.442028045654297,33296500.0,Yahoo Finance,2026-09-21T08:29:09+00:00,2024-05-20
2023-07-31,BAC,29.534326553344727,29093400.0,Yahoo Finance,2026-09-21T08:29:09+00:00,2024-05-20
2023-08-01,BAC,29.183605194091797,32712000.0,Yahoo Finance,2026-09-21T08:29:09+00:00,2024-05-20
2023-08-02,BAC,28.7867374420166,38855100.0,Yahoo Finance,2026-09-21T08:29:09+00:00,2024-05-20
2023-08-03,BAC,28.989782333374023,27933400.0,Yahoo Finance,2026-09-21T08:29:09+00:00,2024-05-20
2023-08-04,BAC,28.88825798034668,30768100.0,Yahoo Finance,2026-09-21T08:29:09+00:00,2024-05-20
2023-08-07,BAC,29.423568725585938,31745200.0,Yahoo Finance,2026-09-21T08:29:09+00:00,2024-05-20
2023-08-08,BAC,28.86057472229004,45951800.0,Yahoo Finance,2026-09-21T08:29:09+00:00,2024-05-20
2023-08-09,BAC,28.482166290283203,30732100.0,Yahoo Finance,2026-09-21T08:29:09+00:00,2024-05-20
2023-08-10,BAC,28.556001663208008,26062600.0,Yahoo Finance,2026-09-21T08:29:09+00:00,2024-05-20
2023-08-11,BAC,28.879032135009766,35720700.0,Yahoo Finance,2026-09-21T08:29:09+00:00,2024-05-20
2023-08-14,BAC,28.54676628112793,32563700.0,Yahoo Finance,2026-09-21T08:29:09+00:00,2024-05-20
2023-08-15,BAC,27.6330509185791,43406100.0,Yahoo Finance,2026-09-21T08:29:09+00:00,2024-05-20
2023-08-16,BAC,27.03313636779785,47220400.0,Yahoo Finance,2026-09-21T08:29:09+00:00,2024-05-20
2023-08-17,BAC,27.023908615112305,37202200.0,Yahoo Finance,2026-09-21T08:29:09+00:00,2024-05-20
2023-08-18,BAC,26.867006301879883,31430400.0,Yahoo Finance,2026-09-21T08:29:09+00:00,2024-05-20
2023-08-21,BAC,26.903921127319336,34959000.0,Yahoo Finance,2026-09-21T08:29:09+00:00,2024-05-20
2023-08-22,BAC,26.248634338378906,37564200.0,Yahoo Finance,2026-09-21T08:29:09+00:00,2024-05-20
2023-08-23,BAC,26.25786018371582,44686600.0,Yahoo Finance,2026-09-21T08:29:09+00:00,2024-05-20
2023-08-24,BAC,26.414764404296875,31934800.0,Yahoo Finance,2026-09-21T08:29:09+00:00,2024-05-20
2023-08-25,BAC,26.304004669189453,34253200.0,Yahoo Finance,2026-09-21T08:29:09+00:00,2024-05-20
2023-08-28,BAC,26.543975830078125,33075200.0,Yahoo Finance,2026-09-21T08:29:09+00:00,2024-05-20
2023-08-29,BAC,26.922380447387695,30428200.0,Yahoo Finance,2026-09-21T08:29:09+00:00,2024-05-20
2023-08-30,BAC,26.802400588989258,33366400.0,Yahoo Finance,2026-09-21T08:29:09+00:00,2024-05-20
2023-08-31,BAC,26.68141746520996,37243000.0,Yahoo Finance,2026-09-21T08:29:09+00:00,2024-05-20
2023-09-01,BAC,26.969911575317383,35228600.0,Yahoo Finance,2026-09-21T08:29:09+00:00,2024-05-20
2023-09-05,BAC,26.662803649902344,46543600.0,Yahoo Finance,2026-09-21T08:29:09+00:00,2024-05-20
2023-09-06,BAC,26.420833587646484,45022600.0,Yahoo Finance,2026-09-21T08:29:09+00:00,2024-05-20
2023-09-07,BAC,26.178871154785156,35023600.0,Yahoo Finance,2026-09-21T08:29:09+00:00,2024-05-20
2023-09-08,BAC,26.392919540405273,36513900.0,Yahoo Finance,2026-09-21T08:29:09+00:00,2024-05-20
2023-09-11,BAC,26.504592895507812,34168300.0,Yahoo Finance,2026-09-21T08:29:09+00:00,2024-05-20
2023-09-12,BAC,26.960609436035156,42284000.0,Yahoo Finance,2026-09-21T08:29:09+00:00,2024-05-20
2023-09-13,BAC,26.87685203552246,37215700.0,Yahoo Finance,2026-09-21T08:29:09+00:00,2024-05-20
2023-09-14,BAC,27.174652099609375,44634800.0,Yahoo Finance,2026-09-21T08:29:09+00:00,2024-05-20
2023-09-15,BAC,26.839624404907227,61661100.0,Yahoo Finance,2026-09-21T08:29:09+00:00,2024-05-20
2023-09-18,BAC,26.76517677307129,25752300.0,Yahoo Finance,2026-09-21T08:29:09+00:00,2024-05-20
2023-09-19,BAC,26.662803649902344,34888100.0,Yahoo Finance,2026-09-21T08:29:09+00:00,2024-05-20
2023-09-20,BAC,26.569738388061523,26641100.0,Yahoo Finance,2026-09-21T08:29:09+00:00,2024-05-20
2023-09-21,BAC,26.104415893554688,39906000.0,Yahoo Finance,2026-09-21T08:29:09+00:00,2024-05-20
2023-09-22,BAC,25.72286033630371,41284400.0,Yahoo Finance,2026-09-21T08:29:09+00:00,2024-05-20
2023-09-25,BAC,25.685632705688477,32749200.0,Yahoo Finance,2026-09-21T08:29:09+00:00,2024-05-20
2023-09-26,BAC,25.28545570373535,42237400.0,Yahoo Finance,2026-09-21T08:29:09+00:00,2024-05-20
2023-09-27,BAC,25.378524780273438,38296300.0,Yahoo Finance,2026-09-21T08:29:09+00:00,2024-05-20
2023-09-28,BAC,25.648406982421875,36734300.0,Yahoo Finance,2026-09-21T08:29:09+00:00,2024-05-20
2023-09-29,BAC,25.48088836669922,40645900.0,Yahoo Finance,2026-09-21T08:29:09+00:00,2024-05-20
2023-10-02,BAC,24.848058700561523,50388600.0,Yahoo Finance,2026-09-21T08:29:09+00:00,2024-05-20
2023-10-03,BAC,24.112850189208984,62144500.0,Yahoo Finance,2026-09-21T08:29:09+00:00,2024-05-20
2023-10-04,BAC,24.140775680541992,55696400.0,Yahoo Finance,2026-09-21T08:29:09+00:00,2024-05-20
2023-10-05,BAC,24.2524471282959,49044100.0,Yahoo Finance,2026-09-21T08:29:09+00:00,2024-05-20
2023-10-06,BAC,24.261754989624023,58177300.0,Yahoo Finance,2026-09-21T08:29:09+00:00,2024-05-20
2023-10-09,BAC,24.485107421875,39953700.0,Yahoo Finance,2026-09-21T08:29:09+00:00,2024-05-20
2023-10-10,BAC,25.136552810668945,51960100.0,Yahoo Finance,2026-09-21T08:29:09+00:00,2024-05-20
2023-10-11,BAC,25.145864486694336,38508200.0,Yahoo Finance,2026-09-21T08:29:09+00:00,2024-05-20
2023-10-12,BAC,25.034183502197266,44249800.0,Yahoo Finance,2026-09-21T08:29:09+00:00,2024-05-20
2023-10-13,BAC,24.903892517089844,55089700.0,Yahoo Finance,2026-09-21T08:29:09+00:00,2024-05-20
2023-10-16,BAC,25.117938995361328,56817500.0,Yahoo Finance,2026-09-21T08:29:09+00:00,2024-05-20
2023-10-17,BAC,25.704248428344727,95344200.0,Yahoo Finance,2026-09-21T08:29:09+00:00,2024-05-20
2023-10-18,BAC,25.415746688842773,68371100.0,Yahoo Finance,2026-09-21T08:29:09+00:00,2024-05-20
2023-10-19,BAC,25.090023040771484,58611000.0,Yahoo Finance,2026-09-21T08:29:09+00:00,2024-05-20
2023-10-20,BAC,24.485107421875,62058400.0,Yahoo Finance,2026-09-21T08:29:09+00:00,2024-05-20
2023-10-23,BAC,23.796438217163086,59857200.0,Yahoo Finance,2026-09-21T08:29:09+00:00,2024-05-20
2023-10-24,BAC,23.703371047973633,55975700.0,Yahoo Finance,2026-09-21T08:29:09+00:00,2024-05-20
2023-10-25,BAC,23.777822494506836,45522400.0,Yahoo Finance,2026-09-21T08:29:09+00:00,2024-05-20
2023-10-26,BAC,24.30828857421875,60921000.0,Yahoo Finance,2026-09-21T08:29:09+00:00,2024-05-20
2023-10-27,BAC,23.42418098449707,64709300.0,Yahoo Finance,2026-09-21T08:29:09+00:00,2024-05-20
2023-10-30,BAC,23.908111572265625,41891900.0,Yahoo Finance,2026-09-21T08:29:09+00:00,2024-05-20
2023-10-31,BAC,24.51302719116211,50106700.0,Yahoo Finance,2026-09-21T08:29:09+00:00,2024-05-20
2023-11-01,BAC,24.568864822387695,44046300.0,Yahoo Finance,2026-09-21T08:29:09+00:00,2024-05-20
2023-11-02,BAC,25.704248428344727,63278300.0,Yahoo Finance,2026-09-21T08:29:09+00:00,2024-05-20
2023-11-03,BAC,26.44875717163086,62613600.0,Yahoo Finance,2026-09-21T08:29:09+00:00,2024-05-20
2023-11-06,BAC,26.36499786376953,45548000.0,Yahoo Finance,2026-09-21T08:29:09+00:00,2024-05-20
2023-11-07,BAC,26.206790924072266,33081900.0,Yahoo Finance,2026-09-21T08:29:09+00:00,2024-05-20
2023-11-08,BAC,25.955516815185547,31896000.0,Yahoo Finance,2026-09-21T08:29:09+00:00,2024-05-20
2023-11-09,BAC,25.620487213134766,32267900.0,Yahoo Finance,2026-09-21T08:29:09+00:00,2024-05-20
2023-11-10,BAC,25.760086059570312,32858500.0,Yahoo Finance,2026-09-21T08:29:09+00:00,2024-05-20
2023-11-13,BAC,25.778697967529297,28521800.0,Yahoo Finance,2026-09-21T08:29:09+00:00,2024-05-20
2023-11-14,BAC,27.193265914916992,66676300.0,Yahoo Finance,2026-09-21T08:29:09+00:00,2024-05-20
2023-11-15,BAC,27.565523147583008,46968900.0,Yahoo Finance,2026-09-21T08:29:09+00:00,2024-05-20
2023-11-16,BAC,27.491071701049805,36952800.0,Yahoo Finance,2026-09-21T08:29:09+00:00,2024-05-20
2023-11-17,BAC,27.900554656982422,38493300.0,Yahoo Finance,2026-09-21T08:29:09+00:00,2024-05-20
2023-11-20,BAC,27.9284725189209,46783400.0,Yahoo Finance,2026-09-21T08:29:09+00:00,2024-05-20
2023-11-21,BAC,27.60274887084961,41611900.0,Yahoo Finance,2026-09-21T08:29:09+00:00,2024-05-20
2023-11-22,BAC,27.574827194213867,41422700.0,Yahoo Finance,2026-09-21T08:29:09+00:00,2024-05-20
2023-11-24,BAC,27.66789436340332,15815600.0,Yahoo Finance,2026-09-21T08:29:09+00:00,2024-05-20
2023-11-27,BAC,27.50968360900879,42039500.0,Yahoo Finance,2026-09-21T08:29:09+00:00,2024-05-20
2023-11-28,BAC,27.481767654418945,29705800.0,Yahoo Finance,2026-09-21T08:29:09+00:00,2024-05-20
2023-11-29,BAC,28.207664489746094,57954900.0,Yahoo Finance,2026-09-21T08:29:09+00:00,2024-05-20
2023-11-30,BAC,28.601654052734375,52547700.0,Yahoo Finance,2026-09-21T08:29:09+00:00,2024-05-20
2023-12-01,BAC,29.04254150390625,46133300.0,Yahoo Finance,2026-09-21T08:29:09+00:00,2024-05-20
2023-12-04,BAC,28.91121482849121,37811300.0,Yahoo Finance,2026-09-21T08:29:09+00:00,2024-05-20
2023-12-05,BAC,28.686077117919922,45723100.0,Yahoo Finance,2026-09-21T08:29:09+00:00,2024-05-20
2023-12-06,BAC,28.639175415039062,49803100.0,Yahoo Finance,2026-09-21T08:29:09+00:00,2024-05-20
2023-12-07,BAC,28.76112174987793,32699600.0,Yahoo Finance,2026-09-21T08:29:09+00:00,2024-05-20
2023-12-08,BAC,29.04254150390625,34794300.0,Yahoo Finance,2026-09-21T08:29:09+00:00,2024-05-20
2023-12-11,BAC,28.939355850219727,32254000.0,Yahoo Finance,2026-09-21T08:29:09+00:00,2024-05-20
2023-12-12,BAC,28.83616828918457,34566700.0,Yahoo Finance,2026-09-21T08:29:09+00:00,2024-05-20
2023-12-13,BAC,30.055654525756836,60311100.0,Yahoo Finance,2026-09-21T08:29:09+00:00,2024-05-20
2023-12-14,BAC,31.837984085083008,107190000.0,Yahoo Finance,2026-09-21T08:29:09+00:00,2024-05-20
2023-12-15,BAC,31.51903533935547,83771800.0,Yahoo Finance,2026-09-21T08:29:09+00:00,2024-05-20
2023-12-18,BAC,31.359567642211914,40694700.0,Yahoo Finance,2026-09-21T08:29:09+00:00,2024-05-20
2023-12-19,BAC,31.434614181518555,44534800.0,Yahoo Finance,2026-09-21T08:29:09+00:00,2024-05-20
2023-12-20,BAC,30.937440872192383,44711400.0,Yahoo Finance,2026-09-21T08:29:09+00:00,2024-05-20
2023-12-21,BAC,31.14381217956543,32325700.0,Yahoo Finance,2026-09-21T08:29:09+00:00,2024-05-20
2023-12-22,BAC,31.359567642211914,37265900.0,Yahoo Finance,2026-09-21T08:29:09+00:00,2024-05-20
2023-12-26,BAC,31.762937545776367,24845400.0,Yahoo Finance,2026-09-21T08:29:09+00:00,2024-05-20
2023-12-27,BAC,31.74418067932129,24498600.0,Yahoo Finance,2026-09-21T08:29:09+00:00,2024-05-20
2023-12-28,BAC,31.781696319580078,21799600.0,Yahoo Finance,2026-09-21T08:29:09+00:00,2024-05-20
2023-12-29,BAC,31.584707260131836,28060700.0,Yahoo Finance,2026-09-21T08:29:09+00:00,2024-05-20
2024-01-02,BAC,31.800460815429688,36668600.0,Yahoo Finance,2026-09-21T08:29:09+00:00,2024-05-20
2024-01-03,BAC,31.453380584716797,45988700.0,Yahoo Finance,2026-09-21T08:29:09+00:00,2024-05-20
2024-01-04,BAC,31.70665168762207,39834600.0,Yahoo Finance,2026-09-21T08:29:09+00:00,2024-05-20
2024-01-05,BAC,32.297637939453125,49242400.0,Yahoo Finance,2026-09-21T08:29:09+00:00,2024-05-20
2024-01-08,BAC,32.04435348510742,40253900.0,Yahoo Finance,2026-09-21T08:29:09+00:00,2024-05-20
2024-01-09,BAC,31.547182083129883,39268800.0,Yahoo Finance,2026-09-21T08:29:09+00:00,2024-05-20
2024-01-10,BAC,31.51903533935547,34904000.0,Yahoo Finance,2026-09-21T08:29:09+00:00,2024-05-20
2024-01-11,BAC,31.096912384033203,48790600.0,Yahoo Finance,2026-09-21T08:29:09+00:00,2024-05-20
2024-01-12,BAC,30.768587112426758,74344300.0,Yahoo Finance,2026-09-21T08:29:09+00:00,2024-05-20
2024-01-16,BAC,30.130699157714844,58420800.0,Yahoo Finance,2026-09-21T08:29:09+00:00,2024-05-20
2024-01-17,BAC,29.83051872253418,48811300.0,Yahoo Finance,2026-09-21T08:29:09+00:00,2024-05-20
2024-01-18,BAC,29.764854431152344,35484400.0,Yahoo Finance,2026-09-21T08:29:09+00:00,2024-05-20
2024-01-19,BAC,30.22450828552246,49493600.0,Yahoo Finance,2026-09-21T08:29:09+00:00,2024-05-20
2024-01-22,BAC,30.534069061279297,43903400.0,Yahoo Finance,2026-09-21T08:29:09+00:00,2024-05-20
2024-01-23,BAC,30.740442276000977,30003400.0,Yahoo Finance,2026-09-21T08:29:09+00:00,2024-05-20
2024-01-24,BAC,30.937440872192383,36403900.0,Yahoo Finance,2026-09-21T08:29:09+00:00,2024-05-20
2024-01-25,BAC,31.322046279907227,46204000.0,Yahoo Finance,2026-09-21T08:29:09+00:00,2024-05-20
2024-01-26,BAC,31.359567642211914,30839800.0,Yahoo Finance,2026-09-21T08:29:09+00:00,2024-05-20
2024-01-29,BAC,31.52842140197754,30269300.0,Yahoo Finance,2026-09-21T08:29:09+00:00,2024-05-20
2024-01-30,BAC,32.63534164428711,60315700.0,Yahoo Finance,2026-09-21T08:29:09+00:00,2024-05-20
2024-01-31,BAC,31.903648376464844,54716000.0,Yahoo Finance,2026-09-21T08:29:09+00:00,2024-05-20
2024-02-01,BAC,31.47213363647461,57084800.0,Yahoo Finance,2026-09-21T08:29:09+00:00,2024-05-20
2024-02-02,BAC,31.39708709716797,40416000.0,Yahoo Finance,2026-09-21T08:29:09+00:00,2024-05-20
2024-02-05,BAC,30.94681739807129,43573000.0,Yahoo Finance,2026-09-21T08:29:09+00:00,2024-05-20
2024-02-06,BAC,30.99371910095215,27188000.0,Yahoo Finance,2026-09-21T08:29:09+00:00,2024-05-20
2024-02-07,BAC,31.125049591064453,29660100.0,Yahoo Finance,2026-09-21T08:29:09+00:00,2024-05-20
2024-02-08,BAC,31.068767547607422,36852200.0,Yahoo Finance,2026-09-21T08:29:09+00:00,2024-05-20
2024-02-09,BAC,31.02186393737793,36176000.0,Yahoo Finance,2026-09-21T08:29:09+00:00,2024-05-20
2024-02-12,BAC,31.53780174255371,34160400.0,Yahoo Finance,2026-09-21T08:29:09+00:00,2024-05-20
2024-02-13,BAC,30.721683502197266,43801500.0,Yahoo Finance,2026-09-21T08:29:09+00:00,2024-05-20
2024-02-14,BAC,31.078147888183594,27833900.0,Yahoo Finance,2026-09-21T08:29:09+00:00,2024-05-20
2024-02-15,BAC,31.959930419921875,41683100.0,Yahoo Finance,2026-09-21T08:29:09+00:00,2024-05-20
2024-02-16,BAC,31.978696823120117,33290700.0,Yahoo Finance,2026-09-21T08:29:09+00:00,2024-05-20
2024-02-20,BAC,31.856739044189453,30372900.0,Yahoo Finance,2026-09-21T08:29:09+00:00,2024-05-20
2024-02-21,BAC,31.612850189208984,37847100.0,Yahoo Finance,2026-09-21T08:29:09+00:00,2024-05-20
2024-02-22,BAC,31.52842140197754,42756900.0,Yahoo Finance,2026-09-21T08:29:09+00:00,2024-05-20
2024-02-23,BAC,31.8192195892334,30586000.0,Yahoo Finance,2026-09-21T08:29:09+00:00,2024-05-20
2024-02-26,BAC,31.52842140197754,31129200.0,Yahoo Finance,2026-09-21T08:29:09+00:00,2024-05-20
2024-02-27,BAC,32.15692138671875,40536300.0,Yahoo Finance,2026-09-21T08:29:09+00:00,2024-05-20
2024-02-28,BAC,32.1850700378418,39548600.0,Yahoo Finance,2026-09-21T08:29:09+00:00,2024-05-20
2024-02-29,BAC,32.61016845703125,43863400.0,Yahoo Finance,2026-09-21T08:29:09+00:00,2024-05-20
2024-03-01,BAC,32.449581146240234,38432300.0,Yahoo Finance,2026-09-21T08:29:09+00:00,2024-05-20
2024-03-04,BAC,33.205318450927734,49136400.0,Yahoo Finance,2026-09-21T08:29:09+00:00,2024-05-20
2024-03-05,BAC,33.43203353881836,47591600.0,Yahoo Finance,2026-09-21T08:29:09+00:00,2024-05-20
2024-03-06,BAC,33.46037673950195,49149700.0,Yahoo Finance,2026-09-21T08:29:09+00:00,2024-05-20
2024-03-07,BAC,33.658756256103516,35900700.0,Yahoo Finance,2026-09-21T08:29:09+00:00,2024-05-20
2024-03-08,BAC,33.63042068481445,42769900.0,Yahoo Finance,2026-09-21T08:29:09+00:00,2024-05-20
2024-03-11,BAC,33.90436935424805,34131500.0,Yahoo Finance,2026-09-21T08:29:09+00:00,2024-05-20
2024-03-12,BAC,33.97050094604492,29260400.0,Yahoo Finance,2026-09-21T08:29:09+00:00,2024-05-20
2024-03-13,BAC,34.083866119384766,38289600.0,Yahoo Finance,2026-09-21T08:29:09+00:00,2024-05-20
2024-03-14,BAC,33.71544647216797,40178100.0,Yahoo Finance,2026-09-21T08:29:09+00:00,2024-05-20
2024-03-15,BAC,33.450931549072266,69646400.0,Yahoo Finance,2026-09-21T08:29:09+00:00,2024-05-20
2024-03-18,BAC,34.01773452758789,50617900.0,Yahoo Finance,2026-09-21T08:29:09+00:00,2024-05-20
2024-03-19,BAC,34.03662872314453,46113800.0,Yahoo Finance,2026-09-21T08:29:09+00:00,2024-05-20
2024-03-20,BAC,34.716793060302734,40519000.0,Yahoo Finance,2026-09-21T08:29:09+00:00,2024-05-20
2024-03-21,BAC,35.434749603271484,43219500.0,Yahoo Finance,2026-09-21T08:29:09+00:00,2024-05-20
2024-03-22,BAC,35.00019836425781,29001100.0,Yahoo Finance,2026-09-21T08:29:09+00:00,2024-05-20
2024-03-25,BAC,34.820709228515625,30480200.0,Yahoo Finance,2026-09-21T08:29:09+00:00,2024-05-20
2024-03-26,BAC,35.03798294067383,33673400.0,Yahoo Finance,2026-09-21T08:29:09+00:00,2024-05-20
2024-03-27,BAC,35.7181510925293,36350200.0,Yahoo Finance,2026-09-21T08:29:09+00:00,2024-05-20
2024-03-28,BAC,35.82206344604492,42262500.0,Yahoo Finance,2026-09-21T08:29:09+00:00,2024-05-20
2024-04-01,BAC,35.44419479370117,33908000.0,Yahoo Finance,2026-09-21T08:29:09+00:00,2024-05-20
2024-04-02,BAC,35.23637008666992,34806800.0,Yahoo Finance,2026-09-21T08:29:09+00:00,2024-05-20
2024-04-03,BAC,35.36861801147461,33338500.0,Yahoo Finance,2026-09-21T08:29:09+00:00,2024-05-20
2024-04-04,BAC,34.87739181518555,42888200.0,Yahoo Finance,2026-09-21T08:29:09+00:00,2024-05-20
2024-04-05,BAC,35.05687713623047,30823500.0,Yahoo Finance,2026-09-21T08:29:09+00:00,2024-05-20
2024-04-08,BAC,35.425296783447266,29470300.0,Yahoo Finance,2026-09-21T08:29:09+00:00,2024-05-20
2024-04-09,BAC,35.64257049560547,30967300.0,Yahoo Finance,2026-09-21T08:29:09+00:00,2024-05-20
2024-04-10,BAC,34.62232971191406,37610700.0,Yahoo Finance,2026-09-21T08:29:09+00:00,2024-05-20
2024-04-11,BAC,34.338924407958984,38604000.0,Yahoo Finance,2026-09-21T08:29:09+00:00,2024-05-20
2024-04-12,BAC,33.809906005859375,47126100.0,Yahoo Finance,2026-09-21T08:29:09+00:00,2024-05-20
2024-04-15,BAC,33.9610481262207,44392000.0,Yahoo Finance,2026-09-21T08:29:09+00:00,2024-05-20
2024-04-16,BAC,32.761314392089844,95566100.0,Yahoo Finance,2026-09-21T08:29:09+00:00,2024-05-20
2024-04-17,BAC,33.280887603759766,65951400.0,Yahoo Finance,2026-09-21T08:29:09+00:00,2024-05-20
2024-04-18,BAC,33.791011810302734,44506200.0,Yahoo Finance,2026-09-21T08:29:09+00:00,2024-05-20
2024-04-19,BAC,34.924617767333984,56273700.0,Yahoo Finance,2026-09-21T08:29:09+00:00,2024-05-20
2024-04-22,BAC,35.64257049560547,43867100.0,Yahoo Finance,2026-09-21T08:29:09+00:00,2024-05-20
2024-04-23,BAC,36.24716567993164,39180300.0,Yahoo Finance,2026-09-21T08:29:09+00:00,2024-05-20
2024-04-24,BAC,36.19993591308594,28670600.0,Yahoo Finance,2026-09-21T08:29:09+00:00,2024-05-20
2024-04-25,BAC,35.8126106262207,41116000.0,Yahoo Finance,2026-09-21T08:29:09+00:00,2024-05-20
2024-04-26,BAC,35.73704528808594,28668700.0,Yahoo Finance,2026-09-21T08:29:09+00:00,2024-05-20
2024-04-29,BAC,35.472530364990234,26438800.0,Yahoo Finance,2026-09-21T08:29:09+00:00,2024-05-20
2024-04-30,BAC,34.96240997314453,30283800.0,Yahoo Finance,2026-09-21T08:29:09+00:00,2024-05-20
2024-05-01,BAC,34.905731201171875,32272000.0,Yahoo Finance,2026-09-21T08:29:09+00:00,2024-05-20
2024-05-02,BAC,34.839599609375,34860300.0,Yahoo Finance,2026-09-21T08:29:09+00:00,2024-05-20
2024-05-03,BAC,35.18913269042969,34082700.0,Yahoo Finance,2026-09-21T08:29:09+00:00,2024-05-20
2024-05-06,BAC,35.60478973388672,28422300.0,Yahoo Finance,2026-09-21T08:29:09+00:00,2024-05-20
2024-05-07,BAC,35.746490478515625,29119500.0,Yahoo Finance,2026-09-21T08:29:09+00:00,2024-05-20
2024-05-08,BAC,35.623680114746094,32803300.0,Yahoo Finance,2026-09-21T08:29:09+00:00,2024-05-20
2024-05-09,BAC,36.162147521972656,26855400.0,Yahoo Finance,2026-09-21T08:29:09+00:00,2024-05-20
2024-05-10,BAC,36.32274627685547,27359100.0,Yahoo Finance,2026-09-21T08:29:09+00:00,2024-05-20
2024-05-13,BAC,36.09601974487305,24060600.0,Yahoo Finance,2026-09-21T08:29:09+00:00,2024-05-20
2024-05-14,BAC,36.360530853271484,27594800.0,Yahoo Finance,2026-09-21T08:29:09+00:00,2024-05-20
2024-05-15,BAC,36.757293701171875,34084400.0,Yahoo Finance,2026-09-21T08:29:09+00:00,2024-05-20
2024-05-16,BAC,37.05014419555664,32554200.0,Yahoo Finance,2026-09-21T08:29:09+00:00,2024-05-20
2024-05-17,BAC,37.116268157958984,25537300.0,Yahoo Finance,2026-09-21T08:29:09+00:00,2024-05-20
2024-05-20,BAC,36.672271728515625,28369800.0,Yahoo Finance,2026-09-21T08:29:09+00:00,2024-05-20
2023-04-17,BLK,643.7742919921875,586100.0,Yahoo Finance,2026-09-21T08:29:09+00:00,2024-05-20
2023-04-18,BLK,639.7828369140625,593800.0,Yahoo Finance,2026-09-21T08:29:09+00:00,2024-05-20
2023-04-19,BLK,640.8981323242188,348100.0,Yahoo Finance,2026-09-21T08:29:09+00:00,2024-05-20
2023-04-20,BLK,641.9490356445312,580400.0,Yahoo Finance,2026-09-21T08:29:09+00:00,2024-05-20
2023-04-21,BLK,627.7158813476562,774500.0,Yahoo Finance,2026-09-21T08:29:09+00:00,2024-05-20
2023-04-24,BLK,621.4933471679688,451800.0,Yahoo Finance,2026-09-21T08:29:09+00:00,2024-05-20
2023-04-25,BLK,608.145263671875,552200.0,Yahoo Finance,2026-09-21T08:29:09+00:00,2024-05-20
2023-04-26,BLK,599.8118896484375,434700.0,Yahoo Finance,2026-09-21T08:29:09+00:00,2024-05-20
2023-04-27,BLK,610.8832397460938,393900.0,Yahoo Finance,2026-09-21T08:29:09+00:00,2024-05-20
2023-04-28,BLK,618.7371826171875,529000.0,Yahoo Finance,2026-09-21T08:29:09+00:00,2024-05-20
2023-05-01,BLK,611.150390625,560200.0,Yahoo Finance,2026-09-21T08:29:09+00:00,2024-05-20
2023-05-02,BLK,600.540283203125,719700.0,Yahoo Finance,2026-09-21T08:29:09+00:00,2024-05-20
2023-05-03,BLK,592.197509765625,430700.0,Yahoo Finance,2026-09-21T08:29:09+00:00,2024-05-20
2023-05-04,BLK,582.2877197265625,589300.0,Yahoo Finance,2026-09-21T08:29:09+00:00,2024-05-20
2023-05-05,BLK,594.1055908203125,484300.0,Yahoo Finance,2026-09-21T08:29:09+00:00,2024-05-20
2023-05-08,BLK,592.8705444335938,374500.0,Yahoo Finance,2026-09-21T08:29:09+00:00,2024-05-20
2023-05-09,BLK,585.8921508789062,441700.0,Yahoo Finance,2026-09-21T08:29:09+00:00,2024-05-20
2023-05-10,BLK,580.0015869140625,622400.0,Yahoo Finance,2026-09-21T08:29:09+00:00,2024-05-20
2023-05-11,BLK,591.8380126953125,726100.0,Yahoo Finance,2026-09-21T08:29:09+00:00,2024-05-20
2023-05-12,BLK,594.6773681640625,906200.0,Yahoo Finance,2026-09-21T08:29:09+00:00,2024-05-20
2023-05-15,BLK,594.3546752929688,501900.0,Yahoo Finance,2026-09-21T08:29:09+00:00,2024-05-20
2023-05-16,BLK,584.2880859375,362700.0,Yahoo Finance,2026-09-21T08:29:09+00:00,2024-05-20
2023-05-17,BLK,599.7842407226562,478300.0,Yahoo Finance,2026-09-21T08:29:09+00:00,2024-05-20
2023-05-18,BLK,617.0133666992188,1125900.0,Yahoo Finance,2026-09-21T08:29:09+00:00,2024-05-20
2023-05-19,BLK,614.5890502929688,1362500.0,Yahoo Finance,2026-09-21T08:29:09+00:00,2024-05-20
2023-05-22,BLK,618.9124145507812,648800.0,Yahoo Finance,2026-09-21T08:29:09+00:00,2024-05-20
2023-05-23,BLK,609.8231201171875,713300.0,Yahoo Finance,2026-09-21T08:29:09+00:00,2024-05-20
2023-05-24,BLK,603.8034057617188,554500.0,Yahoo Finance,2026-09-21T08:29:09+00:00,2024-05-20
2023-05-25,BLK,608.8919677734375,522800.0,Yahoo Finance,2026-09-21T08:29:09+00:00,2024-05-20
2023-05-26,BLK,619.7511596679688,533900.0,Yahoo Finance,2026-09-21T08:29:09+00:00,2024-05-20
2023-05-30,BLK,620.9312133789062,504200.0,Yahoo Finance,2026-09-21T08:29:09+00:00,2024-05-20
2023-05-31,BLK,606.1541748046875,1898400.0,Yahoo Finance,2026-09-21T08:29:09+00:00,2024-05-20
2023-06-01,BLK,616.561767578125,569800.0,Yahoo Finance,2026-09-21T08:29:09+00:00,2024-05-20
2023-06-02,BLK,628.56396484375,559800.0,Yahoo Finance,2026-09-21T08:29:09+00:00,2024-05-20
2023-06-05,BLK,623.6138305664062,551600.0,Yahoo Finance,2026-09-21T08:29:09+00:00,2024-05-20
2023-06-06,BLK,631.3848266601562,748600.0,Yahoo Finance,2026-09-21T08:29:09+00:00,2024-05-20
2023-06-07,BLK,629.8154907226562,534100.0,Yahoo Finance,2026-09-21T08:29:09+00:00,2024-05-20
2023-06-08,BLK,631.997802734375,521800.0,Yahoo Finance,2026-09-21T08:29:09+00:00,2024-05-20
2023-06-09,BLK,635.5451049804688,465300.0,Yahoo Finance,2026-09-21T08:29:09+00:00,2024-05-20
2023-06-12,BLK,633.6693115234375,435000.0,Yahoo Finance,2026-09-21T08:29:09+00:00,2024-05-20
2023-06-13,BLK,639.9002075195312,624000.0,Yahoo Finance,2026-09-21T08:29:09+00:00,2024-05-20
2023-06-14,BLK,643.0203247070312,678000.0,Yahoo Finance,2026-09-21T08:29:09+00:00,2024-05-20
2023-06-15,BLK,660.4226684570312,644400.0,Yahoo Finance,2026-09-21T08:29:09+00:00,2024-05-20
2023-06-16,BLK,652.6129760742188,1281900.0,Yahoo Finance,2026-09-21T08:29:09+00:00,2024-05-20
2023-06-20,BLK,641.62744140625,698100.0,Yahoo Finance,2026-09-21T08:29:09+00:00,2024-05-20
2023-06-21,BLK,639.8538818359375,489300.0,Yahoo Finance,2026-09-21T08:29:09+00:00,2024-05-20
2023-06-22,BLK,630.8834228515625,361200.0,Yahoo Finance,2026-09-21T08:29:09+00:00,2024-05-20
2023-06-23,BLK,631.8770751953125,686000.0,Yahoo Finance,2026-09-21T08:29:09+00:00,2024-05-20
2023-06-26,BLK,631.6168823242188,403800.0,Yahoo Finance,2026-09-21T08:29:09+00:00,2024-05-20
2023-06-27,BLK,635.7680053710938,528600.0,Yahoo Finance,2026-09-21T08:29:09+00:00,2024-05-20
2023-06-28,BLK,636.306396484375,368100.0,Yahoo Finance,2026-09-21T08:29:09+00:00,2024-05-20
2023-06-29,BLK,639.0831298828125,524700.0,Yahoo Finance,2026-09-21T08:29:09+00:00,2024-05-20
2023-06-30,BLK,641.803955078125,921900.0,Yahoo Finance,2026-09-21T08:29:09+00:00,2024-05-20
2023-07-03,BLK,644.0697021484375,376900.0,Yahoo Finance,2026-09-21T08:29:09+00:00,2024-05-20
2023-07-05,BLK,643.3733520507812,681400.0,Yahoo Finance,2026-09-21T08:29:09+00:00,2024-05-20
2023-07-06,BLK,632.044189453125,675300.0,Yahoo Finance,2026-09-21T08:29:09+00:00,2024-05-20
2023-07-07,BLK,635.266357421875,435200.0,Yahoo Finance,2026-09-21T08:29:09+00:00,2024-05-20
2023-07-10,BLK,646.4747924804688,568600.0,Yahoo Finance,2026-09-21T08:29:09+00:00,2024-05-20
2023-07-11,BLK,659.50341796875,504900.0,Yahoo Finance,2026-09-21T08:29:09+00:00,2024-05-20
2023-07-12,BLK,674.175537109375,642000.0,Yahoo Finance,2026-09-21T08:29:09+00:00,2024-05-20
2023-07-13,BLK,686.9904174804688,928100.0,Yahoo Finance,2026-09-21T08:29:09+00:00,2024-05-20
2023-07-14,BLK,676.0606079101562,1064100.0,Yahoo Finance,2026-09-21T08:29:09+00:00,2024-05-20
2023-07-17,BLK,675.9120483398438,648400.0,Yahoo Finance,2026-09-21T08:29:09+00:00,2024-05-20
2023-07-18,BLK,686.1825561523438,790000.0,Yahoo Finance,2026-09-21T08:29:09+00:00,2024-05-20
2023-07-19,BLK,693.9550170898438,718900.0,Yahoo Finance,2026-09-21T08:29:09+00:00,2024-05-20
2023-07-20,BLK,697.279541015625,621600.0,Yahoo Finance,2026-09-21T08:29:09+00:00,2024-05-20
2023-07-21,BLK,697.5858764648438,512300.0,Yahoo Finance,2026-09-21T08:29:09+00:00,2024-05-20
2023-07-24,BLK,702.5726318359375,385400.0,Yahoo Finance,2026-09-21T08:29:09+00:00,2024-05-20
2023-07-25,BLK,692.7664794921875,610700.0,Yahoo Finance,2026-09-21T08:29:09+00:00,2024-05-20
2023-07-26,BLK,690.110595703125,552800.0,Yahoo Finance,2026-09-21T08:29:09+00:00,2024-05-20
2023-07-27,BLK,677.0262451171875,555200.0,Yahoo Finance,2026-09-21T08:29:09+00:00,2024-05-20
2023-07-28,BLK,685.6345825195312,522800.0,Yahoo Finance,2026-09-21T08:29:09+00:00,2024-05-20
2023-07-31,BLK,686.108154296875,367700.0,Yahoo Finance,2026-09-21T08:29:09+00:00,2024-05-20
2023-08-01,BLK,679.9885864257812,359600.0,Yahoo Finance,2026-09-21T08:29:09+00:00,2024-05-20
2023-08-02,BLK,666.2265014648438,649200.0,Yahoo Finance,2026-09-21T08:29:09+00:00,2024-05-20
2023-08-03,BLK,659.4754028320312,585500.0,Yahoo Finance,2026-09-21T08:29:09+00:00,2024-05-20
2023-08-04,BLK,659.57763671875,475100.0,Yahoo Finance,2026-09-21T08:29:09+00:00,2024-05-20
2023-08-07,BLK,661.6856689453125,387900.0,Yahoo Finance,2026-09-21T08:29:09+00:00,2024-05-20
2023-08-08,BLK,647.22705078125,676900.0,Yahoo Finance,2026-09-21T08:29:09+00:00,2024-05-20
2023-08-09,BLK,642.68603515625,447400.0,Yahoo Finance,2026-09-21T08:29:09+00:00,2024-05-20
2023-08-10,BLK,647.2548217773438,496900.0,Yahoo Finance,2026-09-21T08:29:09+00:00,2024-05-20
2023-08-11,BLK,645.954833984375,381100.0,Yahoo Finance,2026-09-21T08:29:09+00:00,2024-05-20
2023-08-14,BLK,643.466064453125,395000.0,Yahoo Finance,2026-09-21T08:29:09+00:00,2024-05-20
2023-08-15,BLK,624.7916870117188,519700.0,Yahoo Finance,2026-09-21T08:29:09+00:00,2024-05-20
2023-08-16,BLK,624.2530517578125,494700.0,Yahoo Finance,2026-09-21T08:29:09+00:00,2024-05-20
2023-08-17,BLK,625.8873901367188,471200.0,Yahoo Finance,2026-09-21T08:29:09+00:00,2024-05-20
2023-08-18,BLK,622.4051513671875,530500.0,Yahoo Finance,2026-09-21T08:29:09+00:00,2024-05-20
2023-08-21,BLK,623.6495361328125,434300.0,Yahoo Finance,2026-09-21T08:29:09+00:00,2024-05-20
2023-08-22,BLK,618.3099365234375,332500.0,Yahoo Finance,2026-09-21T08:29:09+00:00,2024-05-20
2023-08-23,BLK,630.31689453125,386800.0,Yahoo Finance,2026-09-21T08:29:09+00:00,2024-05-20
2023-08-24,BLK,625.1074829101562,317900.0,Yahoo Finance,2026-09-21T08:29:09+00:00,2024-05-20
2023-08-25,BLK,627.70751953125,275200.0,Yahoo Finance,2026-09-21T08:29:09+00:00,2024-05-20
2023-08-28,BLK,630.530517578125,430900.0,Yahoo Finance,2026-09-21T08:29:09+00:00,2024-05-20
2023-08-29,BLK,641.7017822265625,502600.0,Yahoo Finance,2026-09-21T08:29:09+00:00,2024-05-20
2023-08-30,BLK,646.1406860351562,483900.0,Yahoo Finance,2026-09-21T08:29:09+00:00,2024-05-20
2023-08-31,BLK,650.532958984375,617100.0,Yahoo Finance,2026-09-21T08:29:09+00:00,2024-05-20
2023-09-01,BLK,655.779541015625,454500.0,Yahoo Finance,2026-09-21T08:29:09+00:00,2024-05-20
2023-09-05,BLK,646.251953125,556800.0,Yahoo Finance,2026-09-21T08:29:09+00:00,2024-05-20
2023-09-06,BLK,644.626953125,426600.0,Yahoo Finance,2026-09-21T08:29:09+00:00,2024-05-20
2023-09-07,BLK,646.3853149414062,453000.0,Yahoo Finance,2026-09-21T08:29:09+00:00,2024-05-20
2023-09-08,BLK,645.9737548828125,352400.0,Yahoo Finance,2026-09-21T08:29:09+00:00,2024-05-20
2023-09-11,BLK,650.9405517578125,563500.0,Yahoo Finance,2026-09-21T08:29:09+00:00,2024-05-20
2023-09-12,BLK,652.2593994140625,404000.0,Yahoo Finance,2026-09-21T08:29:09+00:00,2024-05-20
2023-09-13,BLK,652.156494140625,645200.0,Yahoo Finance,2026-09-21T08:29:09+00:00,2024-05-20
2023-09-14,BLK,661.1172485351562,660100.0,Yahoo Finance,2026-09-21T08:29:09+00:00,2024-05-20
2023-09-15,BLK,652.3248901367188,2816100.0,Yahoo Finance,2026-09-21T08:29:09+00:00,2024-05-20
2023-09-18,BLK,649.9677734375,494400.0,Yahoo Finance,2026-09-21T08:29:09+00:00,2024-05-20
2023-09-19,BLK,644.421142578125,428100.0,Yahoo Finance,2026-09-21T08:29:09+00:00,2024-05-20
2023-09-20,BLK,639.2954711914062,334100.0,Yahoo Finance,2026-09-21T08:29:09+00:00,2024-05-20
2023-09-21,BLK,625.5924682617188,547700.0,Yahoo Finance,2026-09-21T08:29:09+00:00,2024-05-20
2023-09-22,BLK,617.4267578125,468300.0,Yahoo Finance,2026-09-21T08:29:09+00:00,2024-05-20
2023-09-25,BLK,615.0416259765625,458300.0,Yahoo Finance,2026-09-21T08:29:09+00:00,2024-05-20
2023-09-26,BLK,604.911865234375,589000.0,Yahoo Finance,2026-09-21T08:29:09+00:00,2024-05-20
2023-09-27,BLK,601.797119140625,548800.0,Yahoo Finance,2026-09-21T08:29:09+00:00,2024-05-20
2023-09-28,BLK,603.5275268554688,696100.0,Yahoo Finance,2026-09-21T08:29:09+00:00,2024-05-20
2023-09-29,BLK,604.6967163085938,539900.0,Yahoo Finance,2026-09-21T08:29:09+00:00,2024-05-20
2023-10-02,BLK,601.4695434570312,569000.0,Yahoo Finance,2026-09-21T08:29:09+00:00,2024-05-20
2023-10-03,BLK,585.0355834960938,678600.0,Yahoo Finance,2026-09-21T08:29:09+00:00,2024-05-20
2023-10-04,BLK,595.380615234375,546700.0,Yahoo Finance,2026-09-21T08:29:09+00:00,2024-05-20
2023-10-05,BLK,598.90673828125,496900.0,Yahoo Finance,2026-09-21T08:29:09+00:00,2024-05-20
2023-10-06,BLK,606.3523559570312,608300.0,Yahoo Finance,2026-09-21T08:29:09+00:00,2024-05-20
2023-10-09,BLK,602.01220703125,536100.0,Yahoo Finance,2026-09-21T08:29:09+00:00,2024-05-20
2023-10-10,BLK,600.4501342773438,626700.0,Yahoo Finance,2026-09-21T08:29:09+00:00,2024-05-20
2023-10-11,BLK,601.1236572265625,515000.0,Yahoo Finance,2026-09-21T08:29:09+00:00,2024-05-20
2023-10-12,BLK,595.0438232421875,744200.0,Yahoo Finance,2026-09-21T08:29:09+00:00,2024-05-20
2023-10-13,BLK,587.0840454101562,1263400.0,Yahoo Finance,2026-09-21T08:29:09+00:00,2024-05-20
2023-10-16,BLK,594.3704223632812,695400.0,Yahoo Finance,2026-09-21T08:29:09+00:00,2024-05-20
2023-10-17,BLK,594.978271484375,578500.0,Yahoo Finance,2026-09-21T08:29:09+00:00,2024-05-20
2023-10-18,BLK,576.8231201171875,664500.0,Yahoo Finance,2026-09-21T08:29:09+00:00,2024-05-20
2023-10-19,BLK,582.2669067382812,1040800.0,Yahoo Finance,2026-09-21T08:29:09+00:00,2024-05-20
2023-10-20,BLK,575.0834350585938,850300.0,Yahoo Finance,2026-09-21T08:29:09+00:00,2024-05-20
2023-10-23,BLK,574.9899291992188,469500.0,Yahoo Finance,2026-09-21T08:29:09+00:00,2024-05-20
2023-10-24,BLK,572.8010864257812,657200.0,Yahoo Finance,2026-09-21T08:29:09+00:00,2024-05-20
2023-10-25,BLK,569.3309326171875,562000.0,Yahoo Finance,2026-09-21T08:29:09+00:00,2024-05-20
2023-10-26,BLK,567.8250122070312,856400.0,Yahoo Finance,2026-09-21T08:29:09+00:00,2024-05-20
2023-10-27,BLK,559.4163208007812,543000.0,Yahoo Finance,2026-09-21T08:29:09+00:00,2024-05-20
2023-10-30,BLK,567.871826171875,528100.0,Yahoo Finance,2026-09-21T08:29:09+00:00,2024-05-20
2023-10-31,BLK,572.6983032226562,508900.0,Yahoo Finance,2026-09-21T08:29:09+00:00,2024-05-20
2023-11-01,BLK,576.3742065429688,537100.0,Yahoo Finance,2026-09-21T08:29:09+00:00,2024-05-20
2023-11-02,BLK,602.8258666992188,1174000.0,Yahoo Finance,2026-09-21T08:29:09+00:00,2024-05-20
2023-11-03,BLK,615.4344482421875,894200.0,Yahoo Finance,2026-09-21T08:29:09+00:00,2024-05-20
2023-11-06,BLK,610.9916381835938,469400.0,Yahoo Finance,2026-09-21T08:29:09+00:00,2024-05-20
2023-11-07,BLK,606.6609497070312,440800.0,Yahoo Finance,2026-09-21T08:29:09+00:00,2024-05-20
2023-11-08,BLK,612.6098022460938,482200.0,Yahoo Finance,2026-09-21T08:29:09+00:00,2024-05-20
2023-11-09,BLK,609.68212890625,437100.0,Yahoo Finance,2026-09-21T08:29:09+00:00,2024-05-20
2023-11-10,BLK,622.0101928710938,522700.0,Yahoo Finance,2026-09-21T08:29:09+00:00,2024-05-20
2023-11-13,BLK,618.689453125,356400.0,Yahoo Finance,2026-09-21T08:29:09+00:00,2024-05-20
2023-11-14,BLK,652.268798828125,1011000.0,Yahoo Finance,2026-09-21T08:29:09+00:00,2024-05-20
2023-11-15,BLK,663.0159912109375,747400.0,Yahoo Finance,2026-09-21T08:29:09+00:00,2024-05-20
2023-11-16,BLK,668.6842041015625,558900.0,Yahoo Finance,2026-09-21T08:29:09+00:00,2024-05-20
2023-11-17,BLK,670.517333984375,715600.0,Yahoo Finance,2026-09-21T08:29:09+00:00,2024-05-20
2023-11-20,BLK,674.3150634765625,668300.0,Yahoo Finance,2026-09-21T08:29:09+00:00,2024-05-20
2023-11-21,BLK,677.7946166992188,642900.0,Yahoo Finance,2026-09-21T08:29:09+00:00,2024-05-20
2023-11-22,BLK,680.1328735351562,498100.0,Yahoo Finance,2026-09-21T08:29:09+00:00,2024-05-20
2023-11-24,BLK,682.9016723632812,279600.0,Yahoo Finance,2026-09-21T08:29:09+00:00,2024-05-20
2023-11-27,BLK,683.444091796875,868100.0,Yahoo Finance,2026-09-21T08:29:09+00:00,2024-05-20
2023-11-28,BLK,689.1309814453125,610200.0,Yahoo Finance,2026-09-21T08:29:09+00:00,2024-05-20
2023-11-29,BLK,698.9896240234375,750000.0,Yahoo Finance,2026-09-21T08:29:09+00:00,2024-05-20
2023-11-30,BLK,702.6655883789062,961300.0,Yahoo Finance,2026-09-21T08:29:09+00:00,2024-05-20
2023-12-01,BLK,707.45458984375,746700.0,Yahoo Finance,2026-09-21T08:29:09+00:00,2024-05-20
2023-12-04,BLK,707.5294799804688,767900.0,Yahoo Finance,2026-09-21T08:29:09+00:00,2024-05-20
2023-12-05,BLK,705.537109375,860700.0,Yahoo Finance,2026-09-21T08:29:09+00:00,2024-05-20
2023-12-06,BLK,699.6709594726562,624800.0,Yahoo Finance,2026-09-21T08:29:09+00:00,2024-05-20
2023-12-07,BLK,701.9025268554688,784300.0,Yahoo Finance,2026-09-21T08:29:09+00:00,2024-05-20
2023-12-08,BLK,701.2340087890625,456000.0,Yahoo Finance,2026-09-21T08:29:09+00:00,2024-05-20
2023-12-11,BLK,708.4654541015625,781300.0,Yahoo Finance,2026-09-21T08:29:09+00:00,2024-05-20
2023-12-12,BLK,714.9435424804688,607600.0,Yahoo Finance,2026-09-21T08:29:09+00:00,2024-05-20
2023-12-13,BLK,728.2578735351562,600000.0,Yahoo Finance,2026-09-21T08:29:09+00:00,2024-05-20
2023-12-14,BLK,759.9894409179688,1197400.0,Yahoo Finance,2026-09-21T08:29:09+00:00,2024-05-20
2023-12-15,BLK,771.166259765625,2703000.0,Yahoo Finance,2026-09-21T08:29:09+00:00,2024-05-20
2023-12-18,BLK,749.9239501953125,916300.0,Yahoo Finance,2026-09-21T08:29:09+00:00,2024-05-20
2023-12-19,BLK,754.5755004882812,756400.0,Yahoo Finance,2026-09-21T08:29:09+00:00,2024-05-20
2023-12-20,BLK,743.1349487304688,547900.0,Yahoo Finance,2026-09-21T08:29:09+00:00,2024-05-20
2023-12-21,BLK,752.428466796875,341100.0,Yahoo Finance,2026-09-21T08:29:09+00:00,2024-05-20
2023-12-22,BLK,755.5546875,426600.0,Yahoo Finance,2026-09-21T08:29:09+00:00,2024-05-20
2023-12-26,BLK,759.4999389648438,280600.0,Yahoo Finance,2026-09-21T08:29:09+00:00,2024-05-20
2023-12-27,BLK,765.752197265625,298000.0,Yahoo Finance,2026-09-21T08:29:09+00:00,2024-05-20
2023-12-28,BLK,766.8442993164062,311500.0,Yahoo Finance,2026-09-21T08:29:09+00:00,2024-05-20
2023-12-29,BLK,764.3868408203125,318500.0,Yahoo Finance,2026-09-21T08:29:09+00:00,2024-05-20
2024-01-02,BLK,753.558349609375,660000.0,Yahoo Finance,2026-09-21T08:29:09+00:00,2024-05-20
2024-01-03,BLK,738.351806640625,638700.0,Yahoo Finance,2026-09-21T08:29:09+00:00,2024-05-20
2024-01-04,BLK,740.0465698242188,580200.0,Yahoo Finance,2026-09-21T08:29:09+00:00,2024-05-20
2024-01-05,BLK,737.1088256835938,471000.0,Yahoo Finance,2026-09-21T08:29:09+00:00,2024-05-20
2024-01-08,BLK,750.630126953125,513200.0,Yahoo Finance,2026-09-21T08:29:09+00:00,2024-05-20
2024-01-09,BLK,748.1160278320312,454700.0,Yahoo Finance,2026-09-21T08:29:09+00:00,2024-05-20
2024-01-10,BLK,746.0821533203125,510800.0,Yahoo Finance,2026-09-21T08:29:09+00:00,2024-05-20
2024-01-11,BLK,746.317626953125,735800.0,Yahoo Finance,2026-09-21T08:29:09+00:00,2024-05-20
2024-01-12,BLK,752.8994140625,880500.0,Yahoo Finance,2026-09-21T08:29:09+00:00,2024-05-20
2024-01-16,BLK,745.1594848632812,895200.0,Yahoo Finance,2026-09-21T08:29:09+00:00,2024-05-20
2024-01-17,BLK,741.4400634765625,617100.0,Yahoo Finance,2026-09-21T08:29:09+00:00,2024-05-20
2024-01-18,BLK,748.812744140625,506700.0,Yahoo Finance,2026-09-21T08:29:09+00:00,2024-05-20
2024-01-19,BLK,758.3981323242188,681500.0,Yahoo Finance,2026-09-21T08:29:09+00:00,2024-05-20
2024-01-22,BLK,747.6453247070312,760500.0,Yahoo Finance,2026-09-21T08:29:09+00:00,2024-05-20
2024-01-23,BLK,746.2705688476562,718300.0,Yahoo Finance,2026-09-21T08:29:09+00:00,2024-05-20
2024-01-24,BLK,739.8582153320312,659700.0,Yahoo Finance,2026-09-21T08:29:09+00:00,2024-05-20
2024-01-25,BLK,744.2930908203125,723800.0,Yahoo Finance,2026-09-21T08:29:09+00:00,2024-05-20
2024-01-26,BLK,741.317626953125,687900.0,Yahoo Finance,2026-09-21T08:29:09+00:00,2024-05-20
2024-01-29,BLK,742.6359252929688,622200.0,Yahoo Finance,2026-09-21T08:29:09+00:00,2024-05-20
2024-01-30,BLK,736.0731201171875,936600.0,Yahoo Finance,2026-09-21T08:29:09+00:00,2024-05-20
2024-01-31,BLK,729.08642578125,730800.0,Yahoo Finance,2026-09-21T08:29:09+00:00,2024-05-20
2024-02-01,BLK,739.0860595703125,626600.0,Yahoo Finance,2026-09-21T08:29:09+00:00,2024-05-20
2024-02-02,BLK,741.9768676757812,509900.0,Yahoo Finance,2026-09-21T08:29:09+00:00,2024-05-20
2024-02-05,BLK,737.4291381835938,501100.0,Yahoo Finance,2026-09-21T08:29:09+00:00,2024-05-20
2024-02-06,BLK,741.9578857421875,666300.0,Yahoo Finance,2026-09-21T08:29:09+00:00,2024-05-20
2024-02-07,BLK,748.2855834960938,700600.0,Yahoo Finance,2026-09-21T08:29:09+00:00,2024-05-20
2024-02-08,BLK,746.8732299804688,545500.0,Yahoo Finance,2026-09-21T08:29:09+00:00,2024-05-20
2024-02-09,BLK,750.6488647460938,536600.0,Yahoo Finance,2026-09-21T08:29:09+00:00,2024-05-20
2024-02-12,BLK,754.9331665039062,499300.0,Yahoo Finance,2026-09-21T08:29:09+00:00,2024-05-20
2024-02-13,BLK,732.6268310546875,637400.0,Yahoo Finance,2026-09-21T08:29:09+00:00,2024-05-20
2024-02-14,BLK,739.5287475585938,420900.0,Yahoo Finance,2026-09-21T08:29:09+00:00,2024-05-20
2024-02-15,BLK,751.4398193359375,508200.0,Yahoo Finance,2026-09-21T08:29:09+00:00,2024-05-20
2024-02-16,BLK,747.62646484375,393700.0,Yahoo Finance,2026-09-21T08:29:09+00:00,2024-05-20
2024-02-20,BLK,751.4962768554688,582200.0,Yahoo Finance,2026-09-21T08:29:09+00:00,2024-05-20
2024-02-21,BLK,758.4075927734375,419100.0,Yahoo Finance,2026-09-21T08:29:09+00:00,2024-05-20
2024-02-22,BLK,765.9310302734375,549600.0,Yahoo Finance,2026-09-21T08:29:09+00:00,2024-05-20
2024-02-23,BLK,766.0723266601562,492500.0,Yahoo Finance,2026-09-21T08:29:09+00:00,2024-05-20
2024-02-26,BLK,758.9539184570312,577800.0,Yahoo Finance,2026-09-21T08:29:09+00:00,2024-05-20
2024-02-27,BLK,753.7843627929688,555900.0,Yahoo Finance,2026-09-21T08:29:09+00:00,2024-05-20
2024-02-28,BLK,762.371826171875,513000.0,Yahoo Finance,2026-09-21T08:29:09+00:00,2024-05-20
2024-02-29,BLK,763.9536743164062,758800.0,Yahoo Finance,2026-09-21T08:29:09+00:00,2024-05-20
2024-03-01,BLK,767.2398071289062,431300.0,Yahoo Finance,2026-09-21T08:29:09+00:00,2024-05-20
2024-03-04,BLK,785.7327880859375,858900.0,Yahoo Finance,2026-09-21T08:29:09+00:00,2024-05-20
2024-03-05,BLK,778.6425170898438,497600.0,Yahoo Finance,2026-09-21T08:29:09+00:00,2024-05-20
2024-03-06,BLK,786.752685546875,538000.0,Yahoo Finance,2026-09-21T08:29:09+00:00,2024-05-20
2024-03-07,BLK,787.9843139648438,384700.0,Yahoo Finance,2026-09-21T08:29:09+00:00,2024-05-20
2024-03-08,BLK,792.1719360351562,396200.0,Yahoo Finance,2026-09-21T08:29:09+00:00,2024-05-20
2024-03-11,BLK,781.7880249023438,428600.0,Yahoo Finance,2026-09-21T08:29:09+00:00,2024-05-20
2024-03-12,BLK,785.9852294921875,438600.0,Yahoo Finance,2026-09-21T08:29:09+00:00,2024-05-20
2024-03-13,BLK,782.574462890625,510800.0,Yahoo Finance,2026-09-21T08:29:09+00:00,2024-05-20
2024-03-14,BLK,766.2879028320312,859000.0,Yahoo Finance,2026-09-21T08:29:09+00:00,2024-05-20
2024-03-15,BLK,760.3380126953125,1576700.0,Yahoo Finance,2026-09-21T08:29:09+00:00,2024-05-20
2024-03-18,BLK,758.1873779296875,634800.0,Yahoo Finance,2026-09-21T08:29:09+00:00,2024-05-20
2024-03-19,BLK,760.129638671875,593900.0,Yahoo Finance,2026-09-21T08:29:09+00:00,2024-05-20
2024-03-20,BLK,774.9002075195312,451400.0,Yahoo Finance,2026-09-21T08:29:09+00:00,2024-05-20
2024-03-21,BLK,797.7997436523438,643300.0,Yahoo Finance,2026-09-21T08:29:09+00:00,2024-05-20
2024-03-22,BLK,781.4755249023438,615100.0,Yahoo Finance,2026-09-21T08:29:09+00:00,2024-05-20
2024-03-25,BLK,773.3084716796875,378100.0,Yahoo Finance,2026-09-21T08:29:09+00:00,2024-05-20
2024-03-26,BLK,777.0887451171875,374000.0,Yahoo Finance,2026-09-21T08:29:09+00:00,2024-05-20
2024-03-27,BLK,791.2245483398438,466500.0,Yahoo Finance,2026-09-21T08:29:09+00:00,2024-05-20
2024-03-28,BLK,789.879150390625,532100.0,Yahoo Finance,2026-09-21T08:29:09+00:00,2024-05-20
2024-04-01,BLK,783.3134155273438,395900.0,Yahoo Finance,2026-09-21T08:29:09+00:00,2024-05-20
2024-04-02,BLK,773.6685791015625,530700.0,Yahoo Finance,2026-09-21T08:29:09+00:00,2024-05-20
2024-04-03,BLK,771.97265625,369600.0,Yahoo Finance,2026-09-21T08:29:09+00:00,2024-05-20
2024-04-04,BLK,750.4562377929688,1189400.0,Yahoo Finance,2026-09-21T08:29:09+00:00,2024-05-20
2024-04-05,BLK,755.6387329101562,687300.0,Yahoo Finance,2026-09-21T08:29:09+00:00,2024-05-20
2024-04-08,BLK,761.0960083007812,760200.0,Yahoo Finance,2026-09-21T08:29:09+00:00,2024-05-20
2024-04-09,BLK,761.6455688476562,802100.0,Yahoo Finance,2026-09-21T08:29:09+00:00,2024-05-20
2024-04-10,BLK,742.4598999023438,654400.0,Yahoo Finance,2026-09-21T08:29:09+00:00,2024-05-20
2024-04-11,BLK,744.6484985351562,812000.0,Yahoo Finance,2026-09-21T08:29:09+00:00,2024-05-20
2024-04-12,BLK,723.2742919921875,1453600.0,Yahoo Finance,2026-09-21T08:29:09+00:00,2024-05-20
2024-04-15,BLK,722.8858032226562,935200.0,Yahoo Finance,2026-09-21T08:29:09+00:00,2024-05-20
2024-04-16,BLK,710.265869140625,662900.0,Yahoo Finance,2026-09-21T08:29:09+00:00,2024-05-20
2024-04-17,BLK,714.169189453125,585800.0,Yahoo Finance,2026-09-21T08:29:09+00:00,2024-05-20
2024-04-18,BLK,708.0205078125,614900.0,Yahoo Finance,2026-09-21T08:29:09+00:00,2024-05-20
2024-04-19,BLK,710.5596923828125,867800.0,Yahoo Finance,2026-09-21T08:29:09+00:00,2024-05-20
2024-04-22,BLK,720.1572875976562,617200.0,Yahoo Finance,2026-09-21T08:29:09+00:00,2024-05-20
2024-04-23,BLK,726.3250122070312,461000.0,Yahoo Finance,2026-09-21T08:29:09+00:00,2024-05-20
2024-04-24,BLK,722.7057495117188,751200.0,Yahoo Finance,2026-09-21T08:29:09+00:00,2024-05-20
2024-04-25,BLK,717.8264770507812,510100.0,Yahoo Finance,2026-09-21T08:29:09+00:00,2024-05-20
2024-04-26,BLK,722.7816162109375,447900.0,Yahoo Finance,2026-09-21T08:29:09+00:00,2024-05-20
2024-04-29,BLK,721.2657470703125,483700.0,Yahoo Finance,2026-09-21T08:29:09+00:00,2024-05-20
2024-04-30,BLK,714.9747924804688,418600.0,Yahoo Finance,2026-09-21T08:29:09+00:00,2024-05-20
2024-05-01,BLK,712.0756225585938,614800.0,Yahoo Finance,2026-09-21T08:29:09+00:00,2024-05-20
2024-05-02,BLK,717.2105712890625,632500.0,Yahoo Finance,2026-09-21T08:29:09+00:00,2024-05-20
2024-05-03,BLK,723.7573852539062,558300.0,Yahoo Finance,2026-09-21T08:29:09+00:00,2024-05-20
2024-05-06,BLK,733.9234619140625,450100.0,Yahoo Finance,2026-09-21T08:29:09+00:00,2024-05-20
2024-05-07,BLK,739.873291015625,777400.0,Yahoo Finance,2026-09-21T08:29:09+00:00,2024-05-20
2024-05-08,BLK,737.4196166992188,665700.0,Yahoo Finance,2026-09-21T08:29:09+00:00,2024-05-20
2024-05-09,BLK,747.6517944335938,654800.0,Yahoo Finance,2026-09-21T08:29:09+00:00,2024-05-20
2024-05-10,BLK,754.7954711914062,607100.0,Yahoo Finance,2026-09-21T08:29:09+00:00,2024-05-20
2024-05-13,BLK,748.788818359375,416800.0,Yahoo Finance,2026-09-21T08:29:09+00:00,2024-05-20
2024-05-14,BLK,760.7549438476562,492200.0,Yahoo Finance,2026-09-21T08:29:09+00:00,2024-05-20
2024-05-15,BLK,772.8253173828125,667300.0,Yahoo Finance,2026-09-21T08:29:09+00:00,2024-05-20
2024-05-16,BLK,765.2552490234375,486300.0,Yahoo Finance,2026-09-21T08:29:09+00:00,2024-05-20
2024-05-17,BLK,769.528076171875,394400.0,Yahoo Finance,2026-09-21T08:29:09+00:00,2024-05-20
2024-05-20,BLK,762.86767578125,366300.0,Yahoo Finance,2026-09-21T08:29:09+00:00,2024-05-20
2023-04-17,CAT,213.7200927734375,1751800.0,Yahoo Finance,2026-09-21T08:29:09+00:00,2024-05-20
2023-04-18,CAT,213.68209838867188,2567100.0,Yahoo Finance,2026-09-21T08:29:09+00:00,2024-05-20
2023-04-19,CAT,213.16026306152344,2078400.0,Yahoo Finance,2026-09-21T08:29:09+00:00,2024-05-20
2023-04-20,CAT,210.90196228027344,2826800.0,Yahoo Finance,2026-09-21T08:29:09+00:00,2024-05-20
2023-04-21,CAT,210.13873291015625,2712500.0,Yahoo Finance,2026-09-21T08:29:09+00:00,2024-05-20
2023-04-24,CAT,213.15341186523438,2790700.0,Yahoo Finance,2026-09-21T08:29:09+00:00,2024-05-20
2023-04-25,CAT,208.57420349121094,2505600.0,Yahoo Finance,2026-09-21T08:29:09+00:00,2024-05-20
2023-04-26,CAT,206.2464141845703,3254700.0,Yahoo Finance,2026-09-21T08:29:09+00:00,2024-05-20
2023-04-27,CAT,204.47198486328125,7711100.0,Yahoo Finance,2026-09-21T08:29:09+00:00,2024-05-20
2023-04-28,CAT,208.73635864257812,4669500.0,Yahoo Finance,2026-09-21T08:29:09+00:00,2024-05-20
2023-05-01,CAT,207.27676391601562,2876400.0,Yahoo Finance,2026-09-21T08:29:09+00:00,2024-05-20
2023-05-02,CAT,205.25425720214844,2858000.0,Yahoo Finance,2026-09-21T08:29:09+00:00,2024-05-20
2023-05-03,CAT,205.7217254638672,2635100.0,Yahoo Finance,2026-09-21T08:29:09+00:00,2024-05-20
2023-05-04,CAT,200.7036590576172,3211000.0,Yahoo Finance,2026-09-21T08:29:09+00:00,2024-05-20
2023-05-05,CAT,205.1969757080078,2716600.0,Yahoo Finance,2026-09-21T08:29:09+00:00,2024-05-20
2023-05-08,CAT,204.9108428955078,2414100.0,Yahoo Finance,2026-09-21T08:29:09+00:00,2024-05-20
2023-05-09,CAT,203.6706085205078,4111900.0,Yahoo Finance,2026-09-21T08:29:09+00:00,2024-05-20
2023-05-10,CAT,203.36532592773438,2446100.0,Yahoo Finance,2026-09-21T08:29:09+00:00,2024-05-20
2023-05-11,CAT,200.3697509765625,3263300.0,Yahoo Finance,2026-09-21T08:29:09+00:00,2024-05-20
2023-05-12,CAT,199.9022674560547,2172600.0,Yahoo Finance,2026-09-21T08:29:09+00:00,2024-05-20
2023-05-15,CAT,201.57180786132812,1925600.0,Yahoo Finance,2026-09-21T08:29:09+00:00,2024-05-20
2023-05-16,CAT,197.66990661621094,2771500.0,Yahoo Finance,2026-09-21T08:29:09+00:00,2024-05-20
2023-05-17,CAT,202.3445587158203,2897400.0,Yahoo Finance,2026-09-21T08:29:09+00:00,2024-05-20
2023-05-18,CAT,204.84405517578125,2643600.0,Yahoo Finance,2026-09-21T08:29:09+00:00,2024-05-20
2023-05-19,CAT,204.90127563476562,4402100.0,Yahoo Finance,2026-09-21T08:29:09+00:00,2024-05-20
2023-05-22,CAT,204.4051971435547,2540600.0,Yahoo Finance,2026-09-21T08:29:09+00:00,2024-05-20
2023-05-23,CAT,202.92649841308594,2298300.0,Yahoo Finance,2026-09-21T08:29:09+00:00,2024-05-20
2023-05-24,CAT,200.05491638183594,2964000.0,Yahoo Finance,2026-09-21T08:29:09+00:00,2024-05-20
2023-05-25,CAT,200.32205200195312,2243600.0,Yahoo Finance,2026-09-21T08:29:09+00:00,2024-05-20
2023-05-26,CAT,202.05833435058594,1973900.0,Yahoo Finance,2026-09-21T08:29:09+00:00,2024-05-20
2023-05-30,CAT,200.2457275390625,2885900.0,Yahoo Finance,2026-09-21T08:29:09+00:00,2024-05-20
2023-05-31,CAT,196.28659057617188,5937000.0,Yahoo Finance,2026-09-21T08:29:09+00:00,2024-05-20
2023-06-01,CAT,199.4539031982422,2989100.0,Yahoo Finance,2026-09-21T08:29:09+00:00,2024-05-20
2023-06-02,CAT,216.20623779296875,8358200.0,Yahoo Finance,2026-09-21T08:29:09+00:00,2024-05-20
2023-06-05,CAT,212.23757934570312,3438400.0,Yahoo Finance,2026-09-21T08:29:09+00:00,2024-05-20
2023-06-06,CAT,216.25392150878906,3230100.0,Yahoo Finance,2026-09-21T08:29:09+00:00,2024-05-20
2023-06-07,CAT,224.71592712402344,5586400.0,Yahoo Finance,2026-09-21T08:29:09+00:00,2024-05-20
2023-06-08,CAT,223.66656494140625,3546800.0,Yahoo Finance,2026-09-21T08:29:09+00:00,2024-05-20
2023-06-09,CAT,224.21990966796875,2488500.0,Yahoo Finance,2026-09-21T08:29:09+00:00,2024-05-20
2023-06-12,CAT,226.95790100097656,3644200.0,Yahoo Finance,2026-09-21T08:29:09+00:00,2024-05-20
2023-06-13,CAT,234.15109252929688,4335100.0,Yahoo Finance,2026-09-21T08:29:09+00:00,2024-05-20
2023-06-14,CAT,232.1286163330078,3122400.0,Yahoo Finance,2026-09-21T08:29:09+00:00,2024-05-20
2023-06-15,CAT,236.27847290039062,2743900.0,Yahoo Finance,2026-09-21T08:29:09+00:00,2024-05-20
2023-06-16,CAT,233.9888916015625,5261200.0,Yahoo Finance,2026-09-21T08:29:09+00:00,2024-05-20
2023-06-20,CAT,230.0583953857422,2979800.0,Yahoo Finance,2026-09-21T08:29:09+00:00,2024-05-20
2023-06-21,CAT,230.37322998046875,2892500.0,Yahoo Finance,2026-09-21T08:29:09+00:00,2024-05-20
2023-06-22,CAT,226.42364501953125,2421600.0,Yahoo Finance,2026-09-21T08:29:09+00:00,2024-05-20
2023-06-23,CAT,223.65701293945312,3354000.0,Yahoo Finance,2026-09-21T08:29:09+00:00,2024-05-20
2023-06-26,CAT,226.05160522460938,1748300.0,Yahoo Finance,2026-09-21T08:29:09+00:00,2024-05-20
2023-06-27,CAT,229.6195526123047,2283000.0,Yahoo Finance,2026-09-21T08:29:09+00:00,2024-05-20
2023-06-28,CAT,230.74526977539062,2200100.0,Yahoo Finance,2026-09-21T08:29:09+00:00,2024-05-20
2023-06-29,CAT,233.00625610351562,2070000.0,Yahoo Finance,2026-09-21T08:29:09+00:00,2024-05-20
2023-06-30,CAT,234.73301696777344,2377900.0,Yahoo Finance,2026-09-21T08:29:09+00:00,2024-05-20
2023-07-03,CAT,235.9541778564453,1045700.0,Yahoo Finance,2026-09-21T08:29:09+00:00,2024-05-20
2023-07-05,CAT,233.56912231445312,1820600.0,Yahoo Finance,2026-09-21T08:29:09+00:00,2024-05-20
2023-07-06,CAT,229.51458740234375,3079700.0,Yahoo Finance,2026-09-21T08:29:09+00:00,2024-05-20
2023-07-07,CAT,233.90306091308594,2903900.0,Yahoo Finance,2026-09-21T08:29:09+00:00,2024-05-20
2023-07-10,CAT,237.3660888671875,2771900.0,Yahoo Finance,2026-09-21T08:29:09+00:00,2024-05-20
2023-07-11,CAT,241.2202606201172,3293300.0,Yahoo Finance,2026-09-21T08:29:09+00:00,2024-05-20
2023-07-12,CAT,241.93577575683594,2986200.0,Yahoo Finance,2026-09-21T08:29:09+00:00,2024-05-20
2023-07-13,CAT,244.09182739257812,1949400.0,Yahoo Finance,2026-09-21T08:29:09+00:00,2024-05-20
2023-07-14,CAT,243.86285400390625,1936800.0,Yahoo Finance,2026-09-21T08:29:09+00:00,2024-05-20
2023-07-17,CAT,245.6182098388672,2674500.0,Yahoo Finance,2026-09-21T08:29:09+00:00,2024-05-20
2023-07-18,CAT,251.67620849609375,3832400.0,Yahoo Finance,2026-09-21T08:29:09+00:00,2024-05-20
2023-07-19,CAT,251.90626525878906,2771900.0,Yahoo Finance,2026-09-21T08:29:09+00:00,2024-05-20
2023-07-20,CAT,250.3147735595703,2102300.0,Yahoo Finance,2026-09-21T08:29:09+00:00,2024-05-20
2023-07-21,CAT,247.01675415039062,2249900.0,Yahoo Finance,2026-09-21T08:29:09+00:00,2024-05-20
2023-07-24,CAT,248.66578674316406,2195300.0,Yahoo Finance,2026-09-21T08:29:09+00:00,2024-05-20
2023-07-25,CAT,251.24478149414062,2016600.0,Yahoo Finance,2026-09-21T08:29:09+00:00,2024-05-20
2023-07-26,CAT,247.65908813476562,2622800.0,Yahoo Finance,2026-09-21T08:29:09+00:00,2024-05-20
2023-07-27,CAT,247.63987731933594,2284400.0,Yahoo Finance,2026-09-21T08:29:09+00:00,2024-05-20
2023-07-28,CAT,249.6820068359375,2101200.0,Yahoo Finance,2026-09-21T08:29:09+00:00,2024-05-20
2023-07-31,CAT,254.2263946533203,3568700.0,Yahoo Finance,2026-09-21T08:29:09+00:00,2024-05-20
2023-08-01,CAT,276.73736572265625,11823200.0,Yahoo Finance,2026-09-21T08:29:09+00:00,2024-05-20
2023-08-02,CAT,275.7019958496094,6288300.0,Yahoo Finance,2026-09-21T08:29:09+00:00,2024-05-20
2023-08-03,CAT,269.8345642089844,4743500.0,Yahoo Finance,2026-09-21T08:29:09+00:00,2024-05-20
2023-08-04,CAT,265.0312805175781,3888200.0,Yahoo Finance,2026-09-21T08:29:09+00:00,2024-05-20
2023-08-07,CAT,270.0262756347656,2438200.0,Yahoo Finance,2026-09-21T08:29:09+00:00,2024-05-20
2023-08-08,CAT,271.215087890625,2519500.0,Yahoo Finance,2026-09-21T08:29:09+00:00,2024-05-20
2023-08-09,CAT,272.78741455078125,3088600.0,Yahoo Finance,2026-09-21T08:29:09+00:00,2024-05-20
2023-08-10,CAT,272.1067199707031,2647100.0,Yahoo Finance,2026-09-21T08:29:09+00:00,2024-05-20
2023-08-11,CAT,273.44891357421875,1874100.0,Yahoo Finance,2026-09-21T08:29:09+00:00,2024-05-20
2023-08-14,CAT,272.7969970703125,2194000.0,Yahoo Finance,2026-09-21T08:29:09+00:00,2024-05-20
2023-08-15,CAT,265.92291259765625,2593600.0,Yahoo Finance,2026-09-21T08:29:09+00:00,2024-05-20
2023-08-16,CAT,263.1809387207031,2831300.0,Yahoo Finance,2026-09-21T08:29:09+00:00,2024-05-20
2023-08-17,CAT,263.813720703125,2534700.0,Yahoo Finance,2026-09-21T08:29:09+00:00,2024-05-20
2023-08-18,CAT,262.500244140625,2533000.0,Yahoo Finance,2026-09-21T08:29:09+00:00,2024-05-20
2023-08-21,CAT,261.49359130859375,2207400.0,Yahoo Finance,2026-09-21T08:29:09+00:00,2024-05-20
2023-08-22,CAT,259.0487976074219,1668800.0,Yahoo Finance,2026-09-21T08:29:09+00:00,2024-05-20
2023-08-23,CAT,261.76202392578125,1677800.0,Yahoo Finance,2026-09-21T08:29:09+00:00,2024-05-20
2023-08-24,CAT,258.1858825683594,1433600.0,Yahoo Finance,2026-09-21T08:29:09+00:00,2024-05-20
2023-08-25,CAT,261.3113708496094,1291700.0,Yahoo Finance,2026-09-21T08:29:09+00:00,2024-05-20
2023-08-28,CAT,263.4493713378906,1550700.0,Yahoo Finance,2026-09-21T08:29:09+00:00,2024-05-20
2023-08-29,CAT,268.4731140136719,2065800.0,Yahoo Finance,2026-09-21T08:29:09+00:00,2024-05-20
2023-08-30,CAT,270.6781921386719,1431000.0,Yahoo Finance,2026-09-21T08:29:09+00:00,2024-05-20
2023-08-31,CAT,269.5277404785156,2579000.0,Yahoo Finance,2026-09-21T08:29:09+00:00,2024-05-20
2023-09-01,CAT,274.4364318847656,2336600.0,Yahoo Finance,2026-09-21T08:29:09+00:00,2024-05-20
2023-09-05,CAT,270.007080078125,2515600.0,Yahoo Finance,2026-09-21T08:29:09+00:00,2024-05-20
2023-09-06,CAT,271.22467041015625,1688900.0,Yahoo Finance,2026-09-21T08:29:09+00:00,2024-05-20
2023-09-07,CAT,269.8153381347656,1593200.0,Yahoo Finance,2026-09-21T08:29:09+00:00,2024-05-20
2023-09-08,CAT,270.6302795410156,1240100.0,Yahoo Finance,2026-09-21T08:29:09+00:00,2024-05-20
2023-09-11,CAT,270.40972900390625,1515300.0,Yahoo Finance,2026-09-21T08:29:09+00:00,2024-05-20
2023-09-12,CAT,270.1796569824219,1587300.0,Yahoo Finance,2026-09-21T08:29:09+00:00,2024-05-20
2023-09-13,CAT,264.5327453613281,2119300.0,Yahoo Finance,2026-09-21T08:29:09+00:00,2024-05-20
2023-09-14,CAT,270.89874267578125,2660500.0,Yahoo Finance,2026-09-21T08:29:09+00:00,2024-05-20
2023-09-15,CAT,267.62939453125,4940900.0,Yahoo Finance,2026-09-21T08:29:09+00:00,2024-05-20
2023-09-18,CAT,269.34552001953125,1363200.0,Yahoo Finance,2026-09-21T08:29:09+00:00,2024-05-20
2023-09-19,CAT,268.12799072265625,2313500.0,Yahoo Finance,2026-09-21T08:29:09+00:00,2024-05-20
2023-09-20,CAT,267.1117248535156,2380300.0,Yahoo Finance,2026-09-21T08:29:09+00:00,2024-05-20
2023-09-21,CAT,260.8033142089844,2277600.0,Yahoo Finance,2026-09-21T08:29:09+00:00,2024-05-20
2023-09-22,CAT,261.79083251953125,1707800.0,Yahoo Finance,2026-09-21T08:29:09+00:00,2024-05-20
2023-09-25,CAT,262.9508361816406,1257400.0,Yahoo Finance,2026-09-21T08:29:09+00:00,2024-05-20
2023-09-26,CAT,258.3968811035156,1756400.0,Yahoo Finance,2026-09-21T08:29:09+00:00,2024-05-20
2023-09-27,CAT,261.45526123046875,1991600.0,Yahoo Finance,2026-09-21T08:29:09+00:00,2024-05-20
2023-09-28,CAT,264.83953857421875,1994700.0,Yahoo Finance,2026-09-21T08:29:09+00:00,2024-05-20
2023-09-29,CAT,261.7332458496094,2257800.0,Yahoo Finance,2026-09-21T08:29:09+00:00,2024-05-20
2023-10-02,CAT,260.5060729980469,1778200.0,Yahoo Finance,2026-09-21T08:29:09+00:00,2024-05-20
2023-10-03,CAT,257.86956787109375,2187900.0,Yahoo Finance,2026-09-21T08:29:09+00:00,2024-05-20
2023-10-04,CAT,254.09213256835938,2970100.0,Yahoo Finance,2026-09-21T08:29:09+00:00,2024-05-20
2023-10-05,CAT,250.0367431640625,2639300.0,Yahoo Finance,2026-09-21T08:29:09+00:00,2024-05-20
2023-10-06,CAT,255.06048583984375,2293400.0,Yahoo Finance,2026-09-21T08:29:09+00:00,2024-05-20
2023-10-09,CAT,260.1033020019531,1640800.0,Yahoo Finance,2026-09-21T08:29:09+00:00,2024-05-20
2023-10-10,CAT,261.9345703125,2009000.0,Yahoo Finance,2026-09-21T08:29:09+00:00,2024-05-20
2023-10-11,CAT,261.5702819824219,1538200.0,Yahoo Finance,2026-09-21T08:29:09+00:00,2024-05-20
2023-10-12,CAT,258.4831848144531,1910500.0,Yahoo Finance,2026-09-21T08:29:09+00:00,2024-05-20
2023-10-13,CAT,256.88201904296875,1918300.0,Yahoo Finance,2026-09-21T08:29:09+00:00,2024-05-20
2023-10-16,CAT,259.6144714355469,1678600.0,Yahoo Finance,2026-09-21T08:29:09+00:00,2024-05-20
2023-10-17,CAT,261.3977355957031,2110100.0,Yahoo Finance,2026-09-21T08:29:09+00:00,2024-05-20
2023-10-18,CAT,248.52197265625,4257100.0,Yahoo Finance,2026-09-21T08:29:09+00:00,2024-05-20
2023-10-19,CAT,242.45318603515625,3850000.0,Yahoo Finance,2026-09-21T08:29:09+00:00,2024-05-20
2023-10-20,CAT,240.14999389648438,3103500.0,Yahoo Finance,2026-09-21T08:29:09+00:00,2024-05-20
2023-10-23,CAT,238.33828735351562,3193200.0,Yahoo Finance,2026-09-21T08:29:09+00:00,2024-05-20
2023-10-24,CAT,240.48727416992188,2304600.0,Yahoo Finance,2026-09-21T08:29:09+00:00,2024-05-20
2023-10-25,CAT,236.04469299316406,2542400.0,Yahoo Finance,2026-09-21T08:29:09+00:00,2024-05-20
2023-10-26,CAT,233.6258544921875,3859200.0,Yahoo Finance,2026-09-21T08:29:09+00:00,2024-05-20
2023-10-27,CAT,229.89639282226562,3229900.0,Yahoo Finance,2026-09-21T08:29:09+00:00,2024-05-20
2023-10-30,CAT,233.36566162109375,4478300.0,Yahoo Finance,2026-09-21T08:29:09+00:00,2024-05-20
2023-10-31,CAT,217.8407440185547,12093300.0,Yahoo Finance,2026-09-21T08:29:09+00:00,2024-05-20
2023-11-01,CAT,223.41079711914062,4932800.0,Yahoo Finance,2026-09-21T08:29:09+00:00,2024-05-20
2023-11-02,CAT,230.43603515625,7749900.0,Yahoo Finance,2026-09-21T08:29:09+00:00,2024-05-20
2023-11-03,CAT,232.00686645507812,3929500.0,Yahoo Finance,2026-09-21T08:29:09+00:00,2024-05-20
2023-11-06,CAT,229.62657165527344,2891500.0,Yahoo Finance,2026-09-21T08:29:09+00:00,2024-05-20
2023-11-07,CAT,226.38858032226562,4074000.0,Yahoo Finance,2026-09-21T08:29:09+00:00,2024-05-20
2023-11-08,CAT,226.29220581054688,2532500.0,Yahoo Finance,2026-09-21T08:29:09+00:00,2024-05-20
2023-11-09,CAT,225.64654541015625,2708800.0,Yahoo Finance,2026-09-21T08:29:09+00:00,2024-05-20
2023-11-10,CAT,230.9757080078125,2525200.0,Yahoo Finance,2026-09-21T08:29:09+00:00,2024-05-20
2023-11-13,CAT,232.89344787597656,3035700.0,Yahoo Finance,2026-09-21T08:29:09+00:00,2024-05-20
2023-11-14,CAT,238.85865783691406,3441800.0,Yahoo Finance,2026-09-21T08:29:09+00:00,2024-05-20
2023-11-15,CAT,241.97134399414062,3739900.0,Yahoo Finance,2026-09-21T08:29:09+00:00,2024-05-20
2023-11-16,CAT,239.19595336914062,2625000.0,Yahoo Finance,2026-09-21T08:29:09+00:00,2024-05-20
2023-11-17,CAT,243.87945556640625,2792500.0,Yahoo Finance,2026-09-21T08:29:09+00:00,2024-05-20
2023-11-20,CAT,241.3546142578125,2661400.0,Yahoo Finance,2026-09-21T08:29:09+00:00,2024-05-20
2023-11-21,CAT,240.3523712158203,1765500.0,Yahoo Finance,2026-09-21T08:29:09+00:00,2024-05-20
2023-11-22,CAT,237.0758514404297,3593700.0,Yahoo Finance,2026-09-21T08:29:09+00:00,2024-05-20
2023-11-24,CAT,238.3768310546875,982200.0,Yahoo Finance,2026-09-21T08:29:09+00:00,2024-05-20
2023-11-27,CAT,238.40573120117188,1743300.0,Yahoo Finance,2026-09-21T08:29:09+00:00,2024-05-20
2023-11-28,CAT,238.51171875,2149900.0,Yahoo Finance,2026-09-21T08:29:09+00:00,2024-05-20
2023-11-29,CAT,240.3909149169922,2224700.0,Yahoo Finance,2026-09-21T08:29:09+00:00,2024-05-20
2023-11-30,CAT,241.61476135253906,3210500.0,Yahoo Finance,2026-09-21T08:29:09+00:00,2024-05-20
2023-12-01,CAT,247.43545532226562,3731500.0,Yahoo Finance,2026-09-21T08:29:09+00:00,2024-05-20
2023-12-04,CAT,245.49844360351562,3028700.0,Yahoo Finance,2026-09-21T08:29:09+00:00,2024-05-20
2023-12-05,CAT,245.92245483398438,2682200.0,Yahoo Finance,2026-09-21T08:29:09+00:00,2024-05-20
2023-12-06,CAT,246.67413330078125,3632600.0,Yahoo Finance,2026-09-21T08:29:09+00:00,2024-05-20
2023-12-07,CAT,248.0618438720703,2162500.0,Yahoo Finance,2026-09-21T08:29:09+00:00,2024-05-20
2023-12-08,CAT,250.075927734375,3258200.0,Yahoo Finance,2026-09-21T08:29:09+00:00,2024-05-20
2023-12-11,CAT,251.44435119628906,2898300.0,Yahoo Finance,2026-09-21T08:29:09+00:00,2024-05-20
2023-12-12,CAT,251.93585205078125,2375700.0,Yahoo Finance,2026-09-21T08:29:09+00:00,2024-05-20
2023-12-13,CAT,258.2383117675781,3708300.0,Yahoo Finance,2026-09-21T08:29:09+00:00,2024-05-20
2023-12-14,CAT,274.813720703125,6464100.0,Yahoo Finance,2026-09-21T08:29:09+00:00,2024-05-20
2023-12-15,CAT,275.36297607421875,7321200.0,Yahoo Finance,2026-09-21T08:29:09+00:00,2024-05-20
2023-12-18,CAT,275.3340759277344,2691700.0,Yahoo Finance,2026-09-21T08:29:09+00:00,2024-05-20
2023-12-19,CAT,282.32073974609375,3659600.0,Yahoo Finance,2026-09-21T08:29:09+00:00,2024-05-20
2023-12-20,CAT,279.1888427734375,3818400.0,Yahoo Finance,2026-09-21T08:29:09+00:00,2024-05-20
2023-12-21,CAT,279.5357360839844,3209300.0,Yahoo Finance,2026-09-21T08:29:09+00:00,2024-05-20
2023-12-22,CAT,279.815185546875,2833800.0,Yahoo Finance,2026-09-21T08:29:09+00:00,2024-05-20
2023-12-26,CAT,284.8938293457031,2019000.0,Yahoo Finance,2026-09-21T08:29:09+00:00,2024-05-20
2023-12-27,CAT,287.29339599609375,1876500.0,Yahoo Finance,2026-09-21T08:29:09+00:00,2024-05-20
2023-12-28,CAT,286.0984191894531,2267400.0,Yahoo Finance,2026-09-21T08:29:09+00:00,2024-05-20
2023-12-29,CAT,284.9324035644531,2300600.0,Yahoo Finance,2026-09-21T08:29:09+00:00,2024-05-20
2024-01-02,CAT,282.0798645019531,2433100.0,Yahoo Finance,2026-09-21T08:29:09+00:00,2024-05-20
2024-01-03,CAT,273.97528076171875,3043400.0,Yahoo Finance,2026-09-21T08:29:09+00:00,2024-05-20
2024-01-04,CAT,275.70989990234375,2995400.0,Yahoo Finance,2026-09-21T08:29:09+00:00,2024-05-20
2024-01-05,CAT,278.4371643066406,2684800.0,Yahoo Finance,2026-09-21T08:29:09+00:00,2024-05-20
2024-01-08,CAT,281.6365661621094,2369100.0,Yahoo Finance,2026-09-21T08:29:09+00:00,2024-05-20
2024-01-09,CAT,281.67510986328125,1974500.0,Yahoo Finance,2026-09-21T08:29:09+00:00,2024-05-20
2024-01-10,CAT,282.6966552734375,2048000.0,Yahoo Finance,2026-09-21T08:29:09+00:00,2024-05-20
2024-01-11,CAT,281.4534912109375,1941400.0,Yahoo Finance,2026-09-21T08:29:09+00:00,2024-05-20
2024-01-12,CAT,279.8634338378906,1955600.0,Yahoo Finance,2026-09-21T08:29:09+00:00,2024-05-20
2024-01-16,CAT,276.7989196777344,3140100.0,Yahoo Finance,2026-09-21T08:29:09+00:00,2024-05-20
2024-01-17,CAT,268.51123046875,3789200.0,Yahoo Finance,2026-09-21T08:29:09+00:00,2024-05-20
2024-01-18,CAT,271.6625061035156,2479300.0,Yahoo Finance,2026-09-21T08:29:09+00:00,2024-05-20
2024-01-19,CAT,276.193359375,3116000.0,Yahoo Finance,2026-09-21T08:29:09+00:00,2024-05-20
2024-01-22,CAT,279.475341796875,2072200.0,Yahoo Finance,2026-09-21T08:29:09+00:00,2024-05-20
2024-01-23,CAT,279.6302490234375,1866300.0,Yahoo Finance,2026-09-21T08:29:09+00:00,2024-05-20
2024-01-24,CAT,281.42138671875,2765900.0,Yahoo Finance,2026-09-21T08:29:09+00:00,2024-05-20
2024-01-25,CAT,291.1899719238281,4647100.0,Yahoo Finance,2026-09-21T08:29:09+00:00,2024-05-20
2024-01-26,CAT,289.8926696777344,2920500.0,Yahoo Finance,2026-09-21T08:29:09+00:00,2024-05-20
2024-01-29,CAT,293.5909729003906,2101400.0,Yahoo Finance,2026-09-21T08:29:09+00:00,2024-05-20
2024-01-30,CAT,295.05291748046875,2150200.0,Yahoo Finance,2026-09-21T08:29:09+00:00,2024-05-20
2024-01-31,CAT,290.7446594238281,2813000.0,Yahoo Finance,2026-09-21T08:29:09+00:00,2024-05-20
2024-02-01,CAT,297.88958740234375,3196300.0,Yahoo Finance,2026-09-21T08:29:09+00:00,2024-05-20
2024-02-02,CAT,305.0538635253906,4661500.0,Yahoo Finance,2026-09-21T08:29:09+00:00,2024-05-20
2024-02-05,CAT,311.1628723144531,6557500.0,Yahoo Finance,2026-09-21T08:29:09+00:00,2024-05-20
2024-02-06,CAT,312.44085693359375,2825700.0,Yahoo Finance,2026-09-21T08:29:09+00:00,2024-05-20
2024-02-07,CAT,313.28314208984375,3203000.0,Yahoo Finance,2026-09-21T08:29:09+00:00,2024-05-20
2024-02-08,CAT,311.74383544921875,1986100.0,Yahoo Finance,2026-09-21T08:29:09+00:00,2024-05-20
2024-02-09,CAT,307.05792236328125,2823000.0,Yahoo Finance,2026-09-21T08:29:09+00:00,2024-05-20
2024-02-12,CAT,311.3855895996094,2483600.0,Yahoo Finance,2026-09-21T08:29:09+00:00,2024-05-20
2024-02-13,CAT,302.8755187988281,2923200.0,Yahoo Finance,2026-09-21T08:29:09+00:00,2024-05-20
2024-02-14,CAT,306.6223449707031,1887100.0,Yahoo Finance,2026-09-21T08:29:09+00:00,2024-05-20
2024-02-15,CAT,312.7796936035156,2362900.0,Yahoo Finance,2026-09-21T08:29:09+00:00,2024-05-20
2024-02-16,CAT,311.65667724609375,2513200.0,Yahoo Finance,2026-09-21T08:29:09+00:00,2024-05-20
2024-02-20,CAT,303.74688720703125,2701600.0,Yahoo Finance,2026-09-21T08:29:09+00:00,2024-05-20
2024-02-21,CAT,307.03863525390625,1779700.0,Yahoo Finance,2026-09-21T08:29:09+00:00,2024-05-20
2024-02-22,CAT,311.8309326171875,1875800.0,Yahoo Finance,2026-09-21T08:29:09+00:00,2024-05-20
2024-02-23,CAT,313.5639343261719,1575000.0,Yahoo Finance,2026-09-21T08:29:09+00:00,2024-05-20
2024-02-26,CAT,315.01611328125,1650000.0,Yahoo Finance,2026-09-21T08:29:09+00:00,2024-05-20
2024-02-27,CAT,317.1944885253906,1640900.0,Yahoo Finance,2026-09-21T08:29:09+00:00,2024-05-20
2024-02-28,CAT,319.0630187988281,1471000.0,Yahoo Finance,2026-09-21T08:29:09+00:00,2024-05-20
2024-02-29,CAT,323.3228454589844,2699800.0,Yahoo Finance,2026-09-21T08:29:09+00:00,2024-05-20
2024-03-01,CAT,325.9756164550781,1815500.0,Yahoo Finance,2026-09-21T08:29:09+00:00,2024-05-20
2024-03-04,CAT,327.8634948730469,1551000.0,Yahoo Finance,2026-09-21T08:29:09+00:00,2024-05-20
2024-03-05,CAT,322.9065856933594,2030000.0,Yahoo Finance,2026-09-21T08:29:09+00:00,2024-05-20
2024-03-06,CAT,324.93963623046875,1542300.0,Yahoo Finance,2026-09-21T08:29:09+00:00,2024-05-20
2024-03-07,CAT,329.3834533691406,1732500.0,Yahoo Finance,2026-09-21T08:29:09+00:00,2024-05-20
2024-03-08,CAT,328.3861999511719,2307400.0,Yahoo Finance,2026-09-21T08:29:09+00:00,2024-05-20
2024-03-11,CAT,324.30072021484375,1868000.0,Yahoo Finance,2026-09-21T08:29:09+00:00,2024-05-20
2024-03-12,CAT,326.4983825683594,1645900.0,Yahoo Finance,2026-09-21T08:29:09+00:00,2024-05-20
2024-03-13,CAT,330.64202880859375,1818800.0,Yahoo Finance,2026-09-21T08:29:09+00:00,2024-05-20
2024-03-14,CAT,331.029296875,2110200.0,Yahoo Finance,2026-09-21T08:29:09+00:00,2024-05-20
2024-03-15,CAT,335.91845703125,4406000.0,Yahoo Finance,2026-09-21T08:29:09+00:00,2024-05-20
2024-03-18,CAT,340.6914367675781,2528200.0,Yahoo Finance,2026-09-21T08:29:09+00:00,2024-05-20
2024-03-19,CAT,342.6277160644531,2207600.0,Yahoo Finance,2026-09-21T08:29:09+00:00,2024-05-20
2024-03-20,CAT,345.0965576171875,2563900.0,Yahoo Finance,2026-09-21T08:29:09+00:00,2024-05-20
2024-03-21,CAT,352.9482116699219,2616300.0,Yahoo Finance,2026-09-21T08:29:09+00:00,2024-05-20
2024-03-22,CAT,346.70361328125,2052000.0,Yahoo Finance,2026-09-21T08:29:09+00:00,2024-05-20
2024-03-25,CAT,344.6124572753906,1774800.0,Yahoo Finance,2026-09-21T08:29:09+00:00,2024-05-20
2024-03-26,CAT,345.0384826660156,1637200.0,Yahoo Finance,2026-09-21T08:29:09+00:00,2024-05-20
2024-03-27,CAT,353.03533935546875,2262800.0,Yahoo Finance,2026-09-21T08:29:09+00:00,2024-05-20
2024-03-28,CAT,354.75860595703125,2028600.0,Yahoo Finance,2026-09-21T08:29:09+00:00,2024-05-20
2024-04-01,CAT,352.1543273925781,1953800.0,Yahoo Finance,2026-09-21T08:29:09+00:00,2024-05-20
2024-04-02,CAT,353.20953369140625,1968900.0,Yahoo Finance,2026-09-21T08:29:09+00:00,2024-05-20
2024-04-03,CAT,363.8205261230469,2623700.0,Yahoo Finance,2026-09-21T08:29:09+00:00,2024-05-20
2024-04-04,CAT,358.0115966796875,2492200.0,Yahoo Finance,2026-09-21T08:29:09+00:00,2024-05-20
2024-04-05,CAT,367.21868896484375,2068300.0,Yahoo Finance,2026-09-21T08:29:09+00:00,2024-05-20
2024-04-08,CAT,361.57440185546875,2690000.0,Yahoo Finance,2026-09-21T08:29:09+00:00,2024-05-20
2024-04-09,CAT,360.0543518066406,2042700.0,Yahoo Finance,2026-09-21T08:29:09+00:00,2024-05-20
2024-04-10,CAT,360.218994140625,2148500.0,Yahoo Finance,2026-09-21T08:29:09+00:00,2024-05-20
2024-04-11,CAT,360.1318054199219,2535700.0,Yahoo Finance,2026-09-21T08:29:09+00:00,2024-05-20
2024-04-12,CAT,353.984130859375,2072900.0,Yahoo Finance,2026-09-21T08:29:09+00:00,2024-05-20
2024-04-15,CAT,352.31890869140625,2171000.0,Yahoo Finance,2026-09-21T08:29:09+00:00,2024-05-20
2024-04-16,CAT,348.417236328125,2513900.0,Yahoo Finance,2026-09-21T08:29:09+00:00,2024-05-20
2024-04-17,CAT,346.9069519042969,2313800.0,Yahoo Finance,2026-09-21T08:29:09+00:00,2024-05-20
2024-04-18,CAT,346.52935791015625,2380700.0,Yahoo Finance,2026-09-21T08:29:09+00:00,2024-05-20
2024-04-19,CAT,344.61517333984375,2929600.0,Yahoo Finance,2026-09-21T08:29:09+00:00,2024-05-20
2024-04-22,CAT,347.4815979003906,2085400.0,Yahoo Finance,2026-09-21T08:29:09+00:00,2024-05-20
2024-04-23,CAT,352.9618835449219,1810700.0,Yahoo Finance,2026-09-21T08:29:09+00:00,2024-05-20
2024-04-24,CAT,353.2242736816406,3032700.0,Yahoo Finance,2026-09-21T08:29:09+00:00,2024-05-20
2024-04-25,CAT,328.4269714355469,6459600.0,Yahoo Finance,2026-09-21T08:29:09+00:00,2024-05-20
2024-04-26,CAT,333.6546630859375,3324600.0,Yahoo Finance,2026-09-21T08:29:09+00:00,2024-05-20
2024-04-29,CAT,339.8927917480469,2171400.0,Yahoo Finance,2026-09-21T08:29:09+00:00,2024-05-20
2024-04-30,CAT,325.0942077636719,4201700.0,Yahoo Finance,2026-09-21T08:29:09+00:00,2024-05-20
2024-05-01,CAT,321.6932678222656,3520600.0,Yahoo Finance,2026-09-21T08:29:09+00:00,2024-05-20
2024-05-02,CAT,325.9395446777344,2492000.0,Yahoo Finance,2026-09-21T08:29:09+00:00,2024-05-20
2024-05-03,CAT,327.21240234375,1977100.0,Yahoo Finance,2026-09-21T08:29:09+00:00,2024-05-20
2024-05-06,CAT,332.410888671875,1653900.0,Yahoo Finance,2026-09-21T08:29:09+00:00,2024-05-20
2024-05-07,CAT,335.2287292480469,1965600.0,Yahoo Finance,2026-09-21T08:29:09+00:00,2024-05-20
2024-05-08,CAT,334.742919921875,2260300.0,Yahoo Finance,2026-09-21T08:29:09+00:00,2024-05-20
2024-05-09,CAT,341.81671142578125,3208900.0,Yahoo Finance,2026-09-21T08:29:09+00:00,2024-05-20
2024-05-10,CAT,344.7414855957031,2210600.0,Yahoo Finance,2026-09-21T08:29:09+00:00,2024-05-20
2024-05-13,CAT,346.57794189453125,2051200.0,Yahoo Finance,2026-09-21T08:29:09+00:00,2024-05-20
2024-05-14,CAT,348.03546142578125,1563400.0,Yahoo Finance,2026-09-21T08:29:09+00:00,2024-05-20
2024-05-15,CAT,349.8427734375,1913900.0,Yahoo Finance,2026-09-21T08:29:09+00:00,2024-05-20
2024-05-16,CAT,340.7867126464844,2821700.0,Yahoo Finance,2026-09-21T08:29:09+00:00,2024-05-20
2024-05-17,CAT,346.17950439453125,2104300.0,Yahoo Finance,2026-09-21T08:29:09+00:00,2024-05-20
2024-05-20,CAT,352.4760437011719,2247900.0,Yahoo Finance,2026-09-21T08:29:09+00:00,2024-05-20
2023-04-17,CVX,147.88327026367188,7006000.0,Yahoo Finance,2026-09-21T08:29:09+00:00,2024-05-20
2023-04-18,CVX,147.5371856689453,8045600.0,Yahoo Finance,2026-09-21T08:29:09+00:00,2024-05-20
2023-04-19,CVX,147.67562866210938,5506800.0,Yahoo Finance,2026-09-21T08:29:09+00:00,2024-05-20
2023-04-20,CVX,146.95748901367188,5851100.0,Yahoo Finance,2026-09-21T08:29:09+00:00,2024-05-20
2023-04-21,CVX,146.32586669921875,7179000.0,Yahoo Finance,2026-09-21T08:29:09+00:00,2024-05-20
2023-04-24,CVX,148.36778259277344,7177600.0,Yahoo Finance,2026-09-21T08:29:09+00:00,2024-05-20
2023-04-25,CVX,146.2134246826172,5807200.0,Yahoo Finance,2026-09-21T08:29:09+00:00,2024-05-20
2023-04-26,CVX,143.6090850830078,5927400.0,Yahoo Finance,2026-09-21T08:29:09+00:00,2024-05-20
2023-04-27,CVX,144.4483642578125,6417200.0,Yahoo Finance,2026-09-21T08:29:09+00:00,2024-05-20
2023-04-28,CVX,145.85867309570312,10036300.0,Yahoo Finance,2026-09-21T08:29:09+00:00,2024-05-20
2023-05-01,CVX,144.69927978515625,6099800.0,Yahoo Finance,2026-09-21T08:29:09+00:00,2024-05-20
2023-05-02,CVX,138.46969604492188,10701700.0,Yahoo Finance,2026-09-21T08:29:09+00:00,2024-05-20
2023-05-03,CVX,135.69232177734375,7538100.0,Yahoo Finance,2026-09-21T08:29:09+00:00,2024-05-20
2023-05-04,CVX,135.16456604003906,7500400.0,Yahoo Finance,2026-09-21T08:29:09+00:00,2024-05-20
2023-05-05,CVX,138.61679077148438,5802000.0,Yahoo Finance,2026-09-21T08:29:09+00:00,2024-05-20
2023-05-08,CVX,138.07168579101562,5028200.0,Yahoo Finance,2026-09-21T08:29:09+00:00,2024-05-20
2023-05-09,CVX,137.6736602783203,5019800.0,Yahoo Finance,2026-09-21T08:29:09+00:00,2024-05-20
2023-05-10,CVX,135.9172821044922,6161200.0,Yahoo Finance,2026-09-21T08:29:09+00:00,2024-05-20
2023-05-11,CVX,135.16456604003906,6666100.0,Yahoo Finance,2026-09-21T08:29:09+00:00,2024-05-20
2023-05-12,CVX,135.51065063476562,4898900.0,Yahoo Finance,2026-09-21T08:29:09+00:00,2024-05-20
2023-05-15,CVX,136.01246643066406,5096700.0,Yahoo Finance,2026-09-21T08:29:09+00:00,2024-05-20
2023-05-16,CVX,132.81979370117188,7007700.0,Yahoo Finance,2026-09-21T08:29:09+00:00,2024-05-20
2023-05-17,CVX,134.7233123779297,6169600.0,Yahoo Finance,2026-09-21T08:29:09+00:00,2024-05-20
2023-05-18,CVX,134.5572967529297,7477700.0,Yahoo Finance,2026-09-21T08:29:09+00:00,2024-05-20
2023-05-19,CVX,135.62318420410156,8100900.0,Yahoo Finance,2026-09-21T08:29:09+00:00,2024-05-20
2023-05-22,CVX,133.18560791015625,11661000.0,Yahoo Finance,2026-09-21T08:29:09+00:00,2024-05-20
2023-05-23,CVX,137.03855895996094,10436200.0,Yahoo Finance,2026-09-21T08:29:09+00:00,2024-05-20
2023-05-24,CVX,137.40550231933594,7064000.0,Yahoo Finance,2026-09-21T08:29:09+00:00,2024-05-20
2023-05-25,CVX,135.03781127929688,7037700.0,Yahoo Finance,2026-09-21T08:29:09+00:00,2024-05-20
2023-05-26,CVX,134.6184539794922,7736200.0,Yahoo Finance,2026-09-21T08:29:09+00:00,2024-05-20
2023-05-30,CVX,133.77967834472656,7814800.0,Yahoo Finance,2026-09-21T08:29:09+00:00,2024-05-20
2023-05-31,CVX,131.59548950195312,13346400.0,Yahoo Finance,2026-09-21T08:29:09+00:00,2024-05-20
2023-06-01,CVX,132.9409637451172,9887700.0,Yahoo Finance,2026-09-21T08:29:09+00:00,2024-05-20
2023-06-02,CVX,136.52308654785156,9464300.0,Yahoo Finance,2026-09-21T08:29:09+00:00,2024-05-20
2023-06-05,CVX,135.86782836914062,6443800.0,Yahoo Finance,2026-09-21T08:29:09+00:00,2024-05-20
2023-06-06,CVX,136.11244201660156,6176400.0,Yahoo Finance,2026-09-21T08:29:09+00:00,2024-05-20
2023-06-07,CVX,139.6421661376953,9900000.0,Yahoo Finance,2026-09-21T08:29:09+00:00,2024-05-20
2023-06-08,CVX,139.12667846679688,7142200.0,Yahoo Finance,2026-09-21T08:29:09+00:00,2024-05-20
2023-06-09,CVX,138.79469299316406,6669500.0,Yahoo Finance,2026-09-21T08:29:09+00:00,2024-05-20
2023-06-12,CVX,137.4579620361328,7159600.0,Yahoo Finance,2026-09-21T08:29:09+00:00,2024-05-20
2023-06-13,CVX,138.48887634277344,7660800.0,Yahoo Finance,2026-09-21T08:29:09+00:00,2024-05-20
2023-06-14,CVX,137.2482452392578,7721100.0,Yahoo Finance,2026-09-21T08:29:09+00:00,2024-05-20
2023-06-15,CVX,138.28794860839844,7705400.0,Yahoo Finance,2026-09-21T08:29:09+00:00,2024-05-20
2023-06-16,CVX,137.39674377441406,22908100.0,Yahoo Finance,2026-09-21T08:29:09+00:00,2024-05-20
2023-06-20,CVX,134.2689666748047,10438700.0,Yahoo Finance,2026-09-21T08:29:09+00:00,2024-05-20
2023-06-21,CVX,135.31741333007812,7328200.0,Yahoo Finance,2026-09-21T08:29:09+00:00,2024-05-20
2023-06-22,CVX,133.3603057861328,7088600.0,Yahoo Finance,2026-09-21T08:29:09+00:00,2024-05-20
2023-06-23,CVX,132.2332763671875,15172700.0,Yahoo Finance,2026-09-21T08:29:09+00:00,2024-05-20
2023-06-26,CVX,134.5572967529297,7371800.0,Yahoo Finance,2026-09-21T08:29:09+00:00,2024-05-20
2023-06-27,CVX,134.13792419433594,6581700.0,Yahoo Finance,2026-09-21T08:29:09+00:00,2024-05-20
2023-06-28,CVX,135.3523406982422,5773800.0,Yahoo Finance,2026-09-21T08:29:09+00:00,2024-05-20
2023-06-29,CVX,136.505615234375,5633500.0,Yahoo Finance,2026-09-21T08:29:09+00:00,2024-05-20
2023-06-30,CVX,137.4753875732422,6346600.0,Yahoo Finance,2026-09-21T08:29:09+00:00,2024-05-20
2023-07-03,CVX,137.3531036376953,3272600.0,Yahoo Finance,2026-09-21T08:29:09+00:00,2024-05-20
2023-07-05,CVX,136.5667724609375,6318700.0,Yahoo Finance,2026-09-21T08:29:09+00:00,2024-05-20
2023-07-06,CVX,133.5700225830078,9203000.0,Yahoo Finance,2026-09-21T08:29:09+00:00,2024-05-20
2023-07-07,CVX,134.74078369140625,6602200.0,Yahoo Finance,2026-09-21T08:29:09+00:00,2024-05-20
2023-07-10,CVX,135.64068603515625,5167900.0,Yahoo Finance,2026-09-21T08:29:09+00:00,2024-05-20
2023-07-11,CVX,138.14816284179688,5060500.0,Yahoo Finance,2026-09-21T08:29:09+00:00,2024-05-20
2023-07-12,CVX,139.4761962890625,6464000.0,Yahoo Finance,2026-09-21T08:29:09+00:00,2024-05-20
2023-07-13,CVX,137.61520385742188,8143900.0,Yahoo Finance,2026-09-21T08:29:09+00:00,2024-05-20
2023-07-14,CVX,134.18161010742188,7065700.0,Yahoo Finance,2026-09-21T08:29:09+00:00,2024-05-20
2023-07-17,CVX,134.0592803955078,4351700.0,Yahoo Finance,2026-09-21T08:29:09+00:00,2024-05-20
2023-07-18,CVX,134.33013916015625,6798300.0,Yahoo Finance,2026-09-21T08:29:09+00:00,2024-05-20
2023-07-19,CVX,135.1513671875,5653100.0,Yahoo Finance,2026-09-21T08:29:09+00:00,2024-05-20
2023-07-20,CVX,136.64535522460938,5866600.0,Yahoo Finance,2026-09-21T08:29:09+00:00,2024-05-20
2023-07-21,CVX,138.64617919921875,8760100.0,Yahoo Finance,2026-09-21T08:29:09+00:00,2024-05-20
2023-07-24,CVX,141.38082885742188,9722100.0,Yahoo Finance,2026-09-21T08:29:09+00:00,2024-05-20
2023-07-25,CVX,142.02734375,6767600.0,Yahoo Finance,2026-09-21T08:29:09+00:00,2024-05-20
2023-07-26,CVX,140.96145629882812,6056400.0,Yahoo Finance,2026-09-21T08:29:09+00:00,2024-05-20
2023-07-27,CVX,139.49363708496094,6470100.0,Yahoo Finance,2026-09-21T08:29:09+00:00,2024-05-20
2023-07-28,CVX,138.8034210205078,6542300.0,Yahoo Finance,2026-09-21T08:29:09+00:00,2024-05-20
2023-07-31,CVX,142.98841857910156,13056300.0,Yahoo Finance,2026-09-21T08:29:09+00:00,2024-05-20
2023-08-01,CVX,141.80018615722656,7531400.0,Yahoo Finance,2026-09-21T08:29:09+00:00,2024-05-20
2023-08-02,CVX,139.5548095703125,7067100.0,Yahoo Finance,2026-09-21T08:29:09+00:00,2024-05-20
2023-08-03,CVX,139.5023651123047,6680700.0,Yahoo Finance,2026-09-21T08:29:09+00:00,2024-05-20
2023-08-04,CVX,139.18785095214844,10185400.0,Yahoo Finance,2026-09-21T08:29:09+00:00,2024-05-20
2023-08-07,CVX,139.69459533691406,13927400.0,Yahoo Finance,2026-09-21T08:29:09+00:00,2024-05-20
2023-08-08,CVX,139.4849090576172,6451300.0,Yahoo Finance,2026-09-21T08:29:09+00:00,2024-05-20
2023-08-09,CVX,139.6683807373047,10531500.0,Yahoo Finance,2026-09-21T08:29:09+00:00,2024-05-20
2023-08-10,CVX,140.515869140625,8647100.0,Yahoo Finance,2026-09-21T08:29:09+00:00,2024-05-20
2023-08-11,CVX,143.41650390625,6682600.0,Yahoo Finance,2026-09-21T08:29:09+00:00,2024-05-20
2023-08-14,CVX,143.31167602539062,6060100.0,Yahoo Finance,2026-09-21T08:29:09+00:00,2024-05-20
2023-08-15,CVX,139.12667846679688,7876500.0,Yahoo Finance,2026-09-21T08:29:09+00:00,2024-05-20
2023-08-16,CVX,138.59375,7920500.0,Yahoo Finance,2026-09-21T08:29:09+00:00,2024-05-20
2023-08-17,CVX,140.91363525390625,8270500.0,Yahoo Finance,2026-09-21T08:29:09+00:00,2024-05-20
2023-08-18,CVX,141.92803955078125,5999200.0,Yahoo Finance,2026-09-21T08:29:09+00:00,2024-05-20
2023-08-21,CVX,141.4517059326172,6802300.0,Yahoo Finance,2026-09-21T08:29:09+00:00,2024-05-20
2023-08-22,CVX,140.287353515625,6080800.0,Yahoo Finance,2026-09-21T08:29:09+00:00,2024-05-20
2023-08-23,CVX,140.4725799560547,4975600.0,Yahoo Finance,2026-09-21T08:29:09+00:00,2024-05-20
2023-08-24,CVX,139.31707763671875,5989600.0,Yahoo Finance,2026-09-21T08:29:09+00:00,2024-05-20
2023-08-25,CVX,140.35787963867188,5291800.0,Yahoo Finance,2026-09-21T08:29:09+00:00,2024-05-20
2023-08-28,CVX,141.3193817138672,4386100.0,Yahoo Finance,2026-09-21T08:29:09+00:00,2024-05-20
2023-08-29,CVX,141.0988311767578,5374800.0,Yahoo Finance,2026-09-21T08:29:09+00:00,2024-05-20
2023-08-30,CVX,141.2929229736328,5534900.0,Yahoo Finance,2026-09-21T08:29:09+00:00,2024-05-20
2023-08-31,CVX,142.10446166992188,7003700.0,Yahoo Finance,2026-09-21T08:29:09+00:00,2024-05-20
2023-09-01,CVX,144.9271240234375,6663000.0,Yahoo Finance,2026-09-21T08:29:09+00:00,2024-05-20
2023-09-05,CVX,146.83245849609375,9755800.0,Yahoo Finance,2026-09-21T08:29:09+00:00,2024-05-20
2023-09-06,CVX,146.98240661621094,7195500.0,Yahoo Finance,2026-09-21T08:29:09+00:00,2024-05-20
2023-09-07,CVX,146.99122619628906,7925900.0,Yahoo Finance,2026-09-21T08:29:09+00:00,2024-05-20
2023-09-08,CVX,147.4940185546875,7434400.0,Yahoo Finance,2026-09-21T08:29:09+00:00,2024-05-20
2023-09-11,CVX,144.45079040527344,7155100.0,Yahoo Finance,2026-09-21T08:29:09+00:00,2024-05-20
2023-09-12,CVX,147.14117431640625,7521100.0,Yahoo Finance,2026-09-21T08:29:09+00:00,2024-05-20
2023-09-13,CVX,146.6031036376953,5759500.0,Yahoo Finance,2026-09-21T08:29:09+00:00,2024-05-20
2023-09-14,CVX,147.5116424560547,8822800.0,Yahoo Finance,2026-09-21T08:29:09+00:00,2024-05-20
2023-09-15,CVX,146.8677520751953,17439700.0,Yahoo Finance,2026-09-21T08:29:09+00:00,2024-05-20
2023-09-18,CVX,147.50282287597656,7027600.0,Yahoo Finance,2026-09-21T08:29:09+00:00,2024-05-20
2023-09-19,CVX,147.4851837158203,6615100.0,Yahoo Finance,2026-09-21T08:29:09+00:00,2024-05-20
2023-09-20,CVX,147.03530883789062,5939100.0,Yahoo Finance,2026-09-21T08:29:09+00:00,2024-05-20
2023-09-21,CVX,145.71218872070312,7150000.0,Yahoo Finance,2026-09-21T08:29:09+00:00,2024-05-20
2023-09-22,CVX,146.67367553710938,5963000.0,Yahoo Finance,2026-09-21T08:29:09+00:00,2024-05-20
2023-09-25,CVX,148.81715393066406,5510000.0,Yahoo Finance,2026-09-21T08:29:09+00:00,2024-05-20
2023-09-26,CVX,148.01441955566406,5659200.0,Yahoo Finance,2026-09-21T08:29:09+00:00,2024-05-20
2023-09-27,CVX,150.8723907470703,9124400.0,Yahoo Finance,2026-09-21T08:29:09+00:00,2024-05-20
2023-09-28,CVX,150.47547912597656,7151800.0,Yahoo Finance,2026-09-21T08:29:09+00:00,2024-05-20
2023-09-29,CVX,148.7377471923828,7396100.0,Yahoo Finance,2026-09-21T08:29:09+00:00,2024-05-20
2023-10-02,CVX,146.90301513671875,6839600.0,Yahoo Finance,2026-09-21T08:29:09+00:00,2024-05-20
2023-10-03,CVX,147.24700927734375,6168600.0,Yahoo Finance,2026-09-21T08:29:09+00:00,2024-05-20
2023-10-04,CVX,143.81565856933594,9664700.0,Yahoo Finance,2026-09-21T08:29:09+00:00,2024-05-20
2023-10-05,CVX,144.57427978515625,8073000.0,Yahoo Finance,2026-09-21T08:29:09+00:00,2024-05-20
2023-10-06,CVX,143.1011962890625,10190400.0,Yahoo Finance,2026-09-21T08:29:09+00:00,2024-05-20
2023-10-09,CVX,147.06178283691406,8183500.0,Yahoo Finance,2026-09-21T08:29:09+00:00,2024-05-20
2023-10-10,CVX,146.90301513671875,6512900.0,Yahoo Finance,2026-09-21T08:29:09+00:00,2024-05-20
2023-10-11,CVX,142.10446166992188,12570700.0,Yahoo Finance,2026-09-21T08:29:09+00:00,2024-05-20
2023-10-12,CVX,142.2191162109375,7397000.0,Yahoo Finance,2026-09-21T08:29:09+00:00,2024-05-20
2023-10-13,CVX,144.7154541015625,8042800.0,Yahoo Finance,2026-09-21T08:29:09+00:00,2024-05-20
2023-10-16,CVX,145.8974151611328,5446000.0,Yahoo Finance,2026-09-21T08:29:09+00:00,2024-05-20
2023-10-17,CVX,147.82920837402344,7538300.0,Yahoo Finance,2026-09-21T08:29:09+00:00,2024-05-20
2023-10-18,CVX,149.0023651123047,6893500.0,Yahoo Finance,2026-09-21T08:29:09+00:00,2024-05-20
2023-10-19,CVX,149.16116333007812,6580200.0,Yahoo Finance,2026-09-21T08:29:09+00:00,2024-05-20
2023-10-20,CVX,147.1588134765625,7458300.0,Yahoo Finance,2026-09-21T08:29:09+00:00,2024-05-20
2023-10-23,CVX,141.73394775390625,16232400.0,Yahoo Finance,2026-09-21T08:29:09+00:00,2024-05-20
2023-10-24,CVX,138.1791534423828,17689900.0,Yahoo Finance,2026-09-21T08:29:09+00:00,2024-05-20
2023-10-25,CVX,137.49111938476562,10502400.0,Yahoo Finance,2026-09-21T08:29:09+00:00,2024-05-20
2023-10-26,CVX,136.50320434570312,10830400.0,Yahoo Finance,2026-09-21T08:29:09+00:00,2024-05-20
2023-10-27,CVX,127.32947540283203,24524300.0,Yahoo Finance,2026-09-21T08:29:09+00:00,2024-05-20
2023-10-30,CVX,128.8643035888672,13857100.0,Yahoo Finance,2026-09-21T08:29:09+00:00,2024-05-20
2023-10-31,CVX,128.5467071533203,14261300.0,Yahoo Finance,2026-09-21T08:29:09+00:00,2024-05-20
2023-11-01,CVX,127.00310516357422,10819600.0,Yahoo Finance,2026-09-21T08:29:09+00:00,2024-05-20
2023-11-02,CVX,131.21951293945312,11099100.0,Yahoo Finance,2026-09-21T08:29:09+00:00,2024-05-20
2023-11-03,CVX,130.20509338378906,13160000.0,Yahoo Finance,2026-09-21T08:29:09+00:00,2024-05-20
2023-11-06,CVX,129.66702270507812,10634200.0,Yahoo Finance,2026-09-21T08:29:09+00:00,2024-05-20
2023-11-07,CVX,127.38241577148438,15054600.0,Yahoo Finance,2026-09-21T08:29:09+00:00,2024-05-20
2023-11-08,CVX,125.609375,12654100.0,Yahoo Finance,2026-09-21T08:29:09+00:00,2024-05-20
2023-11-09,CVX,125.20364379882812,10359500.0,Yahoo Finance,2026-09-21T08:29:09+00:00,2024-05-20
2023-11-10,CVX,126.09455108642578,11988200.0,Yahoo Finance,2026-09-21T08:29:09+00:00,2024-05-20
2023-11-13,CVX,127.02073669433594,8747700.0,Yahoo Finance,2026-09-21T08:29:09+00:00,2024-05-20
2023-11-14,CVX,127.94691467285156,11224400.0,Yahoo Finance,2026-09-21T08:29:09+00:00,2024-05-20
2023-11-15,CVX,128.39678955078125,10052100.0,Yahoo Finance,2026-09-21T08:29:09+00:00,2024-05-20
2023-11-16,CVX,126.36457061767578,14031300.0,Yahoo Finance,2026-09-21T08:29:09+00:00,2024-05-20
2023-11-17,CVX,128.7622528076172,11075600.0,Yahoo Finance,2026-09-21T08:29:09+00:00,2024-05-20
2023-11-20,CVX,128.69093322753906,8062400.0,Yahoo Finance,2026-09-21T08:29:09+00:00,2024-05-20
2023-11-21,CVX,128.38787841796875,6783300.0,Yahoo Finance,2026-09-21T08:29:09+00:00,2024-05-20
2023-11-22,CVX,128.64637756347656,7216100.0,Yahoo Finance,2026-09-21T08:29:09+00:00,2024-05-20
2023-11-24,CVX,129.1544189453125,3861000.0,Yahoo Finance,2026-09-21T08:29:09+00:00,2024-05-20
2023-11-27,CVX,128.67311096191406,9850800.0,Yahoo Finance,2026-09-21T08:29:09+00:00,2024-05-20
2023-11-28,CVX,129.69813537597656,9746500.0,Yahoo Finance,2026-09-21T08:29:09+00:00,2024-05-20
2023-11-29,CVX,128.2720184326172,16417100.0,Yahoo Finance,2026-09-21T08:29:09+00:00,2024-05-20
2023-11-30,CVX,127.9957046508789,16276000.0,Yahoo Finance,2026-09-21T08:29:09+00:00,2024-05-20
2023-12-01,CVX,129.07421875,11906500.0,Yahoo Finance,2026-09-21T08:29:09+00:00,2024-05-20
2023-12-04,CVX,129.127685546875,11842800.0,Yahoo Finance,2026-09-21T08:29:09+00:00,2024-05-20
2023-12-05,CVX,127.33611297607422,9597600.0,Yahoo Finance,2026-09-21T08:29:09+00:00,2024-05-20
2023-12-06,CVX,127.04196166992188,18079700.0,Yahoo Finance,2026-09-21T08:29:09+00:00,2024-05-20
2023-12-07,CVX,126.94393920898438,14786700.0,Yahoo Finance,2026-09-21T08:29:09+00:00,2024-05-20
2023-12-08,CVX,128.6285400390625,10821700.0,Yahoo Finance,2026-09-21T08:29:09+00:00,2024-05-20
2023-12-11,CVX,128.66419982910156,9849600.0,Yahoo Finance,2026-09-21T08:29:09+00:00,2024-05-20
2023-12-12,CVX,127.01520538330078,9863900.0,Yahoo Finance,2026-09-21T08:29:09+00:00,2024-05-20
2023-12-13,CVX,128.8959197998047,10641300.0,Yahoo Finance,2026-09-21T08:29:09+00:00,2024-05-20
2023-12-14,CVX,133.63783264160156,14960500.0,Yahoo Finance,2026-09-21T08:29:09+00:00,2024-05-20
2023-12-15,CVX,133.12086486816406,30850900.0,Yahoo Finance,2026-09-21T08:29:09+00:00,2024-05-20
2023-12-18,CVX,133.41500854492188,11561700.0,Yahoo Finance,2026-09-21T08:29:09+00:00,2024-05-20
2023-12-19,CVX,135.1620330810547,8738100.0,Yahoo Finance,2026-09-21T08:29:09+00:00,2024-05-20
2023-12-20,CVX,133.92308044433594,9370000.0,Yahoo Finance,2026-09-21T08:29:09+00:00,2024-05-20
2023-12-21,CVX,134.3330841064453,7264700.0,Yahoo Finance,2026-09-21T08:29:09+00:00,2024-05-20
2023-12-22,CVX,134.6361541748047,6396100.0,Yahoo Finance,2026-09-21T08:29:09+00:00,2024-05-20
2023-12-26,CVX,135.84837341308594,5165600.0,Yahoo Finance,2026-09-21T08:29:09+00:00,2024-05-20
2023-12-27,CVX,135.40269470214844,5337200.0,Yahoo Finance,2026-09-21T08:29:09+00:00,2024-05-20
2023-12-28,CVX,133.49525451660156,8148000.0,Yahoo Finance,2026-09-21T08:29:09+00:00,2024-05-20
2023-12-29,CVX,132.95152282714844,7658600.0,Yahoo Finance,2026-09-21T08:29:09+00:00,2024-05-20
2024-01-02,CVX,133.2367706298828,8879700.0,Yahoo Finance,2026-09-21T08:29:09+00:00,2024-05-20
2024-01-03,CVX,135.77703857421875,10255300.0,Yahoo Finance,2026-09-21T08:29:09+00:00,2024-05-20
2024-01-04,CVX,134.28851318359375,8220300.0,Yahoo Finance,2026-09-21T08:29:09+00:00,2024-05-20
2024-01-05,CVX,134.0567626953125,7455400.0,Yahoo Finance,2026-09-21T08:29:09+00:00,2024-05-20
2024-01-08,CVX,133.2545928955078,10038200.0,Yahoo Finance,2026-09-21T08:29:09+00:00,2024-05-20
2024-01-09,CVX,129.86749267578125,11784700.0,Yahoo Finance,2026-09-21T08:29:09+00:00,2024-05-20
2024-01-10,CVX,128.79788208007812,8490400.0,Yahoo Finance,2026-09-21T08:29:09+00:00,2024-05-20
2024-01-11,CVX,129.49314880371094,8612500.0,Yahoo Finance,2026-09-21T08:29:09+00:00,2024-05-20
2024-01-12,CVX,131.26690673828125,9386900.0,Yahoo Finance,2026-09-21T08:29:09+00:00,2024-05-20
2024-01-16,CVX,128.07594299316406,9380400.0,Yahoo Finance,2026-09-21T08:29:09+00:00,2024-05-20
2024-01-17,CVX,127.56786346435547,8167000.0,Yahoo Finance,2026-09-21T08:29:09+00:00,2024-05-20
2024-01-18,CVX,126.40912628173828,11187800.0,Yahoo Finance,2026-09-21T08:29:09+00:00,2024-05-20
2024-01-19,CVX,126.78349304199219,11192500.0,Yahoo Finance,2026-09-21T08:29:09+00:00,2024-05-20
2024-01-22,CVX,127.00629425048828,9184600.0,Yahoo Finance,2026-09-21T08:29:09+00:00,2024-05-20
2024-01-23,CVX,126.64976501464844,6767200.0,Yahoo Finance,2026-09-21T08:29:09+00:00,2024-05-20
2024-01-24,CVX,129.17225646972656,8100000.0,Yahoo Finance,2026-09-21T08:29:09+00:00,2024-05-20
2024-01-25,CVX,132.42562866210938,9773600.0,Yahoo Finance,2026-09-21T08:29:09+00:00,2024-05-20
2024-01-26,CVX,132.93368530273438,9151900.0,Yahoo Finance,2026-09-21T08:29:09+00:00,2024-05-20
2024-01-29,CVX,132.88021850585938,10494800.0,Yahoo Finance,2026-09-21T08:29:09+00:00,2024-05-20
2024-01-30,CVX,133.80718994140625,9902900.0,Yahoo Finance,2026-09-21T08:29:09+00:00,2024-05-20
2024-01-31,CVX,131.4095001220703,10428000.0,Yahoo Finance,2026-09-21T08:29:09+00:00,2024-05-20
2024-02-01,CVX,131.81951904296875,8641100.0,Yahoo Finance,2026-09-21T08:29:09+00:00,2024-05-20
2024-02-02,CVX,135.6968231201172,12839100.0,Yahoo Finance,2026-09-21T08:29:09+00:00,2024-05-20
2024-02-05,CVX,135.77703857421875,8277800.0,Yahoo Finance,2026-09-21T08:29:09+00:00,2024-05-20
2024-02-06,CVX,135.79486083984375,6198200.0,Yahoo Finance,2026-09-21T08:29:09+00:00,2024-05-20
2024-02-07,CVX,135.59878540039062,6252000.0,Yahoo Finance,2026-09-21T08:29:09+00:00,2024-05-20
2024-02-08,CVX,137.3190460205078,9237000.0,Yahoo Finance,2026-09-21T08:29:09+00:00,2024-05-20
2024-02-09,CVX,134.62722778320312,9194500.0,Yahoo Finance,2026-09-21T08:29:09+00:00,2024-05-20
2024-02-12,CVX,135.55421447753906,6713000.0,Yahoo Finance,2026-09-21T08:29:09+00:00,2024-05-20
2024-02-13,CVX,134.23504638671875,6987100.0,Yahoo Finance,2026-09-21T08:29:09+00:00,2024-05-20
2024-02-14,CVX,134.6004638671875,5995100.0,Yahoo Finance,2026-09-21T08:29:09+00:00,2024-05-20
2024-02-15,CVX,139.17787170410156,8950300.0,Yahoo Finance,2026-09-21T08:29:09+00:00,2024-05-20
2024-02-16,CVX,139.33106994628906,7570200.0,Yahoo Finance,2026-09-21T08:29:09+00:00,2024-05-20
2024-02-20,CVX,138.76339721679688,6977900.0,Yahoo Finance,2026-09-21T08:29:09+00:00,2024-05-20
2024-02-21,CVX,140.0609130859375,6628900.0,Yahoo Finance,2026-09-21T08:29:09+00:00,2024-05-20
2024-02-22,CVX,140.05191040039062,8874900.0,Yahoo Finance,2026-09-21T08:29:09+00:00,2024-05-20
2024-02-23,CVX,139.35806274414062,6561600.0,Yahoo Finance,2026-09-21T08:29:09+00:00,2024-05-20
2024-02-26,CVX,139.1688690185547,6900800.0,Yahoo Finance,2026-09-21T08:29:09+00:00,2024-05-20
2024-02-27,CVX,137.10543823242188,15093800.0,Yahoo Finance,2026-09-21T08:29:09+00:00,2024-05-20
2024-02-28,CVX,137.26759338378906,6715900.0,Yahoo Finance,2026-09-21T08:29:09+00:00,2024-05-20
2024-02-29,CVX,136.97027587890625,9334400.0,Yahoo Finance,2026-09-21T08:29:09+00:00,2024-05-20
2024-03-01,CVX,137.69110107421875,7459100.0,Yahoo Finance,2026-09-21T08:29:09+00:00,2024-05-20
2024-03-04,CVX,134.1499786376953,12503200.0,Yahoo Finance,2026-09-21T08:29:09+00:00,2024-05-20
2024-03-05,CVX,134.78968811035156,6985500.0,Yahoo Finance,2026-09-21T08:29:09+00:00,2024-05-20
2024-03-06,CVX,133.65435791015625,14692100.0,Yahoo Finance,2026-09-21T08:29:09+00:00,2024-05-20
2024-03-07,CVX,134.59149169921875,8739300.0,Yahoo Finance,2026-09-21T08:29:09+00:00,2024-05-20
2024-03-08,CVX,135.05101013183594,7528400.0,Yahoo Finance,2026-09-21T08:29:09+00:00,2024-05-20
2024-03-11,CVX,136.96127319335938,7577100.0,Yahoo Finance,2026-09-21T08:29:09+00:00,2024-05-20
2024-03-12,CVX,136.86216735839844,6432900.0,Yahoo Finance,2026-09-21T08:29:09+00:00,2024-05-20
2024-03-13,CVX,138.6642608642578,8065600.0,Yahoo Finance,2026-09-21T08:29:09+00:00,2024-05-20
2024-03-14,CVX,140.29519653320312,9047200.0,Yahoo Finance,2026-09-21T08:29:09+00:00,2024-05-20
2024-03-15,CVX,140.16001892089844,20387200.0,Yahoo Finance,2026-09-21T08:29:09+00:00,2024-05-20
2024-03-18,CVX,140.03390502929688,7242700.0,Yahoo Finance,2026-09-21T08:29:09+00:00,2024-05-20
2024-03-19,CVX,141.1241455078125,7736700.0,Yahoo Finance,2026-09-21T08:29:09+00:00,2024-05-20
2024-03-20,CVX,139.25894165039062,8449100.0,Yahoo Finance,2026-09-21T08:29:09+00:00,2024-05-20
2024-03-21,CVX,139.5382843017578,7899100.0,Yahoo Finance,2026-09-21T08:29:09+00:00,2024-05-20
2024-03-22,CVX,139.35806274414062,5974700.0,Yahoo Finance,2026-09-21T08:29:09+00:00,2024-05-20
2024-03-25,CVX,140.989013671875,6058700.0,Yahoo Finance,2026-09-21T08:29:09+00:00,2024-05-20
2024-03-26,CVX,139.90771484375,6677900.0,Yahoo Finance,2026-09-21T08:29:09+00:00,2024-05-20
2024-03-27,CVX,140.88087463378906,7416900.0,Yahoo Finance,2026-09-21T08:29:09+00:00,2024-05-20
2024-03-28,CVX,142.1333770751953,8331600.0,Yahoo Finance,2026-09-21T08:29:09+00:00,2024-05-20
2024-04-01,CVX,143.34075927734375,6285700.0,Yahoo Finance,2026-09-21T08:29:09+00:00,2024-05-20
2024-04-02,CVX,143.9715118408203,8815400.0,Yahoo Finance,2026-09-21T08:29:09+00:00,2024-05-20
2024-04-03,CVX,144.5662384033203,7819700.0,Yahoo Finance,2026-09-21T08:29:09+00:00,2024-05-20
2024-04-04,CVX,144.79147338867188,9269700.0,Yahoo Finance,2026-09-21T08:29:09+00:00,2024-05-20
2024-04-05,CVX,145.6114501953125,7432800.0,Yahoo Finance,2026-09-21T08:29:09+00:00,2024-05-20
2024-04-08,CVX,145.3140869140625,7253200.0,Yahoo Finance,2026-09-21T08:29:09+00:00,2024-05-20
2024-04-09,CVX,145.9718780517578,6576200.0,Yahoo Finance,2026-09-21T08:29:09+00:00,2024-05-20
2024-04-10,CVX,146.5755615234375,7525800.0,Yahoo Finance,2026-09-21T08:29:09+00:00,2024-05-20
2024-04-11,CVX,145.8727569580078,7682500.0,Yahoo Finance,2026-09-21T08:29:09+00:00,2024-05-20
2024-04-12,CVX,143.232666015625,11071000.0,Yahoo Finance,2026-09-21T08:29:09+00:00,2024-05-20
2024-04-15,CVX,141.9982147216797,7236900.0,Yahoo Finance,2026-09-21T08:29:09+00:00,2024-05-20
2024-04-16,CVX,140.8177947998047,5541900.0,Yahoo Finance,2026-09-21T08:29:09+00:00,2024-05-20
2024-04-17,CVX,140.92591857910156,6733900.0,Yahoo Finance,2026-09-21T08:29:09+00:00,2024-05-20
2024-04-18,CVX,141.9801483154297,4979200.0,Yahoo Finance,2026-09-21T08:29:09+00:00,2024-05-20
2024-04-19,CVX,144.16973876953125,7734700.0,Yahoo Finance,2026-09-21T08:29:09+00:00,2024-05-20
2024-04-22,CVX,145.8997802734375,6779200.0,Yahoo Finance,2026-09-21T08:29:09+00:00,2024-05-20
2024-04-23,CVX,146.73776245117188,5597600.0,Yahoo Finance,2026-09-21T08:29:09+00:00,2024-05-20
2024-04-24,CVX,147.38653564453125,7610300.0,Yahoo Finance,2026-09-21T08:29:09+00:00,2024-05-20
2024-04-25,CVX,148.9273681640625,9702600.0,Yahoo Finance,2026-09-21T08:29:09+00:00,2024-05-20
2024-04-26,CVX,149.4770050048828,9736400.0,Yahoo Finance,2026-09-21T08:29:09+00:00,2024-05-20
2024-04-29,CVX,149.8734588623047,6364000.0,Yahoo Finance,2026-09-21T08:29:09+00:00,2024-05-20
2024-04-30,CVX,145.3140869140625,8457300.0,Yahoo Finance,2026-09-21T08:29:09+00:00,2024-05-20
2024-05-01,CVX,143.83636474609375,7713700.0,Yahoo Finance,2026-09-21T08:29:09+00:00,2024-05-20
2024-05-02,CVX,144.82752990722656,8597100.0,Yahoo Finance,2026-09-21T08:29:09+00:00,2024-05-20
2024-05-03,CVX,144.39501953125,11664500.0,Yahoo Finance,2026-09-21T08:29:09+00:00,2024-05-20
2024-05-06,CVX,146.24220275878906,8430300.0,Yahoo Finance,2026-09-21T08:29:09+00:00,2024-05-20
2024-05-07,CVX,146.5755615234375,6869900.0,Yahoo Finance,2026-09-21T08:29:09+00:00,2024-05-20
2024-05-08,CVX,146.45843505859375,6706400.0,Yahoo Finance,2026-09-21T08:29:09+00:00,2024-05-20
2024-05-09,CVX,149.0805206298828,6683300.0,Yahoo Finance,2026-09-21T08:29:09+00:00,2024-05-20
2024-05-10,CVX,149.41392517089844,5490900.0,Yahoo Finance,2026-09-21T08:29:09+00:00,2024-05-20
2024-05-13,CVX,148.25155639648438,6848300.0,Yahoo Finance,2026-09-21T08:29:09+00:00,2024-05-20
2024-05-14,CVX,147.42257690429688,4924000.0,Yahoo Finance,2026-09-21T08:29:09+00:00,2024-05-20
2024-05-15,CVX,146.91799926757812,7603100.0,Yahoo Finance,2026-09-21T08:29:09+00:00,2024-05-20
2024-05-16,CVX,146.6176300048828,6409400.0,Yahoo Finance,2026-09-21T08:29:09+00:00,2024-05-20
2024-05-17,CVX,148.05569458007812,5497900.0,Yahoo Finance,2026-09-21T08:29:09+00:00,2024-05-20
2024-05-20,CVX,146.6631317138672,4913800.0,Yahoo Finance,2026-09-21T08:29:09+00:00,2024-05-20
2023-04-17,GE,75.92529296875,7676003.0,Yahoo Finance,2026-09-21T08:29:09+00:00,2024-05-20
2023-04-18,GE,77.25910949707031,8909832.0,Yahoo Finance,2026-09-21T08:29:09+00:00,2024-05-20
2023-04-19,GE,77.69849395751953,7038101.0,Yahoo Finance,2026-09-21T08:29:09+00:00,2024-05-20
2023-04-20,GE,78.27124786376953,8661237.0,Yahoo Finance,2026-09-21T08:29:09+00:00,2024-05-20
2023-04-21,GE,78.07508087158203,5112741.0,Yahoo Finance,2026-09-21T08:29:09+00:00,2024-05-20
2023-04-24,GE,78.57722473144531,7833505.0,Yahoo Finance,2026-09-21T08:29:09+00:00,2024-05-20
2023-04-25,GE,77.23558044433594,11649768.0,Yahoo Finance,2026-09-21T08:29:09+00:00,2024-05-20
2023-04-26,GE,75.48593139648438,8032357.0,Yahoo Finance,2026-09-21T08:29:09+00:00,2024-05-20
2023-04-27,GE,76.93742370605469,9348633.0,Yahoo Finance,2026-09-21T08:29:09+00:00,2024-05-20
2023-04-28,GE,77.65142822265625,6279159.0,Yahoo Finance,2026-09-21T08:29:09+00:00,2024-05-20
2023-05-01,GE,79.3853759765625,7408237.0,Yahoo Finance,2026-09-21T08:29:09+00:00,2024-05-20
2023-05-02,GE,79.64427947998047,7485046.0,Yahoo Finance,2026-09-21T08:29:09+00:00,2024-05-20
2023-05-03,GE,79.84827423095703,5917543.0,Yahoo Finance,2026-09-21T08:29:09+00:00,2024-05-20
2023-05-04,GE,77.926025390625,9055431.0,Yahoo Finance,2026-09-21T08:29:09+00:00,2024-05-20
2023-05-05,GE,78.64785766601562,6302841.0,Yahoo Finance,2026-09-21T08:29:09+00:00,2024-05-20
2023-05-08,GE,79.18138885498047,4282128.0,Yahoo Finance,2026-09-21T08:29:09+00:00,2024-05-20
2023-05-09,GE,79.244140625,6520737.0,Yahoo Finance,2026-09-21T08:29:09+00:00,2024-05-20
2023-05-10,GE,78.09862518310547,5053224.0,Yahoo Finance,2026-09-21T08:29:09+00:00,2024-05-20
2023-05-11,GE,78.07508087158203,5117628.0,Yahoo Finance,2026-09-21T08:29:09+00:00,2024-05-20
2023-05-12,GE,77.5180435180664,4332874.0,Yahoo Finance,2026-09-21T08:29:09+00:00,2024-05-20
2023-05-15,GE,80.02873992919922,7973716.0,Yahoo Finance,2026-09-21T08:29:09+00:00,2024-05-20
2023-05-16,GE,79.34615325927734,5523851.0,Yahoo Finance,2026-09-21T08:29:09+00:00,2024-05-20
2023-05-17,GE,81.18209838867188,6871703.0,Yahoo Finance,2026-09-21T08:29:09+00:00,2024-05-20
2023-05-18,GE,81.60578155517578,5772320.0,Yahoo Finance,2026-09-21T08:29:09+00:00,2024-05-20
2023-05-19,GE,81.80191802978516,7230687.0,Yahoo Finance,2026-09-21T08:29:09+00:00,2024-05-20
2023-05-22,GE,82.02944946289062,4996087.0,Yahoo Finance,2026-09-21T08:29:09+00:00,2024-05-20
2023-05-23,GE,79.7933578491211,5738239.0,Yahoo Finance,2026-09-21T08:29:09+00:00,2024-05-20
2023-05-24,GE,79.22846221923828,6275400.0,Yahoo Finance,2026-09-21T08:29:09+00:00,2024-05-20
2023-05-25,GE,79.6521224975586,6737506.0,Yahoo Finance,2026-09-21T08:29:09+00:00,2024-05-20
2023-05-26,GE,80.6093521118164,6796523.0,Yahoo Finance,2026-09-21T08:29:09+00:00,2024-05-20
2023-05-30,GE,80.34257507324219,7098370.0,Yahoo Finance,2026-09-21T08:29:09+00:00,2024-05-20
2023-05-31,GE,79.65998840332031,13358734.0,Yahoo Finance,2026-09-21T08:29:09+00:00,2024-05-20
2023-06-01,GE,82.12360382080078,7797043.0,Yahoo Finance,2026-09-21T08:29:09+00:00,2024-05-20
2023-06-02,GE,83.01019287109375,7477278.0,Yahoo Finance,2026-09-21T08:29:09+00:00,2024-05-20
2023-06-05,GE,81.67639923095703,5108732.0,Yahoo Finance,2026-09-21T08:29:09+00:00,2024-05-20
2023-06-06,GE,82.74344635009766,7794036.0,Yahoo Finance,2026-09-21T08:29:09+00:00,2024-05-20
2023-06-07,GE,83.2298812866211,9121088.0,Yahoo Finance,2026-09-21T08:29:09+00:00,2024-05-20
2023-06-08,GE,83.2220458984375,4477596.0,Yahoo Finance,2026-09-21T08:29:09+00:00,2024-05-20
2023-06-09,GE,83.4024887084961,4365076.0,Yahoo Finance,2026-09-21T08:29:09+00:00,2024-05-20
2023-06-12,GE,83.34757232666016,4677449.0,Yahoo Finance,2026-09-21T08:29:09+00:00,2024-05-20
2023-06-13,GE,83.74773406982422,5411582.0,Yahoo Finance,2026-09-21T08:29:09+00:00,2024-05-20
2023-06-14,GE,82.14714813232422,6429268.0,Yahoo Finance,2026-09-21T08:29:09+00:00,2024-05-20
2023-06-15,GE,82.70420837402344,8733159.0,Yahoo Finance,2026-09-21T08:29:09+00:00,2024-05-20
2023-06-16,GE,83.39464569091797,13731752.0,Yahoo Finance,2026-09-21T08:29:09+00:00,2024-05-20
2023-06-20,GE,81.6136245727539,8068443.0,Yahoo Finance,2026-09-21T08:29:09+00:00,2024-05-20
2023-06-21,GE,82.4217529296875,5983576.0,Yahoo Finance,2026-09-21T08:29:09+00:00,2024-05-20
2023-06-22,GE,82.2413101196289,5292046.0,Yahoo Finance,2026-09-21T08:29:09+00:00,2024-05-20
2023-06-23,GE,81.42532348632812,7532911.0,Yahoo Finance,2026-09-21T08:29:09+00:00,2024-05-20
2023-06-26,GE,81.95099639892578,5326378.0,Yahoo Finance,2026-09-21T08:29:09+00:00,2024-05-20
2023-06-27,GE,82.31974029541016,5973427.0,Yahoo Finance,2026-09-21T08:29:09+00:00,2024-05-20
2023-06-28,GE,83.99095153808594,6009012.0,Yahoo Finance,2026-09-21T08:29:09+00:00,2024-05-20
2023-06-29,GE,84.53231811523438,4070746.0,Yahoo Finance,2026-09-21T08:29:09+00:00,2024-05-20
2023-06-30,GE,86.18780517578125,9250648.0,Yahoo Finance,2026-09-21T08:29:09+00:00,2024-05-20
2023-07-03,GE,84.95599365234375,3723916.0,Yahoo Finance,2026-09-21T08:29:09+00:00,2024-05-20
2023-07-05,GE,85.24629974365234,4588235.0,Yahoo Finance,2026-09-21T08:29:09+00:00,2024-05-20
2023-07-06,GE,84.24202728271484,4594375.0,Yahoo Finance,2026-09-21T08:29:09+00:00,2024-05-20
2023-07-07,GE,84.94815826416016,4843847.0,Yahoo Finance,2026-09-21T08:29:09+00:00,2024-05-20
2023-07-10,GE,86.78546142578125,5805400.0,Yahoo Finance,2026-09-21T08:29:09+00:00,2024-05-20
2023-07-11,GE,87.32722473144531,4746113.0,Yahoo Finance,2026-09-21T08:29:09+00:00,2024-05-20
2023-07-12,GE,87.31153106689453,5403938.0,Yahoo Finance,2026-09-21T08:29:09+00:00,2024-05-20
2023-07-13,GE,87.37435150146484,3477075.0,Yahoo Finance,2026-09-21T08:29:09+00:00,2024-05-20
2023-07-14,GE,86.58917999267578,3405529.0,Yahoo Finance,2026-09-21T08:29:09+00:00,2024-05-20
2023-07-17,GE,87.264404296875,4557412.0,Yahoo Finance,2026-09-21T08:29:09+00:00,2024-05-20
2023-07-18,GE,87.20160675048828,4476718.0,Yahoo Finance,2026-09-21T08:29:09+00:00,2024-05-20
2023-07-19,GE,86.28295135498047,5604920.0,Yahoo Finance,2026-09-21T08:29:09+00:00,2024-05-20
2023-07-20,GE,87.34293365478516,5158852.0,Yahoo Finance,2026-09-21T08:29:09+00:00,2024-05-20
2023-07-21,GE,86.62843322753906,10277106.0,Yahoo Finance,2026-09-21T08:29:09+00:00,2024-05-20
2023-07-24,GE,86.56562805175781,6687261.0,Yahoo Finance,2026-09-21T08:29:09+00:00,2024-05-20
2023-07-25,GE,91.99117279052734,21329067.0,Yahoo Finance,2026-09-21T08:29:09+00:00,2024-05-20
2023-07-26,GE,90.0753402709961,9449750.0,Yahoo Finance,2026-09-21T08:29:09+00:00,2024-05-20
2023-07-27,GE,90.62496185302734,7752311.0,Yahoo Finance,2026-09-21T08:29:09+00:00,2024-05-20
2023-07-28,GE,89.8162612915039,5600785.0,Yahoo Finance,2026-09-21T08:29:09+00:00,2024-05-20
2023-07-31,GE,89.6984634399414,5169252.0,Yahoo Finance,2026-09-21T08:29:09+00:00,2024-05-20
2023-08-01,GE,88.89759063720703,6595040.0,Yahoo Finance,2026-09-21T08:29:09+00:00,2024-05-20
2023-08-02,GE,87.91612243652344,5377375.0,Yahoo Finance,2026-09-21T08:29:09+00:00,2024-05-20
2023-08-03,GE,88.22232818603516,4347409.0,Yahoo Finance,2026-09-21T08:29:09+00:00,2024-05-20
2023-08-04,GE,88.77195739746094,6118274.0,Yahoo Finance,2026-09-21T08:29:09+00:00,2024-05-20
2023-08-07,GE,90.08319854736328,4140914.0,Yahoo Finance,2026-09-21T08:29:09+00:00,2024-05-20
2023-08-08,GE,89.15668487548828,4735463.0,Yahoo Finance,2026-09-21T08:29:09+00:00,2024-05-20
2023-08-09,GE,88.0731430053711,3900213.0,Yahoo Finance,2026-09-21T08:29:09+00:00,2024-05-20
2023-08-10,GE,89.17240142822266,5853515.0,Yahoo Finance,2026-09-21T08:29:09+00:00,2024-05-20
2023-08-11,GE,89.98113250732422,4463437.0,Yahoo Finance,2026-09-21T08:29:09+00:00,2024-05-20
2023-08-14,GE,90.72705841064453,4916020.0,Yahoo Finance,2026-09-21T08:29:09+00:00,2024-05-20
2023-08-15,GE,89.39225006103516,4276614.0,Yahoo Finance,2026-09-21T08:29:09+00:00,2024-05-20
2023-08-16,GE,89.17240142822266,4614924.0,Yahoo Finance,2026-09-21T08:29:09+00:00,2024-05-20
2023-08-17,GE,87.12310028076172,5734981.0,Yahoo Finance,2026-09-21T08:29:09+00:00,2024-05-20
2023-08-18,GE,87.7747802734375,5651281.0,Yahoo Finance,2026-09-21T08:29:09+00:00,2024-05-20
2023-08-21,GE,87.95538330078125,3686075.0,Yahoo Finance,2026-09-21T08:29:09+00:00,2024-05-20
2023-08-22,GE,87.6727294921875,3308421.0,Yahoo Finance,2026-09-21T08:29:09+00:00,2024-05-20
2023-08-23,GE,89.09388732910156,3568043.0,Yahoo Finance,2026-09-21T08:29:09+00:00,2024-05-20
2023-08-24,GE,87.1859130859375,4211960.0,Yahoo Finance,2026-09-21T08:29:09+00:00,2024-05-20
2023-08-25,GE,87.91612243652344,3903596.0,Yahoo Finance,2026-09-21T08:29:09+00:00,2024-05-20
2023-08-28,GE,89.47862243652344,3524313.0,Yahoo Finance,2026-09-21T08:29:09+00:00,2024-05-20
2023-08-29,GE,90.55431365966797,5833091.0,Yahoo Finance,2026-09-21T08:29:09+00:00,2024-05-20
2023-08-30,GE,89.75343322753906,6086573.0,Yahoo Finance,2026-09-21T08:29:09+00:00,2024-05-20
2023-08-31,GE,89.87120819091797,5218620.0,Yahoo Finance,2026-09-21T08:29:09+00:00,2024-05-20
2023-09-01,GE,89.6984634399414,4435119.0,Yahoo Finance,2026-09-21T08:29:09+00:00,2024-05-20
2023-09-05,GE,88.63062286376953,4406550.0,Yahoo Finance,2026-09-21T08:29:09+00:00,2024-05-20
2023-09-06,GE,88.47357177734375,5018014.0,Yahoo Finance,2026-09-21T08:29:09+00:00,2024-05-20
2023-09-07,GE,87.7747802734375,4139035.0,Yahoo Finance,2026-09-21T08:29:09+00:00,2024-05-20
2023-09-08,GE,87.7198257446289,3170967.0,Yahoo Finance,2026-09-21T08:29:09+00:00,2024-05-20
2023-09-11,GE,89.71417236328125,5272499.0,Yahoo Finance,2026-09-21T08:29:09+00:00,2024-05-20
2023-09-12,GE,90.29520416259766,5275255.0,Yahoo Finance,2026-09-21T08:29:09+00:00,2024-05-20
2023-09-13,GE,89.19595336914062,3508651.0,Yahoo Finance,2026-09-21T08:29:09+00:00,2024-05-20
2023-09-14,GE,90.80555725097656,6637768.0,Yahoo Finance,2026-09-21T08:29:09+00:00,2024-05-20
2023-09-15,GE,90.67993927001953,8437076.0,Yahoo Finance,2026-09-21T08:29:09+00:00,2024-05-20
2023-09-18,GE,91.52792358398438,4700880.0,Yahoo Finance,2026-09-21T08:29:09+00:00,2024-05-20
2023-09-19,GE,91.2452621459961,3882045.0,Yahoo Finance,2026-09-21T08:29:09+00:00,2024-05-20
2023-09-20,GE,90.17742156982422,5134919.0,Yahoo Finance,2026-09-21T08:29:09+00:00,2024-05-20
2023-09-21,GE,88.71699523925781,5760292.0,Yahoo Finance,2026-09-21T08:29:09+00:00,2024-05-20
2023-09-22,GE,87.35079193115234,6249463.0,Yahoo Finance,2026-09-21T08:29:09+00:00,2024-05-20
2023-09-25,GE,87.78295135498047,4741101.0,Yahoo Finance,2026-09-21T08:29:09+00:00,2024-05-20
2023-09-26,GE,86.37647247314453,6022043.0,Yahoo Finance,2026-09-21T08:29:09+00:00,2024-05-20
2023-09-27,GE,87.13078308105469,5912656.0,Yahoo Finance,2026-09-21T08:29:09+00:00,2024-05-20
2023-09-28,GE,88.27009582519531,5518337.0,Yahoo Finance,2026-09-21T08:29:09+00:00,2024-05-20
2023-09-29,GE,86.8636245727539,4924165.0,Yahoo Finance,2026-09-21T08:29:09+00:00,2024-05-20
2023-10-02,GE,85.48072814941406,5389278.0,Yahoo Finance,2026-09-21T08:29:09+00:00,2024-05-20
2023-10-03,GE,84.67141723632812,8624900.0,Yahoo Finance,2026-09-21T08:29:09+00:00,2024-05-20
2023-10-04,GE,85.52787017822266,4876551.0,Yahoo Finance,2026-09-21T08:29:09+00:00,2024-05-20
2023-10-05,GE,85.42572021484375,4819539.0,Yahoo Finance,2026-09-21T08:29:09+00:00,2024-05-20
2023-10-06,GE,87.58650970458984,5284026.0,Yahoo Finance,2026-09-21T08:29:09+00:00,2024-05-20
2023-10-09,GE,86.63577270507812,5418473.0,Yahoo Finance,2026-09-21T08:29:09+00:00,2024-05-20
2023-10-10,GE,87.5943832397461,5707039.0,Yahoo Finance,2026-09-21T08:29:09+00:00,2024-05-20
2023-10-11,GE,88.99299621582031,3580573.0,Yahoo Finance,2026-09-21T08:29:09+00:00,2024-05-20
2023-10-12,GE,87.47651672363281,3861746.0,Yahoo Finance,2026-09-21T08:29:09+00:00,2024-05-20
2023-10-13,GE,85.94432067871094,4578337.0,Yahoo Finance,2026-09-21T08:29:09+00:00,2024-05-20
2023-10-16,GE,85.7557373046875,5616698.0,Yahoo Finance,2026-09-21T08:29:09+00:00,2024-05-20
2023-10-17,GE,86.44718933105469,4916647.0,Yahoo Finance,2026-09-21T08:29:09+00:00,2024-05-20
2023-10-18,GE,84.52214050292969,6080433.0,Yahoo Finance,2026-09-21T08:29:09+00:00,2024-05-20
2023-10-19,GE,84.03495788574219,5035055.0,Yahoo Finance,2026-09-21T08:29:09+00:00,2024-05-20
2023-10-20,GE,83.35137939453125,9714760.0,Yahoo Finance,2026-09-21T08:29:09+00:00,2024-05-20
2023-10-23,GE,83.83067321777344,7300229.0,Yahoo Finance,2026-09-21T08:29:09+00:00,2024-05-20
2023-10-24,GE,89.27586364746094,15904078.0,Yahoo Finance,2026-09-21T08:29:09+00:00,2024-05-20
2023-10-25,GE,87.37437438964844,8224191.0,Yahoo Finance,2026-09-21T08:29:09+00:00,2024-05-20
2023-10-26,GE,85.48858642578125,9738191.0,Yahoo Finance,2026-09-21T08:29:09+00:00,2024-05-20
2023-10-27,GE,83.56351470947266,6677237.0,Yahoo Finance,2026-09-21T08:29:09+00:00,2024-05-20
2023-10-30,GE,86.28218841552734,5611435.0,Yahoo Finance,2026-09-21T08:29:09+00:00,2024-05-20
2023-10-31,GE,85.35501861572266,6349452.0,Yahoo Finance,2026-09-21T08:29:09+00:00,2024-05-20
2023-11-01,GE,84.27068328857422,12703791.0,Yahoo Finance,2026-09-21T08:29:09+00:00,2024-05-20
2023-11-02,GE,84.68714141845703,9398127.0,Yahoo Finance,2026-09-21T08:29:09+00:00,2024-05-20
2023-11-03,GE,85.58287811279297,6941620.0,Yahoo Finance,2026-09-21T08:29:09+00:00,2024-05-20
2023-11-06,GE,87.8301010131836,6131806.0,Yahoo Finance,2026-09-21T08:29:09+00:00,2024-05-20
2023-11-07,GE,87.84580993652344,5237415.0,Yahoo Finance,2026-09-21T08:29:09+00:00,2024-05-20
2023-11-08,GE,89.45657348632812,6065021.0,Yahoo Finance,2026-09-21T08:29:09+00:00,2024-05-20
2023-11-09,GE,88.85942077636719,5786605.0,Yahoo Finance,2026-09-21T08:29:09+00:00,2024-05-20
2023-11-10,GE,90.57232666015625,4382618.0,Yahoo Finance,2026-09-21T08:29:09+00:00,2024-05-20
2023-11-13,GE,90.76876068115234,5753776.0,Yahoo Finance,2026-09-21T08:29:09+00:00,2024-05-20
2023-11-14,GE,92.12808990478516,6007634.0,Yahoo Finance,2026-09-21T08:29:09+00:00,2024-05-20
2023-11-15,GE,91.38164520263672,5245309.0,Yahoo Finance,2026-09-21T08:29:09+00:00,2024-05-20
2023-11-16,GE,93.45599365234375,5825072.0,Yahoo Finance,2026-09-21T08:29:09+00:00,2024-05-20
2023-11-17,GE,94.23387908935547,5186418.0,Yahoo Finance,2026-09-21T08:29:09+00:00,2024-05-20
2023-11-20,GE,94.34388732910156,5190678.0,Yahoo Finance,2026-09-21T08:29:09+00:00,2024-05-20
2023-11-21,GE,94.20245361328125,3506019.0,Yahoo Finance,2026-09-21T08:29:09+00:00,2024-05-20
2023-11-22,GE,93.9745864868164,3773785.0,Yahoo Finance,2026-09-21T08:29:09+00:00,2024-05-20
2023-11-24,GE,94.26530456542969,1981995.0,Yahoo Finance,2026-09-21T08:29:09+00:00,2024-05-20
2023-11-27,GE,94.26530456542969,3984415.0,Yahoo Finance,2026-09-21T08:29:09+00:00,2024-05-20
2023-11-28,GE,93.3852767944336,4378107.0,Yahoo Finance,2026-09-21T08:29:09+00:00,2024-05-20
2023-11-29,GE,93.39313507080078,3792831.0,Yahoo Finance,2026-09-21T08:29:09+00:00,2024-05-20
2023-11-30,GE,95.70321655273438,10174611.0,Yahoo Finance,2026-09-21T08:29:09+00:00,2024-05-20
2023-12-01,GE,96.25325775146484,5668572.0,Yahoo Finance,2026-09-21T08:29:09+00:00,2024-05-20
2023-12-04,GE,95.49105834960938,4747116.0,Yahoo Finance,2026-09-21T08:29:09+00:00,2024-05-20
2023-12-05,GE,94.4696044921875,3688206.0,Yahoo Finance,2026-09-21T08:29:09+00:00,2024-05-20
2023-12-06,GE,94.13957977294922,3964241.0,Yahoo Finance,2026-09-21T08:29:09+00:00,2024-05-20
2023-12-07,GE,93.88029479980469,5064626.0,Yahoo Finance,2026-09-21T08:29:09+00:00,2024-05-20
2023-12-08,GE,94.7524642944336,4925418.0,Yahoo Finance,2026-09-21T08:29:09+00:00,2024-05-20
2023-12-11,GE,94.5088882446289,4643869.0,Yahoo Finance,2026-09-21T08:29:09+00:00,2024-05-20
2023-12-12,GE,96.1117935180664,4664543.0,Yahoo Finance,2026-09-21T08:29:09+00:00,2024-05-20
2023-12-13,GE,95.21605682373047,5506309.0,Yahoo Finance,2026-09-21T08:29:09+00:00,2024-05-20
2023-12-14,GE,95.34962463378906,10454155.0,Yahoo Finance,2026-09-21T08:29:09+00:00,2024-05-20
2023-12-15,GE,96.82682800292969,13586279.0,Yahoo Finance,2026-09-21T08:29:09+00:00,2024-05-20
2023-12-18,GE,97.14898681640625,5206215.0,Yahoo Finance,2026-09-21T08:29:09+00:00,2024-05-20
2023-12-19,GE,98.95616912841797,5957138.0,Yahoo Finance,2026-09-21T08:29:09+00:00,2024-05-20
2023-12-20,GE,96.93683624267578,6231921.0,Yahoo Finance,2026-09-21T08:29:09+00:00,2024-05-20
2023-12-21,GE,99.76551055908203,5185165.0,Yahoo Finance,2026-09-21T08:29:09+00:00,2024-05-20
2023-12-22,GE,99.54548645019531,4030650.0,Yahoo Finance,2026-09-21T08:29:09+00:00,2024-05-20
2023-12-26,GE,100.15835571289062,2480063.0,Yahoo Finance,2026-09-21T08:29:09+00:00,2024-05-20
2023-12-27,GE,100.79521942138672,3314310.0,Yahoo Finance,2026-09-21T08:29:09+00:00,2024-05-20
2023-12-28,GE,100.88956451416016,3965494.0,Yahoo Finance,2026-09-21T08:29:09+00:00,2024-05-20
2023-12-29,GE,100.34706115722656,4441133.0,Yahoo Finance,2026-09-21T08:29:09+00:00,2024-05-20
2024-01-02,GE,99.02618408203125,5189425.0,Yahoo Finance,2026-09-21T08:29:09+00:00,2024-05-20
2024-01-03,GE,97.54020690917969,4531850.0,Yahoo Finance,2026-09-21T08:29:09+00:00,2024-05-20
2024-01-04,GE,98.01193237304688,4364199.0,Yahoo Finance,2026-09-21T08:29:09+00:00,2024-05-20
2024-01-05,GE,99.29351043701172,4190157.0,Yahoo Finance,2026-09-21T08:29:09+00:00,2024-05-20
2024-01-08,GE,100.85810852050781,6920068.0,Yahoo Finance,2026-09-21T08:29:09+00:00,2024-05-20
2024-01-09,GE,101.25121307373047,4815028.0,Yahoo Finance,2026-09-21T08:29:09+00:00,2024-05-20
2024-01-10,GE,101.97456359863281,4571320.0,Yahoo Finance,2026-09-21T08:29:09+00:00,2024-05-20
2024-01-11,GE,102.0767822265625,5014005.0,Yahoo Finance,2026-09-21T08:29:09+00:00,2024-05-20
2024-01-12,GE,102.04532623291016,5640380.0,Yahoo Finance,2026-09-21T08:29:09+00:00,2024-05-20
2024-01-16,GE,100.61438751220703,6314619.0,Yahoo Finance,2026-09-21T08:29:09+00:00,2024-05-20
2024-01-17,GE,99.75738525390625,5031171.0,Yahoo Finance,2026-09-21T08:29:09+00:00,2024-05-20
2024-01-18,GE,101.07040405273438,6508082.0,Yahoo Finance,2026-09-21T08:29:09+00:00,2024-05-20
2024-01-19,GE,102.0610580444336,6154611.0,Yahoo Finance,2026-09-21T08:29:09+00:00,2024-05-20
2024-01-22,GE,103.1775131225586,10052443.0,Yahoo Finance,2026-09-21T08:29:09+00:00,2024-05-20
2024-01-23,GE,102.1711196899414,13333800.0,Yahoo Finance,2026-09-21T08:29:09+00:00,2024-05-20
2024-01-24,GE,102.15540313720703,10785198.0,Yahoo Finance,2026-09-21T08:29:09+00:00,2024-05-20
2024-01-25,GE,102.15540313720703,6086573.0,Yahoo Finance,2026-09-21T08:29:09+00:00,2024-05-20
2024-01-26,GE,103.14606475830078,4696495.0,Yahoo Finance,2026-09-21T08:29:09+00:00,2024-05-20
2024-01-29,GE,103.07528686523438,6126544.0,Yahoo Finance,2026-09-21T08:29:09+00:00,2024-05-20
2024-01-30,GE,105.30033111572266,7871346.0,Yahoo Finance,2026-09-21T08:29:09+00:00,2024-05-20
2024-01-31,GE,104.11312866210938,6253472.0,Yahoo Finance,2026-09-21T08:29:09+00:00,2024-05-20
2024-02-01,GE,106.46395874023438,6190572.0,Yahoo Finance,2026-09-21T08:29:09+00:00,2024-05-20
2024-02-02,GE,107.35240936279297,6103864.0,Yahoo Finance,2026-09-21T08:29:09+00:00,2024-05-20
2024-02-05,GE,108.27230072021484,7158013.0,Yahoo Finance,2026-09-21T08:29:09+00:00,2024-05-20
2024-02-06,GE,108.17009735107422,6026178.0,Yahoo Finance,2026-09-21T08:29:09+00:00,2024-05-20
2024-02-07,GE,108.89342498779297,5807655.0,Yahoo Finance,2026-09-21T08:29:09+00:00,2024-05-20
2024-02-08,GE,109.32585144042969,4327110.0,Yahoo Finance,2026-09-21T08:29:09+00:00,2024-05-20
2024-02-09,GE,109.5066909790039,4324604.0,Yahoo Finance,2026-09-21T08:29:09+00:00,2024-05-20
2024-02-12,GE,110.20643615722656,4516313.0,Yahoo Finance,2026-09-21T08:29:09+00:00,2024-05-20
2024-02-13,GE,111.46441650390625,9054930.0,Yahoo Finance,2026-09-21T08:29:09+00:00,2024-05-20
2024-02-14,GE,115.18330383300781,13116028.0,Yahoo Finance,2026-09-21T08:29:09+00:00,2024-05-20
2024-02-15,GE,116.65355682373047,8627532.0,Yahoo Finance,2026-09-21T08:29:09+00:00,2024-05-20
2024-02-16,GE,117.27467346191406,8616756.0,Yahoo Finance,2026-09-21T08:29:09+00:00,2024-05-20
2024-02-20,GE,116.8501205444336,7166032.0,Yahoo Finance,2026-09-21T08:29:09+00:00,2024-05-20
2024-02-21,GE,117.20392608642578,5302571.0,Yahoo Finance,2026-09-21T08:29:09+00:00,2024-05-20
2024-02-22,GE,119.24813842773438,5753024.0,Yahoo Finance,2026-09-21T08:29:09+00:00,2024-05-20
2024-02-23,GE,120.55326843261719,7066168.0,Yahoo Finance,2026-09-21T08:29:09+00:00,2024-05-20
2024-02-26,GE,121.6854476928711,7705449.0,Yahoo Finance,2026-09-21T08:29:09+00:00,2024-05-20
2024-02-27,GE,121.07219696044922,7300354.0,Yahoo Finance,2026-09-21T08:29:09+00:00,2024-05-20
2024-02-28,GE,122.34590148925781,7633025.0,Yahoo Finance,2026-09-21T08:29:09+00:00,2024-05-20
2024-02-29,GE,123.35226440429688,8177329.0,Yahoo Finance,2026-09-21T08:29:09+00:00,2024-05-20
2024-03-01,GE,124.73603820800781,8698201.0,Yahoo Finance,2026-09-21T08:29:09+00:00,2024-05-20
2024-03-04,GE,126.59154510498047,8402242.0,Yahoo Finance,2026-09-21T08:29:09+00:00,2024-05-20
2024-03-05,GE,124.11491394042969,8003663.0,Yahoo Finance,2026-09-21T08:29:09+00:00,2024-05-20
2024-03-06,GE,125.40433502197266,8198755.0,Yahoo Finance,2026-09-21T08:29:09+00:00,2024-05-20
2024-03-07,GE,130.907958984375,14393838.0,Yahoo Finance,2026-09-21T08:29:09+00:00,2024-05-20
2024-03-08,GE,132.05589294433594,21242234.0,Yahoo Finance,2026-09-21T08:29:09+00:00,2024-05-20
2024-03-11,GE,130.95518493652344,9338609.0,Yahoo Finance,2026-09-21T08:29:09+00:00,2024-05-20
2024-03-12,GE,131.66275024414062,6928589.0,Yahoo Finance,2026-09-21T08:29:09+00:00,2024-05-20
2024-03-13,GE,133.7855987548828,8462887.0,Yahoo Finance,2026-09-21T08:29:09+00:00,2024-05-20
2024-03-14,GE,131.10450744628906,9460777.0,Yahoo Finance,2026-09-21T08:29:09+00:00,2024-05-20
2024-03-15,GE,132.7870635986328,13263757.0,Yahoo Finance,2026-09-21T08:29:09+00:00,2024-05-20
2024-03-18,GE,133.58905029296875,6228788.0,Yahoo Finance,2026-09-21T08:29:09+00:00,2024-05-20
2024-03-19,GE,136.38018798828125,9360787.0,Yahoo Finance,2026-09-21T08:29:09+00:00,2024-05-20
2024-03-20,GE,136.7497100830078,7229434.0,Yahoo Finance,2026-09-21T08:29:09+00:00,2024-05-20
2024-03-21,GE,138.88040161132812,7890893.0,Yahoo Finance,2026-09-21T08:29:09+00:00,2024-05-20
2024-03-22,GE,137.7089080810547,6842132.0,Yahoo Finance,2026-09-21T08:29:09+00:00,2024-05-20
2024-03-25,GE,136.4037628173828,6288181.0,Yahoo Finance,2026-09-21T08:29:09+00:00,2024-05-20
2024-03-26,GE,136.45091247558594,5056983.0,Yahoo Finance,2026-09-21T08:29:09+00:00,2024-05-20
2024-03-27,GE,141.61648559570312,12606433.0,Yahoo Finance,2026-09-21T08:29:09+00:00,2024-05-20
2024-03-28,GE,138.00767517089844,12122274.0,Yahoo Finance,2026-09-21T08:29:09+00:00,2024-05-20
2024-04-01,GE,137.87403869628906,7399592.0,Yahoo Finance,2026-09-21T08:29:09+00:00,2024-05-20
2024-04-02,GE,134.44358825683594,20490400.0,Yahoo Finance,2026-09-21T08:29:09+00:00,2024-05-20
2024-04-03,GE,143.45773315429688,16208500.0,Yahoo Finance,2026-09-21T08:29:09+00:00,2024-05-20
2024-04-04,GE,145.2014617919922,11880200.0,Yahoo Finance,2026-09-21T08:29:09+00:00,2024-05-20
2024-04-05,GE,153.97915649414062,14777900.0,Yahoo Finance,2026-09-21T08:29:09+00:00,2024-05-20
2024-04-08,GE,154.19589233398438,9588800.0,Yahoo Finance,2026-09-21T08:29:09+00:00,2024-05-20
2024-04-09,GE,152.196044921875,8807300.0,Yahoo Finance,2026-09-21T08:29:09+00:00,2024-05-20
2024-04-10,GE,154.28456115722656,8075400.0,Yahoo Finance,2026-09-21T08:29:09+00:00,2024-05-20
2024-04-11,GE,155.33865356445312,6063200.0,Yahoo Finance,2026-09-21T08:29:09+00:00,2024-05-20
2024-04-12,GE,152.6049346923828,6851300.0,Yahoo Finance,2026-09-21T08:29:09+00:00,2024-05-20
2024-04-15,GE,151.68710327148438,6423700.0,Yahoo Finance,2026-09-21T08:29:09+00:00,2024-05-20
2024-04-16,GE,154.70704650878906,6187200.0,Yahoo Finance,2026-09-21T08:29:09+00:00,2024-05-20
2024-04-17,GE,153.63131713867188,6519900.0,Yahoo Finance,2026-09-21T08:29:09+00:00,2024-05-20
2024-04-18,GE,150.93710327148438,6186600.0,Yahoo Finance,2026-09-21T08:29:09+00:00,2024-05-20
2024-04-19,GE,146.1209716796875,9566100.0,Yahoo Finance,2026-09-21T08:29:09+00:00,2024-05-20
2024-04-22,GE,148.2230682373047,7322800.0,Yahoo Finance,2026-09-21T08:29:09+00:00,2024-05-20
2024-04-23,GE,160.4903106689453,19250900.0,Yahoo Finance,2026-09-21T08:29:09+00:00,2024-05-20
2024-04-24,GE,157.105224609375,10416000.0,Yahoo Finance,2026-09-21T08:29:09+00:00,2024-05-20
2024-04-25,GE,159.1481170654297,5908200.0,Yahoo Finance,2026-09-21T08:29:09+00:00,2024-05-20
2024-04-26,GE,160.22384643554688,5898000.0,Yahoo Finance,2026-09-21T08:29:09+00:00,2024-05-20
2024-04-29,GE,162.3358154296875,5371700.0,Yahoo Finance,2026-09-21T08:29:09+00:00,2024-05-20
2024-04-30,GE,159.70077514648438,6723600.0,Yahoo Finance,2026-09-21T08:29:09+00:00,2024-05-20
2024-05-01,GE,157.60855102539062,4775800.0,Yahoo Finance,2026-09-21T08:29:09+00:00,2024-05-20
2024-05-02,GE,160.51004028320312,5030400.0,Yahoo Finance,2026-09-21T08:29:09+00:00,2024-05-20
2024-05-03,GE,161.96078491210938,3968600.0,Yahoo Finance,2026-09-21T08:29:09+00:00,2024-05-20
2024-05-06,GE,165.77024841308594,4831600.0,Yahoo Finance,2026-09-21T08:29:09+00:00,2024-05-20
2024-05-07,GE,166.56964111328125,4781800.0,Yahoo Finance,2026-09-21T08:29:09+00:00,2024-05-20
2024-05-08,GE,166.64859008789062,4878200.0,Yahoo Finance,2026-09-21T08:29:09+00:00,2024-05-20
2024-05-09,GE,165.30641174316406,4968800.0,Yahoo Finance,2026-09-21T08:29:09+00:00,2024-05-20
2024-05-10,GE,161.2403564453125,5711300.0,Yahoo Finance,2026-09-21T08:29:09+00:00,2024-05-20
2024-05-13,GE,157.4111785888672,7768600.0,Yahoo Finance,2026-09-21T08:29:09+00:00,2024-05-20
2024-05-14,GE,157.9046173095703,6103500.0,Yahoo Finance,2026-09-21T08:29:09+00:00,2024-05-20
2024-05-15,GE,161.32919311523438,7133300.0,Yahoo Finance,2026-09-21T08:29:09+00:00,2024-05-20
2024-05-16,GE,159.00994873046875,4283200.0,Yahoo Finance,2026-09-21T08:29:09+00:00,2024-05-20
2024-05-17,GE,157.7960662841797,5946300.0,Yahoo Finance,2026-09-21T08:29:09+00:00,2024-05-20
2024-05-20,GE,157.19406127929688,5586800.0,Yahoo Finance,2026-09-21T08:29:09+00:00,2024-05-20
2023-04-17,GOOGL,104.97113037109375,37571200.0,Yahoo Finance,2026-09-21T08:29:09+00:00,2024-05-20
2023-04-18,GOOGL,103.51497650146484,26596400.0,Yahoo Finance,2026-09-21T08:29:09+00:00,2024-05-20
2023-04-19,GOOGL,103.197998046875,20905700.0,Yahoo Finance,2026-09-21T08:29:09+00:00,2024-05-20
2023-04-20,GOOGL,104.29753875732422,27820800.0,Yahoo Finance,2026-09-21T08:29:09+00:00,2024-05-20
2023-04-21,GOOGL,104.4164047241211,25800100.0,Yahoo Finance,2026-09-21T08:29:09+00:00,2024-05-20
2023-04-24,GOOGL,104.97113037109375,23542800.0,Yahoo Finance,2026-09-21T08:29:09+00:00,2024-05-20
2023-04-25,GOOGL,102.87109375,46664100.0,Yahoo Finance,2026-09-21T08:29:09+00:00,2024-05-20
2023-04-26,GOOGL,102.732421875,53347600.0,Yahoo Finance,2026-09-21T08:29:09+00:00,2024-05-20
2023-04-27,GOOGL,106.57584381103516,50089200.0,Yahoo Finance,2026-09-21T08:29:09+00:00,2024-05-20
2023-04-28,GOOGL,106.32820892333984,36139800.0,Yahoo Finance,2026-09-21T08:29:09+00:00,2024-05-20
2023-05-01,GOOGL,106.18953704833984,26681700.0,Yahoo Finance,2026-09-21T08:29:09+00:00,2024-05-20
2023-05-02,GOOGL,104.32726287841797,30997200.0,Yahoo Finance,2026-09-21T08:29:09+00:00,2024-05-20
2023-05-03,GOOGL,104.4164047241211,21795400.0,Yahoo Finance,2026-09-21T08:29:09+00:00,2024-05-20
2023-05-04,GOOGL,103.70320892333984,23419500.0,Yahoo Finance,2026-09-21T08:29:09+00:00,2024-05-20
2023-05-05,GOOGL,104.57489776611328,26639300.0,Yahoo Finance,2026-09-21T08:29:09+00:00,2024-05-20
2023-05-08,GOOGL,106.75416564941406,26511400.0,Yahoo Finance,2026-09-21T08:29:09+00:00,2024-05-20
2023-05-09,GOOGL,106.33810424804688,36360100.0,Yahoo Finance,2026-09-21T08:29:09+00:00,2024-05-20
2023-05-10,GOOGL,110.69664764404297,63153400.0,Yahoo Finance,2026-09-21T08:29:09+00:00,2024-05-20
2023-05-11,GOOGL,115.47120666503906,78900000.0,Yahoo Finance,2026-09-21T08:29:09+00:00,2024-05-20
2023-05-12,GOOGL,116.40235900878906,41102300.0,Yahoo Finance,2026-09-21T08:29:09+00:00,2024-05-20
2023-05-15,GOOGL,115.41177368164062,36266800.0,Yahoo Finance,2026-09-21T08:29:09+00:00,2024-05-20
2023-05-16,GOOGL,118.38350677490234,45035600.0,Yahoo Finance,2026-09-21T08:29:09+00:00,2024-05-20
2023-05-17,GOOGL,119.70096588134766,33323600.0,Yahoo Finance,2026-09-21T08:29:09+00:00,2024-05-20
2023-05-18,GOOGL,121.67220306396484,35234200.0,Yahoo Finance,2026-09-21T08:29:09+00:00,2024-05-20
2023-05-19,GOOGL,121.60286712646484,41353400.0,Yahoo Finance,2026-09-21T08:29:09+00:00,2024-05-20
2023-05-22,GOOGL,123.87128448486328,35253000.0,Yahoo Finance,2026-09-21T08:29:09+00:00,2024-05-20
2023-05-23,GOOGL,121.40474700927734,34046300.0,Yahoo Finance,2026-09-21T08:29:09+00:00,2024-05-20
2023-05-24,GOOGL,119.7603988647461,34182600.0,Yahoo Finance,2026-09-21T08:29:09+00:00,2024-05-20
2023-05-25,GOOGL,122.31607818603516,42317000.0,Yahoo Finance,2026-09-21T08:29:09+00:00,2024-05-20
2023-05-26,GOOGL,123.43543243408203,35635900.0,Yahoo Finance,2026-09-21T08:29:09+00:00,2024-05-20
2023-05-30,GOOGL,122.50428771972656,35076700.0,Yahoo Finance,2026-09-21T08:29:09+00:00,2024-05-20
2023-05-31,GOOGL,121.71183776855469,37325800.0,Yahoo Finance,2026-09-21T08:29:09+00:00,2024-05-20
2023-06-01,GOOGL,122.55381774902344,30772700.0,Yahoo Finance,2026-09-21T08:29:09+00:00,2024-05-20
2023-06-02,GOOGL,123.49485778808594,26980100.0,Yahoo Finance,2026-09-21T08:29:09+00:00,2024-05-20
2023-06-05,GOOGL,124.82223510742188,32305500.0,Yahoo Finance,2026-09-21T08:29:09+00:00,2024-05-20
2023-06-06,GOOGL,126.10997009277344,26638300.0,Yahoo Finance,2026-09-21T08:29:09+00:00,2024-05-20
2023-06-07,GOOGL,121.3453140258789,52539000.0,Yahoo Finance,2026-09-21T08:29:09+00:00,2024-05-20
2023-06-08,GOOGL,120.98870849609375,29389200.0,Yahoo Finance,2026-09-21T08:29:09+00:00,2024-05-20
2023-06-09,GOOGL,121.07786560058594,23778300.0,Yahoo Finance,2026-09-21T08:29:09+00:00,2024-05-20
2023-06-12,GOOGL,122.47457122802734,28306400.0,Yahoo Finance,2026-09-21T08:29:09+00:00,2024-05-20
2023-06-13,GOOGL,122.66277313232422,22278300.0,Yahoo Finance,2026-09-21T08:29:09+00:00,2024-05-20
2023-06-14,GOOGL,122.50428771972656,30592300.0,Yahoo Finance,2026-09-21T08:29:09+00:00,2024-05-20
2023-06-15,GOOGL,123.91090393066406,35246300.0,Yahoo Finance,2026-09-21T08:29:09+00:00,2024-05-20
2023-06-16,GOOGL,122.36560821533203,45535600.0,Yahoo Finance,2026-09-21T08:29:09+00:00,2024-05-20
2023-06-20,GOOGL,121.93965148925781,26097500.0,Yahoo Finance,2026-09-21T08:29:09+00:00,2024-05-20
2023-06-21,GOOGL,119.41368865966797,30306300.0,Yahoo Finance,2026-09-21T08:29:09+00:00,2024-05-20
2023-06-22,GOOGL,121.98918914794922,26952200.0,Yahoo Finance,2026-09-21T08:29:09+00:00,2024-05-20
2023-06-23,GOOGL,121.18681335449219,34913600.0,Yahoo Finance,2026-09-21T08:29:09+00:00,2024-05-20
2023-06-26,GOOGL,117.22452545166016,33969900.0,Yahoo Finance,2026-09-21T08:29:09+00:00,2024-05-20
2023-06-27,GOOGL,117.21461486816406,39535900.0,Yahoo Finance,2026-09-21T08:29:09+00:00,2024-05-20
2023-06-28,GOOGL,119.04717254638672,27091400.0,Yahoo Finance,2026-09-21T08:29:09+00:00,2024-05-20
2023-06-29,GOOGL,117.97736358642578,24090900.0,Yahoo Finance,2026-09-21T08:29:09+00:00,2024-05-20
2023-06-30,GOOGL,118.57170104980469,29532200.0,Yahoo Finance,2026-09-21T08:29:09+00:00,2024-05-20
2023-07-03,GOOGL,118.76983642578125,14467900.0,Yahoo Finance,2026-09-21T08:29:09+00:00,2024-05-20
2023-07-05,GOOGL,120.6023941040039,27584800.0,Yahoo Finance,2026-09-21T08:29:09+00:00,2024-05-20
2023-07-06,GOOGL,118.97784423828125,24745200.0,Yahoo Finance,2026-09-21T08:29:09+00:00,2024-05-20
2023-07-07,GOOGL,118.35379028320312,21709500.0,Yahoo Finance,2026-09-21T08:29:09+00:00,2024-05-20
2023-07-10,GOOGL,115.35233306884766,35315200.0,Yahoo Finance,2026-09-21T08:29:09+00:00,2024-05-20
2023-07-11,GOOGL,116.03583526611328,23078800.0,Yahoo Finance,2026-09-21T08:29:09+00:00,2024-05-20
2023-07-12,GOOGL,117.80896759033203,30404400.0,Yahoo Finance,2026-09-21T08:29:09+00:00,2024-05-20
2023-07-13,GOOGL,123.3660888671875,44297900.0,Yahoo Finance,2026-09-21T08:29:09+00:00,2024-05-20
2023-07-14,GOOGL,124.23780822753906,33283100.0,Yahoo Finance,2026-09-21T08:29:09+00:00,2024-05-20
2023-07-17,GOOGL,123.47505187988281,25716200.0,Yahoo Finance,2026-09-21T08:29:09+00:00,2024-05-20
2023-07-18,GOOGL,122.59343719482422,26193600.0,Yahoo Finance,2026-09-21T08:29:09+00:00,2024-05-20
2023-07-19,GOOGL,120.87973022460938,37224000.0,Yahoo Finance,2026-09-21T08:29:09+00:00,2024-05-20
2023-07-20,GOOGL,118.076416015625,37906800.0,Yahoo Finance,2026-09-21T08:29:09+00:00,2024-05-20
2023-07-21,GOOGL,118.88868713378906,72937900.0,Yahoo Finance,2026-09-21T08:29:09+00:00,2024-05-20
2023-07-24,GOOGL,120.38446807861328,29686100.0,Yahoo Finance,2026-09-21T08:29:09+00:00,2024-05-20
2023-07-25,GOOGL,121.05803680419922,52509600.0,Yahoo Finance,2026-09-21T08:29:09+00:00,2024-05-20
2023-07-26,GOOGL,128.051513671875,61682100.0,Yahoo Finance,2026-09-21T08:29:09+00:00,2024-05-20
2023-07-27,GOOGL,128.18026733398438,44952100.0,Yahoo Finance,2026-09-21T08:29:09+00:00,2024-05-20
2023-07-28,GOOGL,131.33029174804688,36591200.0,Yahoo Finance,2026-09-21T08:29:09+00:00,2024-05-20
2023-07-31,GOOGL,131.46897888183594,28055500.0,Yahoo Finance,2026-09-21T08:29:09+00:00,2024-05-20
2023-08-01,GOOGL,130.3100128173828,23166800.0,Yahoo Finance,2026-09-21T08:29:09+00:00,2024-05-20
2023-08-02,GOOGL,127.16989135742188,26273300.0,Yahoo Finance,2026-09-21T08:29:09+00:00,2024-05-20
2023-08-03,GOOGL,127.23922729492188,20089500.0,Yahoo Finance,2026-09-21T08:29:09+00:00,2024-05-20
2023-08-04,GOOGL,126.9024429321289,26147200.0,Yahoo Finance,2026-09-21T08:29:09+00:00,2024-05-20
2023-08-07,GOOGL,130.2902069091797,22746300.0,Yahoo Finance,2026-09-21T08:29:09+00:00,2024-05-20
2023-08-08,GOOGL,130.16143798828125,23535200.0,Yahoo Finance,2026-09-21T08:29:09+00:00,2024-05-20
2023-08-09,GOOGL,128.43783569335938,24912900.0,Yahoo Finance,2026-09-21T08:29:09+00:00,2024-05-20
2023-08-10,GOOGL,128.467529296875,20857800.0,Yahoo Finance,2026-09-21T08:29:09+00:00,2024-05-20
2023-08-11,GOOGL,128.33877563476562,19591100.0,Yahoo Finance,2026-09-21T08:29:09+00:00,2024-05-20
2023-08-14,GOOGL,130.09207153320312,24695600.0,Yahoo Finance,2026-09-21T08:29:09+00:00,2024-05-20
2023-08-15,GOOGL,128.55670166015625,19770700.0,Yahoo Finance,2026-09-21T08:29:09+00:00,2024-05-20
2023-08-16,GOOGL,127.48687744140625,25216100.0,Yahoo Finance,2026-09-21T08:29:09+00:00,2024-05-20
2023-08-17,GOOGL,128.69537353515625,33446300.0,Yahoo Finance,2026-09-21T08:29:09+00:00,2024-05-20
2023-08-18,GOOGL,126.25855255126953,30504800.0,Yahoo Finance,2026-09-21T08:29:09+00:00,2024-05-20
2023-08-21,GOOGL,127.15997314453125,25248700.0,Yahoo Finance,2026-09-21T08:29:09+00:00,2024-05-20
2023-08-22,GOOGL,127.86329650878906,22054900.0,Yahoo Finance,2026-09-21T08:29:09+00:00,2024-05-20
2023-08-23,GOOGL,131.12228393554688,27819700.0,Yahoo Finance,2026-09-21T08:29:09+00:00,2024-05-20
2023-08-24,GOOGL,128.55670166015625,28500700.0,Yahoo Finance,2026-09-21T08:29:09+00:00,2024-05-20
2023-08-25,GOOGL,128.65574645996094,26762900.0,Yahoo Finance,2026-09-21T08:29:09+00:00,2024-05-20
2023-08-28,GOOGL,129.77508544921875,20543300.0,Yahoo Finance,2026-09-21T08:29:09+00:00,2024-05-20
2023-08-29,GOOGL,133.3015594482422,43075600.0,Yahoo Finance,2026-09-21T08:29:09+00:00,2024-05-20
2023-08-30,GOOGL,134.5991973876953,28315800.0,Yahoo Finance,2026-09-21T08:29:09+00:00,2024-05-20
2023-08-31,GOOGL,134.88645935058594,30053800.0,Yahoo Finance,2026-09-21T08:29:09+00:00,2024-05-20
2023-09-01,GOOGL,134.38128662109375,21543700.0,Yahoo Finance,2026-09-21T08:29:09+00:00,2024-05-20
2023-09-05,GOOGL,134.490234375,19403100.0,Yahoo Finance,2026-09-21T08:29:09+00:00,2024-05-20
2023-09-06,GOOGL,133.1925811767578,18684500.0,Yahoo Finance,2026-09-21T08:29:09+00:00,2024-05-20
2023-09-07,GOOGL,133.98501586914062,18844300.0,Yahoo Finance,2026-09-21T08:29:09+00:00,2024-05-20
2023-09-08,GOOGL,135.094482421875,23558300.0,Yahoo Finance,2026-09-21T08:29:09+00:00,2024-05-20
2023-09-11,GOOGL,135.62940979003906,20763400.0,Yahoo Finance,2026-09-21T08:29:09+00:00,2024-05-20
2023-09-12,GOOGL,134.06427001953125,18405500.0,Yahoo Finance,2026-09-21T08:29:09+00:00,2024-05-20
2023-09-13,GOOGL,135.42137145996094,20749500.0,Yahoo Finance,2026-09-21T08:29:09+00:00,2024-05-20
2023-09-14,GOOGL,136.7982635498047,24751000.0,Yahoo Finance,2026-09-21T08:29:09+00:00,2024-05-20
2023-09-15,GOOGL,136.10484313964844,38919600.0,Yahoo Finance,2026-09-21T08:29:09+00:00,2024-05-20
2023-09-18,GOOGL,136.90724182128906,21861300.0,Yahoo Finance,2026-09-21T08:29:09+00:00,2024-05-20
2023-09-19,GOOGL,136.73883056640625,20353700.0,Yahoo Finance,2026-09-21T08:29:09+00:00,2024-05-20
2023-09-20,GOOGL,132.47935485839844,29927500.0,Yahoo Finance,2026-09-21T08:29:09+00:00,2024-05-20
2023-09-21,GOOGL,129.21047973632812,31503900.0,Yahoo Finance,2026-09-21T08:29:09+00:00,2024-05-20
2023-09-22,GOOGL,129.02224731445312,26397300.0,Yahoo Finance,2026-09-21T08:29:09+00:00,2024-05-20
2023-09-25,GOOGL,129.87416076660156,20094600.0,Yahoo Finance,2026-09-21T08:29:09+00:00,2024-05-20
2023-09-26,GOOGL,127.35811614990234,25718700.0,Yahoo Finance,2026-09-21T08:29:09+00:00,2024-05-20
2023-09-27,GOOGL,129.3095245361328,22746500.0,Yahoo Finance,2026-09-21T08:29:09+00:00,2024-05-20
2023-09-28,GOOGL,131.0628662109375,22513100.0,Yahoo Finance,2026-09-21T08:29:09+00:00,2024-05-20
2023-09-29,GOOGL,129.6265106201172,30859800.0,Yahoo Finance,2026-09-21T08:29:09+00:00,2024-05-20
2023-10-02,GOOGL,132.90530395507812,22288000.0,Yahoo Finance,2026-09-21T08:29:09+00:00,2024-05-20
2023-10-03,GOOGL,131.18170166015625,22989400.0,Yahoo Finance,2026-09-21T08:29:09+00:00,2024-05-20
2023-10-04,GOOGL,133.96522521972656,26752300.0,Yahoo Finance,2026-09-21T08:29:09+00:00,2024-05-20
2023-10-05,GOOGL,133.7968292236328,19832600.0,Yahoo Finance,2026-09-21T08:29:09+00:00,2024-05-20
2023-10-06,GOOGL,136.28317260742188,27597600.0,Yahoo Finance,2026-09-21T08:29:09+00:00,2024-05-20
2023-10-09,GOOGL,137.11526489257812,19278100.0,Yahoo Finance,2026-09-21T08:29:09+00:00,2024-05-20
2023-10-10,GOOGL,136.75865173339844,27786600.0,Yahoo Finance,2026-09-21T08:29:09+00:00,2024-05-20
2023-10-11,GOOGL,139.22515869140625,25884300.0,Yahoo Finance,2026-09-21T08:29:09+00:00,2024-05-20
2023-10-12,GOOGL,137.66006469726562,24765500.0,Yahoo Finance,2026-09-21T08:29:09+00:00,2024-05-20
2023-10-13,GOOGL,136.0652313232422,23420500.0,Yahoo Finance,2026-09-21T08:29:09+00:00,2024-05-20
2023-10-16,GOOGL,137.788818359375,28501900.0,Yahoo Finance,2026-09-21T08:29:09+00:00,2024-05-20
2023-10-17,GOOGL,138.4029998779297,23515800.0,Yahoo Finance,2026-09-21T08:29:09+00:00,2024-05-20
2023-10-18,GOOGL,136.65960693359375,23375000.0,Yahoo Finance,2026-09-21T08:29:09+00:00,2024-05-20
2023-10-19,GOOGL,136.45156860351562,26066000.0,Yahoo Finance,2026-09-21T08:29:09+00:00,2024-05-20
2023-10-20,GOOGL,134.32183837890625,26335700.0,Yahoo Finance,2026-09-21T08:29:09+00:00,2024-05-20
2023-10-23,GOOGL,135.21334838867188,26317900.0,Yahoo Finance,2026-09-21T08:29:09+00:00,2024-05-20
2023-10-24,GOOGL,137.50157165527344,44814300.0,Yahoo Finance,2026-09-21T08:29:09+00:00,2024-05-20
2023-10-25,GOOGL,124.4260025024414,84366200.0,Yahoo Finance,2026-09-21T08:29:09+00:00,2024-05-20
2023-10-26,GOOGL,121.12738037109375,57061100.0,Yahoo Finance,2026-09-21T08:29:09+00:00,2024-05-20
2023-10-27,GOOGL,121.01841735839844,44566500.0,Yahoo Finance,2026-09-21T08:29:09+00:00,2024-05-20
2023-10-30,GOOGL,123.2868423461914,28940100.0,Yahoo Finance,2026-09-21T08:29:09+00:00,2024-05-20
2023-10-31,GOOGL,122.9104232788086,26292300.0,Yahoo Finance,2026-09-21T08:29:09+00:00,2024-05-20
2023-11-01,GOOGL,125.2580795288086,30082400.0,Yahoo Finance,2026-09-21T08:29:09+00:00,2024-05-20
2023-11-02,GOOGL,126.28827667236328,27124600.0,Yahoo Finance,2026-09-21T08:29:09+00:00,2024-05-20
2023-11-03,GOOGL,127.88311004638672,26393100.0,Yahoo Finance,2026-09-21T08:29:09+00:00,2024-05-20
2023-11-06,GOOGL,129.02224731445312,19052700.0,Yahoo Finance,2026-09-21T08:29:09+00:00,2024-05-20
2023-11-07,GOOGL,129.7354736328125,29757300.0,Yahoo Finance,2026-09-21T08:29:09+00:00,2024-05-20
2023-11-08,GOOGL,130.5972900390625,26425800.0,Yahoo Finance,2026-09-21T08:29:09+00:00,2024-05-20
2023-11-09,GOOGL,129.01235961914062,23747800.0,Yahoo Finance,2026-09-21T08:29:09+00:00,2024-05-20
2023-11-10,GOOGL,131.34019470214844,26913300.0,Yahoo Finance,2026-09-21T08:29:09+00:00,2024-05-20
2023-11-13,GOOGL,130.8449249267578,18324800.0,Yahoo Finance,2026-09-21T08:29:09+00:00,2024-05-20
2023-11-14,GOOGL,132.36048889160156,32395200.0,Yahoo Finance,2026-09-21T08:29:09+00:00,2024-05-20
2023-11-15,GOOGL,133.35105895996094,23861500.0,Yahoo Finance,2026-09-21T08:29:09+00:00,2024-05-20
2023-11-16,GOOGL,135.6392822265625,28013200.0,Yahoo Finance,2026-09-21T08:29:09+00:00,2024-05-20
2023-11-17,GOOGL,134.03456115722656,37240600.0,Yahoo Finance,2026-09-21T08:29:09+00:00,2024-05-20
2023-11-20,GOOGL,134.9656982421875,27815500.0,Yahoo Finance,2026-09-21T08:29:09+00:00,2024-05-20
2023-11-21,GOOGL,135.67893981933594,22635300.0,Yahoo Finance,2026-09-21T08:29:09+00:00,2024-05-20
2023-11-22,GOOGL,137.18460083007812,17813900.0,Yahoo Finance,2026-09-21T08:29:09+00:00,2024-05-20
2023-11-24,GOOGL,135.40155029296875,12514300.0,Yahoo Finance,2026-09-21T08:29:09+00:00,2024-05-20
2023-11-27,GOOGL,135.1241912841797,23436500.0,Yahoo Finance,2026-09-21T08:29:09+00:00,2024-05-20
2023-11-28,GOOGL,135.90673828125,18730000.0,Yahoo Finance,2026-09-21T08:29:09+00:00,2024-05-20
2023-11-29,GOOGL,133.71759033203125,23967200.0,Yahoo Finance,2026-09-21T08:29:09+00:00,2024-05-20
2023-11-30,GOOGL,131.28076171875,38988300.0,Yahoo Finance,2026-09-21T08:29:09+00:00,2024-05-20
2023-12-01,GOOGL,130.61708068847656,31442300.0,Yahoo Finance,2026-09-21T08:29:09+00:00,2024-05-20
2023-12-04,GOOGL,128.051513671875,36669900.0,Yahoo Finance,2026-09-21T08:29:09+00:00,2024-05-20
2023-12-05,GOOGL,129.7552947998047,27384800.0,Yahoo Finance,2026-09-21T08:29:09+00:00,2024-05-20
2023-12-06,GOOGL,128.79443359375,23576200.0,Yahoo Finance,2026-09-21T08:29:09+00:00,2024-05-20
2023-12-07,GOOGL,135.6392822265625,56767100.0,Yahoo Finance,2026-09-21T08:29:09+00:00,2024-05-20
2023-12-08,GOOGL,133.71759033203125,32260100.0,Yahoo Finance,2026-09-21T08:29:09+00:00,2024-05-20
2023-12-11,GOOGL,132.03359985351562,31138000.0,Yahoo Finance,2026-09-21T08:29:09+00:00,2024-05-20
2023-12-12,GOOGL,131.27085876464844,29032800.0,Yahoo Finance,2026-09-21T08:29:09+00:00,2024-05-20
2023-12-13,GOOGL,131.32040405273438,30104800.0,Yahoo Finance,2026-09-21T08:29:09+00:00,2024-05-20
2023-12-14,GOOGL,130.69635009765625,38722400.0,Yahoo Finance,2026-09-21T08:29:09+00:00,2024-05-20
2023-12-15,GOOGL,131.35011291503906,50847100.0,Yahoo Finance,2026-09-21T08:29:09+00:00,2024-05-20
2023-12-18,GOOGL,134.51995849609375,32258000.0,Yahoo Finance,2026-09-21T08:29:09+00:00,2024-05-20
2023-12-19,GOOGL,135.36192321777344,25476800.0,Yahoo Finance,2026-09-21T08:29:09+00:00,2024-05-20
2023-12-20,GOOGL,137.03598022460938,49107200.0,Yahoo Finance,2026-09-21T08:29:09+00:00,2024-05-20
2023-12-21,GOOGL,139.096435546875,27488300.0,Yahoo Finance,2026-09-21T08:29:09+00:00,2024-05-20
2023-12-22,GOOGL,140.1563262939453,26532200.0,Yahoo Finance,2026-09-21T08:29:09+00:00,2024-05-20
2023-12-26,GOOGL,140.18605041503906,16780300.0,Yahoo Finance,2026-09-21T08:29:09+00:00,2024-05-20
2023-12-27,GOOGL,139.046875,19628600.0,Yahoo Finance,2026-09-21T08:29:09+00:00,2024-05-20
2023-12-28,GOOGL,138.908203125,16045700.0,Yahoo Finance,2026-09-21T08:29:09+00:00,2024-05-20
2023-12-29,GOOGL,138.37326049804688,18733000.0,Yahoo Finance,2026-09-21T08:29:09+00:00,2024-05-20
2024-01-02,GOOGL,136.86758422851562,23711200.0,Yahoo Finance,2026-09-21T08:29:09+00:00,2024-05-20
2024-01-03,GOOGL,137.61056518554688,24212100.0,Yahoo Finance,2026-09-21T08:29:09+00:00,2024-05-20
2024-01-04,GOOGL,135.10438537597656,27137700.0,Yahoo Finance,2026-09-21T08:29:09+00:00,2024-05-20
2024-01-05,GOOGL,134.4506072998047,22513900.0,Yahoo Finance,2026-09-21T08:29:09+00:00,2024-05-20
2024-01-08,GOOGL,137.5312957763672,21404000.0,Yahoo Finance,2026-09-21T08:29:09+00:00,2024-05-20
2024-01-09,GOOGL,139.62139892578125,24759600.0,Yahoo Finance,2026-09-21T08:29:09+00:00,2024-05-20
2024-01-10,GOOGL,140.93887329101562,21320200.0,Yahoo Finance,2026-09-21T08:29:09+00:00,2024-05-20
2024-01-11,GOOGL,140.74073791503906,24008700.0,Yahoo Finance,2026-09-21T08:29:09+00:00,2024-05-20
2024-01-12,GOOGL,141.3053741455078,18785500.0,Yahoo Finance,2026-09-21T08:29:09+00:00,2024-05-20
2024-01-16,GOOGL,141.1468963623047,22670500.0,Yahoo Finance,2026-09-21T08:29:09+00:00,2024-05-20
2024-01-17,GOOGL,140.13648986816406,20968600.0,Yahoo Finance,2026-09-21T08:29:09+00:00,2024-05-20
2024-01-18,GOOGL,142.12754821777344,25746400.0,Yahoo Finance,2026-09-21T08:29:09+00:00,2024-05-20
2024-01-19,GOOGL,145.00022888183594,34271900.0,Yahoo Finance,2026-09-21T08:29:09+00:00,2024-05-20
2024-01-22,GOOGL,144.61392211914062,32200400.0,Yahoo Finance,2026-09-21T08:29:09+00:00,2024-05-20
2024-01-23,GOOGL,145.65399169921875,21636100.0,Yahoo Finance,2026-09-21T08:29:09+00:00,2024-05-20
2024-01-24,GOOGL,147.29832458496094,25233500.0,Yahoo Finance,2026-09-21T08:29:09+00:00,2024-05-20
2024-01-25,GOOGL,150.43846130371094,29149100.0,Yahoo Finance,2026-09-21T08:29:09+00:00,2024-05-20
2024-01-26,GOOGL,150.75546264648438,26115500.0,Yahoo Finance,2026-09-21T08:29:09+00:00,2024-05-20
2024-01-29,GOOGL,152.06301879882812,27784300.0,Yahoo Finance,2026-09-21T08:29:09+00:00,2024-05-20
2024-01-30,GOOGL,150.03233337402344,36331800.0,Yahoo Finance,2026-09-21T08:29:09+00:00,2024-05-20
2024-01-31,GOOGL,138.7794189453125,71910000.0,Yahoo Finance,2026-09-21T08:29:09+00:00,2024-05-20
2024-02-01,GOOGL,139.82943725585938,40466500.0,Yahoo Finance,2026-09-21T08:29:09+00:00,2024-05-20
2024-02-02,GOOGL,141.0379180908203,62499600.0,Yahoo Finance,2026-09-21T08:29:09+00:00,2024-05-20
2024-02-05,GOOGL,142.32568359375,38505400.0,Yahoo Finance,2026-09-21T08:29:09+00:00,2024-05-20
2024-02-06,GOOGL,142.74168395996094,29128200.0,Yahoo Finance,2026-09-21T08:29:09+00:00,2024-05-20
2024-02-07,GOOGL,144.16812133789062,25208900.0,Yahoo Finance,2026-09-21T08:29:09+00:00,2024-05-20
2024-02-08,GOOGL,144.53465270996094,22563800.0,Yahoo Finance,2026-09-21T08:29:09+00:00,2024-05-20
2024-02-09,GOOGL,147.59552001953125,26829500.0,Yahoo Finance,2026-09-21T08:29:09+00:00,2024-05-20
2024-02-12,GOOGL,146.13938903808594,21564100.0,Yahoo Finance,2026-09-21T08:29:09+00:00,2024-05-20
2024-02-13,GOOGL,143.7719268798828,27837700.0,Yahoo Finance,2026-09-21T08:29:09+00:00,2024-05-20
2024-02-14,GOOGL,144.5643768310547,22704200.0,Yahoo Finance,2026-09-21T08:29:09+00:00,2024-05-20
2024-02-15,GOOGL,141.42425537109375,37590700.0,Yahoo Finance,2026-09-21T08:29:09+00:00,2024-05-20
2024-02-16,GOOGL,139.19546508789062,31468900.0,Yahoo Finance,2026-09-21T08:29:09+00:00,2024-05-20
2024-02-20,GOOGL,139.78977966308594,25144700.0,Yahoo Finance,2026-09-21T08:29:09+00:00,2024-05-20
2024-02-21,GOOGL,141.2063446044922,23223300.0,Yahoo Finance,2026-09-21T08:29:09+00:00,2024-05-20
2024-02-22,GOOGL,142.7318115234375,27191900.0,Yahoo Finance,2026-09-21T08:29:09+00:00,2024-05-20
2024-02-23,GOOGL,142.60302734375,19493800.0,Yahoo Finance,2026-09-21T08:29:09+00:00,2024-05-20
2024-02-26,GOOGL,136.2732696533203,53641800.0,Yahoo Finance,2026-09-21T08:29:09+00:00,2024-05-20
2024-02-27,GOOGL,137.57093811035156,33099200.0,Yahoo Finance,2026-09-21T08:29:09+00:00,2024-05-20
2024-02-28,GOOGL,135.094482421875,37328600.0,Yahoo Finance,2026-09-21T08:29:09+00:00,2024-05-20
2024-02-29,GOOGL,137.1548614501953,42133000.0,Yahoo Finance,2026-09-21T08:29:09+00:00,2024-05-20
2024-03-01,GOOGL,135.84730529785156,31151100.0,Yahoo Finance,2026-09-21T08:29:09+00:00,2024-05-20
2024-03-04,GOOGL,132.0930633544922,55999400.0,Yahoo Finance,2026-09-21T08:29:09+00:00,2024-05-20
2024-03-05,GOOGL,131.41944885253906,40194800.0,Yahoo Finance,2026-09-21T08:29:09+00:00,2024-05-20
2024-03-06,GOOGL,130.16143798828125,35318600.0,Yahoo Finance,2026-09-21T08:29:09+00:00,2024-05-20
2024-03-07,GOOGL,133.1133270263672,37738200.0,Yahoo Finance,2026-09-21T08:29:09+00:00,2024-05-20
2024-03-08,GOOGL,134.13360595703125,39370400.0,Yahoo Finance,2026-09-21T08:29:09+00:00,2024-05-20
2024-03-11,GOOGL,136.37232971191406,32437800.0,Yahoo Finance,2026-09-21T08:29:09+00:00,2024-05-20
2024-03-12,GOOGL,137.19448852539062,27563400.0,Yahoo Finance,2026-09-21T08:29:09+00:00,2024-05-20
2024-03-13,GOOGL,138.47235107421875,23347200.0,Yahoo Finance,2026-09-21T08:29:09+00:00,2024-05-20
2024-03-14,GOOGL,141.7511444091797,42753400.0,Yahoo Finance,2026-09-21T08:29:09+00:00,2024-05-20
2024-03-15,GOOGL,139.84922790527344,49475400.0,Yahoo Finance,2026-09-21T08:29:09+00:00,2024-05-20
2024-03-18,GOOGL,146.2879638671875,69273700.0,Yahoo Finance,2026-09-21T08:29:09+00:00,2024-05-20
2024-03-19,GOOGL,145.6440887451172,24070400.0,Yahoo Finance,2026-09-21T08:29:09+00:00,2024-05-20
2024-03-20,GOOGL,147.33798217773438,21311500.0,Yahoo Finance,2026-09-21T08:29:09+00:00,2024-05-20
2024-03-21,GOOGL,146.20870971679688,24755600.0,Yahoo Finance,2026-09-21T08:29:09+00:00,2024-05-20
2024-03-22,GOOGL,149.3488311767578,29211800.0,Yahoo Finance,2026-09-21T08:29:09+00:00,2024-05-20
2024-03-25,GOOGL,148.65545654296875,19229300.0,Yahoo Finance,2026-09-21T08:29:09+00:00,2024-05-20
2024-03-26,GOOGL,149.24978637695312,22149100.0,Yahoo Finance,2026-09-21T08:29:09+00:00,2024-05-20
2024-03-27,GOOGL,149.4478759765625,22879200.0,Yahoo Finance,2026-09-21T08:29:09+00:00,2024-05-20
2024-03-28,GOOGL,149.50735473632812,24485400.0,Yahoo Finance,2026-09-21T08:29:09+00:00,2024-05-20
2024-04-01,GOOGL,154.02438354492188,31730800.0,Yahoo Finance,2026-09-21T08:29:09+00:00,2024-05-20
2024-04-02,GOOGL,153.10311889648438,24586000.0,Yahoo Finance,2026-09-21T08:29:09+00:00,2024-05-20
2024-04-03,GOOGL,153.45973205566406,24705000.0,Yahoo Finance,2026-09-21T08:29:09+00:00,2024-05-20
2024-04-04,GOOGL,149.11109924316406,34724700.0,Yahoo Finance,2026-09-21T08:29:09+00:00,2024-05-20
2024-04-05,GOOGL,151.06251525878906,23459200.0,Yahoo Finance,2026-09-21T08:29:09+00:00,2024-05-20
2024-04-08,GOOGL,153.39039611816406,20702000.0,Yahoo Finance,2026-09-21T08:29:09+00:00,2024-05-20
2024-04-09,GOOGL,155.1239013671875,31079500.0,Yahoo Finance,2026-09-21T08:29:09+00:00,2024-05-20
2024-04-10,GOOGL,154.6682586669922,22838600.0,Yahoo Finance,2026-09-21T08:29:09+00:00,2024-05-20
2024-04-11,GOOGL,157.90740966796875,27166400.0,Yahoo Finance,2026-09-21T08:29:09+00:00,2024-05-20
2024-04-12,GOOGL,156.24325561523438,25353700.0,Yahoo Finance,2026-09-21T08:29:09+00:00,2024-05-20
2024-04-15,GOOGL,153.40029907226562,27136500.0,Yahoo Finance,2026-09-21T08:29:09+00:00,2024-05-20
2024-04-16,GOOGL,152.94464111328125,20779500.0,Yahoo Finance,2026-09-21T08:29:09+00:00,2024-05-20
2024-04-17,GOOGL,154.00453186035156,21763100.0,Yahoo Finance,2026-09-21T08:29:09+00:00,2024-05-20
2024-04-18,GOOGL,154.5394287109375,19883000.0,Yahoo Finance,2026-09-21T08:29:09+00:00,2024-05-20
2024-04-19,GOOGL,152.63754272460938,32615600.0,Yahoo Finance,2026-09-21T08:29:09+00:00,2024-05-20
2024-04-22,GOOGL,154.80690002441406,26446200.0,Yahoo Finance,2026-09-21T08:29:09+00:00,2024-05-20
2024-04-23,GOOGL,156.7682342529297,21151600.0,Yahoo Finance,2026-09-21T08:29:09+00:00,2024-05-20
2024-04-24,GOOGL,157.63003540039062,22779100.0,Yahoo Finance,2026-09-21T08:29:09+00:00,2024-05-20
2024-04-25,GOOGL,154.529541015625,57109700.0,Yahoo Finance,2026-09-21T08:29:09+00:00,2024-05-20
2024-04-26,GOOGL,170.32920837402344,64665300.0,Yahoo Finance,2026-09-21T08:29:09+00:00,2024-05-20
2024-04-29,GOOGL,164.5838623046875,45610000.0,Yahoo Finance,2026-09-21T08:29:09+00:00,2024-05-20
2024-04-30,GOOGL,161.24562072753906,33562900.0,Yahoo Finance,2026-09-21T08:29:09+00:00,2024-05-20
2024-05-01,GOOGL,162.3154296875,33493200.0,Yahoo Finance,2026-09-21T08:29:09+00:00,2024-05-20
2024-05-02,GOOGL,165.04942321777344,24294500.0,Yahoo Finance,2026-09-21T08:29:09+00:00,2024-05-20
2024-05-03,GOOGL,165.66360473632812,34662400.0,Yahoo Finance,2026-09-21T08:29:09+00:00,2024-05-20
2024-05-06,GOOGL,166.5155029296875,21871300.0,Yahoo Finance,2026-09-21T08:29:09+00:00,2024-05-20
2024-05-07,GOOGL,169.6357879638672,28039700.0,Yahoo Finance,2026-09-21T08:29:09+00:00,2024-05-20
2024-05-08,GOOGL,167.78341674804688,19569100.0,Yahoo Finance,2026-09-21T08:29:09+00:00,2024-05-20
2024-05-09,GOOGL,168.35797119140625,15346700.0,Yahoo Finance,2026-09-21T08:29:09+00:00,2024-05-20
2024-05-10,GOOGL,167.06028747558594,29799900.0,Yahoo Finance,2026-09-21T08:29:09+00:00,2024-05-20
2024-05-13,GOOGL,167.54568481445312,31327600.0,Yahoo Finance,2026-09-21T08:29:09+00:00,2024-05-20
2024-05-14,GOOGL,168.734375,25127100.0,Yahoo Finance,2026-09-21T08:29:09+00:00,2024-05-20
2024-05-15,GOOGL,170.88392639160156,26948400.0,Yahoo Finance,2026-09-21T08:29:09+00:00,2024-05-20
2024-05-16,GOOGL,172.53814697265625,27867900.0,Yahoo Finance,2026-09-21T08:29:09+00:00,2024-05-20
2024-05-17,GOOGL,174.4004669189453,24479300.0,Yahoo Finance,2026-09-21T08:29:09+00:00,2024-05-20
2024-05-20,GOOGL,175.25234985351562,22554400.0,Yahoo Finance,2026-09-21T08:29:09+00:00,2024-05-20
2023-04-17,GS,312.70703125,3012100.0,Yahoo Finance,2026-09-21T08:29:09+00:00,2024-05-20
2023-04-18,GS,307.3951721191406,7549500.0,Yahoo Finance,2026-09-21T08:29:09+00:00,2024-05-20
2023-04-19,GS,310.1385803222656,2625400.0,Yahoo Finance,2026-09-21T08:29:09+00:00,2024-05-20
2023-04-20,GS,311.8139953613281,2217900.0,Yahoo Finance,2026-09-21T08:29:09+00:00,2024-05-20
2023-04-21,GS,314.52984619140625,2278900.0,Yahoo Finance,2026-09-21T08:29:09+00:00,2024-05-20
2023-04-24,GS,316.6471252441406,1966300.0,Yahoo Finance,2026-09-21T08:29:09+00:00,2024-05-20
2023-04-25,GS,312.5229187011719,2138200.0,Yahoo Finance,2026-09-21T08:29:09+00:00,2024-05-20
2023-04-26,GS,309.834716796875,2041900.0,Yahoo Finance,2026-09-21T08:29:09+00:00,2024-05-20
2023-04-27,GS,314.47454833984375,1768200.0,Yahoo Finance,2026-09-21T08:29:09+00:00,2024-05-20
2023-04-28,GS,316.1684875488281,1714100.0,Yahoo Finance,2026-09-21T08:29:09+00:00,2024-05-20
2023-05-01,GS,313.5263671875,1375000.0,Yahoo Finance,2026-09-21T08:29:09+00:00,2024-05-20
2023-05-02,GS,306.8980712890625,2397600.0,Yahoo Finance,2026-09-21T08:29:09+00:00,2024-05-20
2023-05-03,GS,302.5528259277344,1825400.0,Yahoo Finance,2026-09-21T08:29:09+00:00,2024-05-20
2023-05-04,GS,295.7497253417969,2965100.0,Yahoo Finance,2026-09-21T08:29:09+00:00,2024-05-20
2023-05-05,GS,301.05230712890625,2413400.0,Yahoo Finance,2026-09-21T08:29:09+00:00,2024-05-20
2023-05-08,GS,300.5827941894531,1607300.0,Yahoo Finance,2026-09-21T08:29:09+00:00,2024-05-20
2023-05-09,GS,298.9809875488281,1253300.0,Yahoo Finance,2026-09-21T08:29:09+00:00,2024-05-20
2023-05-10,GS,296.9372253417969,1752200.0,Yahoo Finance,2026-09-21T08:29:09+00:00,2024-05-20
2023-05-11,GS,295.2526550292969,1515200.0,Yahoo Finance,2026-09-21T08:29:09+00:00,2024-05-20
2023-05-12,GS,294.1294250488281,1099100.0,Yahoo Finance,2026-09-21T08:29:09+00:00,2024-05-20
2023-05-15,GS,296.4953308105469,1178200.0,Yahoo Finance,2026-09-21T08:29:09+00:00,2024-05-20
2023-05-16,GS,295.3354187011719,1618900.0,Yahoo Finance,2026-09-21T08:29:09+00:00,2024-05-20
2023-05-17,GS,303.96136474609375,2098100.0,Yahoo Finance,2026-09-21T08:29:09+00:00,2024-05-20
2023-05-18,GS,303.4090270996094,1645400.0,Yahoo Finance,2026-09-21T08:29:09+00:00,2024-05-20
2023-05-19,GS,300.25140380859375,1546100.0,Yahoo Finance,2026-09-21T08:29:09+00:00,2024-05-20
2023-05-22,GS,299.1191101074219,1498900.0,Yahoo Finance,2026-09-21T08:29:09+00:00,2024-05-20
2023-05-23,GS,297.8762512207031,1550900.0,Yahoo Finance,2026-09-21T08:29:09+00:00,2024-05-20
2023-05-24,GS,294.41485595703125,1439100.0,Yahoo Finance,2026-09-21T08:29:09+00:00,2024-05-20
2023-05-25,GS,298.1615905761719,1618500.0,Yahoo Finance,2026-09-21T08:29:09+00:00,2024-05-20
2023-05-26,GS,305.64605712890625,2718700.0,Yahoo Finance,2026-09-21T08:29:09+00:00,2024-05-20
2023-05-30,GS,304.5597839355469,1998600.0,Yahoo Finance,2026-09-21T08:29:09+00:00,2024-05-20
2023-05-31,GS,300.4504699707031,2938000.0,Yahoo Finance,2026-09-21T08:29:09+00:00,2024-05-20
2023-06-01,GS,293.493408203125,3339700.0,Yahoo Finance,2026-09-21T08:29:09+00:00,2024-05-20
2023-06-02,GS,300.21856689453125,3987700.0,Yahoo Finance,2026-09-21T08:29:09+00:00,2024-05-20
2023-06-05,GS,298.51177978515625,1462900.0,Yahoo Finance,2026-09-21T08:29:09+00:00,2024-05-20
2023-06-06,GS,303.1405334472656,1495600.0,Yahoo Finance,2026-09-21T08:29:09+00:00,2024-05-20
2023-06-07,GS,311.44256591796875,3382700.0,Yahoo Finance,2026-09-21T08:29:09+00:00,2024-05-20
2023-06-08,GS,311.18280029296875,2009500.0,Yahoo Finance,2026-09-21T08:29:09+00:00,2024-05-20
2023-06-09,GS,311.69305419921875,1702100.0,Yahoo Finance,2026-09-21T08:29:09+00:00,2024-05-20
2023-06-12,GS,314.9118347167969,2290800.0,Yahoo Finance,2026-09-21T08:29:09+00:00,2024-05-20
2023-06-13,GS,317.7038879394531,1772400.0,Yahoo Finance,2026-09-21T08:29:09+00:00,2024-05-20
2023-06-14,GS,313.9192810058594,1819400.0,Yahoo Finance,2026-09-21T08:29:09+00:00,2024-05-20
2023-06-15,GS,315.1436767578125,3322700.0,Yahoo Finance,2026-09-21T08:29:09+00:00,2024-05-20
2023-06-16,GS,313.8172302246094,4544900.0,Yahoo Finance,2026-09-21T08:29:09+00:00,2024-05-20
2023-06-20,GS,306.7767028808594,3208100.0,Yahoo Finance,2026-09-21T08:29:09+00:00,2024-05-20
2023-06-21,GS,301.5357360839844,2158700.0,Yahoo Finance,2026-09-21T08:29:09+00:00,2024-05-20
2023-06-22,GS,296.4432373046875,2409100.0,Yahoo Finance,2026-09-21T08:29:09+00:00,2024-05-20
2023-06-23,GS,291.9258117675781,2612000.0,Yahoo Finance,2026-09-21T08:29:09+00:00,2024-05-20
2023-06-26,GS,289.7460021972656,2481000.0,Yahoo Finance,2026-09-21T08:29:09+00:00,2024-05-20
2023-06-27,GS,290.75701904296875,2156800.0,Yahoo Finance,2026-09-21T08:29:09+00:00,2024-05-20
2023-06-28,GS,290.95184326171875,2423500.0,Yahoo Finance,2026-09-21T08:29:09+00:00,2024-05-20
2023-06-29,GS,299.6990966796875,3553600.0,Yahoo Finance,2026-09-21T08:29:09+00:00,2024-05-20
2023-06-30,GS,299.1889343261719,2361800.0,Yahoo Finance,2026-09-21T08:29:09+00:00,2024-05-20
2023-07-03,GS,302.9642333984375,1106800.0,Yahoo Finance,2026-09-21T08:29:09+00:00,2024-05-20
2023-07-05,GS,296.8792724609375,2561000.0,Yahoo Finance,2026-09-21T08:29:09+00:00,2024-05-20
2023-07-06,GS,290.339599609375,2896900.0,Yahoo Finance,2026-09-21T08:29:09+00:00,2024-05-20
2023-07-07,GS,292.3525695800781,2903100.0,Yahoo Finance,2026-09-21T08:29:09+00:00,2024-05-20
2023-07-10,GS,293.5583801269531,1775800.0,Yahoo Finance,2026-09-21T08:29:09+00:00,2024-05-20
2023-07-11,GS,297.649169921875,2041700.0,Yahoo Finance,2026-09-21T08:29:09+00:00,2024-05-20
2023-07-12,GS,302.76947021484375,2741300.0,Yahoo Finance,2026-09-21T08:29:09+00:00,2024-05-20
2023-07-13,GS,304.8843994140625,2787800.0,Yahoo Finance,2026-09-21T08:29:09+00:00,2024-05-20
2023-07-14,GS,302.57464599609375,1815200.0,Yahoo Finance,2026-09-21T08:29:09+00:00,2024-05-20
2023-07-17,GS,303.5115966796875,1777400.0,Yahoo Finance,2026-09-21T08:29:09+00:00,2024-05-20
2023-07-18,GS,312.85247802734375,3887400.0,Yahoo Finance,2026-09-21T08:29:09+00:00,2024-05-20
2023-07-19,GS,315.8950500488281,6037400.0,Yahoo Finance,2026-09-21T08:29:09+00:00,2024-05-20
2023-07-20,GS,325.4586486816406,3915000.0,Yahoo Finance,2026-09-21T08:29:09+00:00,2024-05-20
2023-07-21,GS,326.4790344238281,3217400.0,Yahoo Finance,2026-09-21T08:29:09+00:00,2024-05-20
2023-07-24,GS,332.94439697265625,3517500.0,Yahoo Finance,2026-09-21T08:29:09+00:00,2024-05-20
2023-07-25,GS,329.0206298828125,2893000.0,Yahoo Finance,2026-09-21T08:29:09+00:00,2024-05-20
2023-07-26,GS,331.6736145019531,2281600.0,Yahoo Finance,2026-09-21T08:29:09+00:00,2024-05-20
2023-07-27,GS,328.8444519042969,2010800.0,Yahoo Finance,2026-09-21T08:29:09+00:00,2024-05-20
2023-07-28,GS,327.6570739746094,1827400.0,Yahoo Finance,2026-09-21T08:29:09+00:00,2024-05-20
2023-07-31,GS,330.1059265136719,1385500.0,Yahoo Finance,2026-09-21T08:29:09+00:00,2024-05-20
2023-08-01,GS,331.82196044921875,2024300.0,Yahoo Finance,2026-09-21T08:29:09+00:00,2024-05-20
2023-08-02,GS,325.6812744140625,2106600.0,Yahoo Finance,2026-09-21T08:29:09+00:00,2024-05-20
2023-08-03,GS,327.59210205078125,1840400.0,Yahoo Finance,2026-09-21T08:29:09+00:00,2024-05-20
2023-08-04,GS,327.6477966308594,1725300.0,Yahoo Finance,2026-09-21T08:29:09+00:00,2024-05-20
2023-08-07,GS,329.8183288574219,1260300.0,Yahoo Finance,2026-09-21T08:29:09+00:00,2024-05-20
2023-08-08,GS,323.046875,1917300.0,Yahoo Finance,2026-09-21T08:29:09+00:00,2024-05-20
2023-08-09,GS,317.880126953125,1326000.0,Yahoo Finance,2026-09-21T08:29:09+00:00,2024-05-20
2023-08-10,GS,315.75592041015625,1345900.0,Yahoo Finance,2026-09-21T08:29:09+00:00,2024-05-20
2023-08-11,GS,316.06207275390625,1256800.0,Yahoo Finance,2026-09-21T08:29:09+00:00,2024-05-20
2023-08-14,GS,313.2884826660156,1347000.0,Yahoo Finance,2026-09-21T08:29:09+00:00,2024-05-20
2023-08-15,GS,308.158935546875,1657800.0,Yahoo Finance,2026-09-21T08:29:09+00:00,2024-05-20
2023-08-16,GS,305.2832946777344,3340300.0,Yahoo Finance,2026-09-21T08:29:09+00:00,2024-05-20
2023-08-17,GS,303.80841064453125,3135200.0,Yahoo Finance,2026-09-21T08:29:09+00:00,2024-05-20
2023-08-18,GS,301.4058837890625,1730500.0,Yahoo Finance,2026-09-21T08:29:09+00:00,2024-05-20
2023-08-21,GS,298.7436828613281,1983500.0,Yahoo Finance,2026-09-21T08:29:09+00:00,2024-05-20
2023-08-22,GS,295.71044921875,1810300.0,Yahoo Finance,2026-09-21T08:29:09+00:00,2024-05-20
2023-08-23,GS,298.994140625,1429000.0,Yahoo Finance,2026-09-21T08:29:09+00:00,2024-05-20
2023-08-24,GS,296.7957458496094,1185600.0,Yahoo Finance,2026-09-21T08:29:09+00:00,2024-05-20
2023-08-25,GS,296.971923828125,1159600.0,Yahoo Finance,2026-09-21T08:29:09+00:00,2024-05-20
2023-08-28,GS,302.3706359863281,1440100.0,Yahoo Finance,2026-09-21T08:29:09+00:00,2024-05-20
2023-08-29,GS,308.4742126464844,1831700.0,Yahoo Finance,2026-09-21T08:29:09+00:00,2024-05-20
2023-08-30,GS,307.3331298828125,1131500.0,Yahoo Finance,2026-09-21T08:29:09+00:00,2024-05-20
2023-08-31,GS,306.5194091796875,1271100.0,Yahoo Finance,2026-09-21T08:29:09+00:00,2024-05-20
2023-09-01,GS,306.22943115234375,1201400.0,Yahoo Finance,2026-09-21T08:29:09+00:00,2024-05-20
2023-09-05,GS,302.8154296875,1846000.0,Yahoo Finance,2026-09-21T08:29:09+00:00,2024-05-20
2023-09-06,GS,300.3648986816406,2120800.0,Yahoo Finance,2026-09-21T08:29:09+00:00,2024-05-20
2023-09-07,GS,301.1412048339844,1471100.0,Yahoo Finance,2026-09-21T08:29:09+00:00,2024-05-20
2023-09-08,GS,304.47100830078125,2026400.0,Yahoo Finance,2026-09-21T08:29:09+00:00,2024-05-20
2023-09-11,GS,303.65728759765625,1283100.0,Yahoo Finance,2026-09-21T08:29:09+00:00,2024-05-20
2023-09-12,GS,309.5030822753906,2054700.0,Yahoo Finance,2026-09-21T08:29:09+00:00,2024-05-20
2023-09-13,GS,313.3193054199219,2165000.0,Yahoo Finance,2026-09-21T08:29:09+00:00,2024-05-20
2023-09-14,GS,322.2892150878906,2822700.0,Yahoo Finance,2026-09-21T08:29:09+00:00,2024-05-20
2023-09-15,GS,320.3904724121094,3063900.0,Yahoo Finance,2026-09-21T08:29:09+00:00,2024-05-20
2023-09-18,GS,321.12005615234375,1356600.0,Yahoo Finance,2026-09-21T08:29:09+00:00,2024-05-20
2023-09-19,GS,319.782470703125,1660200.0,Yahoo Finance,2026-09-21T08:29:09+00:00,2024-05-20
2023-09-20,GS,314.92816162109375,1224400.0,Yahoo Finance,2026-09-21T08:29:09+00:00,2024-05-20
2023-09-21,GS,308.88580322265625,1685100.0,Yahoo Finance,2026-09-21T08:29:09+00:00,2024-05-20
2023-09-22,GS,306.6877746582031,1669100.0,Yahoo Finance,2026-09-21T08:29:09+00:00,2024-05-20
2023-09-25,GS,307.5762634277344,833300.0,Yahoo Finance,2026-09-21T08:29:09+00:00,2024-05-20
2023-09-26,GS,302.8809814453125,1481800.0,Yahoo Finance,2026-09-21T08:29:09+00:00,2024-05-20
2023-09-27,GS,301.1318359375,1493000.0,Yahoo Finance,2026-09-21T08:29:09+00:00,2024-05-20
2023-09-28,GS,304.1717224121094,1389600.0,Yahoo Finance,2026-09-21T08:29:09+00:00,2024-05-20
2023-09-29,GS,302.6470642089844,1403900.0,Yahoo Finance,2026-09-21T08:29:09+00:00,2024-05-20
2023-10-02,GS,297.9049377441406,1303800.0,Yahoo Finance,2026-09-21T08:29:09+00:00,2024-05-20
2023-10-03,GS,286.3254089355469,3118600.0,Yahoo Finance,2026-09-21T08:29:09+00:00,2024-05-20
2023-10-04,GS,288.6451110839844,1872000.0,Yahoo Finance,2026-09-21T08:29:09+00:00,2024-05-20
2023-10-05,GS,290.4222717285156,1584600.0,Yahoo Finance,2026-09-21T08:29:09+00:00,2024-05-20
2023-10-06,GS,292.27423095703125,1595100.0,Yahoo Finance,2026-09-21T08:29:09+00:00,2024-05-20
2023-10-09,GS,292.395751953125,1094400.0,Yahoo Finance,2026-09-21T08:29:09+00:00,2024-05-20
2023-10-10,GS,294.4161376953125,1193800.0,Yahoo Finance,2026-09-21T08:29:09+00:00,2024-05-20
2023-10-11,GS,292.7792663574219,1672500.0,Yahoo Finance,2026-09-21T08:29:09+00:00,2024-05-20
2023-10-12,GS,289.81427001953125,1727700.0,Yahoo Finance,2026-09-21T08:29:09+00:00,2024-05-20
2023-10-13,GS,289.29986572265625,1785200.0,Yahoo Finance,2026-09-21T08:29:09+00:00,2024-05-20
2023-10-16,GS,294.0606994628906,2273900.0,Yahoo Finance,2026-09-21T08:29:09+00:00,2024-05-20
2023-10-17,GS,289.35589599609375,4123000.0,Yahoo Finance,2026-09-21T08:29:09+00:00,2024-05-20
2023-10-18,GS,282.4344787597656,3460300.0,Yahoo Finance,2026-09-21T08:29:09+00:00,2024-05-20
2023-10-19,GS,279.8436279296875,3211800.0,Yahoo Finance,2026-09-21T08:29:09+00:00,2024-05-20
2023-10-20,GS,280.64794921875,2329000.0,Yahoo Finance,2026-09-21T08:29:09+00:00,2024-05-20
2023-10-23,GS,279.8716125488281,2959800.0,Yahoo Finance,2026-09-21T08:29:09+00:00,2024-05-20
2023-10-24,GS,279.83416748046875,1697100.0,Yahoo Finance,2026-09-21T08:29:09+00:00,2024-05-20
2023-10-25,GS,277.57073974609375,1809300.0,Yahoo Finance,2026-09-21T08:29:09+00:00,2024-05-20
2023-10-26,GS,277.7857971191406,2011200.0,Yahoo Finance,2026-09-21T08:29:09+00:00,2024-05-20
2023-10-27,GS,271.1637268066406,2601700.0,Yahoo Finance,2026-09-21T08:29:09+00:00,2024-05-20
2023-10-30,GS,281.3774719238281,3065200.0,Yahoo Finance,2026-09-21T08:29:09+00:00,2024-05-20
2023-10-31,GS,283.97772216796875,2611000.0,Yahoo Finance,2026-09-21T08:29:09+00:00,2024-05-20
2023-11-01,GS,287.2981872558594,2345400.0,Yahoo Finance,2026-09-21T08:29:09+00:00,2024-05-20
2023-11-02,GS,293.471435546875,2597000.0,Yahoo Finance,2026-09-21T08:29:09+00:00,2024-05-20
2023-11-03,GS,306.4351806640625,3742000.0,Yahoo Finance,2026-09-21T08:29:09+00:00,2024-05-20
2023-11-06,GS,302.96514892578125,2087600.0,Yahoo Finance,2026-09-21T08:29:09+00:00,2024-05-20
2023-11-07,GS,303.0025329589844,1505000.0,Yahoo Finance,2026-09-21T08:29:09+00:00,2024-05-20
2023-11-08,GS,303.57305908203125,1484400.0,Yahoo Finance,2026-09-21T08:29:09+00:00,2024-05-20
2023-11-09,GS,300.0375061035156,1787900.0,Yahoo Finance,2026-09-21T08:29:09+00:00,2024-05-20
2023-11-10,GS,304.461669921875,1781400.0,Yahoo Finance,2026-09-21T08:29:09+00:00,2024-05-20
2023-11-13,GS,305.7711486816406,1403300.0,Yahoo Finance,2026-09-21T08:29:09+00:00,2024-05-20
2023-11-14,GS,316.8175048828125,3592700.0,Yahoo Finance,2026-09-21T08:29:09+00:00,2024-05-20
2023-11-15,GS,315.7698974609375,2534500.0,Yahoo Finance,2026-09-21T08:29:09+00:00,2024-05-20
2023-11-16,GS,314.9000244140625,1620400.0,Yahoo Finance,2026-09-21T08:29:09+00:00,2024-05-20
2023-11-17,GS,317.2570495605469,1465200.0,Yahoo Finance,2026-09-21T08:29:09+00:00,2024-05-20
2023-11-20,GS,317.500244140625,3146000.0,Yahoo Finance,2026-09-21T08:29:09+00:00,2024-05-20
2023-11-21,GS,313.3099365234375,1900900.0,Yahoo Finance,2026-09-21T08:29:09+00:00,2024-05-20
2023-11-22,GS,316.74261474609375,1235200.0,Yahoo Finance,2026-09-21T08:29:09+00:00,2024-05-20
2023-11-24,GS,317.2196044921875,460100.0,Yahoo Finance,2026-09-21T08:29:09+00:00,2024-05-20
2023-11-27,GS,315.8727722167969,1250500.0,Yahoo Finance,2026-09-21T08:29:09+00:00,2024-05-20
2023-11-28,GS,315.81658935546875,1419000.0,Yahoo Finance,2026-09-21T08:29:09+00:00,2024-05-20
2023-11-29,GS,320.8712463378906,2038100.0,Yahoo Finance,2026-09-21T08:29:09+00:00,2024-05-20
2023-11-30,GS,322.0782775878906,1903600.0,Yahoo Finance,2026-09-21T08:29:09+00:00,2024-05-20
2023-12-01,GS,328.57562255859375,3623300.0,Yahoo Finance,2026-09-21T08:29:09+00:00,2024-05-20
2023-12-04,GS,329.48095703125,2178100.0,Yahoo Finance,2026-09-21T08:29:09+00:00,2024-05-20
2023-12-05,GS,322.2763671875,2429700.0,Yahoo Finance,2026-09-21T08:29:09+00:00,2024-05-20
2023-12-06,GS,322.4837951660156,1869300.0,Yahoo Finance,2026-09-21T08:29:09+00:00,2024-05-20
2023-12-07,GS,324.9827575683594,2162400.0,Yahoo Finance,2026-09-21T08:29:09+00:00,2024-05-20
2023-12-08,GS,330.8388977050781,2238800.0,Yahoo Finance,2026-09-21T08:29:09+00:00,2024-05-20
2023-12-11,GS,331.7159423828125,1636000.0,Yahoo Finance,2026-09-21T08:29:09+00:00,2024-05-20
2023-12-12,GS,332.5174865722656,1597600.0,Yahoo Finance,2026-09-21T08:29:09+00:00,2024-05-20
2023-12-13,GS,342.0608215332031,2876500.0,Yahoo Finance,2026-09-21T08:29:09+00:00,2024-05-20
2023-12-14,GS,361.6190185546875,5376300.0,Yahoo Finance,2026-09-21T08:29:09+00:00,2024-05-20
2023-12-15,GS,358.82769775390625,4522300.0,Yahoo Finance,2026-09-21T08:29:09+00:00,2024-05-20
2023-12-18,GS,354.951904296875,2740900.0,Yahoo Finance,2026-09-21T08:29:09+00:00,2024-05-20
2023-12-19,GS,360.6571350097656,2091800.0,Yahoo Finance,2026-09-21T08:29:09+00:00,2024-05-20
2023-12-20,GS,356.0080261230469,1836500.0,Yahoo Finance,2026-09-21T08:29:09+00:00,2024-05-20
2023-12-21,GS,358.8843078613281,1301600.0,Yahoo Finance,2026-09-21T08:29:09+00:00,2024-05-20
2023-12-22,GS,358.9596862792969,1538200.0,Yahoo Finance,2026-09-21T08:29:09+00:00,2024-05-20
2023-12-26,GS,359.86492919921875,837300.0,Yahoo Finance,2026-09-21T08:29:09+00:00,2024-05-20
2023-12-27,GS,362.5714416503906,1367200.0,Yahoo Finance,2026-09-21T08:29:09+00:00,2024-05-20
2023-12-28,GS,364.3914794921875,1024700.0,Yahoo Finance,2026-09-21T08:29:09+00:00,2024-05-20
2023-12-29,GS,363.7879638671875,881300.0,Yahoo Finance,2026-09-21T08:29:09+00:00,2024-05-20
2024-01-02,GS,366.1737976074219,2263100.0,Yahoo Finance,2026-09-21T08:29:09+00:00,2024-05-20
2024-01-03,GS,360.0347900390625,2265300.0,Yahoo Finance,2026-09-21T08:29:09+00:00,2024-05-20
2024-01-04,GS,361.128662109375,1618300.0,Yahoo Finance,2026-09-21T08:29:09+00:00,2024-05-20
2024-01-05,GS,364.4197692871094,2913900.0,Yahoo Finance,2026-09-21T08:29:09+00:00,2024-05-20
2024-01-08,GS,366.70184326171875,1902600.0,Yahoo Finance,2026-09-21T08:29:09+00:00,2024-05-20
2024-01-09,GS,361.87359619140625,1708800.0,Yahoo Finance,2026-09-21T08:29:09+00:00,2024-05-20
2024-01-10,GS,360.1950988769531,1547300.0,Yahoo Finance,2026-09-21T08:29:09+00:00,2024-05-20
2024-01-11,GS,358.11102294921875,2209900.0,Yahoo Finance,2026-09-21T08:29:09+00:00,2024-05-20
2024-01-12,GS,356.2249755859375,2223800.0,Yahoo Finance,2026-09-21T08:29:09+00:00,2024-05-20
2024-01-16,GS,358.7711181640625,3926600.0,Yahoo Finance,2026-09-21T08:29:09+00:00,2024-05-20
2024-01-17,GS,355.6874084472656,2415100.0,Yahoo Finance,2026-09-21T08:29:09+00:00,2024-05-20
2024-01-18,GS,355.432861328125,1771200.0,Yahoo Finance,2026-09-21T08:29:09+00:00,2024-05-20
2024-01-19,GS,360.4214172363281,2603300.0,Yahoo Finance,2026-09-21T08:29:09+00:00,2024-05-20
2024-01-22,GS,363.9671325683594,2922700.0,Yahoo Finance,2026-09-21T08:29:09+00:00,2024-05-20
2024-01-23,GS,359.0728759765625,3313300.0,Yahoo Finance,2026-09-21T08:29:09+00:00,2024-05-20
2024-01-24,GS,357.7809753417969,2235800.0,Yahoo Finance,2026-09-21T08:29:09+00:00,2024-05-20
2024-01-25,GS,360.8929138183594,2376300.0,Yahoo Finance,2026-09-21T08:29:09+00:00,2024-05-20
2024-01-26,GS,356.2626953125,3464700.0,Yahoo Finance,2026-09-21T08:29:09+00:00,2024-05-20
2024-01-29,GS,358.87481689453125,1632300.0,Yahoo Finance,2026-09-21T08:29:09+00:00,2024-05-20
2024-01-30,GS,364.8252868652344,3897900.0,Yahoo Finance,2026-09-21T08:29:09+00:00,2024-05-20
2024-01-31,GS,362.1282653808594,3421100.0,Yahoo Finance,2026-09-21T08:29:09+00:00,2024-05-20
2024-02-01,GS,361.9773864746094,2138500.0,Yahoo Finance,2026-09-21T08:29:09+00:00,2024-05-20
2024-02-02,GS,365.7589111328125,2180900.0,Yahoo Finance,2026-09-21T08:29:09+00:00,2024-05-20
2024-02-05,GS,361.19464111328125,2231100.0,Yahoo Finance,2026-09-21T08:29:09+00:00,2024-05-20
2024-02-06,GS,363.0523986816406,1487800.0,Yahoo Finance,2026-09-21T08:29:09+00:00,2024-05-20
2024-02-07,GS,364.62725830078125,1963200.0,Yahoo Finance,2026-09-21T08:29:09+00:00,2024-05-20
2024-02-08,GS,363.09954833984375,1913700.0,Yahoo Finance,2026-09-21T08:29:09+00:00,2024-05-20
2024-02-09,GS,362.3639831542969,2028200.0,Yahoo Finance,2026-09-21T08:29:09+00:00,2024-05-20
2024-02-12,GS,370.2664794921875,2797200.0,Yahoo Finance,2026-09-21T08:29:09+00:00,2024-05-20
2024-02-13,GS,357.16796875,3030800.0,Yahoo Finance,2026-09-21T08:29:09+00:00,2024-05-20
2024-02-14,GS,356.4984436035156,2041300.0,Yahoo Finance,2026-09-21T08:29:09+00:00,2024-05-20
2024-02-15,GS,363.4578857421875,2218900.0,Yahoo Finance,2026-09-21T08:29:09+00:00,2024-05-20
2024-02-16,GS,362.53375244140625,2376800.0,Yahoo Finance,2026-09-21T08:29:09+00:00,2024-05-20
2024-02-20,GS,362.60919189453125,2358900.0,Yahoo Finance,2026-09-21T08:29:09+00:00,2024-05-20
2024-02-21,GS,366.1455078125,1772500.0,Yahoo Finance,2026-09-21T08:29:09+00:00,2024-05-20
2024-02-22,GS,368.22015380859375,2326800.0,Yahoo Finance,2026-09-21T08:29:09+00:00,2024-05-20
2024-02-23,GS,368.76708984375,2247400.0,Yahoo Finance,2026-09-21T08:29:09+00:00,2024-05-20
2024-02-26,GS,367.9844055175781,1797800.0,Yahoo Finance,2026-09-21T08:29:09+00:00,2024-05-20
2024-02-27,GS,368.540771484375,1724900.0,Yahoo Finance,2026-09-21T08:29:09+00:00,2024-05-20
2024-02-28,GS,373.4032287597656,2572900.0,Yahoo Finance,2026-09-21T08:29:09+00:00,2024-05-20
2024-02-29,GS,369.4809875488281,3139100.0,Yahoo Finance,2026-09-21T08:29:09+00:00,2024-05-20
2024-03-01,GS,368.5787658691406,1697700.0,Yahoo Finance,2026-09-21T08:29:09+00:00,2024-05-20
2024-03-04,GS,372.5200500488281,1955100.0,Yahoo Finance,2026-09-21T08:29:09+00:00,2024-05-20
2024-03-05,GS,371.2474060058594,2697800.0,Yahoo Finance,2026-09-21T08:29:09+00:00,2024-05-20
2024-03-06,GS,369.9748229980469,2692400.0,Yahoo Finance,2026-09-21T08:29:09+00:00,2024-05-20
2024-03-07,GS,368.89215087890625,2033100.0,Yahoo Finance,2026-09-21T08:29:09+00:00,2024-05-20
2024-03-08,GS,367.52459716796875,1657200.0,Yahoo Finance,2026-09-21T08:29:09+00:00,2024-05-20
2024-03-11,GS,366.73638916015625,1654200.0,Yahoo Finance,2026-09-21T08:29:09+00:00,2024-05-20
2024-03-12,GS,368.6547546386719,1703900.0,Yahoo Finance,2026-09-21T08:29:09+00:00,2024-05-20
2024-03-13,GS,372.5770568847656,2370600.0,Yahoo Finance,2026-09-21T08:29:09+00:00,2024-05-20
2024-03-14,GS,369.0630798339844,3029500.0,Yahoo Finance,2026-09-21T08:29:09+00:00,2024-05-20
2024-03-15,GS,367.73358154296875,3763900.0,Yahoo Finance,2026-09-21T08:29:09+00:00,2024-05-20
2024-03-18,GS,365.036376953125,2069000.0,Yahoo Finance,2026-09-21T08:29:09+00:00,2024-05-20
2024-03-19,GS,369.110595703125,1858200.0,Yahoo Finance,2026-09-21T08:29:09+00:00,2024-05-20
2024-03-20,GS,376.5278015136719,2157400.0,Yahoo Finance,2026-09-21T08:29:09+00:00,2024-05-20
2024-03-21,GS,392.90057373046875,4613800.0,Yahoo Finance,2026-09-21T08:29:09+00:00,2024-05-20
2024-03-22,GS,386.3572692871094,2190300.0,Yahoo Finance,2026-09-21T08:29:09+00:00,2024-05-20
2024-03-25,GS,384.5717468261719,1683900.0,Yahoo Finance,2026-09-21T08:29:09+00:00,2024-05-20
2024-03-26,GS,385.7493591308594,1407000.0,Yahoo Finance,2026-09-21T08:29:09+00:00,2024-05-20
2024-03-27,GS,394.3631286621094,2353600.0,Yahoo Finance,2026-09-21T08:29:09+00:00,2024-05-20
2024-03-28,GS,396.6803894042969,2409700.0,Yahoo Finance,2026-09-21T08:29:09+00:00,2024-05-20
2024-04-01,GS,392.7106018066406,1863900.0,Yahoo Finance,2026-09-21T08:29:09+00:00,2024-05-20
2024-04-02,GS,389.5196228027344,1976000.0,Yahoo Finance,2026-09-21T08:29:09+00:00,2024-05-20
2024-04-03,GS,393.1759948730469,1549200.0,Yahoo Finance,2026-09-21T08:29:09+00:00,2024-05-20
2024-04-04,GS,385.8158264160156,1704700.0,Yahoo Finance,2026-09-21T08:29:09+00:00,2024-05-20
2024-04-05,GS,387.5442810058594,1694900.0,Yahoo Finance,2026-09-21T08:29:09+00:00,2024-05-20
2024-04-08,GS,389.8901062011719,1181900.0,Yahoo Finance,2026-09-21T08:29:09+00:00,2024-05-20
2024-04-09,GS,390.05145263671875,1247200.0,Yahoo Finance,2026-09-21T08:29:09+00:00,2024-05-20
2024-04-10,GS,380.60198974609375,1903300.0,Yahoo Finance,2026-09-21T08:29:09+00:00,2024-05-20
2024-04-11,GS,377.4869689941406,2176200.0,Yahoo Finance,2026-09-21T08:29:09+00:00,2024-05-20
2024-04-12,GS,369.8988037109375,2815800.0,Yahoo Finance,2026-09-21T08:29:09+00:00,2024-05-20
2024-04-15,GS,380.7159729003906,6177000.0,Yahoo Finance,2026-09-21T08:29:09+00:00,2024-05-20
2024-04-16,GS,376.8981018066406,3459700.0,Yahoo Finance,2026-09-21T08:29:09+00:00,2024-05-20
2024-04-17,GS,383.5935363769531,4373800.0,Yahoo Finance,2026-09-21T08:29:09+00:00,2024-05-20
2024-04-18,GS,382.8337707519531,2776300.0,Yahoo Finance,2026-09-21T08:29:09+00:00,2024-05-20
2024-04-19,GS,383.67901611328125,2805500.0,Yahoo Finance,2026-09-21T08:29:09+00:00,2024-05-20
2024-04-22,GS,396.3575134277344,4165600.0,Yahoo Finance,2026-09-21T08:29:09+00:00,2024-05-20
2024-04-23,GS,402.6730041503906,2662300.0,Yahoo Finance,2026-09-21T08:29:09+00:00,2024-05-20
2024-04-24,GS,401.7613220214844,1575900.0,Yahoo Finance,2026-09-21T08:29:09+00:00,2024-05-20
2024-04-25,GS,398.9216613769531,1970100.0,Yahoo Finance,2026-09-21T08:29:09+00:00,2024-05-20
2024-04-26,GS,406.0635070800781,2322700.0,Yahoo Finance,2026-09-21T08:29:09+00:00,2024-05-20
2024-04-29,GS,409.1404724121094,2453000.0,Yahoo Finance,2026-09-21T08:29:09+00:00,2024-05-20
2024-04-30,GS,405.2466735839844,1829900.0,Yahoo Finance,2026-09-21T08:29:09+00:00,2024-05-20
2024-05-01,GS,405.4745788574219,2310100.0,Yahoo Finance,2026-09-21T08:29:09+00:00,2024-05-20
2024-05-02,GS,410.8119201660156,2087500.0,Yahoo Finance,2026-09-21T08:29:09+00:00,2024-05-20
2024-05-03,GS,416.13970947265625,2406300.0,Yahoo Finance,2026-09-21T08:29:09+00:00,2024-05-20
2024-05-06,GS,421.3536376953125,1914300.0,Yahoo Finance,2026-09-21T08:29:09+00:00,2024-05-20
2024-05-07,GS,421.4770812988281,2058200.0,Yahoo Finance,2026-09-21T08:29:09+00:00,2024-05-20
2024-05-08,GS,424.4686279296875,2006700.0,Yahoo Finance,2026-09-21T08:29:09+00:00,2024-05-20
2024-05-09,GS,432.6455993652344,2710200.0,Yahoo Finance,2026-09-21T08:29:09+00:00,2024-05-20
2024-05-10,GS,431.8573303222656,1823900.0,Yahoo Finance,2026-09-21T08:29:09+00:00,2024-05-20
2024-05-13,GS,430.74615478515625,1579600.0,Yahoo Finance,2026-09-21T08:29:09+00:00,2024-05-20
2024-05-14,GS,435.4092102050781,2412900.0,Yahoo Finance,2026-09-21T08:29:09+00:00,2024-05-20
2024-05-15,GS,442.6458740234375,2217700.0,Yahoo Finance,2026-09-21T08:29:09+00:00,2024-05-20
2024-05-16,GS,441.1549072265625,2070300.0,Yahoo Finance,2026-09-21T08:29:09+00:00,2024-05-20
2024-05-17,GS,444.1939392089844,1655900.0,Yahoo Finance,2026-09-21T08:29:09+00:00,2024-05-20
2024-05-20,GS,439.6543884277344,2591500.0,Yahoo Finance,2026-09-21T08:29:09+00:00,2024-05-20
2023-04-17,HD,269.8312683105469,2621900.0,Yahoo Finance,2026-09-21T08:29:09+00:00,2024-05-20
2023-04-18,HD,273.07403564453125,2847800.0,Yahoo Finance,2026-09-21T08:29:09+00:00,2024-05-20
2023-04-19,HD,271.2106018066406,2889300.0,Yahoo Finance,2026-09-21T08:29:09+00:00,2024-05-20
2023-04-20,HD,272.7268981933594,3371800.0,Yahoo Finance,2026-09-21T08:29:09+00:00,2024-05-20
2023-04-21,HD,274.0696105957031,3506700.0,Yahoo Finance,2026-09-21T08:29:09+00:00,2024-05-20
2023-04-24,HD,275.5311584472656,2515400.0,Yahoo Finance,2026-09-21T08:29:09+00:00,2024-05-20
2023-04-25,HD,270.6807556152344,4529500.0,Yahoo Finance,2026-09-21T08:29:09+00:00,2024-05-20
2023-04-26,HD,263.1357727050781,4037400.0,Yahoo Finance,2026-09-21T08:29:09+00:00,2024-05-20
2023-04-27,HD,268.4884948730469,3133600.0,Yahoo Finance,2026-09-21T08:29:09+00:00,2024-05-20
2023-04-28,HD,274.5263671875,4063400.0,Yahoo Finance,2026-09-21T08:29:09+00:00,2024-05-20
2023-05-01,HD,271.9322204589844,2970000.0,Yahoo Finance,2026-09-21T08:29:09+00:00,2024-05-20
2023-05-02,HD,268.8082580566406,3413200.0,Yahoo Finance,2026-09-21T08:29:09+00:00,2024-05-20
2023-05-03,HD,267.7120666503906,2743400.0,Yahoo Finance,2026-09-21T08:29:09+00:00,2024-05-20
2023-05-04,HD,261.0165710449219,4422500.0,Yahoo Finance,2026-09-21T08:29:09+00:00,2024-05-20
2023-05-05,HD,264.5516052246094,3806600.0,Yahoo Finance,2026-09-21T08:29:09+00:00,2024-05-20
2023-05-08,HD,263.0078125,3736500.0,Yahoo Finance,2026-09-21T08:29:09+00:00,2024-05-20
2023-05-09,HD,265.4284973144531,2570000.0,Yahoo Finance,2026-09-21T08:29:09+00:00,2024-05-20
2023-05-10,HD,264.0126037597656,3571000.0,Yahoo Finance,2026-09-21T08:29:09+00:00,2024-05-20
2023-05-11,HD,262.7886657714844,3859700.0,Yahoo Finance,2026-09-21T08:29:09+00:00,2024-05-20
2023-05-12,HD,265.3279724121094,3438300.0,Yahoo Finance,2026-09-21T08:29:09+00:00,2024-05-20
2023-05-15,HD,263.56512451171875,5353600.0,Yahoo Finance,2026-09-21T08:29:09+00:00,2024-05-20
2023-05-16,HD,257.8925476074219,12362100.0,Yahoo Finance,2026-09-21T08:29:09+00:00,2024-05-20
2023-05-17,HD,267.08184814453125,7956900.0,Yahoo Finance,2026-09-21T08:29:09+00:00,2024-05-20
2023-05-18,HD,269.6120910644531,4547000.0,Yahoo Finance,2026-09-21T08:29:09+00:00,2024-05-20
2023-05-19,HD,265.7025451660156,4470600.0,Yahoo Finance,2026-09-21T08:29:09+00:00,2024-05-20
2023-05-22,HD,265.5015563964844,3736200.0,Yahoo Finance,2026-09-21T08:29:09+00:00,2024-05-20
2023-05-23,HD,269.4111022949219,5352200.0,Yahoo Finance,2026-09-21T08:29:09+00:00,2024-05-20
2023-05-24,HD,265.9034729003906,4978200.0,Yahoo Finance,2026-09-21T08:29:09+00:00,2024-05-20
2023-05-25,HD,261.9300231933594,5355900.0,Yahoo Finance,2026-09-21T08:29:09+00:00,2024-05-20
2023-05-26,HD,267.48370361328125,4626100.0,Yahoo Finance,2026-09-21T08:29:09+00:00,2024-05-20
2023-05-30,HD,267.0909729003906,5193300.0,Yahoo Finance,2026-09-21T08:29:09+00:00,2024-05-20
2023-05-31,HD,260.7795715332031,18288800.0,Yahoo Finance,2026-09-21T08:29:09+00:00,2024-05-20
2023-06-01,HD,265.324462890625,4305100.0,Yahoo Finance,2026-09-21T08:29:09+00:00,2024-05-20
2023-06-02,HD,272.2706298828125,4515600.0,Yahoo Finance,2026-09-21T08:29:09+00:00,2024-05-20
2023-06-05,HD,269.65777587890625,3028800.0,Yahoo Finance,2026-09-21T08:29:09+00:00,2024-05-20
2023-06-06,HD,272.3258361816406,2855400.0,Yahoo Finance,2026-09-21T08:29:09+00:00,2024-05-20
2023-06-07,HD,277.57000732421875,4842700.0,Yahoo Finance,2026-09-21T08:29:09+00:00,2024-05-20
2023-06-08,HD,277.0087890625,3757300.0,Yahoo Finance,2026-09-21T08:29:09+00:00,2024-05-20
2023-06-09,HD,273.5679016113281,3485800.0,Yahoo Finance,2026-09-21T08:29:09+00:00,2024-05-20
2023-06-12,HD,276.7971496582031,4456600.0,Yahoo Finance,2026-09-21T08:29:09+00:00,2024-05-20
2023-06-13,HD,276.0794677734375,4043400.0,Yahoo Finance,2026-09-21T08:29:09+00:00,2024-05-20
2023-06-14,HD,275.7391357421875,4176000.0,Yahoo Finance,2026-09-21T08:29:09+00:00,2024-05-20
2023-06-15,HD,277.8643493652344,4109700.0,Yahoo Finance,2026-09-21T08:29:09+00:00,2024-05-20
2023-06-16,HD,276.3554992675781,10809300.0,Yahoo Finance,2026-09-21T08:29:09+00:00,2024-05-20
2023-06-20,HD,277.3031311035156,3371100.0,Yahoo Finance,2026-09-21T08:29:09+00:00,2024-05-20
2023-06-21,HD,276.64996337890625,2713300.0,Yahoo Finance,2026-09-21T08:29:09+00:00,2024-05-20
2023-06-22,HD,277.0915222167969,3052000.0,Yahoo Finance,2026-09-21T08:29:09+00:00,2024-05-20
2023-06-23,HD,276.7511901855469,8525900.0,Yahoo Finance,2026-09-21T08:29:09+00:00,2024-05-20
2023-06-26,HD,283.264892578125,4440100.0,Yahoo Finance,2026-09-21T08:29:09+00:00,2024-05-20
2023-06-27,HD,288.6470031738281,5342500.0,Yahoo Finance,2026-09-21T08:29:09+00:00,2024-05-20
2023-06-28,HD,281.9952392578125,4025600.0,Yahoo Finance,2026-09-21T08:29:09+00:00,2024-05-20
2023-06-29,HD,283.2004699707031,3279700.0,Yahoo Finance,2026-09-21T08:29:09+00:00,2024-05-20
2023-06-30,HD,285.79498291015625,3230700.0,Yahoo Finance,2026-09-21T08:29:09+00:00,2024-05-20
2023-07-03,HD,285.2244873046875,1483300.0,Yahoo Finance,2026-09-21T08:29:09+00:00,2024-05-20
2023-07-05,HD,285.942138671875,2496000.0,Yahoo Finance,2026-09-21T08:29:09+00:00,2024-05-20
2023-07-06,HD,277.8643493652344,4828300.0,Yahoo Finance,2026-09-21T08:29:09+00:00,2024-05-20
2023-07-07,HD,278.5912170410156,2951900.0,Yahoo Finance,2026-09-21T08:29:09+00:00,2024-05-20
2023-07-10,HD,285.46368408203125,3246700.0,Yahoo Finance,2026-09-21T08:29:09+00:00,2024-05-20
2023-07-11,HD,288.57342529296875,2913800.0,Yahoo Finance,2026-09-21T08:29:09+00:00,2024-05-20
2023-07-12,HD,292.1246643066406,5300500.0,Yahoo Finance,2026-09-21T08:29:09+00:00,2024-05-20
2023-07-13,HD,289.4382629394531,3235600.0,Yahoo Finance,2026-09-21T08:29:09+00:00,2024-05-20
2023-07-14,HD,291.1862487792969,2942100.0,Yahoo Finance,2026-09-21T08:29:09+00:00,2024-05-20
2023-07-17,HD,290.77227783203125,2002500.0,Yahoo Finance,2026-09-21T08:29:09+00:00,2024-05-20
2023-07-18,HD,291.42547607421875,2315600.0,Yahoo Finance,2026-09-21T08:29:09+00:00,2024-05-20
2023-07-19,HD,293.9278564453125,2361400.0,Yahoo Finance,2026-09-21T08:29:09+00:00,2024-05-20
2023-07-20,HD,293.569091796875,2101900.0,Yahoo Finance,2026-09-21T08:29:09+00:00,2024-05-20
2023-07-21,HD,294.8387756347656,3673400.0,Yahoo Finance,2026-09-21T08:29:09+00:00,2024-05-20
2023-07-24,HD,299.1076354980469,2621900.0,Yahoo Finance,2026-09-21T08:29:09+00:00,2024-05-20
2023-07-25,HD,299.1260070800781,2890800.0,Yahoo Finance,2026-09-21T08:29:09+00:00,2024-05-20
2023-07-26,HD,303.22930908203125,3448100.0,Yahoo Finance,2026-09-21T08:29:09+00:00,2024-05-20
2023-07-27,HD,303.3396911621094,2608600.0,Yahoo Finance,2026-09-21T08:29:09+00:00,2024-05-20
2023-07-28,HD,304.8669738769531,2268200.0,Yahoo Finance,2026-09-21T08:29:09+00:00,2024-05-20
2023-07-31,HD,307.139404296875,2690000.0,Yahoo Finance,2026-09-21T08:29:09+00:00,2024-05-20
2023-08-01,HD,305.5110168457031,2547200.0,Yahoo Finance,2026-09-21T08:29:09+00:00,2024-05-20
2023-08-02,HD,302.2264709472656,2752600.0,Yahoo Finance,2026-09-21T08:29:09+00:00,2024-05-20
2023-08-03,HD,303.4685363769531,2451300.0,Yahoo Finance,2026-09-21T08:29:09+00:00,2024-05-20
2023-08-04,HD,300.3221130371094,3591600.0,Yahoo Finance,2026-09-21T08:29:09+00:00,2024-05-20
2023-08-07,HD,302.8429870605469,2111000.0,Yahoo Finance,2026-09-21T08:29:09+00:00,2024-05-20
2023-08-08,HD,301.5916748046875,3272600.0,Yahoo Finance,2026-09-21T08:29:09+00:00,2024-05-20
2023-08-09,HD,301.9596862792969,2698900.0,Yahoo Finance,2026-09-21T08:29:09+00:00,2024-05-20
2023-08-10,HD,303.05450439453125,3075100.0,Yahoo Finance,2026-09-21T08:29:09+00:00,2024-05-20
2023-08-11,HD,304.62774658203125,3108400.0,Yahoo Finance,2026-09-21T08:29:09+00:00,2024-05-20
2023-08-14,HD,303.5605163574219,3974800.0,Yahoo Finance,2026-09-21T08:29:09+00:00,2024-05-20
2023-08-15,HD,305.57537841796875,5860900.0,Yahoo Finance,2026-09-21T08:29:09+00:00,2024-05-20
2023-08-16,HD,306.3941955566406,3753900.0,Yahoo Finance,2026-09-21T08:29:09+00:00,2024-05-20
2023-08-17,HD,301.10400390625,3885100.0,Yahoo Finance,2026-09-21T08:29:09+00:00,2024-05-20
2023-08-18,HD,301.1868591308594,3472000.0,Yahoo Finance,2026-09-21T08:29:09+00:00,2024-05-20
2023-08-21,HD,298.1416320800781,3109700.0,Yahoo Finance,2026-09-21T08:29:09+00:00,2024-05-20
2023-08-22,HD,298.52801513671875,2582200.0,Yahoo Finance,2026-09-21T08:29:09+00:00,2024-05-20
2023-08-23,HD,300.00927734375,2728000.0,Yahoo Finance,2026-09-21T08:29:09+00:00,2024-05-20
2023-08-24,HD,296.78912353515625,2490000.0,Yahoo Finance,2026-09-21T08:29:09+00:00,2024-05-20
2023-08-25,HD,297.0375671386719,2418100.0,Yahoo Finance,2026-09-21T08:29:09+00:00,2024-05-20
2023-08-28,HD,299.8436279296875,2099900.0,Yahoo Finance,2026-09-21T08:29:09+00:00,2024-05-20
2023-08-29,HD,303.0361328125,2628200.0,Yahoo Finance,2026-09-21T08:29:09+00:00,2024-05-20
2023-08-30,HD,306.1286926269531,2256200.0,Yahoo Finance,2026-09-21T08:29:09+00:00,2024-05-20
2023-08-31,HD,305.82305908203125,2914700.0,Yahoo Finance,2026-09-21T08:29:09+00:00,2024-05-20
2023-09-01,HD,308.39697265625,2317400.0,Yahoo Finance,2026-09-21T08:29:09+00:00,2024-05-20
2023-09-05,HD,303.48980712890625,3141400.0,Yahoo Finance,2026-09-21T08:29:09+00:00,2024-05-20
2023-09-06,HD,301.84173583984375,3199700.0,Yahoo Finance,2026-09-21T08:29:09+00:00,2024-05-20
2023-09-07,HD,304.0823669433594,2454000.0,Yahoo Finance,2026-09-21T08:29:09+00:00,2024-05-20
2023-09-08,HD,304.35089111328125,2210300.0,Yahoo Finance,2026-09-21T08:29:09+00:00,2024-05-20
2023-09-11,HD,304.03607177734375,2087800.0,Yahoo Finance,2026-09-21T08:29:09+00:00,2024-05-20
2023-09-12,HD,302.1009521484375,2190500.0,Yahoo Finance,2026-09-21T08:29:09+00:00,2024-05-20
2023-09-13,HD,301.7306213378906,2564300.0,Yahoo Finance,2026-09-21T08:29:09+00:00,2024-05-20
2023-09-14,HD,305.2027282714844,2707600.0,Yahoo Finance,2026-09-21T08:29:09+00:00,2024-05-20
2023-09-15,HD,297.58258056640625,7117800.0,Yahoo Finance,2026-09-21T08:29:09+00:00,2024-05-20
2023-09-18,HD,293.74945068359375,2740400.0,Yahoo Finance,2026-09-21T08:29:09+00:00,2024-05-20
2023-09-19,HD,291.2957763671875,2776500.0,Yahoo Finance,2026-09-21T08:29:09+00:00,2024-05-20
2023-09-20,HD,287.8236389160156,2320000.0,Yahoo Finance,2026-09-21T08:29:09+00:00,2024-05-20
2023-09-21,HD,284.0274963378906,2766500.0,Yahoo Finance,2026-09-21T08:29:09+00:00,2024-05-20
2023-09-22,HD,283.0738525390625,2289200.0,Yahoo Finance,2026-09-21T08:29:09+00:00,2024-05-20
2023-09-25,HD,283.7774963378906,1882300.0,Yahoo Finance,2026-09-21T08:29:09+00:00,2024-05-20
2023-09-26,HD,280.1202087402344,2655500.0,Yahoo Finance,2026-09-21T08:29:09+00:00,2024-05-20
2023-09-27,HD,279.45361328125,2513900.0,Yahoo Finance,2026-09-21T08:29:09+00:00,2024-05-20
2023-09-28,HD,280.99981689453125,2369600.0,Yahoo Finance,2026-09-21T08:29:09+00:00,2024-05-20
2023-09-29,HD,279.76837158203125,3502600.0,Yahoo Finance,2026-09-21T08:29:09+00:00,2024-05-20
2023-10-02,HD,277.6109924316406,2806800.0,Yahoo Finance,2026-09-21T08:29:09+00:00,2024-05-20
2023-10-03,HD,270.3057556152344,3609200.0,Yahoo Finance,2026-09-21T08:29:09+00:00,2024-05-20
2023-10-04,HD,270.722412109375,2956300.0,Yahoo Finance,2026-09-21T08:29:09+00:00,2024-05-20
2023-10-05,HD,270.0835876464844,2469300.0,Yahoo Finance,2026-09-21T08:29:09+00:00,2024-05-20
2023-10-06,HD,271.1205749511719,2922500.0,Yahoo Finance,2026-09-21T08:29:09+00:00,2024-05-20
2023-10-09,HD,273.4722595214844,1929900.0,Yahoo Finance,2026-09-21T08:29:09+00:00,2024-05-20
2023-10-10,HD,277.0461730957031,3116300.0,Yahoo Finance,2026-09-21T08:29:09+00:00,2024-05-20
2023-10-11,HD,275.9629821777344,2292800.0,Yahoo Finance,2026-09-21T08:29:09+00:00,2024-05-20
2023-10-12,HD,271.3056945800781,2546400.0,Yahoo Finance,2026-09-21T08:29:09+00:00,2024-05-20
2023-10-13,HD,270.28729248046875,2092700.0,Yahoo Finance,2026-09-21T08:29:09+00:00,2024-05-20
2023-10-16,HD,275.2962646484375,2567000.0,Yahoo Finance,2026-09-21T08:29:09+00:00,2024-05-20
2023-10-17,HD,274.00933837890625,2139700.0,Yahoo Finance,2026-09-21T08:29:09+00:00,2024-05-20
2023-10-18,HD,268.7317199707031,2720100.0,Yahoo Finance,2026-09-21T08:29:09+00:00,2024-05-20
2023-10-19,HD,265.51885986328125,3028600.0,Yahoo Finance,2026-09-21T08:29:09+00:00,2024-05-20
2023-10-20,HD,265.1855773925781,2885300.0,Yahoo Finance,2026-09-21T08:29:09+00:00,2024-05-20
2023-10-23,HD,263.94488525390625,2590900.0,Yahoo Finance,2026-09-21T08:29:09+00:00,2024-05-20
2023-10-24,HD,262.3152770996094,2705200.0,Yahoo Finance,2026-09-21T08:29:09+00:00,2024-05-20
2023-10-25,HD,260.1115417480469,2962800.0,Yahoo Finance,2026-09-21T08:29:09+00:00,2024-05-20
2023-10-26,HD,257.3987731933594,3108200.0,Yahoo Finance,2026-09-21T08:29:09+00:00,2024-05-20
2023-10-27,HD,255.97293090820312,2907300.0,Yahoo Finance,2026-09-21T08:29:09+00:00,2024-05-20
2023-10-30,HD,260.62091064453125,3074400.0,Yahoo Finance,2026-09-21T08:29:09+00:00,2024-05-20
2023-10-31,HD,263.593017578125,3036000.0,Yahoo Finance,2026-09-21T08:29:09+00:00,2024-05-20
2023-11-01,HD,265.38922119140625,2747300.0,Yahoo Finance,2026-09-21T08:29:09+00:00,2024-05-20
2023-11-02,HD,272.70379638671875,3628000.0,Yahoo Finance,2026-09-21T08:29:09+00:00,2024-05-20
2023-11-03,HD,273.7038269042969,3071900.0,Yahoo Finance,2026-09-21T08:29:09+00:00,2024-05-20
2023-11-06,HD,272.7408447265625,2890300.0,Yahoo Finance,2026-09-21T08:29:09+00:00,2024-05-20
2023-11-07,HD,272.926025390625,2629000.0,Yahoo Finance,2026-09-21T08:29:09+00:00,2024-05-20
2023-11-08,HD,273.9908142089844,2454900.0,Yahoo Finance,2026-09-21T08:29:09+00:00,2024-05-20
2023-11-09,HD,266.5373229980469,4059100.0,Yahoo Finance,2026-09-21T08:29:09+00:00,2024-05-20
2023-11-10,HD,269.9816589355469,3653500.0,Yahoo Finance,2026-09-21T08:29:09+00:00,2024-05-20
2023-11-13,HD,266.7225341796875,4586700.0,Yahoo Finance,2026-09-21T08:29:09+00:00,2024-05-20
2023-11-14,HD,281.1294250488281,7952800.0,Yahoo Finance,2026-09-21T08:29:09+00:00,2024-05-20
2023-11-15,HD,285.3515625,3985900.0,Yahoo Finance,2026-09-21T08:29:09+00:00,2024-05-20
2023-11-16,HD,283.7312316894531,3114000.0,Yahoo Finance,2026-09-21T08:29:09+00:00,2024-05-20
2023-11-17,HD,284.49969482421875,2770300.0,Yahoo Finance,2026-09-21T08:29:09+00:00,2024-05-20
2023-11-20,HD,285.3515625,3459000.0,Yahoo Finance,2026-09-21T08:29:09+00:00,2024-05-20
2023-11-21,HD,282.7127380371094,2977200.0,Yahoo Finance,2026-09-21T08:29:09+00:00,2024-05-20
2023-11-22,HD,286.28668212890625,2873500.0,Yahoo Finance,2026-09-21T08:29:09+00:00,2024-05-20
2023-11-24,HD,287.675537109375,1259900.0,Yahoo Finance,2026-09-21T08:29:09+00:00,2024-05-20
2023-11-27,HD,287.8793029785156,2992600.0,Yahoo Finance,2026-09-21T08:29:09+00:00,2024-05-20
2023-11-28,HD,290.119873046875,3116900.0,Yahoo Finance,2026-09-21T08:29:09+00:00,2024-05-20
2023-11-29,HD,289.9054870605469,3083800.0,Yahoo Finance,2026-09-21T08:29:09+00:00,2024-05-20
2023-11-30,HD,292.2077941894531,4493700.0,Yahoo Finance,2026-09-21T08:29:09+00:00,2024-05-20
2023-12-01,HD,297.92169189453125,3613600.0,Yahoo Finance,2026-09-21T08:29:09+00:00,2024-05-20
2023-12-04,HD,302.02294921875,3827900.0,Yahoo Finance,2026-09-21T08:29:09+00:00,2024-05-20
2023-12-05,HD,301.5382385253906,3269800.0,Yahoo Finance,2026-09-21T08:29:09+00:00,2024-05-20
2023-12-06,HD,303.97100830078125,3030800.0,Yahoo Finance,2026-09-21T08:29:09+00:00,2024-05-20
2023-12-07,HD,304.0270080566406,2742300.0,Yahoo Finance,2026-09-21T08:29:09+00:00,2024-05-20
2023-12-08,HD,304.3066711425781,2889300.0,Yahoo Finance,2026-09-21T08:29:09+00:00,2024-05-20
2023-12-11,HD,308.836669921875,3520700.0,Yahoo Finance,2026-09-21T08:29:09+00:00,2024-05-20
2023-12-12,HD,310.5798034667969,2893400.0,Yahoo Finance,2026-09-21T08:29:09+00:00,2024-05-20
2023-12-13,HD,320.0872497558594,5822700.0,Yahoo Finance,2026-09-21T08:29:09+00:00,2024-05-20
2023-12-14,HD,327.9263000488281,7594800.0,Yahoo Finance,2026-09-21T08:29:09+00:00,2024-05-20
2023-12-15,HD,329.96771240234375,11212800.0,Yahoo Finance,2026-09-21T08:29:09+00:00,2024-05-20
2023-12-18,HD,326.99420166015625,4420500.0,Yahoo Finance,2026-09-21T08:29:09+00:00,2024-05-20
2023-12-19,HD,328.1686706542969,4654700.0,Yahoo Finance,2026-09-21T08:29:09+00:00,2024-05-20
2023-12-20,HD,324.99017333984375,3259500.0,Yahoo Finance,2026-09-21T08:29:09+00:00,2024-05-20
2023-12-21,HD,325.2791442871094,2794200.0,Yahoo Finance,2026-09-21T08:29:09+00:00,2024-05-20
2023-12-22,HD,324.9248962402344,2029900.0,Yahoo Finance,2026-09-21T08:29:09+00:00,2024-05-20
2023-12-26,HD,325.5960693359375,1585500.0,Yahoo Finance,2026-09-21T08:29:09+00:00,2024-05-20
2023-12-27,HD,324.86907958984375,2764300.0,Yahoo Finance,2026-09-21T08:29:09+00:00,2024-05-20
2023-12-28,HD,323.7784729003906,2859400.0,Yahoo Finance,2026-09-21T08:29:09+00:00,2024-05-20
2023-12-29,HD,323.0234069824219,10325700.0,Yahoo Finance,2026-09-21T08:29:09+00:00,2024-05-20
2024-01-02,HD,321.6531982421875,2833600.0,Yahoo Finance,2026-09-21T08:29:09+00:00,2024-05-20
2024-01-03,HD,315.2962646484375,3309600.0,Yahoo Finance,2026-09-21T08:29:09+00:00,2024-05-20
2024-01-04,HD,315.60382080078125,3652400.0,Yahoo Finance,2026-09-21T08:29:09+00:00,2024-05-20
2024-01-05,HD,319.65850830078125,2664300.0,Yahoo Finance,2026-09-21T08:29:09+00:00,2024-05-20
2024-01-08,HD,324.30975341796875,2736200.0,Yahoo Finance,2026-09-21T08:29:09+00:00,2024-05-20
2024-01-09,HD,322.6878967285156,2338100.0,Yahoo Finance,2026-09-21T08:29:09+00:00,2024-05-20
2024-01-10,HD,332.5776062011719,4109300.0,Yahoo Finance,2026-09-21T08:29:09+00:00,2024-05-20
2024-01-11,HD,332.325927734375,3530400.0,Yahoo Finance,2026-09-21T08:29:09+00:00,2024-05-20
2024-01-12,HD,331.5615539550781,1956100.0,Yahoo Finance,2026-09-21T08:29:09+00:00,2024-05-20
2024-01-16,HD,334.096923828125,3669400.0,Yahoo Finance,2026-09-21T08:29:09+00:00,2024-05-20
2024-01-17,HD,331.5522766113281,2646100.0,Yahoo Finance,2026-09-21T08:29:09+00:00,2024-05-20
2024-01-18,HD,333.6029357910156,2510700.0,Yahoo Finance,2026-09-21T08:29:09+00:00,2024-05-20
2024-01-19,HD,337.8067626953125,3234600.0,Yahoo Finance,2026-09-21T08:29:09+00:00,2024-05-20
2024-01-22,HD,332.4750671386719,4003700.0,Yahoo Finance,2026-09-21T08:29:09+00:00,2024-05-20
2024-01-23,HD,326.9662780761719,3878400.0,Yahoo Finance,2026-09-21T08:29:09+00:00,2024-05-20
2024-01-24,HD,323.69451904296875,3474400.0,Yahoo Finance,2026-09-21T08:29:09+00:00,2024-05-20
2024-01-25,HD,327.1433410644531,3064200.0,Yahoo Finance,2026-09-21T08:29:09+00:00,2024-05-20
2024-01-26,HD,331.1794128417969,3177700.0,Yahoo Finance,2026-09-21T08:29:09+00:00,2024-05-20
2024-01-29,HD,331.5522766113281,2732000.0,Yahoo Finance,2026-09-21T08:29:09+00:00,2024-05-20
2024-01-30,HD,332.8572082519531,2336500.0,Yahoo Finance,2026-09-21T08:29:09+00:00,2024-05-20
2024-01-31,HD,328.9983215332031,3377900.0,Yahoo Finance,2026-09-21T08:29:09+00:00,2024-05-20
2024-02-01,HD,335.6255798339844,2439100.0,Yahoo Finance,2026-09-21T08:29:09+00:00,2024-05-20
2024-02-02,HD,332.9783935546875,3697600.0,Yahoo Finance,2026-09-21T08:29:09+00:00,2024-05-20
2024-02-05,HD,331.0303039550781,2653800.0,Yahoo Finance,2026-09-21T08:29:09+00:00,2024-05-20
2024-02-06,HD,332.0649108886719,2045300.0,Yahoo Finance,2026-09-21T08:29:09+00:00,2024-05-20
2024-02-07,HD,338.0677185058594,3272200.0,Yahoo Finance,2026-09-21T08:29:09+00:00,2024-05-20
2024-02-08,HD,339.0278015136719,2521900.0,Yahoo Finance,2026-09-21T08:29:09+00:00,2024-05-20
2024-02-09,HD,338.4964599609375,2389900.0,Yahoo Finance,2026-09-21T08:29:09+00:00,2024-05-20
2024-02-12,HD,340.6403503417969,3119700.0,Yahoo Finance,2026-09-21T08:29:09+00:00,2024-05-20
2024-02-13,HD,333.31396484375,3106500.0,Yahoo Finance,2026-09-21T08:29:09+00:00,2024-05-20
2024-02-14,HD,333.9105529785156,2998900.0,Yahoo Finance,2026-09-21T08:29:09+00:00,2024-05-20
2024-02-15,HD,336.5669860839844,2662800.0,Yahoo Finance,2026-09-21T08:29:09+00:00,2024-05-20
2024-02-16,HD,337.75079345703125,3899600.0,Yahoo Finance,2026-09-21T08:29:09+00:00,2024-05-20
2024-02-20,HD,337.9559020996094,4830000.0,Yahoo Finance,2026-09-21T08:29:09+00:00,2024-05-20
2024-02-21,HD,339.4100036621094,3277800.0,Yahoo Finance,2026-09-21T08:29:09+00:00,2024-05-20
2024-02-22,HD,346.1304626464844,3387500.0,Yahoo Finance,2026-09-21T08:29:09+00:00,2024-05-20
2024-02-23,HD,346.7084045410156,3398200.0,Yahoo Finance,2026-09-21T08:29:09+00:00,2024-05-20
2024-02-26,HD,346.37286376953125,2461000.0,Yahoo Finance,2026-09-21T08:29:09+00:00,2024-05-20
2024-02-27,HD,350.06396484375,2802900.0,Yahoo Finance,2026-09-21T08:29:09+00:00,2024-05-20
2024-02-28,HD,351.97479248046875,2282500.0,Yahoo Finance,2026-09-21T08:29:09+00:00,2024-05-20
2024-02-29,HD,354.77117919921875,4382800.0,Yahoo Finance,2026-09-21T08:29:09+00:00,2024-05-20
2024-03-01,HD,358.3504943847656,2750900.0,Yahoo Finance,2026-09-21T08:29:09+00:00,2024-05-20
2024-03-04,HD,354.5474548339844,2619000.0,Yahoo Finance,2026-09-21T08:29:09+00:00,2024-05-20
2024-03-05,HD,352.7578125,3011600.0,Yahoo Finance,2026-09-21T08:29:09+00:00,2024-05-20
2024-03-06,HD,353.9205627441406,2496300.0,Yahoo Finance,2026-09-21T08:29:09+00:00,2024-05-20
2024-03-07,HD,353.08599853515625,2368500.0,Yahoo Finance,2026-09-21T08:29:09+00:00,2024-05-20
2024-03-08,HD,350.08544921875,2162900.0,Yahoo Finance,2026-09-21T08:29:09+00:00,2024-05-20
2024-03-11,HD,348.3694152832031,2833700.0,Yahoo Finance,2026-09-21T08:29:09+00:00,2024-05-20
2024-03-12,HD,351.2012634277344,2843800.0,Yahoo Finance,2026-09-21T08:29:09+00:00,2024-05-20
2024-03-13,HD,355.3739929199219,3761200.0,Yahoo Finance,2026-09-21T08:29:09+00:00,2024-05-20
2024-03-14,HD,351.8857727050781,3877500.0,Yahoo Finance,2026-09-21T08:29:09+00:00,2024-05-20
2024-03-15,HD,349.9728698730469,9234900.0,Yahoo Finance,2026-09-21T08:29:09+00:00,2024-05-20
2024-03-18,HD,348.7351379394531,3455600.0,Yahoo Finance,2026-09-21T08:29:09+00:00,2024-05-20
2024-03-19,HD,355.7677917480469,3493800.0,Yahoo Finance,2026-09-21T08:29:09+00:00,2024-05-20
2024-03-20,HD,360.45623779296875,2750400.0,Yahoo Finance,2026-09-21T08:29:09+00:00,2024-05-20
2024-03-21,HD,370.5738525390625,4212200.0,Yahoo Finance,2026-09-21T08:29:09+00:00,2024-05-20
2024-03-22,HD,365.9604797363281,2910900.0,Yahoo Finance,2026-09-21T08:29:09+00:00,2024-05-20
2024-03-25,HD,359.6122741699219,2683900.0,Yahoo Finance,2026-09-21T08:29:09+00:00,2024-05-20
2024-03-26,HD,356.25543212890625,2720200.0,Yahoo Finance,2026-09-21T08:29:09+00:00,2024-05-20
2024-03-27,HD,361.843994140625,2536500.0,Yahoo Finance,2026-09-21T08:29:09+00:00,2024-05-20
2024-03-28,HD,359.69671630859375,4108200.0,Yahoo Finance,2026-09-21T08:29:09+00:00,2024-05-20
2024-04-01,HD,345.0968322753906,4333200.0,Yahoo Finance,2026-09-21T08:29:09+00:00,2024-05-20
2024-04-02,HD,340.3803405761719,4650500.0,Yahoo Finance,2026-09-21T08:29:09+00:00,2024-05-20
2024-04-03,HD,337.4735412597656,4723000.0,Yahoo Finance,2026-09-21T08:29:09+00:00,2024-05-20
2024-04-04,HD,335.3918762207031,4381600.0,Yahoo Finance,2026-09-21T08:29:09+00:00,2024-05-20
2024-04-05,HD,335.57000732421875,3243400.0,Yahoo Finance,2026-09-21T08:29:09+00:00,2024-05-20
2024-04-08,HD,339.48956298828125,4339600.0,Yahoo Finance,2026-09-21T08:29:09+00:00,2024-05-20
2024-04-09,HD,338.8988342285156,3022600.0,Yahoo Finance,2026-09-21T08:29:09+00:00,2024-05-20
2024-04-10,HD,328.71551513671875,4805200.0,Yahoo Finance,2026-09-21T08:29:09+00:00,2024-05-20
2024-04-11,HD,325.72430419921875,4104700.0,Yahoo Finance,2026-09-21T08:29:09+00:00,2024-05-20
2024-04-12,HD,321.50469970703125,3550300.0,Yahoo Finance,2026-09-21T08:29:09+00:00,2024-05-20
2024-04-15,HD,316.87249755859375,4209200.0,Yahoo Finance,2026-09-21T08:29:09+00:00,2024-05-20
2024-04-16,HD,313.9656677246094,4525500.0,Yahoo Finance,2026-09-21T08:29:09+00:00,2024-05-20
2024-04-17,HD,312.0903625488281,4273800.0,Yahoo Finance,2026-09-21T08:29:09+00:00,2024-05-20
2024-04-18,HD,312.1466064453125,3717300.0,Yahoo Finance,2026-09-21T08:29:09+00:00,2024-05-20
2024-04-19,HD,314.462646484375,3076600.0,Yahoo Finance,2026-09-21T08:29:09+00:00,2024-05-20
2024-04-22,HD,315.1659240722656,3112800.0,Yahoo Finance,2026-09-21T08:29:09+00:00,2024-05-20
2024-04-23,HD,317.87591552734375,3697400.0,Yahoo Finance,2026-09-21T08:29:09+00:00,2024-05-20
2024-04-24,HD,312.2591552734375,4029200.0,Yahoo Finance,2026-09-21T08:29:09+00:00,2024-05-20
2024-04-25,HD,311.2933654785156,3787800.0,Yahoo Finance,2026-09-21T08:29:09+00:00,2024-05-20
2024-04-26,HD,314.2095031738281,2465300.0,Yahoo Finance,2026-09-21T08:29:09+00:00,2024-05-20
2024-04-29,HD,315.81292724609375,2427400.0,Yahoo Finance,2026-09-21T08:29:09+00:00,2024-05-20
2024-04-30,HD,313.3937683105469,3089900.0,Yahoo Finance,2026-09-21T08:29:09+00:00,2024-05-20
2024-05-01,HD,311.2839050292969,3267500.0,Yahoo Finance,2026-09-21T08:29:09+00:00,2024-05-20
2024-05-02,HD,314.6220703125,3213600.0,Yahoo Finance,2026-09-21T08:29:09+00:00,2024-05-20
2024-05-03,HD,321.4859619140625,4165100.0,Yahoo Finance,2026-09-21T08:29:09+00:00,2024-05-20
2024-05-06,HD,320.96087646484375,3366100.0,Yahoo Finance,2026-09-21T08:29:09+00:00,2024-05-20
2024-05-07,HD,319.4605712890625,2930700.0,Yahoo Finance,2026-09-21T08:29:09+00:00,2024-05-20
2024-05-08,HD,317.7164611816406,3123200.0,Yahoo Finance,2026-09-21T08:29:09+00:00,2024-05-20
2024-05-09,HD,325.7899169921875,3801400.0,Yahoo Finance,2026-09-21T08:29:09+00:00,2024-05-20
2024-05-10,HD,324.8428649902344,3413700.0,Yahoo Finance,2026-09-21T08:29:09+00:00,2024-05-20
2024-05-13,HD,319.7137145996094,4055600.0,Yahoo Finance,2026-09-21T08:29:09+00:00,2024-05-20
2024-05-14,HD,319.28240966796875,5854300.0,Yahoo Finance,2026-09-21T08:29:09+00:00,2024-05-20
2024-05-15,HD,326.94329833984375,4151100.0,Yahoo Finance,2026-09-21T08:29:09+00:00,2024-05-20
2024-05-16,HD,321.3734436035156,3101600.0,Yahoo Finance,2026-09-21T08:29:09+00:00,2024-05-20
2024-05-17,HD,322.7611999511719,2739000.0,Yahoo Finance,2026-09-21T08:29:09+00:00,2024-05-20
2024-05-20,HD,316.7694091796875,3237400.0,Yahoo Finance,2026-09-21T08:29:09+00:00,2024-05-20
2023-04-17,JEF,28.329708099365234,1150100.0,Yahoo Finance,2026-09-21T08:29:09+00:00,2024-05-20
2023-04-18,JEF,28.392925262451172,784500.0,Yahoo Finance,2026-09-21T08:29:09+00:00,2024-05-20
2023-04-19,JEF,28.609664916992188,687900.0,Yahoo Finance,2026-09-21T08:29:09+00:00,2024-05-20
2023-04-20,JEF,28.320676803588867,1052300.0,Yahoo Finance,2026-09-21T08:29:09+00:00,2024-05-20
2023-04-21,JEF,28.266494750976562,692400.0,Yahoo Finance,2026-09-21T08:29:09+00:00,2024-05-20
2023-04-24,JEF,28.067813873291016,561200.0,Yahoo Finance,2026-09-21T08:29:09+00:00,2024-05-20
2023-04-25,JEF,27.814950942993164,936300.0,Yahoo Finance,2026-09-21T08:29:09+00:00,2024-05-20
2023-04-26,JEF,27.345348358154297,1058800.0,Yahoo Finance,2026-09-21T08:29:09+00:00,2024-05-20
2023-04-27,JEF,29.268909454345703,2976500.0,Yahoo Finance,2026-09-21T08:29:09+00:00,2024-05-20
2023-04-28,JEF,28.92574119567871,1539700.0,Yahoo Finance,2026-09-21T08:29:09+00:00,2024-05-20
2023-05-01,JEF,28.699970245361328,1129100.0,Yahoo Finance,2026-09-21T08:29:09+00:00,2024-05-20
2023-05-02,JEF,27.65239906311035,1425800.0,Yahoo Finance,2026-09-21T08:29:09+00:00,2024-05-20
2023-05-03,JEF,27.390499114990234,1157600.0,Yahoo Finance,2026-09-21T08:29:09+00:00,2024-05-20
2023-05-04,JEF,26.261653900146484,1946700.0,Yahoo Finance,2026-09-21T08:29:09+00:00,2024-05-20
2023-05-05,JEF,27.372440338134766,973100.0,Yahoo Finance,2026-09-21T08:29:09+00:00,2024-05-20
2023-05-08,JEF,27.30019187927246,983600.0,Yahoo Finance,2026-09-21T08:29:09+00:00,2024-05-20
2023-05-09,JEF,27.273101806640625,914400.0,Yahoo Finance,2026-09-21T08:29:09+00:00,2024-05-20
2023-05-10,JEF,27.110549926757812,822000.0,Yahoo Finance,2026-09-21T08:29:09+00:00,2024-05-20
2023-05-11,JEF,26.96605682373047,884000.0,Yahoo Finance,2026-09-21T08:29:09+00:00,2024-05-20
2023-05-12,JEF,27.011669158935547,750400.0,Yahoo Finance,2026-09-21T08:29:09+00:00,2024-05-20
2023-05-15,JEF,27.504276275634766,756900.0,Yahoo Finance,2026-09-21T08:29:09+00:00,2024-05-20
2023-05-16,JEF,26.911317825317383,657700.0,Yahoo Finance,2026-09-21T08:29:09+00:00,2024-05-20
2023-05-17,JEF,27.72321891784668,687000.0,Yahoo Finance,2026-09-21T08:29:09+00:00,2024-05-20
2023-05-18,JEF,27.777956008911133,1757400.0,Yahoo Finance,2026-09-21T08:29:09+00:00,2024-05-20
2023-05-19,JEF,27.72321891784668,593800.0,Yahoo Finance,2026-09-21T08:29:09+00:00,2024-05-20
2023-05-22,JEF,28.05162811279297,525100.0,Yahoo Finance,2026-09-21T08:29:09+00:00,2024-05-20
2023-05-23,JEF,28.188465118408203,701200.0,Yahoo Finance,2026-09-21T08:29:09+00:00,2024-05-20
2023-05-24,JEF,27.622875213623047,688900.0,Yahoo Finance,2026-09-21T08:29:09+00:00,2024-05-20
2023-05-25,JEF,27.531648635864258,971600.0,Yahoo Finance,2026-09-21T08:29:09+00:00,2024-05-20
2023-05-26,JEF,27.83268928527832,934900.0,Yahoo Finance,2026-09-21T08:29:09+00:00,2024-05-20
2023-05-30,JEF,28.03338623046875,651600.0,Yahoo Finance,2026-09-21T08:29:09+00:00,2024-05-20
2023-05-31,JEF,27.431303024291992,1322600.0,Yahoo Finance,2026-09-21T08:29:09+00:00,2024-05-20
2023-06-01,JEF,27.458669662475586,988000.0,Yahoo Finance,2026-09-21T08:29:09+00:00,2024-05-20
2023-06-02,JEF,28.56248664855957,1144900.0,Yahoo Finance,2026-09-21T08:29:09+00:00,2024-05-20
2023-06-05,JEF,28.04250717163086,746500.0,Yahoo Finance,2026-09-21T08:29:09+00:00,2024-05-20
2023-06-06,JEF,28.72669219970703,760000.0,Yahoo Finance,2026-09-21T08:29:09+00:00,2024-05-20
2023-06-07,JEF,29.0368595123291,825200.0,Yahoo Finance,2026-09-21T08:29:09+00:00,2024-05-20
2023-06-08,JEF,28.836166381835938,559600.0,Yahoo Finance,2026-09-21T08:29:09+00:00,2024-05-20
2023-06-09,JEF,28.95475196838379,652200.0,Yahoo Finance,2026-09-21T08:29:09+00:00,2024-05-20
2023-06-12,JEF,28.900020599365234,782700.0,Yahoo Finance,2026-09-21T08:29:09+00:00,2024-05-20
2023-06-13,JEF,30.1224365234375,1062900.0,Yahoo Finance,2026-09-21T08:29:09+00:00,2024-05-20
2023-06-14,JEF,29.939979553222656,841800.0,Yahoo Finance,2026-09-21T08:29:09+00:00,2024-05-20
2023-06-15,JEF,30.314002990722656,780500.0,Yahoo Finance,2026-09-21T08:29:09+00:00,2024-05-20
2023-06-16,JEF,30.06769371032715,1824500.0,Yahoo Finance,2026-09-21T08:29:09+00:00,2024-05-20
2023-06-20,JEF,30.168045043945312,908500.0,Yahoo Finance,2026-09-21T08:29:09+00:00,2024-05-20
2023-06-21,JEF,29.49298095703125,1254500.0,Yahoo Finance,2026-09-21T08:29:09+00:00,2024-05-20
2023-06-22,JEF,28.95475196838379,767200.0,Yahoo Finance,2026-09-21T08:29:09+00:00,2024-05-20
2023-06-23,JEF,28.66283416748047,1776500.0,Yahoo Finance,2026-09-21T08:29:09+00:00,2024-05-20
2023-06-26,JEF,28.763179779052734,1048500.0,Yahoo Finance,2026-09-21T08:29:09+00:00,2024-05-20
2023-06-27,JEF,29.137205123901367,1652200.0,Yahoo Finance,2026-09-21T08:29:09+00:00,2024-05-20
2023-06-28,JEF,30.168045043945312,2598100.0,Yahoo Finance,2026-09-21T08:29:09+00:00,2024-05-20
2023-06-29,JEF,30.44171714782715,1538300.0,Yahoo Finance,2026-09-21T08:29:09+00:00,2024-05-20
2023-06-30,JEF,30.25926971435547,1659300.0,Yahoo Finance,2026-09-21T08:29:09+00:00,2024-05-20
2023-07-03,JEF,30.65153694152832,536600.0,Yahoo Finance,2026-09-21T08:29:09+00:00,2024-05-20
2023-07-05,JEF,29.994718551635742,1104900.0,Yahoo Finance,2026-09-21T08:29:09+00:00,2024-05-20
2023-07-06,JEF,29.429122924804688,1301100.0,Yahoo Finance,2026-09-21T08:29:09+00:00,2024-05-20
2023-07-07,JEF,29.73016357421875,1109300.0,Yahoo Finance,2026-09-21T08:29:09+00:00,2024-05-20
2023-07-10,JEF,30.09506607055664,1135800.0,Yahoo Finance,2026-09-21T08:29:09+00:00,2024-05-20
2023-07-11,JEF,30.660655975341797,1164700.0,Yahoo Finance,2026-09-21T08:29:09+00:00,2024-05-20
2023-07-12,JEF,32.15674591064453,2090100.0,Yahoo Finance,2026-09-21T08:29:09+00:00,2024-05-20
2023-07-13,JEF,32.58550262451172,1103600.0,Yahoo Finance,2026-09-21T08:29:09+00:00,2024-05-20
2023-07-14,JEF,32.21147918701172,1178600.0,Yahoo Finance,2026-09-21T08:29:09+00:00,2024-05-20
2023-07-17,JEF,32.421295166015625,1112700.0,Yahoo Finance,2026-09-21T08:29:09+00:00,2024-05-20
2023-07-18,JEF,33.29705810546875,1308300.0,Yahoo Finance,2026-09-21T08:29:09+00:00,2024-05-20
2023-07-19,JEF,33.461265563964844,896800.0,Yahoo Finance,2026-09-21T08:29:09+00:00,2024-05-20
2023-07-20,JEF,33.671077728271484,810300.0,Yahoo Finance,2026-09-21T08:29:09+00:00,2024-05-20
2023-07-21,JEF,33.5889778137207,1199100.0,Yahoo Finance,2026-09-21T08:29:09+00:00,2024-05-20
2023-07-24,JEF,33.70756912231445,1013000.0,Yahoo Finance,2026-09-21T08:29:09+00:00,2024-05-20
2023-07-25,JEF,33.698448181152344,925100.0,Yahoo Finance,2026-09-21T08:29:09+00:00,2024-05-20
2023-07-26,JEF,33.80792236328125,1073600.0,Yahoo Finance,2026-09-21T08:29:09+00:00,2024-05-20
2023-07-27,JEF,33.71669006347656,2549200.0,Yahoo Finance,2026-09-21T08:29:09+00:00,2024-05-20
2023-07-28,JEF,33.66195297241211,1082800.0,Yahoo Finance,2026-09-21T08:29:09+00:00,2024-05-20
2023-07-31,JEF,33.561607360839844,1142000.0,Yahoo Finance,2026-09-21T08:29:09+00:00,2024-05-20
2023-08-01,JEF,32.98688888549805,2082600.0,Yahoo Finance,2026-09-21T08:29:09+00:00,2024-05-20
2023-08-02,JEF,32.74058532714844,1419800.0,Yahoo Finance,2026-09-21T08:29:09+00:00,2024-05-20
2023-08-03,JEF,32.54901123046875,1633900.0,Yahoo Finance,2026-09-21T08:29:09+00:00,2024-05-20
2023-08-04,JEF,32.38481521606445,1484400.0,Yahoo Finance,2026-09-21T08:29:09+00:00,2024-05-20
2023-08-07,JEF,32.448665618896484,1550000.0,Yahoo Finance,2026-09-21T08:29:09+00:00,2024-05-20
2023-08-08,JEF,32.2935791015625,1459000.0,Yahoo Finance,2026-09-21T08:29:09+00:00,2024-05-20
2023-08-09,JEF,32.038150787353516,830800.0,Yahoo Finance,2026-09-21T08:29:09+00:00,2024-05-20
2023-08-10,JEF,31.99254608154297,986700.0,Yahoo Finance,2026-09-21T08:29:09+00:00,2024-05-20
2023-08-11,JEF,32.222572326660156,708400.0,Yahoo Finance,2026-09-21T08:29:09+00:00,2024-05-20
2023-08-14,JEF,32.176570892333984,712000.0,Yahoo Finance,2026-09-21T08:29:09+00:00,2024-05-20
2023-08-15,JEF,31.698102951049805,1171400.0,Yahoo Finance,2026-09-21T08:29:09+00:00,2024-05-20
2023-08-16,JEF,31.504878997802734,729800.0,Yahoo Finance,2026-09-21T08:29:09+00:00,2024-05-20
2023-08-17,JEF,31.3116512298584,893400.0,Yahoo Finance,2026-09-21T08:29:09+00:00,2024-05-20
2023-08-18,JEF,31.412866592407227,722700.0,Yahoo Finance,2026-09-21T08:29:09+00:00,2024-05-20
2023-08-21,JEF,31.504878997802734,875000.0,Yahoo Finance,2026-09-21T08:29:09+00:00,2024-05-20
2023-08-22,JEF,31.51408576965332,948800.0,Yahoo Finance,2026-09-21T08:29:09+00:00,2024-05-20
2023-08-23,JEF,31.900527954101562,836400.0,Yahoo Finance,2026-09-21T08:29:09+00:00,2024-05-20
2023-08-24,JEF,31.817724227905273,598200.0,Yahoo Finance,2026-09-21T08:29:09+00:00,2024-05-20
2023-08-25,JEF,31.955734252929688,763600.0,Yahoo Finance,2026-09-21T08:29:09+00:00,2024-05-20
2023-08-28,JEF,32.27778244018555,831200.0,Yahoo Finance,2026-09-21T08:29:09+00:00,2024-05-20
2023-08-29,JEF,32.728633880615234,1146900.0,Yahoo Finance,2026-09-21T08:29:09+00:00,2024-05-20
2023-08-30,JEF,32.912662506103516,699800.0,Yahoo Finance,2026-09-21T08:29:09+00:00,2024-05-20
2023-08-31,JEF,32.839046478271484,884200.0,Yahoo Finance,2026-09-21T08:29:09+00:00,2024-05-20
2023-09-01,JEF,33.437129974365234,917600.0,Yahoo Finance,2026-09-21T08:29:09+00:00,2024-05-20
2023-09-05,JEF,33.50153732299805,2280900.0,Yahoo Finance,2026-09-21T08:29:09+00:00,2024-05-20
2023-09-06,JEF,33.897193908691406,1464000.0,Yahoo Finance,2026-09-21T08:29:09+00:00,2024-05-20
2023-09-07,JEF,33.657955169677734,1546700.0,Yahoo Finance,2026-09-21T08:29:09+00:00,2024-05-20
2023-09-08,JEF,34.081214904785156,1169700.0,Yahoo Finance,2026-09-21T08:29:09+00:00,2024-05-20
2023-09-11,JEF,33.4647216796875,1128500.0,Yahoo Finance,2026-09-21T08:29:09+00:00,2024-05-20
2023-09-12,JEF,34.09962463378906,1079700.0,Yahoo Finance,2026-09-21T08:29:09+00:00,2024-05-20
2023-09-13,JEF,34.23762512207031,1326600.0,Yahoo Finance,2026-09-21T08:29:09+00:00,2024-05-20
2023-09-14,JEF,35.14855194091797,1510500.0,Yahoo Finance,2026-09-21T08:29:09+00:00,2024-05-20
2023-09-15,JEF,35.58100509643555,5546600.0,Yahoo Finance,2026-09-21T08:29:09+00:00,2024-05-20
2023-09-18,JEF,35.25896453857422,1306700.0,Yahoo Finance,2026-09-21T08:29:09+00:00,2024-05-20
2023-09-19,JEF,35.1761589050293,1852600.0,Yahoo Finance,2026-09-21T08:29:09+00:00,2024-05-20
2023-09-20,JEF,34.90011978149414,1396300.0,Yahoo Finance,2026-09-21T08:29:09+00:00,2024-05-20
2023-09-21,JEF,34.49525833129883,1213300.0,Yahoo Finance,2026-09-21T08:29:09+00:00,2024-05-20
2023-09-22,JEF,34.23762512207031,1077900.0,Yahoo Finance,2026-09-21T08:29:09+00:00,2024-05-20
2023-09-25,JEF,34.10881423950195,1297100.0,Yahoo Finance,2026-09-21T08:29:09+00:00,2024-05-20
2023-09-26,JEF,33.35430908203125,1934500.0,Yahoo Finance,2026-09-21T08:29:09+00:00,2024-05-20
2023-09-27,JEF,33.34511947631836,2103200.0,Yahoo Finance,2026-09-21T08:29:09+00:00,2024-05-20
2023-09-28,JEF,33.97079086303711,2772100.0,Yahoo Finance,2026-09-21T08:29:09+00:00,2024-05-20
2023-09-29,JEF,33.70396423339844,1580700.0,Yahoo Finance,2026-09-21T08:29:09+00:00,2024-05-20
2023-10-02,JEF,32.94026565551758,2275900.0,Yahoo Finance,2026-09-21T08:29:09+00:00,2024-05-20
2023-10-03,JEF,32.25016784667969,2979800.0,Yahoo Finance,2026-09-21T08:29:09+00:00,2024-05-20
2023-10-04,JEF,32.222572326660156,1487600.0,Yahoo Finance,2026-09-21T08:29:09+00:00,2024-05-20
2023-10-05,JEF,32.5078125,1359400.0,Yahoo Finance,2026-09-21T08:29:09+00:00,2024-05-20
2023-10-06,JEF,32.66423416137695,1442300.0,Yahoo Finance,2026-09-21T08:29:09+00:00,2024-05-20
2023-10-09,JEF,32.39739227294922,998900.0,Yahoo Finance,2026-09-21T08:29:09+00:00,2024-05-20
2023-10-10,JEF,32.434200286865234,1070400.0,Yahoo Finance,2026-09-21T08:29:09+00:00,2024-05-20
2023-10-11,JEF,32.12135696411133,1380300.0,Yahoo Finance,2026-09-21T08:29:09+00:00,2024-05-20
2023-10-12,JEF,31.24724769592285,1588600.0,Yahoo Finance,2026-09-21T08:29:09+00:00,2024-05-20
2023-10-13,JEF,30.60315704345703,1370600.0,Yahoo Finance,2026-09-21T08:29:09+00:00,2024-05-20
2023-10-16,JEF,31.13682746887207,1501300.0,Yahoo Finance,2026-09-21T08:29:09+00:00,2024-05-20
2023-10-17,JEF,31.449670791625977,1713900.0,Yahoo Finance,2026-09-21T08:29:09+00:00,2024-05-20
2023-10-18,JEF,30.041887283325195,1472000.0,Yahoo Finance,2026-09-21T08:29:09+00:00,2024-05-20
2023-10-19,JEF,29.591032028198242,1823300.0,Yahoo Finance,2026-09-21T08:29:09+00:00,2024-05-20
2023-10-20,JEF,29.683040618896484,1801500.0,Yahoo Finance,2026-09-21T08:29:09+00:00,2024-05-20
2023-10-23,JEF,29.499019622802734,1566200.0,Yahoo Finance,2026-09-21T08:29:09+00:00,2024-05-20
2023-10-24,JEF,30.03268814086914,1868700.0,Yahoo Finance,2026-09-21T08:29:09+00:00,2024-05-20
2023-10-25,JEF,29.581830978393555,1253800.0,Yahoo Finance,2026-09-21T08:29:09+00:00,2024-05-20
2023-10-26,JEF,29.646238327026367,1141300.0,Yahoo Finance,2026-09-21T08:29:09+00:00,2024-05-20
2023-10-27,JEF,29.149372100830078,1357800.0,Yahoo Finance,2026-09-21T08:29:09+00:00,2024-05-20
2023-10-30,JEF,29.434612274169922,922100.0,Yahoo Finance,2026-09-21T08:29:09+00:00,2024-05-20
2023-10-31,JEF,29.60943603515625,800300.0,Yahoo Finance,2026-09-21T08:29:09+00:00,2024-05-20
2023-11-01,JEF,29.977479934692383,972200.0,Yahoo Finance,2026-09-21T08:29:09+00:00,2024-05-20
2023-11-02,JEF,30.77798843383789,823800.0,Yahoo Finance,2026-09-21T08:29:09+00:00,2024-05-20
2023-11-03,JEF,32.08455276489258,1412400.0,Yahoo Finance,2026-09-21T08:29:09+00:00,2024-05-20
2023-11-06,JEF,31.606088638305664,817500.0,Yahoo Finance,2026-09-21T08:29:09+00:00,2024-05-20
2023-11-07,JEF,31.817724227905273,938000.0,Yahoo Finance,2026-09-21T08:29:09+00:00,2024-05-20
2023-11-08,JEF,31.560089111328125,736500.0,Yahoo Finance,2026-09-21T08:29:09+00:00,2024-05-20
2023-11-09,JEF,30.95280647277832,810600.0,Yahoo Finance,2026-09-21T08:29:09+00:00,2024-05-20
2023-11-10,JEF,31.50056266784668,1119700.0,Yahoo Finance,2026-09-21T08:29:09+00:00,2024-05-20
2023-11-13,JEF,31.481990814208984,832700.0,Yahoo Finance,2026-09-21T08:29:09+00:00,2024-05-20
2023-11-14,JEF,32.31754684448242,1099600.0,Yahoo Finance,2026-09-21T08:29:09+00:00,2024-05-20
2023-11-15,JEF,32.512516021728516,949600.0,Yahoo Finance,2026-09-21T08:29:09+00:00,2024-05-20
2023-11-16,JEF,32.26184844970703,862700.0,Yahoo Finance,2026-09-21T08:29:09+00:00,2024-05-20
2023-11-17,JEF,32.512516021728516,613400.0,Yahoo Finance,2026-09-21T08:29:09+00:00,2024-05-20
2023-11-20,JEF,32.40110778808594,726200.0,Yahoo Finance,2026-09-21T08:29:09+00:00,2024-05-20
2023-11-21,JEF,32.15972137451172,874700.0,Yahoo Finance,2026-09-21T08:29:09+00:00,2024-05-20
2023-11-22,JEF,32.41039276123047,838900.0,Yahoo Finance,2026-09-21T08:29:09+00:00,2024-05-20
2023-11-24,JEF,32.53108596801758,313100.0,Yahoo Finance,2026-09-21T08:29:09+00:00,2024-05-20
2023-11-27,JEF,32.18757247924805,754400.0,Yahoo Finance,2026-09-21T08:29:09+00:00,2024-05-20
2023-11-28,JEF,32.15044021606445,979700.0,Yahoo Finance,2026-09-21T08:29:09+00:00,2024-05-20
2023-11-29,JEF,32.67034149169922,990500.0,Yahoo Finance,2026-09-21T08:29:09+00:00,2024-05-20
2023-11-30,JEF,32.902442932128906,1001100.0,Yahoo Finance,2026-09-21T08:29:09+00:00,2024-05-20
2023-12-01,JEF,33.75657272338867,1463800.0,Yahoo Finance,2026-09-21T08:29:09+00:00,2024-05-20
2023-12-04,JEF,34.19291305541992,1793300.0,Yahoo Finance,2026-09-21T08:29:09+00:00,2024-05-20
2023-12-05,JEF,34.016517639160156,1503800.0,Yahoo Finance,2026-09-21T08:29:09+00:00,2024-05-20
2023-12-06,JEF,33.617305755615234,853900.0,Yahoo Finance,2026-09-21T08:29:09+00:00,2024-05-20
2023-12-07,JEF,33.821556091308594,915200.0,Yahoo Finance,2026-09-21T08:29:09+00:00,2024-05-20
2023-12-08,JEF,34.24862289428711,710300.0,Yahoo Finance,2026-09-21T08:29:09+00:00,2024-05-20
2023-12-11,JEF,34.1186408996582,781500.0,Yahoo Finance,2026-09-21T08:29:09+00:00,2024-05-20
2023-12-12,JEF,33.840126037597656,989600.0,Yahoo Finance,2026-09-21T08:29:09+00:00,2024-05-20
2023-12-13,JEF,34.82422637939453,1257900.0,Yahoo Finance,2026-09-21T08:29:09+00:00,2024-05-20
2023-12-14,JEF,36.06827926635742,1117500.0,Yahoo Finance,2026-09-21T08:29:09+00:00,2024-05-20
2023-12-15,JEF,35.8268928527832,4121300.0,Yahoo Finance,2026-09-21T08:29:09+00:00,2024-05-20
2023-12-18,JEF,35.41840362548828,743500.0,Yahoo Finance,2026-09-21T08:29:09+00:00,2024-05-20
2023-12-19,JEF,36.11471176147461,822200.0,Yahoo Finance,2026-09-21T08:29:09+00:00,2024-05-20
2023-12-20,JEF,35.63193893432617,809800.0,Yahoo Finance,2026-09-21T08:29:09+00:00,2024-05-20
2023-12-21,JEF,36.40250015258789,711900.0,Yahoo Finance,2026-09-21T08:29:09+00:00,2024-05-20
2023-12-22,JEF,37.0523796081543,932200.0,Yahoo Finance,2026-09-21T08:29:09+00:00,2024-05-20
2023-12-26,JEF,37.68369674682617,1039100.0,Yahoo Finance,2026-09-21T08:29:09+00:00,2024-05-20
2023-12-27,JEF,37.832237243652344,869500.0,Yahoo Finance,2026-09-21T08:29:09+00:00,2024-05-20
2023-12-28,JEF,37.81367492675781,845000.0,Yahoo Finance,2026-09-21T08:29:09+00:00,2024-05-20
2023-12-29,JEF,37.51658630371094,904400.0,Yahoo Finance,2026-09-21T08:29:09+00:00,2024-05-20
2024-01-02,JEF,37.52586364746094,921800.0,Yahoo Finance,2026-09-21T08:29:09+00:00,2024-05-20
2024-01-03,JEF,37.01524353027344,1009900.0,Yahoo Finance,2026-09-21T08:29:09+00:00,2024-05-20
2024-01-04,JEF,36.75529479980469,1084400.0,Yahoo Finance,2026-09-21T08:29:09+00:00,2024-05-20
2024-01-05,JEF,37.275203704833984,1345000.0,Yahoo Finance,2026-09-21T08:29:09+00:00,2024-05-20
2024-01-08,JEF,37.77653503417969,2709600.0,Yahoo Finance,2026-09-21T08:29:09+00:00,2024-05-20
2024-01-09,JEF,37.00596618652344,3816000.0,Yahoo Finance,2026-09-21T08:29:09+00:00,2024-05-20
2024-01-10,JEF,36.80171585083008,1976500.0,Yahoo Finance,2026-09-21T08:29:09+00:00,2024-05-20
2024-01-11,JEF,36.690311431884766,1093900.0,Yahoo Finance,2026-09-21T08:29:09+00:00,2024-05-20
2024-01-12,JEF,36.996681213378906,909400.0,Yahoo Finance,2026-09-21T08:29:09+00:00,2024-05-20
2024-01-16,JEF,37.117374420166016,937800.0,Yahoo Finance,2026-09-21T08:29:09+00:00,2024-05-20
2024-01-17,JEF,36.133262634277344,932700.0,Yahoo Finance,2026-09-21T08:29:09+00:00,2024-05-20
2024-01-18,JEF,36.46749496459961,961700.0,Yahoo Finance,2026-09-21T08:29:09+00:00,2024-05-20
2024-01-19,JEF,37.25663375854492,1146100.0,Yahoo Finance,2026-09-21T08:29:09+00:00,2024-05-20
2024-01-22,JEF,37.69297790527344,825100.0,Yahoo Finance,2026-09-21T08:29:09+00:00,2024-05-20
2024-01-23,JEF,37.56299591064453,632800.0,Yahoo Finance,2026-09-21T08:29:09+00:00,2024-05-20
2024-01-24,JEF,37.95293045043945,838500.0,Yahoo Finance,2026-09-21T08:29:09+00:00,2024-05-20
2024-01-25,JEF,37.96221160888672,746800.0,Yahoo Finance,2026-09-21T08:29:09+00:00,2024-05-20
2024-01-26,JEF,38.008628845214844,791100.0,Yahoo Finance,2026-09-21T08:29:09+00:00,2024-05-20
2024-01-29,JEF,38.055057525634766,843300.0,Yahoo Finance,2026-09-21T08:29:09+00:00,2024-05-20
2024-01-30,JEF,37.96221160888672,785400.0,Yahoo Finance,2026-09-21T08:29:09+00:00,2024-05-20
2024-01-31,JEF,37.841522216796875,1064000.0,Yahoo Finance,2026-09-21T08:29:09+00:00,2024-05-20
2024-02-01,JEF,37.69297790527344,1067500.0,Yahoo Finance,2026-09-21T08:29:09+00:00,2024-05-20
2024-02-02,JEF,37.7115478515625,993500.0,Yahoo Finance,2026-09-21T08:29:09+00:00,2024-05-20
2024-02-05,JEF,37.25663375854492,693200.0,Yahoo Finance,2026-09-21T08:29:09+00:00,2024-05-20
2024-02-06,JEF,37.08951950073242,789600.0,Yahoo Finance,2026-09-21T08:29:09+00:00,2024-05-20
2024-02-07,JEF,37.2102165222168,924600.0,Yahoo Finance,2026-09-21T08:29:09+00:00,2024-05-20
2024-02-08,JEF,37.423744201660156,805000.0,Yahoo Finance,2026-09-21T08:29:09+00:00,2024-05-20
2024-02-09,JEF,37.91579055786133,791800.0,Yahoo Finance,2026-09-21T08:29:09+00:00,2024-05-20
2024-02-12,JEF,38.426414489746094,1250700.0,Yahoo Finance,2026-09-21T08:29:09+00:00,2024-05-20
2024-02-13,JEF,37.293758392333984,1049500.0,Yahoo Finance,2026-09-21T08:29:09+00:00,2024-05-20
2024-02-14,JEF,37.74868392944336,599500.0,Yahoo Finance,2026-09-21T08:29:09+00:00,2024-05-20
2024-02-15,JEF,38.524986267089844,893100.0,Yahoo Finance,2026-09-21T08:29:09+00:00,2024-05-20
2024-02-16,JEF,38.45950698852539,695200.0,Yahoo Finance,2026-09-21T08:29:09+00:00,2024-05-20
2024-02-20,JEF,38.36598205566406,830600.0,Yahoo Finance,2026-09-21T08:29:09+00:00,2024-05-20
2024-02-21,JEF,38.450157165527344,889900.0,Yahoo Finance,2026-09-21T08:29:09+00:00,2024-05-20
2024-02-22,JEF,38.79621505737305,671400.0,Yahoo Finance,2026-09-21T08:29:09+00:00,2024-05-20
2024-02-23,JEF,39.35740280151367,1216100.0,Yahoo Finance,2026-09-21T08:29:09+00:00,2024-05-20
2024-02-26,JEF,38.56239318847656,764200.0,Yahoo Finance,2026-09-21T08:29:09+00:00,2024-05-20
2024-02-27,JEF,38.59044647216797,780900.0,Yahoo Finance,2026-09-21T08:29:09+00:00,2024-05-20
2024-02-28,JEF,38.72139358520508,666400.0,Yahoo Finance,2026-09-21T08:29:09+00:00,2024-05-20
2024-02-29,JEF,39.11421585083008,1296600.0,Yahoo Finance,2026-09-21T08:29:09+00:00,2024-05-20
2024-03-01,JEF,39.1048698425293,609400.0,Yahoo Finance,2026-09-21T08:29:09+00:00,2024-05-20
2024-03-04,JEF,39.69410705566406,1172600.0,Yahoo Finance,2026-09-21T08:29:09+00:00,2024-05-20
2024-03-05,JEF,39.82504653930664,1014400.0,Yahoo Finance,2026-09-21T08:29:09+00:00,2024-05-20
2024-03-06,JEF,39.422874450683594,845300.0,Yahoo Finance,2026-09-21T08:29:09+00:00,2024-05-20
2024-03-07,JEF,40.180458068847656,1144500.0,Yahoo Finance,2026-09-21T08:29:09+00:00,2024-05-20
2024-03-08,JEF,40.526527404785156,837500.0,Yahoo Finance,2026-09-21T08:29:09+00:00,2024-05-20
2024-03-11,JEF,40.563934326171875,783300.0,Yahoo Finance,2026-09-21T08:29:09+00:00,2024-05-20
2024-03-12,JEF,40.563934326171875,742600.0,Yahoo Finance,2026-09-21T08:29:09+00:00,2024-05-20
2024-03-13,JEF,41.415061950683594,1252500.0,Yahoo Finance,2026-09-21T08:29:09+00:00,2024-05-20
2024-03-14,JEF,40.89128494262695,1181100.0,Yahoo Finance,2026-09-21T08:29:09+00:00,2024-05-20
2024-03-15,JEF,40.63875198364258,1969800.0,Yahoo Finance,2026-09-21T08:29:09+00:00,2024-05-20
2024-03-18,JEF,40.779052734375,930500.0,Yahoo Finance,2026-09-21T08:29:09+00:00,2024-05-20
2024-03-19,JEF,41.171875,853600.0,Yahoo Finance,2026-09-21T08:29:09+00:00,2024-05-20
2024-03-20,JEF,41.93882751464844,749200.0,Yahoo Finance,2026-09-21T08:29:09+00:00,2024-05-20
2024-03-21,JEF,42.89282989501953,798500.0,Yahoo Finance,2026-09-21T08:29:09+00:00,2024-05-20
2024-03-22,JEF,42.38776779174805,892400.0,Yahoo Finance,2026-09-21T08:29:09+00:00,2024-05-20
2024-03-25,JEF,42.33164596557617,655000.0,Yahoo Finance,2026-09-21T08:29:09+00:00,2024-05-20
2024-03-26,JEF,42.29423904418945,1346500.0,Yahoo Finance,2026-09-21T08:29:09+00:00,2024-05-20
2024-03-27,JEF,43.145362854003906,1586400.0,Yahoo Finance,2026-09-21T08:29:09+00:00,2024-05-20
2024-03-28,JEF,41.246707916259766,3415600.0,Yahoo Finance,2026-09-21T08:29:09+00:00,2024-05-20
2024-04-01,JEF,40.73228454589844,1653800.0,Yahoo Finance,2026-09-21T08:29:09+00:00,2024-05-20
2024-04-02,JEF,40.41428756713867,1312200.0,Yahoo Finance,2026-09-21T08:29:09+00:00,2024-05-20
2024-04-03,JEF,41.302818298339844,948800.0,Yahoo Finance,2026-09-21T08:29:09+00:00,2024-05-20
2024-04-04,JEF,40.9006462097168,749400.0,Yahoo Finance,2026-09-21T08:29:09+00:00,2024-05-20
2024-04-05,JEF,40.98481369018555,701200.0,Yahoo Finance,2026-09-21T08:29:09+00:00,2024-05-20
2024-04-08,JEF,41.574066162109375,1255600.0,Yahoo Finance,2026-09-21T08:29:09+00:00,2024-05-20
2024-04-09,JEF,41.302818298339844,755200.0,Yahoo Finance,2026-09-21T08:29:09+00:00,2024-05-20
2024-04-10,JEF,40.68552780151367,867300.0,Yahoo Finance,2026-09-21T08:29:09+00:00,2024-05-20
2024-04-11,JEF,40.012107849121094,895700.0,Yahoo Finance,2026-09-21T08:29:09+00:00,2024-05-20
2024-04-12,JEF,39.095516204833984,667500.0,Yahoo Finance,2026-09-21T08:29:09+00:00,2024-05-20
2024-04-15,JEF,38.62785720825195,752400.0,Yahoo Finance,2026-09-21T08:29:09+00:00,2024-05-20
2024-04-16,JEF,38.38469314575195,629600.0,Yahoo Finance,2026-09-21T08:29:09+00:00,2024-05-20
2024-04-17,JEF,38.524986267089844,727200.0,Yahoo Finance,2026-09-21T08:29:09+00:00,2024-05-20
2024-04-18,JEF,38.8336296081543,647900.0,Yahoo Finance,2026-09-21T08:29:09+00:00,2024-05-20
2024-04-19,JEF,39.44157791137695,1753800.0,Yahoo Finance,2026-09-21T08:29:09+00:00,2024-05-20
2024-04-22,JEF,40.713584899902344,1054400.0,Yahoo Finance,2026-09-21T08:29:09+00:00,2024-05-20
2024-04-23,JEF,41.70499801635742,1159100.0,Yahoo Finance,2026-09-21T08:29:09+00:00,2024-05-20
2024-04-24,JEF,41.7143440246582,2516200.0,Yahoo Finance,2026-09-21T08:29:09+00:00,2024-05-20
2024-04-25,JEF,40.64811325073242,952100.0,Yahoo Finance,2026-09-21T08:29:09+00:00,2024-05-20
2024-04-26,JEF,40.74164962768555,727200.0,Yahoo Finance,2026-09-21T08:29:09+00:00,2024-05-20
2024-04-29,JEF,40.853878021240234,1068400.0,Yahoo Finance,2026-09-21T08:29:09+00:00,2024-05-20
2024-04-30,JEF,40.27398681640625,709700.0,Yahoo Finance,2026-09-21T08:29:09+00:00,2024-05-20
2024-05-01,JEF,40.42364501953125,828100.0,Yahoo Finance,2026-09-21T08:29:09+00:00,2024-05-20
2024-05-02,JEF,41.069000244140625,785700.0,Yahoo Finance,2026-09-21T08:29:09+00:00,2024-05-20
2024-05-03,JEF,41.9575309753418,698100.0,Yahoo Finance,2026-09-21T08:29:09+00:00,2024-05-20
2024-05-06,JEF,42.68706512451172,682000.0,Yahoo Finance,2026-09-21T08:29:09+00:00,2024-05-20
2024-05-07,JEF,42.6964225769043,1051500.0,Yahoo Finance,2026-09-21T08:29:09+00:00,2024-05-20
2024-05-08,JEF,42.87413024902344,778800.0,Yahoo Finance,2026-09-21T08:29:09+00:00,2024-05-20
2024-05-09,JEF,42.95830154418945,728600.0,Yahoo Finance,2026-09-21T08:29:09+00:00,2024-05-20
2024-05-10,JEF,43.491424560546875,811100.0,Yahoo Finance,2026-09-21T08:29:09+00:00,2024-05-20
2024-05-13,JEF,43.03312301635742,791800.0,Yahoo Finance,2026-09-21T08:29:09+00:00,2024-05-20
2024-05-14,JEF,43.1921272277832,1156400.0,Yahoo Finance,2026-09-21T08:29:09+00:00,2024-05-20
2024-05-15,JEF,44.211605072021484,706000.0,Yahoo Finance,2026-09-21T08:29:09+00:00,2024-05-20
2024-05-16,JEF,44.22095489501953,677500.0,Yahoo Finance,2026-09-21T08:29:09+00:00,2024-05-20
2024-05-17,JEF,44.540985107421875,916100.0,Yahoo Finance,2026-09-21T08:29:09+00:00,2024-05-20
2024-05-20,JEF,44.30567169189453,960900.0,Yahoo Finance,2026-09-21T08:29:09+00:00,2024-05-20
2023-04-17,JPM,130.00653076171875,16050500.0,Yahoo Finance,2026-09-21T08:29:09+00:00,2024-05-20
2023-04-18,JPM,131.46621704101562,13760100.0,Yahoo Finance,2026-09-21T08:29:09+00:00,2024-05-20
2023-04-19,JPM,131.2988739013672,9158100.0,Yahoo Finance,2026-09-21T08:29:09+00:00,2024-05-20
2023-04-20,JPM,130.91766357421875,10586200.0,Yahoo Finance,2026-09-21T08:29:09+00:00,2024-05-20
2023-04-21,JPM,130.66664123535156,11842500.0,Yahoo Finance,2026-09-21T08:29:09+00:00,2024-05-20
2023-04-24,JPM,130.8433380126953,7567500.0,Yahoo Finance,2026-09-21T08:29:09+00:00,2024-05-20
2023-04-25,JPM,127.9982681274414,10629300.0,Yahoo Finance,2026-09-21T08:29:09+00:00,2024-05-20
2023-04-26,JPM,125.72968292236328,14416100.0,Yahoo Finance,2026-09-21T08:29:09+00:00,2024-05-20
2023-04-27,JPM,127.4218521118164,9041100.0,Yahoo Finance,2026-09-21T08:29:09+00:00,2024-05-20
2023-04-28,JPM,128.5282440185547,9887300.0,Yahoo Finance,2026-09-21T08:29:09+00:00,2024-05-20
2023-05-01,JPM,131.28030395507812,20415800.0,Yahoo Finance,2026-09-21T08:29:09+00:00,2024-05-20
2023-05-02,JPM,129.1604461669922,14113400.0,Yahoo Finance,2026-09-21T08:29:09+00:00,2024-05-20
2023-05-03,JPM,126.42699432373047,12930900.0,Yahoo Finance,2026-09-21T08:29:09+00:00,2024-05-20
2023-05-04,JPM,124.69769287109375,17089200.0,Yahoo Finance,2026-09-21T08:29:09+00:00,2024-05-20
2023-05-05,JPM,127.13361358642578,11261400.0,Yahoo Finance,2026-09-21T08:29:09+00:00,2024-05-20
2023-05-08,JPM,127.44044494628906,7484900.0,Yahoo Finance,2026-09-21T08:29:09+00:00,2024-05-20
2023-05-09,JPM,126.8268051147461,7343600.0,Yahoo Finance,2026-09-21T08:29:09+00:00,2024-05-20
2023-05-10,JPM,126.89189147949219,8133400.0,Yahoo Finance,2026-09-21T08:29:09+00:00,2024-05-20
2023-05-11,JPM,126.49209594726562,7057300.0,Yahoo Finance,2026-09-21T08:29:09+00:00,2024-05-20
2023-05-12,JPM,124.67908477783203,9988600.0,Yahoo Finance,2026-09-21T08:29:09+00:00,2024-05-20
2023-05-15,JPM,125.72968292236328,7639500.0,Yahoo Finance,2026-09-21T08:29:09+00:00,2024-05-20
2023-05-16,JPM,124.88362884521484,6477200.0,Yahoo Finance,2026-09-21T08:29:09+00:00,2024-05-20
2023-05-17,JPM,128.7234649658203,12711500.0,Yahoo Finance,2026-09-21T08:29:09+00:00,2024-05-20
2023-05-18,JPM,129.69972229003906,10999600.0,Yahoo Finance,2026-09-21T08:29:09+00:00,2024-05-20
2023-05-19,JPM,129.40219116210938,13492200.0,Yahoo Finance,2026-09-21T08:29:09+00:00,2024-05-20
2023-05-22,JPM,128.33299255371094,11402500.0,Yahoo Finance,2026-09-21T08:29:09+00:00,2024-05-20
2023-05-23,JPM,126.99413299560547,9514900.0,Yahoo Finance,2026-09-21T08:29:09+00:00,2024-05-20
2023-05-24,JPM,125.83193969726562,8578000.0,Yahoo Finance,2026-09-21T08:29:09+00:00,2024-05-20
2023-05-25,JPM,126.13878631591797,8472500.0,Yahoo Finance,2026-09-21T08:29:09+00:00,2024-05-20
2023-05-26,JPM,127.31957244873047,8579900.0,Yahoo Finance,2026-09-21T08:29:09+00:00,2024-05-20
2023-05-30,JPM,127.80303955078125,7399900.0,Yahoo Finance,2026-09-21T08:29:09+00:00,2024-05-20
2023-05-31,JPM,126.17594146728516,14219900.0,Yahoo Finance,2026-09-21T08:29:09+00:00,2024-05-20
2023-06-01,JPM,127.91462707519531,12248100.0,Yahoo Finance,2026-09-21T08:29:09+00:00,2024-05-20
2023-06-02,JPM,130.60154724121094,12922500.0,Yahoo Finance,2026-09-21T08:29:09+00:00,2024-05-20
2023-06-05,JPM,129.3185272216797,8511900.0,Yahoo Finance,2026-09-21T08:29:09+00:00,2024-05-20
2023-06-06,JPM,129.55091857910156,9329500.0,Yahoo Finance,2026-09-21T08:29:09+00:00,2024-05-20
2023-06-07,JPM,130.80613708496094,9281400.0,Yahoo Finance,2026-09-21T08:29:09+00:00,2024-05-20
2023-06-08,JPM,130.8433380126953,7368100.0,Yahoo Finance,2026-09-21T08:29:09+00:00,2024-05-20
2023-06-09,JPM,131.10362243652344,7249100.0,Yahoo Finance,2026-09-21T08:29:09+00:00,2024-05-20
2023-06-12,JPM,131.09432983398438,7596600.0,Yahoo Finance,2026-09-21T08:29:09+00:00,2024-05-20
2023-06-13,JPM,132.0426788330078,7701600.0,Yahoo Finance,2026-09-21T08:29:09+00:00,2024-05-20
2023-06-14,JPM,131.5499267578125,9068700.0,Yahoo Finance,2026-09-21T08:29:09+00:00,2024-05-20
2023-06-15,JPM,133.03750610351562,9343100.0,Yahoo Finance,2026-09-21T08:29:09+00:00,2024-05-20
2023-06-16,JPM,133.195556640625,13813500.0,Yahoo Finance,2026-09-21T08:29:09+00:00,2024-05-20
2023-06-20,JPM,132.51683044433594,8428600.0,Yahoo Finance,2026-09-21T08:29:09+00:00,2024-05-20
2023-06-21,JPM,132.32164001464844,9926500.0,Yahoo Finance,2026-09-21T08:29:09+00:00,2024-05-20
2023-06-22,JPM,129.77407836914062,10075200.0,Yahoo Finance,2026-09-21T08:29:09+00:00,2024-05-20
2023-06-23,JPM,129.09536743164062,9919500.0,Yahoo Finance,2026-09-21T08:29:09+00:00,2024-05-20
2023-06-26,JPM,129.41146850585938,8429700.0,Yahoo Finance,2026-09-21T08:29:09+00:00,2024-05-20
2023-06-27,JPM,129.42080688476562,8154000.0,Yahoo Finance,2026-09-21T08:29:09+00:00,2024-05-20
2023-06-28,JPM,128.85365295410156,7558600.0,Yahoo Finance,2026-09-21T08:29:09+00:00,2024-05-20
2023-06-29,JPM,133.3535919189453,15423200.0,Yahoo Finance,2026-09-21T08:29:09+00:00,2024-05-20
2023-06-30,JPM,135.22242736816406,14212800.0,Yahoo Finance,2026-09-21T08:29:09+00:00,2024-05-20
2023-07-03,JPM,136.31021118164062,8021600.0,Yahoo Finance,2026-09-21T08:29:09+00:00,2024-05-20
2023-07-05,JPM,135.4021759033203,8934900.0,Yahoo Finance,2026-09-21T08:29:09+00:00,2024-05-20
2023-07-06,JPM,134.06350708007812,9709500.0,Yahoo Finance,2026-09-21T08:29:09+00:00,2024-05-20
2023-07-07,JPM,135.121337890625,8981500.0,Yahoo Finance,2026-09-21T08:29:09+00:00,2024-05-20
2023-07-10,JPM,135.8795928955078,9100100.0,Yahoo Finance,2026-09-21T08:29:09+00:00,2024-05-20
2023-07-11,JPM,138.00460815429688,11260900.0,Yahoo Finance,2026-09-21T08:29:09+00:00,2024-05-20
2023-07-12,JPM,138.68800354003906,11323200.0,Yahoo Finance,2026-09-21T08:29:09+00:00,2024-05-20
2023-07-13,JPM,139.36199951171875,11234900.0,Yahoo Finance,2026-09-21T08:29:09+00:00,2024-05-20
2023-07-14,JPM,140.2045135498047,27028400.0,Yahoo Finance,2026-09-21T08:29:09+00:00,2024-05-20
2023-07-17,JPM,143.58396911621094,17262400.0,Yahoo Finance,2026-09-21T08:29:09+00:00,2024-05-20
2023-07-18,JPM,143.84608459472656,13491700.0,Yahoo Finance,2026-09-21T08:29:09+00:00,2024-05-20
2023-07-19,JPM,144.3983917236328,12510000.0,Yahoo Finance,2026-09-21T08:29:09+00:00,2024-05-20
2023-07-20,JPM,146.1770782470703,9935900.0,Yahoo Finance,2026-09-21T08:29:09+00:00,2024-05-20
2023-07-21,JPM,145.05369567871094,10636400.0,Yahoo Finance,2026-09-21T08:29:09+00:00,2024-05-20
2023-07-24,JPM,147.90890502929688,14381400.0,Yahoo Finance,2026-09-21T08:29:09+00:00,2024-05-20
2023-07-25,JPM,146.80426025390625,9944700.0,Yahoo Finance,2026-09-21T08:29:09+00:00,2024-05-20
2023-07-26,JPM,147.68421936035156,8728600.0,Yahoo Finance,2026-09-21T08:29:09+00:00,2024-05-20
2023-07-27,JPM,146.0553436279297,10778400.0,Yahoo Finance,2026-09-21T08:29:09+00:00,2024-05-20
2023-07-28,JPM,146.8885498046875,9103800.0,Yahoo Finance,2026-09-21T08:29:09+00:00,2024-05-20
2023-07-31,JPM,147.87142944335938,8892700.0,Yahoo Finance,2026-09-21T08:29:09+00:00,2024-05-20
2023-08-01,JPM,147.14126586914062,6853900.0,Yahoo Finance,2026-09-21T08:29:09+00:00,2024-05-20
2023-08-02,JPM,145.4749298095703,8299400.0,Yahoo Finance,2026-09-21T08:29:09+00:00,2024-05-20
2023-08-03,JPM,146.36427307128906,6084000.0,Yahoo Finance,2026-09-21T08:29:09+00:00,2024-05-20
2023-08-04,JPM,146.0553436279297,6209400.0,Yahoo Finance,2026-09-21T08:29:09+00:00,2024-05-20
2023-08-07,JPM,146.74807739257812,7251800.0,Yahoo Finance,2026-09-21T08:29:09+00:00,2024-05-20
2023-08-08,JPM,145.92428588867188,8623400.0,Yahoo Finance,2026-09-21T08:29:09+00:00,2024-05-20
2023-08-09,JPM,143.96775817871094,6277800.0,Yahoo Finance,2026-09-21T08:29:09+00:00,2024-05-20
2023-08-10,JPM,143.75245666503906,5995100.0,Yahoo Finance,2026-09-21T08:29:09+00:00,2024-05-20
2023-08-11,JPM,144.5856170654297,5180700.0,Yahoo Finance,2026-09-21T08:29:09+00:00,2024-05-20
2023-08-14,JPM,144.8851776123047,5044300.0,Yahoo Finance,2026-09-21T08:29:09+00:00,2024-05-20
2023-08-15,JPM,141.19683837890625,10300300.0,Yahoo Finance,2026-09-21T08:29:09+00:00,2024-05-20
2023-08-16,JPM,140.5977020263672,6978200.0,Yahoo Finance,2026-09-21T08:29:09+00:00,2024-05-20
2023-08-17,JPM,139.13734436035156,9953900.0,Yahoo Finance,2026-09-21T08:29:09+00:00,2024-05-20
2023-08-18,JPM,139.45559692382812,8517500.0,Yahoo Finance,2026-09-21T08:29:09+00:00,2024-05-20
2023-08-21,JPM,139.93304443359375,8327000.0,Yahoo Finance,2026-09-21T08:29:09+00:00,2024-05-20
2023-08-22,JPM,137.03103637695312,9673300.0,Yahoo Finance,2026-09-21T08:29:09+00:00,2024-05-20
2023-08-23,JPM,137.95779418945312,7858000.0,Yahoo Finance,2026-09-21T08:29:09+00:00,2024-05-20
2023-08-24,JPM,137.8267364501953,6534000.0,Yahoo Finance,2026-09-21T08:29:09+00:00,2024-05-20
2023-08-25,JPM,137.6582489013672,6695500.0,Yahoo Finance,2026-09-21T08:29:09+00:00,2024-05-20
2023-08-28,JPM,138.1356964111328,5094100.0,Yahoo Finance,2026-09-21T08:29:09+00:00,2024-05-20
2023-08-29,JPM,139.25904846191406,6337000.0,Yahoo Finance,2026-09-21T08:29:09+00:00,2024-05-20
2023-08-30,JPM,138.69737243652344,6277300.0,Yahoo Finance,2026-09-21T08:29:09+00:00,2024-05-20
2023-08-31,JPM,136.98422241210938,10933900.0,Yahoo Finance,2026-09-21T08:29:09+00:00,2024-05-20
2023-09-01,JPM,137.44293212890625,7903500.0,Yahoo Finance,2026-09-21T08:29:09+00:00,2024-05-20
2023-09-05,JPM,135.92640686035156,7854700.0,Yahoo Finance,2026-09-21T08:29:09+00:00,2024-05-20
2023-09-06,JPM,135.7017364501953,8629200.0,Yahoo Finance,2026-09-21T08:29:09+00:00,2024-05-20
2023-09-07,JPM,134.54090881347656,8373700.0,Yahoo Finance,2026-09-21T08:29:09+00:00,2024-05-20
2023-09-08,JPM,134.64393615722656,7107900.0,Yahoo Finance,2026-09-21T08:29:09+00:00,2024-05-20
2023-09-11,JPM,135.2336883544922,6854200.0,Yahoo Finance,2026-09-21T08:29:09+00:00,2024-05-20
2023-09-12,JPM,136.9936065673828,8363200.0,Yahoo Finance,2026-09-21T08:29:09+00:00,2024-05-20
2023-09-13,JPM,137.05911254882812,8325900.0,Yahoo Finance,2026-09-21T08:29:09+00:00,2024-05-20
2023-09-14,JPM,139.7177276611328,10034900.0,Yahoo Finance,2026-09-21T08:29:09+00:00,2024-05-20
2023-09-15,JPM,139.30584716796875,19863400.0,Yahoo Finance,2026-09-21T08:29:09+00:00,2024-05-20
2023-09-18,JPM,139.5960235595703,6512400.0,Yahoo Finance,2026-09-21T08:29:09+00:00,2024-05-20
2023-09-19,JPM,139.4181671142578,7943400.0,Yahoo Finance,2026-09-21T08:29:09+00:00,2024-05-20
2023-09-20,JPM,138.82839965820312,7332000.0,Yahoo Finance,2026-09-21T08:29:09+00:00,2024-05-20
2023-09-21,JPM,137.74252319335938,8052400.0,Yahoo Finance,2026-09-21T08:29:09+00:00,2024-05-20
2023-09-22,JPM,136.4225311279297,7071700.0,Yahoo Finance,2026-09-21T08:29:09+00:00,2024-05-20
2023-09-25,JPM,137.09657287597656,7044700.0,Yahoo Finance,2026-09-21T08:29:09+00:00,2024-05-20
2023-09-26,JPM,135.67364501953125,7468400.0,Yahoo Finance,2026-09-21T08:29:09+00:00,2024-05-20
2023-09-27,JPM,136.46934509277344,6717800.0,Yahoo Finance,2026-09-21T08:29:09+00:00,2024-05-20
2023-09-28,JPM,138.16375732421875,8868100.0,Yahoo Finance,2026-09-21T08:29:09+00:00,2024-05-20
2023-09-29,JPM,135.7578887939453,11917800.0,Yahoo Finance,2026-09-21T08:29:09+00:00,2024-05-20
2023-10-02,JPM,134.5877227783203,9170600.0,Yahoo Finance,2026-09-21T08:29:09+00:00,2024-05-20
2023-10-03,JPM,133.59542846679688,9431100.0,Yahoo Finance,2026-09-21T08:29:09+00:00,2024-05-20
2023-10-04,JPM,134.19454956054688,8128700.0,Yahoo Finance,2026-09-21T08:29:09+00:00,2024-05-20
2023-10-05,JPM,134.76039123535156,8576200.0,Yahoo Finance,2026-09-21T08:29:09+00:00,2024-05-20
2023-10-06,JPM,136.8350830078125,10270600.0,Yahoo Finance,2026-09-21T08:29:09+00:00,2024-05-20
2023-10-09,JPM,136.5238800048828,6964900.0,Yahoo Finance,2026-09-21T08:29:09+00:00,2024-05-20
2023-10-10,JPM,137.35374450683594,11288800.0,Yahoo Finance,2026-09-21T08:29:09+00:00,2024-05-20
2023-10-11,JPM,137.8252410888672,8698200.0,Yahoo Finance,2026-09-21T08:29:09+00:00,2024-05-20
2023-10-12,JPM,137.504638671875,10484400.0,Yahoo Finance,2026-09-21T08:29:09+00:00,2024-05-20
2023-10-13,JPM,139.56988525390625,29427000.0,Yahoo Finance,2026-09-21T08:29:09+00:00,2024-05-20
2023-10-16,JPM,139.4284210205078,12663500.0,Yahoo Finance,2026-09-21T08:29:09+00:00,2024-05-20
2023-10-17,JPM,139.1266632080078,11482700.0,Yahoo Finance,2026-09-21T08:29:09+00:00,2024-05-20
2023-10-18,JPM,137.5989227294922,9620300.0,Yahoo Finance,2026-09-21T08:29:09+00:00,2024-05-20
2023-10-19,JPM,137.0142364501953,11143600.0,Yahoo Finance,2026-09-21T08:29:09+00:00,2024-05-20
2023-10-20,JPM,134.80752563476562,13332900.0,Yahoo Finance,2026-09-21T08:29:09+00:00,2024-05-20
2023-10-23,JPM,132.96859741210938,10133400.0,Yahoo Finance,2026-09-21T08:29:09+00:00,2024-05-20
2023-10-24,JPM,133.12893676757812,8881400.0,Yahoo Finance,2026-09-21T08:29:09+00:00,2024-05-20
2023-10-25,JPM,132.4027862548828,8242600.0,Yahoo Finance,2026-09-21T08:29:09+00:00,2024-05-20
2023-10-26,JPM,132.7422637939453,9109400.0,Yahoo Finance,2026-09-21T08:29:09+00:00,2024-05-20
2023-10-27,JPM,127.9610824584961,17434700.0,Yahoo Finance,2026-09-21T08:29:09+00:00,2024-05-20
2023-10-30,JPM,129.59249877929688,9855500.0,Yahoo Finance,2026-09-21T08:29:09+00:00,2024-05-20
2023-10-31,JPM,131.13909912109375,9672500.0,Yahoo Finance,2026-09-21T08:29:09+00:00,2024-05-20
2023-11-01,JPM,131.0259552001953,9432000.0,Yahoo Finance,2026-09-21T08:29:09+00:00,2024-05-20
2023-11-02,JPM,133.36471557617188,10186200.0,Yahoo Finance,2026-09-21T08:29:09+00:00,2024-05-20
2023-11-03,JPM,134.85467529296875,9538700.0,Yahoo Finance,2026-09-21T08:29:09+00:00,2024-05-20
2023-11-06,JPM,135.87319946289062,7625100.0,Yahoo Finance,2026-09-21T08:29:09+00:00,2024-05-20
2023-11-07,JPM,135.80714416503906,6297900.0,Yahoo Finance,2026-09-21T08:29:09+00:00,2024-05-20
2023-11-08,JPM,136.47669982910156,7618200.0,Yahoo Finance,2026-09-21T08:29:09+00:00,2024-05-20
2023-11-09,JPM,136.07119750976562,7992500.0,Yahoo Finance,2026-09-21T08:29:09+00:00,2024-05-20
2023-11-10,JPM,138.08932495117188,7983300.0,Yahoo Finance,2026-09-21T08:29:09+00:00,2024-05-20
2023-11-13,JPM,137.476318359375,6676300.0,Yahoo Finance,2026-09-21T08:29:09+00:00,2024-05-20
2023-11-14,JPM,139.98486328125,9927700.0,Yahoo Finance,2026-09-21T08:29:09+00:00,2024-05-20
2023-11-15,JPM,141.21080017089844,8365300.0,Yahoo Finance,2026-09-21T08:29:09+00:00,2024-05-20
2023-11-16,JPM,142.8233642578125,8126200.0,Yahoo Finance,2026-09-21T08:29:09+00:00,2024-05-20
2023-11-17,JPM,144.11534118652344,7812400.0,Yahoo Finance,2026-09-21T08:29:09+00:00,2024-05-20
2023-11-20,JPM,144.55857849121094,7019000.0,Yahoo Finance,2026-09-21T08:29:09+00:00,2024-05-20
2023-11-21,JPM,144.25680541992188,7083500.0,Yahoo Finance,2026-09-21T08:29:09+00:00,2024-05-20
2023-11-22,JPM,144.59628295898438,5174500.0,Yahoo Finance,2026-09-21T08:29:09+00:00,2024-05-20
2023-11-24,JPM,144.7943115234375,3496900.0,Yahoo Finance,2026-09-21T08:29:09+00:00,2024-05-20
2023-11-27,JPM,144.46426391601562,6259100.0,Yahoo Finance,2026-09-21T08:29:09+00:00,2024-05-20
2023-11-28,JPM,144.7943115234375,6582700.0,Yahoo Finance,2026-09-21T08:29:09+00:00,2024-05-20
2023-11-29,JPM,145.52992248535156,9126100.0,Yahoo Finance,2026-09-21T08:29:09+00:00,2024-05-20
2023-11-30,JPM,147.18966674804688,9869800.0,Yahoo Finance,2026-09-21T08:29:09+00:00,2024-05-20
2023-12-01,JPM,147.90635681152344,8916000.0,Yahoo Finance,2026-09-21T08:29:09+00:00,2024-05-20
2023-12-04,JPM,148.9908905029297,9607500.0,Yahoo Finance,2026-09-21T08:29:09+00:00,2024-05-20
2023-12-05,JPM,148.97198486328125,9135600.0,Yahoo Finance,2026-09-21T08:29:09+00:00,2024-05-20
2023-12-06,JPM,147.4065704345703,9366000.0,Yahoo Finance,2026-09-21T08:29:09+00:00,2024-05-20
2023-12-07,JPM,147.85919189453125,8130900.0,Yahoo Finance,2026-09-21T08:29:09+00:00,2024-05-20
2023-12-08,JPM,149.4906768798828,7369400.0,Yahoo Finance,2026-09-21T08:29:09+00:00,2024-05-20
2023-12-11,JPM,150.0376434326172,8093900.0,Yahoo Finance,2026-09-21T08:29:09+00:00,2024-05-20
2023-12-12,JPM,151.3767547607422,10223000.0,Yahoo Finance,2026-09-21T08:29:09+00:00,2024-05-20
2023-12-13,JPM,151.885986328125,12379100.0,Yahoo Finance,2026-09-21T08:29:09+00:00,2024-05-20
2023-12-14,JPM,154.64910888671875,13643000.0,Yahoo Finance,2026-09-21T08:29:09+00:00,2024-05-20
2023-12-15,JPM,155.8184356689453,20309300.0,Yahoo Finance,2026-09-21T08:29:09+00:00,2024-05-20
2023-12-18,JPM,156.76150512695312,8469600.0,Yahoo Finance,2026-09-21T08:29:09+00:00,2024-05-20
2023-12-19,JPM,158.8550567626953,10345700.0,Yahoo Finance,2026-09-21T08:29:09+00:00,2024-05-20
2023-12-20,JPM,157.06329345703125,10734700.0,Yahoo Finance,2026-09-21T08:29:09+00:00,2024-05-20
2023-12-21,JPM,157.9591827392578,7601700.0,Yahoo Finance,2026-09-21T08:29:09+00:00,2024-05-20
2023-12-22,JPM,157.86485290527344,6576300.0,Yahoo Finance,2026-09-21T08:29:09+00:00,2024-05-20
2023-12-26,JPM,158.79844665527344,4683600.0,Yahoo Finance,2026-09-21T08:29:09+00:00,2024-05-20
2023-12-27,JPM,159.7509307861328,6428600.0,Yahoo Finance,2026-09-21T08:29:09+00:00,2024-05-20
2023-12-28,JPM,160.59970092773438,6320100.0,Yahoo Finance,2026-09-21T08:29:09+00:00,2024-05-20
2023-12-29,JPM,160.41107177734375,6435100.0,Yahoo Finance,2026-09-21T08:29:09+00:00,2024-05-20
2024-01-02,JPM,162.27828979492188,9977400.0,Yahoo Finance,2026-09-21T08:29:09+00:00,2024-05-20
2024-01-03,JPM,161.57101440429688,9852300.0,Yahoo Finance,2026-09-21T08:29:09+00:00,2024-05-20
2024-01-04,JPM,162.64321899414062,11972500.0,Yahoo Finance,2026-09-21T08:29:09+00:00,2024-05-20
2024-01-05,JPM,163.459228515625,10066000.0,Yahoo Finance,2026-09-21T08:29:09+00:00,2024-05-20
2024-01-08,JPM,163.22201538085938,11229900.0,Yahoo Finance,2026-09-21T08:29:09+00:00,2024-05-20
2024-01-09,JPM,161.9315643310547,9923600.0,Yahoo Finance,2026-09-21T08:29:09+00:00,2024-05-20
2024-01-10,JPM,162.27316284179688,9670200.0,Yahoo Finance,2026-09-21T08:29:09+00:00,2024-05-20
2024-01-11,JPM,161.5900115966797,11919500.0,Yahoo Finance,2026-09-21T08:29:09+00:00,2024-05-20
2024-01-12,JPM,160.4039306640625,19436500.0,Yahoo Finance,2026-09-21T08:29:09+00:00,2024-05-20
2024-01-16,JPM,159.3981475830078,17206400.0,Yahoo Finance,2026-09-21T08:29:09+00:00,2024-05-20
2024-01-17,JPM,158.54415893554688,11107500.0,Yahoo Finance,2026-09-21T08:29:09+00:00,2024-05-20
2024-01-18,JPM,158.8572998046875,9382300.0,Yahoo Finance,2026-09-21T08:29:09+00:00,2024-05-20
2024-01-19,JPM,161.59947204589844,13115700.0,Yahoo Finance,2026-09-21T08:29:09+00:00,2024-05-20
2024-01-22,JPM,161.40969848632812,12837500.0,Yahoo Finance,2026-09-21T08:29:09+00:00,2024-05-20
2024-01-23,JPM,160.34698486328125,8360800.0,Yahoo Finance,2026-09-21T08:29:09+00:00,2024-05-20
2024-01-24,JPM,161.77975463867188,9967100.0,Yahoo Finance,2026-09-21T08:29:09+00:00,2024-05-20
2024-01-25,JPM,164.09498596191406,8873500.0,Yahoo Finance,2026-09-21T08:29:09+00:00,2024-05-20
2024-01-26,JPM,163.46868896484375,7443000.0,Yahoo Finance,2026-09-21T08:29:09+00:00,2024-05-20
2024-01-29,JPM,163.89569091796875,6971200.0,Yahoo Finance,2026-09-21T08:29:09+00:00,2024-05-20
2024-01-30,JPM,167.2546844482422,10822100.0,Yahoo Finance,2026-09-21T08:29:09+00:00,2024-05-20
2024-01-31,JPM,165.44235229492188,11521800.0,Yahoo Finance,2026-09-21T08:29:09+00:00,2024-05-20
2024-02-01,JPM,164.8445587158203,9354800.0,Yahoo Finance,2026-09-21T08:29:09+00:00,2024-05-20
2024-02-02,JPM,165.79339599609375,8607600.0,Yahoo Finance,2026-09-21T08:29:09+00:00,2024-05-20
2024-02-05,JPM,165.57518005371094,7820200.0,Yahoo Finance,2026-09-21T08:29:09+00:00,2024-05-20
2024-02-06,JPM,166.1444854736328,6764800.0,Yahoo Finance,2026-09-21T08:29:09+00:00,2024-05-20
2024-02-07,JPM,166.4575958251953,7225500.0,Yahoo Finance,2026-09-21T08:29:09+00:00,2024-05-20
2024-02-08,JPM,165.85984802246094,6060300.0,Yahoo Finance,2026-09-21T08:29:09+00:00,2024-05-20
2024-02-09,JPM,166.05908203125,6296700.0,Yahoo Finance,2026-09-21T08:29:09+00:00,2024-05-20
2024-02-12,JPM,166.7991943359375,8539300.0,Yahoo Finance,2026-09-21T08:29:09+00:00,2024-05-20
2024-02-13,JPM,165.3474578857422,8397600.0,Yahoo Finance,2026-09-21T08:29:09+00:00,2024-05-20
2024-02-14,JPM,167.02691650390625,7056700.0,Yahoo Finance,2026-09-21T08:29:09+00:00,2024-05-20
2024-02-15,JPM,170.67051696777344,8723400.0,Yahoo Finance,2026-09-21T08:29:09+00:00,2024-05-20
2024-02-16,JPM,169.8734893798828,8152600.0,Yahoo Finance,2026-09-21T08:29:09+00:00,2024-05-20
2024-02-20,JPM,170.5376739501953,9668000.0,Yahoo Finance,2026-09-21T08:29:09+00:00,2024-05-20
2024-02-21,JPM,171.64784240722656,7024000.0,Yahoo Finance,2026-09-21T08:29:09+00:00,2024-05-20
2024-02-22,JPM,173.70689392089844,9296500.0,Yahoo Finance,2026-09-21T08:29:09+00:00,2024-05-20
2024-02-23,JPM,174.57981872558594,7105800.0,Yahoo Finance,2026-09-21T08:29:09+00:00,2024-05-20
2024-02-26,JPM,173.98202514648438,7145400.0,Yahoo Finance,2026-09-21T08:29:09+00:00,2024-05-20
2024-02-27,JPM,174.06741333007812,5717100.0,Yahoo Finance,2026-09-21T08:29:09+00:00,2024-05-20
2024-02-28,JPM,174.9498748779297,6131600.0,Yahoo Finance,2026-09-21T08:29:09+00:00,2024-05-20
2024-02-29,JPM,176.54391479492188,9643000.0,Yahoo Finance,2026-09-21T08:29:09+00:00,2024-05-20
2024-03-01,JPM,175.81329345703125,6311800.0,Yahoo Finance,2026-09-21T08:29:09+00:00,2024-05-20
2024-03-04,JPM,177.1322479248047,7063600.0,Yahoo Finance,2026-09-21T08:29:09+00:00,2024-05-20
2024-03-05,JPM,178.90660095214844,6617800.0,Yahoo Finance,2026-09-21T08:29:09+00:00,2024-05-20
2024-03-06,JPM,179.83645629882812,7572900.0,Yahoo Finance,2026-09-21T08:29:09+00:00,2024-05-20
2024-03-07,JPM,178.2613525390625,7618300.0,Yahoo Finance,2026-09-21T08:29:09+00:00,2024-05-20
2024-03-08,JPM,178.59347534179688,6172200.0,Yahoo Finance,2026-09-21T08:29:09+00:00,2024-05-20
2024-03-11,JPM,178.6598663330078,5762600.0,Yahoo Finance,2026-09-21T08:29:09+00:00,2024-05-20
2024-03-12,JPM,180.13063049316406,5708400.0,Yahoo Finance,2026-09-21T08:29:09+00:00,2024-05-20
2024-03-13,JPM,181.59185791015625,7795500.0,Yahoo Finance,2026-09-21T08:29:09+00:00,2024-05-20
2024-03-14,JPM,178.3562469482422,10310900.0,Yahoo Finance,2026-09-21T08:29:09+00:00,2024-05-20
2024-03-15,JPM,180.56707763671875,17214200.0,Yahoo Finance,2026-09-21T08:29:09+00:00,2024-05-20
2024-03-18,JPM,182.80638122558594,9013800.0,Yahoo Finance,2026-09-21T08:29:09+00:00,2024-05-20
2024-03-19,JPM,183.87860107421875,8478700.0,Yahoo Finance,2026-09-21T08:29:09+00:00,2024-05-20
2024-03-20,JPM,186.28868103027344,9367000.0,Yahoo Finance,2026-09-21T08:29:09+00:00,2024-05-20
2024-03-21,JPM,188.87904357910156,11203800.0,Yahoo Finance,2026-09-21T08:29:09+00:00,2024-05-20
2024-03-22,JPM,186.56382751464844,8108800.0,Yahoo Finance,2026-09-21T08:29:09+00:00,2024-05-20
2024-03-25,JPM,184.8559112548828,8620000.0,Yahoo Finance,2026-09-21T08:29:09+00:00,2024-05-20
2024-03-26,JPM,185.71934509277344,5961500.0,Yahoo Finance,2026-09-21T08:29:09+00:00,2024-05-20
2024-03-27,JPM,189.3155517578125,8725800.0,Yahoo Finance,2026-09-21T08:29:09+00:00,2024-05-20
2024-03-28,JPM,190.05563354492188,8628300.0,Yahoo Finance,2026-09-21T08:29:09+00:00,2024-05-20
2024-04-01,JPM,188.76519775390625,7309000.0,Yahoo Finance,2026-09-21T08:29:09+00:00,2024-05-20
2024-04-02,JPM,188.6892852783203,7014700.0,Yahoo Finance,2026-09-21T08:29:09+00:00,2024-05-20
2024-04-03,JPM,188.15792846679688,9353400.0,Yahoo Finance,2026-09-21T08:29:09+00:00,2024-05-20
2024-04-04,JPM,186.72633361816406,9243800.0,Yahoo Finance,2026-09-21T08:29:09+00:00,2024-05-20
2024-04-05,JPM,188.4442596435547,6532300.0,Yahoo Finance,2026-09-21T08:29:09+00:00,2024-05-20
2024-04-08,JPM,189.42726135253906,8001000.0,Yahoo Finance,2026-09-21T08:29:09+00:00,2024-05-20
2024-04-09,JPM,188.1579132080078,7351500.0,Yahoo Finance,2026-09-21T08:29:09+00:00,2024-05-20
2024-04-10,JPM,186.55455017089844,7681400.0,Yahoo Finance,2026-09-21T08:29:09+00:00,2024-05-20
2024-04-11,JPM,186.51637268066406,10137700.0,Yahoo Finance,2026-09-21T08:29:09+00:00,2024-05-20
2024-04-12,JPM,174.45286560058594,31532300.0,Yahoo Finance,2026-09-21T08:29:09+00:00,2024-05-20
2024-04-15,JPM,174.54832458496094,14766600.0,Yahoo Finance,2026-09-21T08:29:09+00:00,2024-05-20
2024-04-16,JPM,172.55364990234375,16451800.0,Yahoo Finance,2026-09-21T08:29:09+00:00,2024-05-20
2024-04-17,JPM,171.8665008544922,9017100.0,Yahoo Finance,2026-09-21T08:29:09+00:00,2024-05-20
2024-04-18,JPM,172.983154296875,9557700.0,Yahoo Finance,2026-09-21T08:29:09+00:00,2024-05-20
2024-04-19,JPM,177.32559204101562,13402300.0,Yahoo Finance,2026-09-21T08:29:09+00:00,2024-05-20
2024-04-22,JPM,180.77096557617188,11529700.0,Yahoo Finance,2026-09-21T08:29:09+00:00,2024-05-20
2024-04-23,JPM,183.37643432617188,9144400.0,Yahoo Finance,2026-09-21T08:29:09+00:00,2024-05-20
2024-04-24,JPM,184.27354431152344,6964900.0,Yahoo Finance,2026-09-21T08:29:09+00:00,2024-05-20
2024-04-25,JPM,184.5503387451172,9802300.0,Yahoo Finance,2026-09-21T08:29:09+00:00,2024-05-20
2024-04-26,JPM,184.6648712158203,6413700.0,Yahoo Finance,2026-09-21T08:29:09+00:00,2024-05-20
2024-04-29,JPM,184.46441650390625,5387800.0,Yahoo Finance,2026-09-21T08:29:09+00:00,2024-05-20
2024-04-30,JPM,182.9947052001953,8153700.0,Yahoo Finance,2026-09-21T08:29:09+00:00,2024-05-20
2024-05-01,JPM,183.1092071533203,7445300.0,Yahoo Finance,2026-09-21T08:29:09+00:00,2024-05-20
2024-05-02,JPM,182.91831970214844,6501700.0,Yahoo Finance,2026-09-21T08:29:09+00:00,2024-05-20
2024-05-03,JPM,181.82077026367188,8922800.0,Yahoo Finance,2026-09-21T08:29:09+00:00,2024-05-20
2024-05-06,JPM,183.24281311035156,7911100.0,Yahoo Finance,2026-09-21T08:29:09+00:00,2024-05-20
2024-05-07,JPM,183.00421142578125,7688800.0,Yahoo Finance,2026-09-21T08:29:09+00:00,2024-05-20
2024-05-08,JPM,186.72633361816406,9227600.0,Yahoo Finance,2026-09-21T08:29:09+00:00,2024-05-20
2024-05-09,JPM,188.49195861816406,7977300.0,Yahoo Finance,2026-09-21T08:29:09+00:00,2024-05-20
2024-05-10,JPM,189.7040252685547,7529800.0,Yahoo Finance,2026-09-21T08:29:09+00:00,2024-05-20
2024-05-13,JPM,189.6658477783203,7049200.0,Yahoo Finance,2026-09-21T08:29:09+00:00,2024-05-20
2024-05-14,JPM,192.31907653808594,8596200.0,Yahoo Finance,2026-09-21T08:29:09+00:00,2024-05-20
2024-05-15,JPM,192.89170837402344,8370000.0,Yahoo Finance,2026-09-21T08:29:09+00:00,2024-05-20
2024-05-16,JPM,193.2352752685547,8497900.0,Yahoo Finance,2026-09-21T08:29:09+00:00,2024-05-20
2024-05-17,JPM,195.449462890625,9260500.0,Yahoo Finance,2026-09-21T08:29:09+00:00,2024-05-20
2024-05-20,JPM,186.65953063964844,17373300.0,Yahoo Finance,2026-09-21T08:29:09+00:00,2024-05-20
2023-04-17,LAZ,28.996782302856445,1091200.0,Yahoo Finance,2026-09-21T08:29:09+00:00,2024-05-20
2023-04-18,LAZ,29.19111442565918,502700.0,Yahoo Finance,2026-09-21T08:29:09+00:00,2024-05-20
2023-04-19,LAZ,29.436138153076172,513900.0,Yahoo Finance,2026-09-21T08:29:09+00:00,2024-05-20
2023-04-20,LAZ,29.31785011291504,523900.0,Yahoo Finance,2026-09-21T08:29:09+00:00,2024-05-20
2023-04-21,LAZ,29.78253746032715,482300.0,Yahoo Finance,2026-09-21T08:29:09+00:00,2024-05-20
2023-04-24,LAZ,29.38543701171875,264900.0,Yahoo Finance,2026-09-21T08:29:09+00:00,2024-05-20
2023-04-25,LAZ,28.565893173217773,564200.0,Yahoo Finance,2026-09-21T08:29:09+00:00,2024-05-20
2023-04-26,LAZ,27.374591827392578,654100.0,Yahoo Finance,2026-09-21T08:29:09+00:00,2024-05-20
2023-04-27,LAZ,27.298551559448242,1571500.0,Yahoo Finance,2026-09-21T08:29:09+00:00,2024-05-20
2023-04-28,LAZ,26.44520378112793,2507500.0,Yahoo Finance,2026-09-21T08:29:09+00:00,2024-05-20
2023-05-01,LAZ,26.335371017456055,878600.0,Yahoo Finance,2026-09-21T08:29:09+00:00,2024-05-20
2023-05-02,LAZ,25.532718658447266,709100.0,Yahoo Finance,2026-09-21T08:29:09+00:00,2024-05-20
2023-05-03,LAZ,25.18631362915039,741600.0,Yahoo Finance,2026-09-21T08:29:09+00:00,2024-05-20
2023-05-04,LAZ,24.806110382080078,683400.0,Yahoo Finance,2026-09-21T08:29:09+00:00,2024-05-20
2023-05-05,LAZ,24.823301315307617,886900.0,Yahoo Finance,2026-09-21T08:29:09+00:00,2024-05-20
2023-05-08,LAZ,24.771728515625,455200.0,Yahoo Finance,2026-09-21T08:29:09+00:00,2024-05-20
2023-05-09,LAZ,24.771728515625,1029300.0,Yahoo Finance,2026-09-21T08:29:09+00:00,2024-05-20
2023-05-10,LAZ,24.831897735595703,1171000.0,Yahoo Finance,2026-09-21T08:29:09+00:00,2024-05-20
2023-05-11,LAZ,24.522464752197266,613200.0,Yahoo Finance,2026-09-21T08:29:09+00:00,2024-05-20
2023-05-12,LAZ,24.625608444213867,426500.0,Yahoo Finance,2026-09-21T08:29:09+00:00,2024-05-20
2023-05-15,LAZ,24.745948791503906,428300.0,Yahoo Finance,2026-09-21T08:29:09+00:00,2024-05-20
2023-05-16,LAZ,24.2731990814209,404000.0,Yahoo Finance,2026-09-21T08:29:09+00:00,2024-05-20
2023-05-17,LAZ,24.548248291015625,689300.0,Yahoo Finance,2026-09-21T08:29:09+00:00,2024-05-20
2023-05-18,LAZ,24.685779571533203,452200.0,Yahoo Finance,2026-09-21T08:29:09+00:00,2024-05-20
2023-05-19,LAZ,24.29039192199707,544100.0,Yahoo Finance,2026-09-21T08:29:09+00:00,2024-05-20
2023-05-22,LAZ,25.01239776611328,973400.0,Yahoo Finance,2026-09-21T08:29:09+00:00,2024-05-20
2023-05-23,LAZ,24.995208740234375,707400.0,Yahoo Finance,2026-09-21T08:29:09+00:00,2024-05-20
2023-05-24,LAZ,24.479490280151367,404200.0,Yahoo Finance,2026-09-21T08:29:09+00:00,2024-05-20
2023-05-25,LAZ,24.19584083557129,890700.0,Yahoo Finance,2026-09-21T08:29:09+00:00,2024-05-20
2023-05-26,LAZ,24.720155715942383,848500.0,Yahoo Finance,2026-09-21T08:29:09+00:00,2024-05-20
2023-05-30,LAZ,24.866283416748047,996900.0,Yahoo Finance,2026-09-21T08:29:09+00:00,2024-05-20
2023-05-31,LAZ,24.659990310668945,941700.0,Yahoo Finance,2026-09-21T08:29:09+00:00,2024-05-20
2023-06-01,LAZ,25.01239776611328,665100.0,Yahoo Finance,2026-09-21T08:29:09+00:00,2024-05-20
2023-06-02,LAZ,26.4564151763916,941600.0,Yahoo Finance,2026-09-21T08:29:09+00:00,2024-05-20
2023-06-05,LAZ,25.84614372253418,611400.0,Yahoo Finance,2026-09-21T08:29:09+00:00,2024-05-20
2023-06-06,LAZ,26.095409393310547,488300.0,Yahoo Finance,2026-09-21T08:29:09+00:00,2024-05-20
2023-06-07,LAZ,26.576745986938477,573100.0,Yahoo Finance,2026-09-21T08:29:09+00:00,2024-05-20
2023-06-08,LAZ,26.33608055114746,438800.0,Yahoo Finance,2026-09-21T08:29:09+00:00,2024-05-20
2023-06-09,LAZ,26.0610294342041,805900.0,Yahoo Finance,2026-09-21T08:29:09+00:00,2024-05-20
2023-06-12,LAZ,25.863340377807617,572900.0,Yahoo Finance,2026-09-21T08:29:09+00:00,2024-05-20
2023-06-13,LAZ,26.59394073486328,726000.0,Yahoo Finance,2026-09-21T08:29:09+00:00,2024-05-20
2023-06-14,LAZ,26.920562744140625,1043800.0,Yahoo Finance,2026-09-21T08:29:09+00:00,2024-05-20
2023-06-15,LAZ,27.69413948059082,1324300.0,Yahoo Finance,2026-09-21T08:29:09+00:00,2024-05-20
2023-06-16,LAZ,27.59099578857422,971000.0,Yahoo Finance,2026-09-21T08:29:09+00:00,2024-05-20
2023-06-20,LAZ,28.0809326171875,1604800.0,Yahoo Finance,2026-09-21T08:29:09+00:00,2024-05-20
2023-06-21,LAZ,27.823074340820312,403600.0,Yahoo Finance,2026-09-21T08:29:09+00:00,2024-05-20
2023-06-22,LAZ,27.18701934814453,475400.0,Yahoo Finance,2026-09-21T08:29:09+00:00,2024-05-20
2023-06-23,LAZ,26.284509658813477,1627800.0,Yahoo Finance,2026-09-21T08:29:09+00:00,2024-05-20
2023-06-26,LAZ,26.112600326538086,663200.0,Yahoo Finance,2026-09-21T08:29:09+00:00,2024-05-20
2023-06-27,LAZ,26.499387741088867,580400.0,Yahoo Finance,2026-09-21T08:29:09+00:00,2024-05-20
2023-06-28,LAZ,26.851797103881836,384300.0,Yahoo Finance,2026-09-21T08:29:09+00:00,2024-05-20
2023-06-29,LAZ,27.101062774658203,660200.0,Yahoo Finance,2026-09-21T08:29:09+00:00,2024-05-20
2023-06-30,LAZ,27.505043029785156,2492600.0,Yahoo Finance,2026-09-21T08:29:09+00:00,2024-05-20
2023-07-03,LAZ,28.13249969482422,338600.0,Yahoo Finance,2026-09-21T08:29:09+00:00,2024-05-20
2023-07-05,LAZ,27.2901611328125,766500.0,Yahoo Finance,2026-09-21T08:29:09+00:00,2024-05-20
2023-07-06,LAZ,27.058086395263672,429300.0,Yahoo Finance,2026-09-21T08:29:09+00:00,2024-05-20
2023-07-07,LAZ,27.376113891601562,801100.0,Yahoo Finance,2026-09-21T08:29:09+00:00,2024-05-20
2023-07-10,LAZ,27.2901611328125,558700.0,Yahoo Finance,2026-09-21T08:29:09+00:00,2024-05-20
2023-07-11,LAZ,28.14109992980957,1027500.0,Yahoo Finance,2026-09-21T08:29:09+00:00,2024-05-20
2023-07-12,LAZ,29.327251434326172,1308400.0,Yahoo Finance,2026-09-21T08:29:09+00:00,2024-05-20
2023-07-13,LAZ,29.92033576965332,631600.0,Yahoo Finance,2026-09-21T08:29:09+00:00,2024-05-20
2023-07-14,LAZ,29.481966018676758,604500.0,Yahoo Finance,2026-09-21T08:29:09+00:00,2024-05-20
2023-07-17,LAZ,29.72264289855957,348100.0,Yahoo Finance,2026-09-21T08:29:09+00:00,2024-05-20
2023-07-18,LAZ,29.868757247924805,637000.0,Yahoo Finance,2026-09-21T08:29:09+00:00,2024-05-20
2023-07-19,LAZ,30.71109390258789,855400.0,Yahoo Finance,2026-09-21T08:29:09+00:00,2024-05-20
2023-07-20,LAZ,31.132274627685547,622300.0,Yahoo Finance,2026-09-21T08:29:09+00:00,2024-05-20
2023-07-21,LAZ,30.73689079284668,429900.0,Yahoo Finance,2026-09-21T08:29:09+00:00,2024-05-20
2023-07-24,LAZ,30.805646896362305,436300.0,Yahoo Finance,2026-09-21T08:29:09+00:00,2024-05-20
2023-07-25,LAZ,31.295583724975586,598300.0,Yahoo Finance,2026-09-21T08:29:09+00:00,2024-05-20
2023-07-26,LAZ,30.943174362182617,1078200.0,Yahoo Finance,2026-09-21T08:29:09+00:00,2024-05-20
2023-07-27,LAZ,30.91738510131836,1494800.0,Yahoo Finance,2026-09-21T08:29:09+00:00,2024-05-20
2023-07-28,LAZ,30.607955932617188,666000.0,Yahoo Finance,2026-09-21T08:29:09+00:00,2024-05-20
2023-07-31,LAZ,30.169591903686523,571800.0,Yahoo Finance,2026-09-21T08:29:09+00:00,2024-05-20
2023-08-01,LAZ,29.963306427001953,840800.0,Yahoo Finance,2026-09-21T08:29:09+00:00,2024-05-20
2023-08-02,LAZ,29.567916870117188,688100.0,Yahoo Finance,2026-09-21T08:29:09+00:00,2024-05-20
2023-08-03,LAZ,29.24989891052246,445200.0,Yahoo Finance,2026-09-21T08:29:09+00:00,2024-05-20
2023-08-04,LAZ,29.302234649658203,304900.0,Yahoo Finance,2026-09-21T08:29:09+00:00,2024-05-20
2023-08-07,LAZ,29.590110778808594,651300.0,Yahoo Finance,2026-09-21T08:29:09+00:00,2024-05-20
2023-08-08,LAZ,29.0579776763916,1741700.0,Yahoo Finance,2026-09-21T08:29:09+00:00,2024-05-20
2023-08-09,LAZ,29.10159683227539,294800.0,Yahoo Finance,2026-09-21T08:29:09+00:00,2024-05-20
2023-08-10,LAZ,29.956497192382812,604100.0,Yahoo Finance,2026-09-21T08:29:09+00:00,2024-05-20
2023-08-11,LAZ,30.148414611816406,268200.0,Yahoo Finance,2026-09-21T08:29:09+00:00,2024-05-20
2023-08-14,LAZ,30.00883674621582,329900.0,Yahoo Finance,2026-09-21T08:29:09+00:00,2024-05-20
2023-08-15,LAZ,29.241172790527344,322800.0,Yahoo Finance,2026-09-21T08:29:09+00:00,2024-05-20
2023-08-16,LAZ,29.1713809967041,156400.0,Yahoo Finance,2026-09-21T08:29:09+00:00,2024-05-20
2023-08-17,LAZ,29.12776756286621,258600.0,Yahoo Finance,2026-09-21T08:29:09+00:00,2024-05-20
2023-08-18,LAZ,29.197559356689453,212100.0,Yahoo Finance,2026-09-21T08:29:09+00:00,2024-05-20
2023-08-21,LAZ,28.403715133666992,415200.0,Yahoo Finance,2026-09-21T08:29:09+00:00,2024-05-20
2023-08-22,LAZ,27.836685180664062,244200.0,Yahoo Finance,2026-09-21T08:29:09+00:00,2024-05-20
2023-08-23,LAZ,28.281583786010742,1342900.0,Yahoo Finance,2026-09-21T08:29:09+00:00,2024-05-20
2023-08-24,LAZ,28.4560546875,268800.0,Yahoo Finance,2026-09-21T08:29:09+00:00,2024-05-20
2023-08-25,LAZ,28.46477699279785,245300.0,Yahoo Finance,2026-09-21T08:29:09+00:00,2024-05-20
2023-08-28,LAZ,29.33713150024414,497800.0,Yahoo Finance,2026-09-21T08:29:09+00:00,2024-05-20
2023-08-29,LAZ,30.139690399169922,649500.0,Yahoo Finance,2026-09-21T08:29:09+00:00,2024-05-20
2023-08-30,LAZ,30.610761642456055,556500.0,Yahoo Finance,2026-09-21T08:29:09+00:00,2024-05-20
2023-08-31,LAZ,30.30544090270996,584900.0,Yahoo Finance,2026-09-21T08:29:09+00:00,2024-05-20
2023-09-01,LAZ,30.59330940246582,280100.0,Yahoo Finance,2026-09-21T08:29:09+00:00,2024-05-20
2023-09-05,LAZ,29.293508529663086,493200.0,Yahoo Finance,2026-09-21T08:29:09+00:00,2024-05-20
2023-09-06,LAZ,28.839889526367188,658400.0,Yahoo Finance,2026-09-21T08:29:09+00:00,2024-05-20
2023-09-07,LAZ,28.639251708984375,1106000.0,Yahoo Finance,2026-09-21T08:29:09+00:00,2024-05-20
2023-09-08,LAZ,28.83116912841797,488500.0,Yahoo Finance,2026-09-21T08:29:09+00:00,2024-05-20
2023-09-11,LAZ,28.49094581604004,492700.0,Yahoo Finance,2026-09-21T08:29:09+00:00,2024-05-20
2023-09-12,LAZ,29.040531158447266,357100.0,Yahoo Finance,2026-09-21T08:29:09+00:00,2024-05-20
2023-09-13,LAZ,28.80499839782715,750100.0,Yahoo Finance,2026-09-21T08:29:09+00:00,2024-05-20
2023-09-14,LAZ,28.93584632873535,936200.0,Yahoo Finance,2026-09-21T08:29:09+00:00,2024-05-20
2023-09-15,LAZ,29.223722457885742,1138200.0,Yahoo Finance,2026-09-21T08:29:09+00:00,2024-05-20
2023-09-18,LAZ,29.136489868164062,623600.0,Yahoo Finance,2026-09-21T08:29:09+00:00,2024-05-20
2023-09-19,LAZ,28.752653121948242,639700.0,Yahoo Finance,2026-09-21T08:29:09+00:00,2024-05-20
2023-09-20,LAZ,28.5869083404541,714900.0,Yahoo Finance,2026-09-21T08:29:09+00:00,2024-05-20
2023-09-21,LAZ,27.59242820739746,670100.0,Yahoo Finance,2026-09-21T08:29:09+00:00,2024-05-20
2023-09-22,LAZ,27.426681518554688,516400.0,Yahoo Finance,2026-09-21T08:29:09+00:00,2024-05-20
2023-09-25,LAZ,27.199874877929688,350100.0,Yahoo Finance,2026-09-21T08:29:09+00:00,2024-05-20
2023-09-26,LAZ,26.475820541381836,775200.0,Yahoo Finance,2026-09-21T08:29:09+00:00,2024-05-20
2023-09-27,LAZ,26.632843017578125,552800.0,Yahoo Finance,2026-09-21T08:29:09+00:00,2024-05-20
2023-09-28,LAZ,27.06902313232422,460400.0,Yahoo Finance,2026-09-21T08:29:09+00:00,2024-05-20
2023-09-29,LAZ,27.051570892333984,329300.0,Yahoo Finance,2026-09-21T08:29:09+00:00,2024-05-20
2023-10-02,LAZ,26.379859924316406,431700.0,Yahoo Finance,2026-09-21T08:29:09+00:00,2024-05-20
2023-10-03,LAZ,25.612194061279297,571200.0,Yahoo Finance,2026-09-21T08:29:09+00:00,2024-05-20
2023-10-04,LAZ,25.559852600097656,295700.0,Yahoo Finance,2026-09-21T08:29:09+00:00,2024-05-20
2023-10-05,LAZ,25.795387268066406,680000.0,Yahoo Finance,2026-09-21T08:29:09+00:00,2024-05-20
2023-10-06,LAZ,25.882625579833984,419000.0,Yahoo Finance,2026-09-21T08:29:09+00:00,2024-05-20
2023-10-09,LAZ,25.943687438964844,539100.0,Yahoo Finance,2026-09-21T08:29:09+00:00,2024-05-20
2023-10-10,LAZ,26.135602951049805,669000.0,Yahoo Finance,2026-09-21T08:29:09+00:00,2024-05-20
2023-10-11,LAZ,26.82476043701172,944900.0,Yahoo Finance,2026-09-21T08:29:09+00:00,2024-05-20
2023-10-12,LAZ,25.908794403076172,502500.0,Yahoo Finance,2026-09-21T08:29:09+00:00,2024-05-20
2023-10-13,LAZ,25.699434280395508,437300.0,Yahoo Finance,2026-09-21T08:29:09+00:00,2024-05-20
2023-10-16,LAZ,25.89134407043457,789300.0,Yahoo Finance,2026-09-21T08:29:09+00:00,2024-05-20
2023-10-17,LAZ,26.43220329284668,583600.0,Yahoo Finance,2026-09-21T08:29:09+00:00,2024-05-20
2023-10-18,LAZ,25.681983947753906,407900.0,Yahoo Finance,2026-09-21T08:29:09+00:00,2024-05-20
2023-10-19,LAZ,25.053892135620117,426400.0,Yahoo Finance,2026-09-21T08:29:09+00:00,2024-05-20
2023-10-20,LAZ,24.83580207824707,616100.0,Yahoo Finance,2026-09-21T08:29:09+00:00,2024-05-20
2023-10-23,LAZ,24.62643814086914,473700.0,Yahoo Finance,2026-09-21T08:29:09+00:00,2024-05-20
2023-10-24,LAZ,25.080062866210938,420200.0,Yahoo Finance,2026-09-21T08:29:09+00:00,2024-05-20
2023-10-25,LAZ,24.03324317932129,762500.0,Yahoo Finance,2026-09-21T08:29:09+00:00,2024-05-20
2023-10-26,LAZ,24.83580207824707,1217300.0,Yahoo Finance,2026-09-21T08:29:09+00:00,2024-05-20
2023-10-27,LAZ,25.02771759033203,958600.0,Yahoo Finance,2026-09-21T08:29:09+00:00,2024-05-20
2023-10-30,LAZ,24.844528198242188,1070900.0,Yahoo Finance,2026-09-21T08:29:09+00:00,2024-05-20
2023-10-31,LAZ,24.22515869140625,1342100.0,Yahoo Finance,2026-09-21T08:29:09+00:00,2024-05-20
2023-11-01,LAZ,24.347288131713867,1247600.0,Yahoo Finance,2026-09-21T08:29:09+00:00,2024-05-20
2023-11-02,LAZ,24.582820892333984,609400.0,Yahoo Finance,2026-09-21T08:29:09+00:00,2024-05-20
2023-11-03,LAZ,25.533098220825195,1021400.0,Yahoo Finance,2026-09-21T08:29:09+00:00,2024-05-20
2023-11-06,LAZ,25.1423282623291,724300.0,Yahoo Finance,2026-09-21T08:29:09+00:00,2024-05-20
2023-11-07,LAZ,25.311071395874023,1131300.0,Yahoo Finance,2026-09-21T08:29:09+00:00,2024-05-20
2023-11-08,LAZ,25.30219078063965,542200.0,Yahoo Finance,2026-09-21T08:29:09+00:00,2024-05-20
2023-11-09,LAZ,24.795970916748047,961100.0,Yahoo Finance,2026-09-21T08:29:09+00:00,2024-05-20
2023-11-10,LAZ,24.0233154296875,1222200.0,Yahoo Finance,2026-09-21T08:29:09+00:00,2024-05-20
2023-11-13,LAZ,23.446044921875,822900.0,Yahoo Finance,2026-09-21T08:29:09+00:00,2024-05-20
2023-11-14,LAZ,24.51177406311035,992000.0,Yahoo Finance,2026-09-21T08:29:09+00:00,2024-05-20
2023-11-15,LAZ,24.795970916748047,728100.0,Yahoo Finance,2026-09-21T08:29:09+00:00,2024-05-20
2023-11-16,LAZ,23.89897918701172,848500.0,Yahoo Finance,2026-09-21T08:29:09+00:00,2024-05-20
2023-11-17,LAZ,23.819049835205078,1519300.0,Yahoo Finance,2026-09-21T08:29:09+00:00,2024-05-20
2023-11-20,LAZ,23.801286697387695,1497500.0,Yahoo Finance,2026-09-21T08:29:09+00:00,2024-05-20
2023-11-21,LAZ,23.668071746826172,583600.0,Yahoo Finance,2026-09-21T08:29:09+00:00,2024-05-20
2023-11-22,LAZ,24.263103485107422,464300.0,Yahoo Finance,2026-09-21T08:29:09+00:00,2024-05-20
2023-11-24,LAZ,24.485130310058594,243000.0,Yahoo Finance,2026-09-21T08:29:09+00:00,2024-05-20
2023-11-27,LAZ,25.39988136291504,1430300.0,Yahoo Finance,2026-09-21T08:29:09+00:00,2024-05-20
2023-11-28,LAZ,25.675193786621094,1086000.0,Yahoo Finance,2026-09-21T08:29:09+00:00,2024-05-20
2023-11-29,LAZ,26.26134490966797,799500.0,Yahoo Finance,2026-09-21T08:29:09+00:00,2024-05-20
2023-11-30,LAZ,26.625471115112305,2360200.0,Yahoo Finance,2026-09-21T08:29:09+00:00,2024-05-20
2023-12-01,LAZ,26.84749984741211,1056600.0,Yahoo Finance,2026-09-21T08:29:09+00:00,2024-05-20
2023-12-04,LAZ,27.611270904541016,377800.0,Yahoo Finance,2026-09-21T08:29:09+00:00,2024-05-20
2023-12-05,LAZ,27.4158878326416,828600.0,Yahoo Finance,2026-09-21T08:29:09+00:00,2024-05-20
2023-12-06,LAZ,27.70008087158203,901000.0,Yahoo Finance,2026-09-21T08:29:09+00:00,2024-05-20
2023-12-07,LAZ,28.22406578063965,710500.0,Yahoo Finance,2026-09-21T08:29:09+00:00,2024-05-20
2023-12-08,LAZ,28.87238311767578,831900.0,Yahoo Finance,2026-09-21T08:29:09+00:00,2024-05-20
2023-12-11,LAZ,28.428325653076172,858400.0,Yahoo Finance,2026-09-21T08:29:09+00:00,2024-05-20
2023-12-12,LAZ,28.694765090942383,381600.0,Yahoo Finance,2026-09-21T08:29:09+00:00,2024-05-20
2023-12-13,LAZ,29.600635528564453,688700.0,Yahoo Finance,2026-09-21T08:29:09+00:00,2024-05-20
2023-12-14,LAZ,31.039369583129883,1154900.0,Yahoo Finance,2026-09-21T08:29:09+00:00,2024-05-20
2023-12-15,LAZ,31.01272201538086,1248200.0,Yahoo Finance,2026-09-21T08:29:09+00:00,2024-05-20
2023-12-18,LAZ,30.595314025878906,664900.0,Yahoo Finance,2026-09-21T08:29:09+00:00,2024-05-20
2023-12-19,LAZ,31.17258071899414,628800.0,Yahoo Finance,2026-09-21T08:29:09+00:00,2024-05-20
2023-12-20,LAZ,30.95943832397461,1113400.0,Yahoo Finance,2026-09-21T08:29:09+00:00,2024-05-20
2023-12-21,LAZ,30.968318939208984,698500.0,Yahoo Finance,2026-09-21T08:29:09+00:00,2024-05-20
2023-12-22,LAZ,30.693002700805664,505800.0,Yahoo Finance,2026-09-21T08:29:09+00:00,2024-05-20
2023-12-26,LAZ,30.89727210998535,221200.0,Yahoo Finance,2026-09-21T08:29:09+00:00,2024-05-20
2023-12-27,LAZ,31.270275115966797,463600.0,Yahoo Finance,2026-09-21T08:29:09+00:00,2024-05-20
2023-12-28,LAZ,31.066009521484375,292500.0,Yahoo Finance,2026-09-21T08:29:09+00:00,2024-05-20
2023-12-29,LAZ,30.906150817871094,692300.0,Yahoo Finance,2026-09-21T08:29:09+00:00,2024-05-20
2024-01-02,LAZ,32.078453063964844,1512600.0,Yahoo Finance,2026-09-21T08:29:09+00:00,2024-05-20
2024-01-03,LAZ,33.499420166015625,3178800.0,Yahoo Finance,2026-09-21T08:29:09+00:00,2024-05-20
2024-01-04,LAZ,33.34844970703125,2147500.0,Yahoo Finance,2026-09-21T08:29:09+00:00,2024-05-20
2024-01-05,LAZ,33.71257019042969,1941500.0,Yahoo Finance,2026-09-21T08:29:09+00:00,2024-05-20
2024-01-08,LAZ,33.925716400146484,1115800.0,Yahoo Finance,2026-09-21T08:29:09+00:00,2024-05-20
2024-01-09,LAZ,33.66816711425781,1410600.0,Yahoo Finance,2026-09-21T08:29:09+00:00,2024-05-20
2024-01-10,LAZ,33.20634841918945,804200.0,Yahoo Finance,2026-09-21T08:29:09+00:00,2024-05-20
2024-01-11,LAZ,33.54383087158203,2021200.0,Yahoo Finance,2026-09-21T08:29:09+00:00,2024-05-20
2024-01-12,LAZ,33.87242126464844,861400.0,Yahoo Finance,2026-09-21T08:29:09+00:00,2024-05-20
2024-01-16,LAZ,34.16550827026367,1253600.0,Yahoo Finance,2026-09-21T08:29:09+00:00,2024-05-20
2024-01-17,LAZ,34.014530181884766,1007800.0,Yahoo Finance,2026-09-21T08:29:09+00:00,2024-05-20
2024-01-18,LAZ,33.83690643310547,833800.0,Yahoo Finance,2026-09-21T08:29:09+00:00,2024-05-20
2024-01-19,LAZ,34.405296325683594,562300.0,Yahoo Finance,2026-09-21T08:29:09+00:00,2024-05-20
2024-01-22,LAZ,35.115787506103516,1544200.0,Yahoo Finance,2026-09-21T08:29:09+00:00,2024-05-20
2024-01-23,LAZ,34.9559211730957,966400.0,Yahoo Finance,2026-09-21T08:29:09+00:00,2024-05-20
2024-01-24,LAZ,34.88487243652344,772100.0,Yahoo Finance,2026-09-21T08:29:09+00:00,2024-05-20
2024-01-25,LAZ,35.124656677246094,739600.0,Yahoo Finance,2026-09-21T08:29:09+00:00,2024-05-20
2024-01-26,LAZ,35.071380615234375,555300.0,Yahoo Finance,2026-09-21T08:29:09+00:00,2024-05-20
2024-01-29,LAZ,35.41773986816406,1003600.0,Yahoo Finance,2026-09-21T08:29:09+00:00,2024-05-20
2024-01-30,LAZ,35.266761779785156,871500.0,Yahoo Finance,2026-09-21T08:29:09+00:00,2024-05-20
2024-01-31,LAZ,34.618438720703125,1796700.0,Yahoo Finance,2026-09-21T08:29:09+00:00,2024-05-20
2024-02-01,LAZ,36.47458267211914,1699200.0,Yahoo Finance,2026-09-21T08:29:09+00:00,2024-05-20
2024-02-02,LAZ,36.40353775024414,951600.0,Yahoo Finance,2026-09-21T08:29:09+00:00,2024-05-20
2024-02-05,LAZ,35.657527923583984,2405500.0,Yahoo Finance,2026-09-21T08:29:09+00:00,2024-05-20
2024-02-06,LAZ,34.9559211730957,1672200.0,Yahoo Finance,2026-09-21T08:29:09+00:00,2024-05-20
2024-02-07,LAZ,34.92039489746094,1592900.0,Yahoo Finance,2026-09-21T08:29:09+00:00,2024-05-20
2024-02-08,LAZ,34.68060302734375,842600.0,Yahoo Finance,2026-09-21T08:29:09+00:00,2024-05-20
2024-02-09,LAZ,34.83354949951172,621300.0,Yahoo Finance,2026-09-21T08:29:09+00:00,2024-05-20
2024-02-12,LAZ,34.680606842041016,1589700.0,Yahoo Finance,2026-09-21T08:29:09+00:00,2024-05-20
2024-02-13,LAZ,33.42113494873047,1585900.0,Yahoo Finance,2026-09-21T08:29:09+00:00,2024-05-20
2024-02-14,LAZ,33.484107971191406,831000.0,Yahoo Finance,2026-09-21T08:29:09+00:00,2024-05-20
2024-02-15,LAZ,34.095855712890625,1625700.0,Yahoo Finance,2026-09-21T08:29:09+00:00,2024-05-20
2024-02-16,LAZ,34.05986404418945,890600.0,Yahoo Finance,2026-09-21T08:29:09+00:00,2024-05-20
2024-02-20,LAZ,34.2847785949707,2450600.0,Yahoo Finance,2026-09-21T08:29:09+00:00,2024-05-20
2024-02-21,LAZ,34.06886291503906,832800.0,Yahoo Finance,2026-09-21T08:29:09+00:00,2024-05-20
2024-02-22,LAZ,34.11384201049805,1115000.0,Yahoo Finance,2026-09-21T08:29:09+00:00,2024-05-20
2024-02-23,LAZ,34.680606842041016,1173600.0,Yahoo Finance,2026-09-21T08:29:09+00:00,2024-05-20
2024-02-26,LAZ,34.572654724121094,910600.0,Yahoo Finance,2026-09-21T08:29:09+00:00,2024-05-20
2024-02-27,LAZ,35.03145980834961,770100.0,Yahoo Finance,2026-09-21T08:29:09+00:00,2024-05-20
2024-02-28,LAZ,34.98648452758789,598400.0,Yahoo Finance,2026-09-21T08:29:09+00:00,2024-05-20
2024-02-29,LAZ,34.67161178588867,954800.0,Yahoo Finance,2026-09-21T08:29:09+00:00,2024-05-20
2024-03-01,LAZ,35.25636672973633,630100.0,Yahoo Finance,2026-09-21T08:29:09+00:00,2024-05-20
2024-03-04,LAZ,35.805145263671875,1975100.0,Yahoo Finance,2026-09-21T08:29:09+00:00,2024-05-20
2024-03-05,LAZ,36.07502365112305,922700.0,Yahoo Finance,2026-09-21T08:29:09+00:00,2024-05-20
2024-03-06,LAZ,34.995479583740234,1766600.0,Yahoo Finance,2026-09-21T08:29:09+00:00,2024-05-20
2024-03-07,LAZ,35.04046630859375,873200.0,Yahoo Finance,2026-09-21T08:29:09+00:00,2024-05-20
2024-03-08,LAZ,35.53525161743164,666500.0,Yahoo Finance,2026-09-21T08:29:09+00:00,2024-05-20
2024-03-11,LAZ,35.328346252441406,611900.0,Yahoo Finance,2026-09-21T08:29:09+00:00,2024-05-20
2024-03-12,LAZ,34.41971969604492,1260300.0,Yahoo Finance,2026-09-21T08:29:09+00:00,2024-05-20
2024-03-13,LAZ,35.51726150512695,1083900.0,Yahoo Finance,2026-09-21T08:29:09+00:00,2024-05-20
2024-03-14,LAZ,34.85153579711914,798300.0,Yahoo Finance,2026-09-21T08:29:09+00:00,2024-05-20
2024-03-15,LAZ,35.06745147705078,6298500.0,Yahoo Finance,2026-09-21T08:29:09+00:00,2024-05-20
2024-03-18,LAZ,34.75258255004883,1017300.0,Yahoo Finance,2026-09-21T08:29:09+00:00,2024-05-20
2024-03-19,LAZ,35.13041687011719,2220700.0,Yahoo Finance,2026-09-21T08:29:09+00:00,2024-05-20
2024-03-20,LAZ,35.7691535949707,1809100.0,Yahoo Finance,2026-09-21T08:29:09+00:00,2024-05-20
2024-03-21,LAZ,36.61480712890625,747300.0,Yahoo Finance,2026-09-21T08:29:09+00:00,2024-05-20
2024-03-22,LAZ,36.11101150512695,605500.0,Yahoo Finance,2026-09-21T08:29:09+00:00,2024-05-20
2024-03-25,LAZ,36.34491729736328,536300.0,Yahoo Finance,2026-09-21T08:29:09+00:00,2024-05-20
2024-03-26,LAZ,36.048038482666016,548100.0,Yahoo Finance,2026-09-21T08:29:09+00:00,2024-05-20
2024-03-27,LAZ,37.22655487060547,1277600.0,Yahoo Finance,2026-09-21T08:29:09+00:00,2024-05-20
2024-03-28,LAZ,37.66736602783203,1223100.0,Yahoo Finance,2026-09-21T08:29:09+00:00,2024-05-20
2024-04-01,LAZ,36.78573226928711,588800.0,Yahoo Finance,2026-09-21T08:29:09+00:00,2024-05-20
2024-04-02,LAZ,36.25495529174805,495900.0,Yahoo Finance,2026-09-21T08:29:09+00:00,2024-05-20
2024-04-03,LAZ,36.55183029174805,427300.0,Yahoo Finance,2026-09-21T08:29:09+00:00,2024-05-20
2024-04-04,LAZ,36.12001419067383,987500.0,Yahoo Finance,2026-09-21T08:29:09+00:00,2024-05-20
2024-04-05,LAZ,36.78573226928711,1799100.0,Yahoo Finance,2026-09-21T08:29:09+00:00,2024-05-20
2024-04-08,LAZ,37.09160614013672,384400.0,Yahoo Finance,2026-09-21T08:29:09+00:00,2024-05-20
2024-04-09,LAZ,36.99264907836914,514300.0,Yahoo Finance,2026-09-21T08:29:09+00:00,2024-05-20
2024-04-10,LAZ,35.86811065673828,620100.0,Yahoo Finance,2026-09-21T08:29:09+00:00,2024-05-20
2024-04-11,LAZ,35.661197662353516,663700.0,Yahoo Finance,2026-09-21T08:29:09+00:00,2024-05-20
2024-04-12,LAZ,34.5186767578125,663400.0,Yahoo Finance,2026-09-21T08:29:09+00:00,2024-05-20
2024-04-15,LAZ,33.80797576904297,1696000.0,Yahoo Finance,2026-09-21T08:29:09+00:00,2024-05-20
2024-04-16,LAZ,33.40313720703125,682900.0,Yahoo Finance,2026-09-21T08:29:09+00:00,2024-05-20
2024-04-17,LAZ,33.68202209472656,828800.0,Yahoo Finance,2026-09-21T08:29:09+00:00,2024-05-20
2024-04-18,LAZ,34.032875061035156,463400.0,Yahoo Finance,2026-09-21T08:29:09+00:00,2024-05-20
2024-04-19,LAZ,34.1048469543457,796300.0,Yahoo Finance,2026-09-21T08:29:09+00:00,2024-05-20
2024-04-22,LAZ,34.6356201171875,898700.0,Yahoo Finance,2026-09-21T08:29:09+00:00,2024-05-20
2024-04-23,LAZ,35.65220642089844,727700.0,Yahoo Finance,2026-09-21T08:29:09+00:00,2024-05-20
2024-04-24,LAZ,35.35533142089844,1106700.0,Yahoo Finance,2026-09-21T08:29:09+00:00,2024-05-20
2024-04-25,LAZ,34.98648452758789,1441800.0,Yahoo Finance,2026-09-21T08:29:09+00:00,2024-05-20
2024-04-26,LAZ,35.076446533203125,798600.0,Yahoo Finance,2026-09-21T08:29:09+00:00,2024-05-20
2024-04-29,LAZ,35.44529342651367,977100.0,Yahoo Finance,2026-09-21T08:29:09+00:00,2024-05-20
2024-04-30,LAZ,34.6356201171875,472500.0,Yahoo Finance,2026-09-21T08:29:09+00:00,2024-05-20
2024-05-01,LAZ,34.38373565673828,673100.0,Yahoo Finance,2026-09-21T08:29:09+00:00,2024-05-20
2024-05-02,LAZ,35.328346252441406,447200.0,Yahoo Finance,2026-09-21T08:29:09+00:00,2024-05-20
2024-05-03,LAZ,35.5834846496582,462400.0,Yahoo Finance,2026-09-21T08:29:09+00:00,2024-05-20
2024-05-06,LAZ,36.285133361816406,309800.0,Yahoo Finance,2026-09-21T08:29:09+00:00,2024-05-20
2024-05-07,LAZ,35.38301467895508,787100.0,Yahoo Finance,2026-09-21T08:29:09+00:00,2024-05-20
2024-05-08,LAZ,35.51969528198242,500300.0,Yahoo Finance,2026-09-21T08:29:09+00:00,2024-05-20
2024-05-09,LAZ,35.49235916137695,832300.0,Yahoo Finance,2026-09-21T08:29:09+00:00,2024-05-20
2024-05-10,LAZ,35.2463264465332,610200.0,Yahoo Finance,2026-09-21T08:29:09+00:00,2024-05-20
2024-05-13,LAZ,35.328346252441406,518100.0,Yahoo Finance,2026-09-21T08:29:09+00:00,2024-05-20
2024-05-14,LAZ,36.00264358520508,513800.0,Yahoo Finance,2026-09-21T08:29:09+00:00,2024-05-20
2024-05-15,LAZ,36.56761169433594,1052300.0,Yahoo Finance,2026-09-21T08:29:09+00:00,2024-05-20
2024-05-16,LAZ,37.07789611816406,494100.0,Yahoo Finance,2026-09-21T08:29:09+00:00,2024-05-20
2024-05-17,LAZ,37.18724822998047,562200.0,Yahoo Finance,2026-09-21T08:29:09+00:00,2024-05-20
2024-05-20,LAZ,37.34215545654297,646400.0,Yahoo Finance,2026-09-21T08:29:09+00:00,2024-05-20
2023-04-17,META,216.95480346679688,15481900.0,Yahoo Finance,2026-09-21T08:29:09+00:00,2024-05-20
2023-04-18,META,215.99325561523438,12281000.0,Yahoo Finance,2026-09-21T08:29:09+00:00,2024-05-20
2023-04-19,META,213.82229614257812,15898100.0,Yahoo Finance,2026-09-21T08:29:09+00:00,2024-05-20
2023-04-20,META,211.2152099609375,16475400.0,Yahoo Finance,2026-09-21T08:29:09+00:00,2024-05-20
2023-04-21,META,211.03677368164062,17717200.0,Yahoo Finance,2026-09-21T08:29:09+00:00,2024-05-20
2023-04-24,META,210.9376220703125,15750900.0,Yahoo Finance,2026-09-21T08:29:09+00:00,2024-05-20
2023-04-25,META,205.74325561523438,19198200.0,Yahoo Finance,2026-09-21T08:29:09+00:00,2024-05-20
2023-04-26,META,207.57717895507812,41992700.0,Yahoo Finance,2026-09-21T08:29:09+00:00,2024-05-20
2023-04-27,META,236.4832763671875,71196500.0,Yahoo Finance,2026-09-21T08:29:09+00:00,2024-05-20
2023-04-28,META,238.22799682617188,39554000.0,Yahoo Finance,2026-09-21T08:29:09+00:00,2024-05-20
2023-05-01,META,241.0631103515625,29143900.0,Yahoo Finance,2026-09-21T08:29:09+00:00,2024-05-20
2023-05-02,META,237.15737915039062,24350100.0,Yahoo Finance,2026-09-21T08:29:09+00:00,2024-05-20
2023-05-03,META,234.96661376953125,34463900.0,Yahoo Finance,2026-09-21T08:29:09+00:00,2024-05-20
2023-05-04,META,231.48716735839844,17889400.0,Yahoo Finance,2026-09-21T08:29:09+00:00,2024-05-20
2023-05-05,META,230.75363159179688,27000500.0,Yahoo Finance,2026-09-21T08:29:09+00:00,2024-05-20
2023-05-08,META,231.23936462402344,16400500.0,Yahoo Finance,2026-09-21T08:29:09+00:00,2024-05-20
2023-05-09,META,231.3385009765625,16865600.0,Yahoo Finance,2026-09-21T08:29:09+00:00,2024-05-20
2023-05-10,META,231.051025390625,19119000.0,Yahoo Finance,2026-09-21T08:29:09+00:00,2024-05-20
2023-05-11,META,233.7373809814453,20449000.0,Yahoo Finance,2026-09-21T08:29:09+00:00,2024-05-20
2023-05-12,META,231.77464294433594,16161400.0,Yahoo Finance,2026-09-21T08:29:09+00:00,2024-05-20
2023-05-15,META,236.7806854248047,20653200.0,Yahoo Finance,2026-09-21T08:29:09+00:00,2024-05-20
2023-05-16,META,236.74105834960938,18163800.0,Yahoo Finance,2026-09-21T08:29:09+00:00,2024-05-20
2023-05-17,META,240.37908935546875,21193100.0,Yahoo Finance,2026-09-21T08:29:09+00:00,2024-05-20
2023-05-18,META,244.70115661621094,22943300.0,Yahoo Finance,2026-09-21T08:29:09+00:00,2024-05-20
2023-05-19,META,243.50167846679688,21733600.0,Yahoo Finance,2026-09-21T08:29:09+00:00,2024-05-20
2023-05-22,META,246.15834045410156,27738500.0,Yahoo Finance,2026-09-21T08:29:09+00:00,2024-05-20
2023-05-23,META,244.5921173095703,17748100.0,Yahoo Finance,2026-09-21T08:29:09+00:00,2024-05-20
2023-05-24,META,247.0406036376953,17724300.0,Yahoo Finance,2026-09-21T08:29:09+00:00,2024-05-20
2023-05-25,META,250.4902801513672,22371400.0,Yahoo Finance,2026-09-21T08:29:09+00:00,2024-05-20
2023-05-26,META,259.7589111328125,25727200.0,Yahoo Finance,2026-09-21T08:29:09+00:00,2024-05-20
2023-05-30,META,260.2347106933594,23816500.0,Yahoo Finance,2026-09-21T08:29:09+00:00,2024-05-20
2023-05-31,META,262.41558837890625,25473700.0,Yahoo Finance,2026-09-21T08:29:09+00:00,2024-05-20
2023-06-01,META,270.23687744140625,25609500.0,Yahoo Finance,2026-09-21T08:29:09+00:00,2024-05-20
2023-06-02,META,270.23687744140625,19416900.0,Yahoo Finance,2026-09-21T08:29:09+00:00,2024-05-20
2023-06-05,META,269.02752685546875,20742900.0,Yahoo Finance,2026-09-21T08:29:09+00:00,2024-05-20
2023-06-06,META,268.7599182128906,19419000.0,Yahoo Finance,2026-09-21T08:29:09+00:00,2024-05-20
2023-06-07,META,261.3053283691406,26163600.0,Yahoo Finance,2026-09-21T08:29:09+00:00,2024-05-20
2023-06-08,META,262.27685546875,20899400.0,Yahoo Finance,2026-09-21T08:29:09+00:00,2024-05-20
2023-06-09,META,262.6435852050781,16949800.0,Yahoo Finance,2026-09-21T08:29:09+00:00,2024-05-20
2023-06-12,META,268.6904296875,15442500.0,Yahoo Finance,2026-09-21T08:29:09+00:00,2024-05-20
2023-06-13,META,268.9581604003906,16164000.0,Yahoo Finance,2026-09-21T08:29:09+00:00,2024-05-20
2023-06-14,META,270.970458984375,19175100.0,Yahoo Finance,2026-09-21T08:29:09+00:00,2024-05-20
2023-06-15,META,279.3766174316406,25973500.0,Yahoo Finance,2026-09-21T08:29:09+00:00,2024-05-20
2023-06-16,META,278.5538330078125,43127700.0,Yahoo Finance,2026-09-21T08:29:09+00:00,2024-05-20
2023-06-20,META,281.8548278808594,20701600.0,Yahoo Finance,2026-09-21T08:29:09+00:00,2024-05-20
2023-06-21,META,279.1882629394531,20556200.0,Yahoo Finance,2026-09-21T08:29:09+00:00,2024-05-20
2023-06-22,META,282.4001159667969,17563100.0,Yahoo Finance,2026-09-21T08:29:09+00:00,2024-05-20
2023-06-23,META,286.2165832519531,51092000.0,Yahoo Finance,2026-09-21T08:29:09+00:00,2024-05-20
2023-06-26,META,276.0459289550781,24232700.0,Yahoo Finance,2026-09-21T08:29:09+00:00,2024-05-20
2023-06-27,META,284.5511779785156,26108300.0,Yahoo Finance,2026-09-21T08:29:09+00:00,2024-05-20
2023-06-28,META,282.8065185546875,16722100.0,Yahoo Finance,2026-09-21T08:29:09+00:00,2024-05-20
2023-06-29,META,279.0792541503906,15395700.0,Yahoo Finance,2026-09-21T08:29:09+00:00,2024-05-20
2023-06-30,META,284.4818420410156,19694900.0,Yahoo Finance,2026-09-21T08:29:09+00:00,2024-05-20
2023-07-03,META,283.5301513671875,8629300.0,Yahoo Finance,2026-09-21T08:29:09+00:00,2024-05-20
2023-07-05,META,291.8074645996094,33865500.0,Yahoo Finance,2026-09-21T08:29:09+00:00,2024-05-20
2023-07-06,META,289.44818115234375,47600500.0,Yahoo Finance,2026-09-21T08:29:09+00:00,2024-05-20
2023-07-07,META,288.0008850097656,25586000.0,Yahoo Finance,2026-09-21T08:29:09+00:00,2024-05-20
2023-07-10,META,291.5398254394531,37058300.0,Yahoo Finance,2026-09-21T08:29:09+00:00,2024-05-20
2023-07-11,META,295.6933898925781,27585900.0,Yahoo Finance,2026-09-21T08:29:09+00:00,2024-05-20
2023-07-12,META,306.64715576171875,36677100.0,Yahoo Finance,2026-09-21T08:29:09+00:00,2024-05-20
2023-07-13,META,310.6817321777344,30281000.0,Yahoo Finance,2026-09-21T08:29:09+00:00,2024-05-20
2023-07-14,META,306.1812438964844,23054100.0,Yahoo Finance,2026-09-21T08:29:09+00:00,2024-05-20
2023-07-17,META,307.916015625,25323100.0,Yahoo Finance,2026-09-21T08:29:09+00:00,2024-05-20
2023-07-18,META,309.3335876464844,20731900.0,Yahoo Finance,2026-09-21T08:29:09+00:00,2024-05-20
2023-07-19,META,313.2590637207031,21763700.0,Yahoo Finance,2026-09-21T08:29:09+00:00,2024-05-20
2023-07-20,META,299.886474609375,23836900.0,Yahoo Finance,2026-09-21T08:29:09+00:00,2024-05-20
2023-07-21,META,291.6984558105469,42139300.0,Yahoo Finance,2026-09-21T08:29:09+00:00,2024-05-20
2023-07-24,META,289.07147216796875,24915700.0,Yahoo Finance,2026-09-21T08:29:09+00:00,2024-05-20
2023-07-25,META,291.9066162109375,19585600.0,Yahoo Finance,2026-09-21T08:29:09+00:00,2024-05-20
2023-07-26,META,295.9709167480469,47256900.0,Yahoo Finance,2026-09-21T08:29:09+00:00,2024-05-20
2023-07-27,META,308.9965515136719,64229200.0,Yahoo Finance,2026-09-21T08:29:09+00:00,2024-05-20
2023-07-28,META,322.6466369628906,39220300.0,Yahoo Finance,2026-09-21T08:29:09+00:00,2024-05-20
2023-07-31,META,315.8265380859375,25799600.0,Yahoo Finance,2026-09-21T08:29:09+00:00,2024-05-20
2023-08-01,META,319.9007568359375,22817900.0,Yahoo Finance,2026-09-21T08:29:09+00:00,2024-05-20
2023-08-02,META,311.5738830566406,20461100.0,Yahoo Finance,2026-09-21T08:29:09+00:00,2024-05-20
2023-08-03,META,310.463623046875,15180200.0,Yahoo Finance,2026-09-21T08:29:09+00:00,2024-05-20
2023-08-04,META,308.0250549316406,17612800.0,Yahoo Finance,2026-09-21T08:29:09+00:00,2024-05-20
2023-08-07,META,313.8043212890625,16236500.0,Yahoo Finance,2026-09-21T08:29:09+00:00,2024-05-20
2023-08-08,META,309.9184875488281,15183500.0,Yahoo Finance,2026-09-21T08:29:09+00:00,2024-05-20
2023-08-09,META,302.5531005859375,19955800.0,Yahoo Finance,2026-09-21T08:29:09+00:00,2024-05-20
2023-08-10,META,303.0785217285156,14358900.0,Yahoo Finance,2026-09-21T08:29:09+00:00,2024-05-20
2023-08-11,META,299.01422119140625,14046300.0,Yahoo Finance,2026-09-21T08:29:09+00:00,2024-05-20
2023-08-14,META,303.5245666503906,15641900.0,Yahoo Finance,2026-09-21T08:29:09+00:00,2024-05-20
2023-08-15,META,299.3215026855469,11623600.0,Yahoo Finance,2026-09-21T08:29:09+00:00,2024-05-20
2023-08-16,META,291.7281494140625,18547700.0,Yahoo Finance,2026-09-21T08:29:09+00:00,2024-05-20
2023-08-17,META,282.6082763671875,23950100.0,Yahoo Finance,2026-09-21T08:29:09+00:00,2024-05-20
2023-08-18,META,280.7842712402344,35347900.0,Yahoo Finance,2026-09-21T08:29:09+00:00,2024-05-20
2023-08-21,META,287.3763732910156,20181500.0,Yahoo Finance,2026-09-21T08:29:09+00:00,2024-05-20
2023-08-22,META,285.0964050292969,12980200.0,Yahoo Finance,2026-09-21T08:29:09+00:00,2024-05-20
2023-08-23,META,291.6785888671875,18287000.0,Yahoo Finance,2026-09-21T08:29:09+00:00,2024-05-20
2023-08-24,META,284.2538146972656,18360900.0,Yahoo Finance,2026-09-21T08:29:09+00:00,2024-05-20
2023-08-25,META,283.01470947265625,23701400.0,Yahoo Finance,2026-09-21T08:29:09+00:00,2024-05-20
2023-08-28,META,287.7332458496094,14239300.0,Yahoo Finance,2026-09-21T08:29:09+00:00,2024-05-20
2023-08-29,META,295.39599609375,20844500.0,Yahoo Finance,2026-09-21T08:29:09+00:00,2024-05-20
2023-08-30,META,292.5311584472656,17717000.0,Yahoo Finance,2026-09-21T08:29:09+00:00,2024-05-20
2023-08-31,META,293.31427001953125,17229900.0,Yahoo Finance,2026-09-21T08:29:09+00:00,2024-05-20
2023-09-01,META,293.79998779296875,12842300.0,Yahoo Finance,2026-09-21T08:29:09+00:00,2024-05-20
2023-09-05,META,297.5371398925781,14956000.0,Yahoo Finance,2026-09-21T08:29:09+00:00,2024-05-20
2023-09-06,META,296.5657043457031,15418100.0,Yahoo Finance,2026-09-21T08:29:09+00:00,2024-05-20
2023-09-07,META,296.070068359375,33748700.0,Yahoo Finance,2026-09-21T08:29:09+00:00,2024-05-20
2023-09-08,META,295.29681396484375,17548000.0,Yahoo Finance,2026-09-21T08:29:09+00:00,2024-05-20
2023-09-11,META,304.8826904296875,19489300.0,Yahoo Finance,2026-09-21T08:29:09+00:00,2024-05-20
2023-09-12,META,299.03399658203125,13480400.0,Yahoo Finance,2026-09-21T08:29:09+00:00,2024-05-20
2023-09-13,META,302.4044494628906,13210900.0,Yahoo Finance,2026-09-21T08:29:09+00:00,2024-05-20
2023-09-14,META,309.0063781738281,19343100.0,Yahoo Finance,2026-09-21T08:29:09+00:00,2024-05-20
2023-09-15,META,297.69573974609375,28131100.0,Yahoo Finance,2026-09-21T08:29:09+00:00,2024-05-20
2023-09-18,META,299.9162292480469,14234200.0,Yahoo Finance,2026-09-21T08:29:09+00:00,2024-05-20
2023-09-19,META,302.41436767578125,15924400.0,Yahoo Finance,2026-09-21T08:29:09+00:00,2024-05-20
2023-09-20,META,297.0613708496094,19379500.0,Yahoo Finance,2026-09-21T08:29:09+00:00,2024-05-20
2023-09-21,META,293.1556396484375,21319600.0,Yahoo Finance,2026-09-21T08:29:09+00:00,2024-05-20
2023-09-22,META,296.47650146484375,25369600.0,Yahoo Finance,2026-09-21T08:29:09+00:00,2024-05-20
2023-09-25,META,298.2112121582031,18987000.0,Yahoo Finance,2026-09-21T08:29:09+00:00,2024-05-20
2023-09-26,META,296.3575134277344,19417200.0,Yahoo Finance,2026-09-21T08:29:09+00:00,2024-05-20
2023-09-27,META,295.14813232421875,36429800.0,Yahoo Finance,2026-09-21T08:29:09+00:00,2024-05-20
2023-09-28,META,301.3139953613281,22167100.0,Yahoo Finance,2026-09-21T08:29:09+00:00,2024-05-20
2023-09-29,META,297.59661865234375,25373700.0,Yahoo Finance,2026-09-21T08:29:09+00:00,2024-05-20
2023-10-02,META,304.1491394042969,16265600.0,Yahoo Finance,2026-09-21T08:29:09+00:00,2024-05-20
2023-10-03,META,298.3203125,17362300.0,Yahoo Finance,2026-09-21T08:29:09+00:00,2024-05-20
2023-10-04,META,302.919921875,16880500.0,Yahoo Finance,2026-09-21T08:29:09+00:00,2024-05-20
2023-10-05,META,302.1367492675781,19130000.0,Yahoo Finance,2026-09-21T08:29:09+00:00,2024-05-20
2023-10-06,META,312.68414306640625,21803900.0,Yahoo Finance,2026-09-21T08:29:09+00:00,2024-05-20
2023-10-09,META,315.588623046875,22503700.0,Yahoo Finance,2026-09-21T08:29:09+00:00,2024-05-20
2023-10-10,META,319.038330078125,19038000.0,Yahoo Finance,2026-09-21T08:29:09+00:00,2024-05-20
2023-10-11,META,324.96630859375,22036300.0,Yahoo Finance,2026-09-21T08:29:09+00:00,2024-05-20
2023-10-12,META,321.3381652832031,20530500.0,Yahoo Finance,2026-09-21T08:29:09+00:00,2024-05-20
2023-10-13,META,311.9505615234375,21341000.0,Yahoo Finance,2026-09-21T08:29:09+00:00,2024-05-20
2023-10-16,META,318.3543395996094,16536100.0,Yahoo Finance,2026-09-21T08:29:09+00:00,2024-05-20
2023-10-17,META,321.1795349121094,16387800.0,Yahoo Finance,2026-09-21T08:29:09+00:00,2024-05-20
2023-10-18,META,314.21075439453125,16851000.0,Yahoo Finance,2026-09-21T08:29:09+00:00,2024-05-20
2023-10-19,META,310.08697509765625,18709200.0,Yahoo Finance,2026-09-21T08:29:09+00:00,2024-05-20
2023-10-20,META,305.9631652832031,22312300.0,Yahoo Finance,2026-09-21T08:29:09+00:00,2024-05-20
2023-10-23,META,311.2764892578125,17796800.0,Yahoo Finance,2026-09-21T08:29:09+00:00,2024-05-20
2023-10-24,META,309.8291931152344,19525500.0,Yahoo Finance,2026-09-21T08:29:09+00:00,2024-05-20
2023-10-25,META,296.922607421875,42192500.0,Yahoo Finance,2026-09-21T08:29:09+00:00,2024-05-20
2023-10-26,META,285.8398742675781,66684100.0,Yahoo Finance,2026-09-21T08:29:09+00:00,2024-05-20
2023-10-27,META,294.14697265625,29596300.0,Yahoo Finance,2026-09-21T08:29:09+00:00,2024-05-20
2023-10-30,META,300.0252990722656,28435100.0,Yahoo Finance,2026-09-21T08:29:09+00:00,2024-05-20
2023-10-31,META,298.64739990234375,19434200.0,Yahoo Finance,2026-09-21T08:29:09+00:00,2024-05-20
2023-11-01,META,309.1353454589844,20434600.0,Yahoo Finance,2026-09-21T08:29:09+00:00,2024-05-20
2023-11-02,META,308.1638488769531,21631800.0,Yahoo Finance,2026-09-21T08:29:09+00:00,2024-05-20
2023-11-03,META,311.86138916015625,16764300.0,Yahoo Finance,2026-09-21T08:29:09+00:00,2024-05-20
2023-11-06,META,313.0509338378906,12887700.0,Yahoo Finance,2026-09-21T08:29:09+00:00,2024-05-20
2023-11-07,META,316.0446472167969,14055600.0,Yahoo Finance,2026-09-21T08:29:09+00:00,2024-05-20
2023-11-08,META,316.9963073730469,13609700.0,Yahoo Finance,2026-09-21T08:29:09+00:00,2024-05-20
2023-11-09,META,317.759521484375,16103100.0,Yahoo Finance,2026-09-21T08:29:09+00:00,2024-05-20
2023-11-10,META,325.907958984375,19096200.0,Yahoo Finance,2026-09-21T08:29:09+00:00,2024-05-20
2023-11-13,META,326.3243713378906,16908900.0,Yahoo Finance,2026-09-21T08:29:09+00:00,2024-05-20
2023-11-14,META,333.3823547363281,17179400.0,Yahoo Finance,2026-09-21T08:29:09+00:00,2024-05-20
2023-11-15,META,329.8136901855469,14531200.0,Yahoo Finance,2026-09-21T08:29:09+00:00,2024-05-20
2023-11-16,META,331.28082275390625,18932600.0,Yahoo Finance,2026-09-21T08:29:09+00:00,2024-05-20
2023-11-17,META,332.1234436035156,14494400.0,Yahoo Finance,2026-09-21T08:29:09+00:00,2024-05-20
2023-11-20,META,337.0105285644531,16960500.0,Yahoo Finance,2026-09-21T08:29:09+00:00,2024-05-20
2023-11-21,META,334.04656982421875,12027900.0,Yahoo Finance,2026-09-21T08:29:09+00:00,2024-05-20
2023-11-22,META,338.51727294921875,10702700.0,Yahoo Finance,2026-09-21T08:29:09+00:00,2024-05-20
2023-11-24,META,335.2856750488281,5467500.0,Yahoo Finance,2026-09-21T08:29:09+00:00,2024-05-20
2023-11-27,META,331.78643798828125,15684500.0,Yahoo Finance,2026-09-21T08:29:09+00:00,2024-05-20
2023-11-28,META,336.03900146484375,12637200.0,Yahoo Finance,2026-09-21T08:29:09+00:00,2024-05-20
2023-11-29,META,329.3081970214844,16024500.0,Yahoo Finance,2026-09-21T08:29:09+00:00,2024-05-20
2023-11-30,META,324.3021545410156,23146400.0,Yahoo Finance,2026-09-21T08:29:09+00:00,2024-05-20
2023-12-01,META,321.992431640625,15276400.0,Yahoo Finance,2026-09-21T08:29:09+00:00,2024-05-20
2023-12-04,META,317.23419189453125,19037100.0,Yahoo Finance,2026-09-21T08:29:09+00:00,2024-05-20
2023-12-05,META,315.5192565917969,16952100.0,Yahoo Finance,2026-09-21T08:29:09+00:00,2024-05-20
2023-12-06,META,314.6865234375,11294300.0,Yahoo Finance,2026-09-21T08:29:09+00:00,2024-05-20
2023-12-07,META,323.7469787597656,15905100.0,Yahoo Finance,2026-09-21T08:29:09+00:00,2024-05-20
2023-12-08,META,329.8533935546875,14087400.0,Yahoo Finance,2026-09-21T08:29:09+00:00,2024-05-20
2023-12-11,META,322.4483642578125,25802500.0,Yahoo Finance,2026-09-21T08:29:09+00:00,2024-05-20
2023-12-12,META,331.310546875,18485500.0,Yahoo Finance,2026-09-21T08:29:09+00:00,2024-05-20
2023-12-13,META,331.8260498046875,16353300.0,Yahoo Finance,2026-09-21T08:29:09+00:00,2024-05-20
2023-12-14,META,330.2696838378906,19607300.0,Yahoo Finance,2026-09-21T08:29:09+00:00,2024-05-20
2023-12-15,META,332.0044860839844,31776900.0,Yahoo Finance,2026-09-21T08:29:09+00:00,2024-05-20
2023-12-18,META,341.6200256347656,18993900.0,Yahoo Finance,2026-09-21T08:29:09+00:00,2024-05-20
2023-12-19,META,347.31005859375,17729400.0,Yahoo Finance,2026-09-21T08:29:09+00:00,2024-05-20
2023-12-20,META,346.2394714355469,16369900.0,Yahoo Finance,2026-09-21T08:29:09+00:00,2024-05-20
2023-12-21,META,351.00762939453125,15289600.0,Yahoo Finance,2026-09-21T08:29:09+00:00,2024-05-20
2023-12-22,META,350.31365966796875,11772800.0,Yahoo Finance,2026-09-21T08:29:09+00:00,2024-05-20
2023-12-26,META,351.7411804199219,9898600.0,Yahoo Finance,2026-09-21T08:29:09+00:00,2024-05-20
2023-12-27,META,354.7150573730469,13207900.0,Yahoo Finance,2026-09-21T08:29:09+00:00,2024-05-20
2023-12-28,META,355.2008056640625,11798800.0,Yahoo Finance,2026-09-21T08:29:09+00:00,2024-05-20
2023-12-29,META,350.8787841796875,14987100.0,Yahoo Finance,2026-09-21T08:29:09+00:00,2024-05-20
2024-01-02,META,343.2755432128906,19042200.0,Yahoo Finance,2026-09-21T08:29:09+00:00,2024-05-20
2024-01-03,META,341.47137451171875,15451100.0,Yahoo Finance,2026-09-21T08:29:09+00:00,2024-05-20
2024-01-04,META,344.0982666015625,12099900.0,Yahoo Finance,2026-09-21T08:29:09+00:00,2024-05-20
2024-01-05,META,348.8862609863281,13920700.0,Yahoo Finance,2026-09-21T08:29:09+00:00,2024-05-20
2024-01-08,META,355.5378112792969,13890200.0,Yahoo Finance,2026-09-21T08:29:09+00:00,2024-05-20
2024-01-09,META,354.3185119628906,13463900.0,Yahoo Finance,2026-09-21T08:29:09+00:00,2024-05-20
2024-01-10,META,367.2450256347656,22117200.0,Yahoo Finance,2026-09-21T08:29:09+00:00,2024-05-20
2024-01-11,META,366.4519958496094,17205400.0,Yahoo Finance,2026-09-21T08:29:09+00:00,2024-05-20
2024-01-12,META,371.23004150390625,19310000.0,Yahoo Finance,2026-09-21T08:29:09+00:00,2024-05-20
2024-01-16,META,364.2612609863281,15306900.0,Yahoo Finance,2026-09-21T08:29:09+00:00,2024-05-20
2024-01-17,META,365.1633605957031,12724800.0,Yahoo Finance,2026-09-21T08:29:09+00:00,2024-05-20
2024-01-18,META,372.855712890625,16354300.0,Yahoo Finance,2026-09-21T08:29:09+00:00,2024-05-20
2024-01-19,META,380.1120300292969,21670800.0,Yahoo Finance,2026-09-21T08:29:09+00:00,2024-05-20
2024-01-22,META,378.4565734863281,17680500.0,Yahoo Finance,2026-09-21T08:29:09+00:00,2024-05-20
2024-01-23,META,381.8468017578125,15506100.0,Yahoo Finance,2026-09-21T08:29:09+00:00,2024-05-20
2024-01-24,META,387.2989196777344,15698500.0,Yahoo Finance,2026-09-21T08:29:09+00:00,2024-05-20
2024-01-25,META,389.75732421875,15091100.0,Yahoo Finance,2026-09-21T08:29:09+00:00,2024-05-20
2024-01-26,META,390.7089538574219,13163700.0,Yahoo Finance,2026-09-21T08:29:09+00:00,2024-05-20
2024-01-29,META,397.529052734375,18742400.0,Yahoo Finance,2026-09-21T08:29:09+00:00,2024-05-20
2024-01-30,META,396.577392578125,18614700.0,Yahoo Finance,2026-09-21T08:29:09+00:00,2024-05-20
2024-01-31,META,386.7438049316406,20180800.0,Yahoo Finance,2026-09-21T08:29:09+00:00,2024-05-20
2024-02-01,META,391.3434143066406,29727100.0,Yahoo Finance,2026-09-21T08:29:09+00:00,2024-05-20
2024-02-02,META,470.85516357421875,84707600.0,Yahoo Finance,2026-09-21T08:29:09+00:00,2024-05-20
2024-02-05,META,455.4107666015625,40832400.0,Yahoo Finance,2026-09-21T08:29:09+00:00,2024-05-20
2024-02-06,META,450.7615966796875,21655200.0,Yahoo Finance,2026-09-21T08:29:09+00:00,2024-05-20
2024-02-07,META,465.5021667480469,23066000.0,Yahoo Finance,2026-09-21T08:29:09+00:00,2024-05-20
2024-02-08,META,465.9085693359375,18815100.0,Yahoo Finance,2026-09-21T08:29:09+00:00,2024-05-20
2024-02-09,META,464.0350341796875,18413100.0,Yahoo Finance,2026-09-21T08:29:09+00:00,2024-05-20
2024-02-12,META,464.81817626953125,19382000.0,Yahoo Finance,2026-09-21T08:29:09+00:00,2024-05-20
2024-02-13,META,456.1146240234375,20916600.0,Yahoo Finance,2026-09-21T08:29:09+00:00,2024-05-20
2024-02-14,META,469.1601257324219,16858400.0,Yahoo Finance,2026-09-21T08:29:09+00:00,2024-05-20
2024-02-15,META,479.8164978027344,24212300.0,Yahoo Finance,2026-09-21T08:29:09+00:00,2024-05-20
2024-02-16,META,469.19970703125,23324600.0,Yahoo Finance,2026-09-21T08:29:09+00:00,2024-05-20
2024-02-20,META,467.64337158203125,18015500.0,Yahoo Finance,2026-09-21T08:29:09+00:00,2024-05-20
2024-02-21,META,464.447998046875,12921800.0,Yahoo Finance,2026-09-21T08:29:09+00:00,2024-05-20
2024-02-22,META,482.40948486328125,21625800.0,Yahoo Finance,2026-09-21T08:29:09+00:00,2024-05-20
2024-02-23,META,480.32562255859375,18374300.0,Yahoo Finance,2026-09-21T08:29:09+00:00,2024-05-20
2024-02-26,META,478.0530700683594,12101400.0,Yahoo Finance,2026-09-21T08:29:09+00:00,2024-05-20
2024-02-27,META,483.32244873046875,10809600.0,Yahoo Finance,2026-09-21T08:29:09+00:00,2024-05-20
2024-02-28,META,480.31561279296875,12715500.0,Yahoo Finance,2026-09-21T08:29:09+00:00,2024-05-20
2024-02-29,META,486.3788757324219,17732000.0,Yahoo Finance,2026-09-21T08:29:09+00:00,2024-05-20
2024-03-01,META,498.4557189941406,16273600.0,Yahoo Finance,2026-09-21T08:29:09+00:00,2024-05-20
2024-03-04,META,494.377197265625,12324100.0,Yahoo Finance,2026-09-21T08:29:09+00:00,2024-05-20
2024-03-05,META,486.46820068359375,15325300.0,Yahoo Finance,2026-09-21T08:29:09+00:00,2024-05-20
2024-03-06,META,492.29327392578125,11757900.0,Yahoo Finance,2026-09-21T08:29:09+00:00,2024-05-20
2024-03-07,META,508.2700500488281,18586400.0,Yahoo Finance,2026-09-21T08:29:09+00:00,2024-05-20
2024-03-08,META,502.0778503417969,18597100.0,Yahoo Finance,2026-09-21T08:29:09+00:00,2024-05-20
2024-03-11,META,479.888916015625,20428300.0,Yahoo Finance,2026-09-21T08:29:09+00:00,2024-05-20
2024-03-12,META,495.9252624511719,15448200.0,Yahoo Finance,2026-09-21T08:29:09+00:00,2024-05-20
2024-03-13,META,491.7772216796875,12090700.0,Yahoo Finance,2026-09-21T08:29:09+00:00,2024-05-20
2024-03-14,META,488.0658264160156,12620000.0,Yahoo Finance,2026-09-21T08:29:09+00:00,2024-05-20
2024-03-15,META,480.3949890136719,29153600.0,Yahoo Finance,2026-09-21T08:29:09+00:00,2024-05-20
2024-03-18,META,493.17645263671875,11755300.0,Yahoo Finance,2026-09-21T08:29:09+00:00,2024-05-20
2024-03-19,META,492.442138671875,10903100.0,Yahoo Finance,2026-09-21T08:29:09+00:00,2024-05-20
2024-03-20,META,501.651123046875,11711100.0,Yahoo Finance,2026-09-21T08:29:09+00:00,2024-05-20
2024-03-21,META,503.8739318847656,9712500.0,Yahoo Finance,2026-09-21T08:29:09+00:00,2024-05-20
2024-03-22,META,505.6800537109375,8120600.0,Yahoo Finance,2026-09-21T08:29:09+00:00,2024-05-20
2024-03-25,META,499.170166015625,8380600.0,Yahoo Finance,2026-09-21T08:29:09+00:00,2024-05-20
2024-03-26,META,492.09478759765625,11205400.0,Yahoo Finance,2026-09-21T08:29:09+00:00,2024-05-20
2024-03-27,META,490.08038330078125,9989700.0,Yahoo Finance,2026-09-21T08:29:09+00:00,2024-05-20
2024-03-28,META,481.8636779785156,15212800.0,Yahoo Finance,2026-09-21T08:29:09+00:00,2024-05-20
2024-04-01,META,487.5895690917969,9247000.0,Yahoo Finance,2026-09-21T08:29:09+00:00,2024-05-20
2024-04-02,META,493.5634765625,11081000.0,Yahoo Finance,2026-09-21T08:29:09+00:00,2024-05-20
2024-04-03,META,502.8617248535156,12099200.0,Yahoo Finance,2026-09-21T08:29:09+00:00,2024-05-20
2024-04-04,META,507.009765625,26476300.0,Yahoo Finance,2026-09-21T08:29:09+00:00,2024-05-20
2024-04-05,META,523.3041381835938,19263300.0,Yahoo Finance,2026-09-21T08:29:09+00:00,2024-05-20
2024-04-08,META,515.2760620117188,13260600.0,Yahoo Finance,2026-09-21T08:29:09+00:00,2024-05-20
2024-04-09,META,512.9440307617188,10863800.0,Yahoo Finance,2026-09-21T08:29:09+00:00,2024-05-20
2024-04-10,META,515.8516235351562,11418500.0,Yahoo Finance,2026-09-21T08:29:09+00:00,2024-05-20
2024-04-11,META,519.1560668945312,10369500.0,Yahoo Finance,2026-09-21T08:29:09+00:00,2024-05-20
2024-04-12,META,507.9822692871094,11984500.0,Yahoo Finance,2026-09-21T08:29:09+00:00,2024-05-20
2024-04-15,META,496.40155029296875,13512900.0,Yahoo Finance,2026-09-21T08:29:09+00:00,2024-05-20
2024-04-16,META,495.9351806640625,9847900.0,Yahoo Finance,2026-09-21T08:29:09+00:00,2024-05-20
2024-04-17,META,490.38800048828125,12193700.0,Yahoo Finance,2026-09-21T08:29:09+00:00,2024-05-20
2024-04-18,META,497.9595947265625,14808700.0,Yahoo Finance,2026-09-21T08:29:09+00:00,2024-05-20
2024-04-19,META,477.3882141113281,25215400.0,Yahoo Finance,2026-09-21T08:29:09+00:00,2024-05-20
2024-04-22,META,478.0431823730469,17271100.0,Yahoo Finance,2026-09-21T08:29:09+00:00,2024-05-20
2024-04-23,META,492.30316162109375,15079200.0,Yahoo Finance,2026-09-21T08:29:09+00:00,2024-05-20
2024-04-24,META,489.7231140136719,37772700.0,Yahoo Finance,2026-09-21T08:29:09+00:00,2024-05-20
2024-04-25,META,438.001953125,82890700.0,Yahoo Finance,2026-09-21T08:29:09+00:00,2024-05-20
2024-04-26,META,439.8973693847656,32691400.0,Yahoo Finance,2026-09-21T08:29:09+00:00,2024-05-20
2024-04-29,META,429.3089599609375,21502600.0,Yahoo Finance,2026-09-21T08:29:09+00:00,2024-05-20
2024-04-30,META,426.8778076171875,18429500.0,Yahoo Finance,2026-09-21T08:29:09+00:00,2024-05-20
2024-05-01,META,435.8287658691406,20344900.0,Yahoo Finance,2026-09-21T08:29:09+00:00,2024-05-20
2024-05-02,META,438.2996520996094,15221300.0,Yahoo Finance,2026-09-21T08:29:09+00:00,2024-05-20
2024-05-03,META,448.5009765625,16489100.0,Yahoo Finance,2026-09-21T08:29:09+00:00,2024-05-20
2024-05-06,META,462.11602783203125,15094600.0,Yahoo Finance,2026-09-21T08:29:09+00:00,2024-05-20
2024-05-07,META,464.6563720703125,13406800.0,Yahoo Finance,2026-09-21T08:29:09+00:00,2024-05-20
2024-05-08,META,468.9830322265625,11683900.0,Yahoo Finance,2026-09-21T08:29:09+00:00,2024-05-20
2024-05-09,META,471.7814636230469,9437700.0,Yahoo Finance,2026-09-21T08:29:09+00:00,2024-05-20
2024-05-10,META,472.55548095703125,10750000.0,Yahoo Finance,2026-09-21T08:29:09+00:00,2024-05-20
2024-05-13,META,464.4281921386719,14668800.0,Yahoo Finance,2026-09-21T08:29:09+00:00,2024-05-20
2024-05-14,META,468.23883056640625,10478600.0,Yahoo Finance,2026-09-21T08:29:09+00:00,2024-05-20
2024-05-15,META,477.8546447753906,13100500.0,Yahoo Finance,2026-09-21T08:29:09+00:00,2024-05-20
2024-05-16,META,469.6082458496094,16608200.0,Yahoo Finance,2026-09-21T08:29:09+00:00,2024-05-20
2024-05-17,META,468.29833984375,10807300.0,Yahoo Finance,2026-09-21T08:29:09+00:00,2024-05-20
2024-05-20,META,465.2518005371094,11745100.0,Yahoo Finance,2026-09-21T08:29:09+00:00,2024-05-20
2023-04-17,MS,80.0116195678711,8876900.0,Yahoo Finance,2026-09-21T08:29:09+00:00,2024-05-20
2023-04-18,MS,80.51343536376953,10227600.0,Yahoo Finance,2026-09-21T08:29:09+00:00,2024-05-20
2023-04-19,MS,81.05109405517578,13886200.0,Yahoo Finance,2026-09-21T08:29:09+00:00,2024-05-20
2023-04-20,MS,81.03317260742188,6776000.0,Yahoo Finance,2026-09-21T08:29:09+00:00,2024-05-20
2023-04-21,MS,81.65147399902344,6531000.0,Yahoo Finance,2026-09-21T08:29:09+00:00,2024-05-20
2023-04-24,MS,80.82707977294922,5004400.0,Yahoo Finance,2026-09-21T08:29:09+00:00,2024-05-20
2023-04-25,MS,78.9094467163086,5806700.0,Yahoo Finance,2026-09-21T08:29:09+00:00,2024-05-20
2023-04-26,MS,79.24995422363281,6429100.0,Yahoo Finance,2026-09-21T08:29:09+00:00,2024-05-20
2023-04-27,MS,80.88082885742188,6375800.0,Yahoo Finance,2026-09-21T08:29:09+00:00,2024-05-20
2023-04-28,MS,81.31920623779297,6374500.0,Yahoo Finance,2026-09-21T08:29:09+00:00,2024-05-20
2023-05-01,MS,79.47535705566406,7745400.0,Yahoo Finance,2026-09-21T08:29:09+00:00,2024-05-20
2023-05-02,MS,77.99304962158203,6319100.0,Yahoo Finance,2026-09-21T08:29:09+00:00,2024-05-20
2023-05-03,MS,76.60111236572266,6546500.0,Yahoo Finance,2026-09-21T08:29:09+00:00,2024-05-20
2023-05-04,MS,74.66687774658203,10359200.0,Yahoo Finance,2026-09-21T08:29:09+00:00,2024-05-20
2023-05-05,MS,76.71861267089844,8288000.0,Yahoo Finance,2026-09-21T08:29:09+00:00,2024-05-20
2023-05-08,MS,76.31187438964844,5825300.0,Yahoo Finance,2026-09-21T08:29:09+00:00,2024-05-20
2023-05-09,MS,76.25764465332031,4381400.0,Yahoo Finance,2026-09-21T08:29:09+00:00,2024-05-20
2023-05-10,MS,75.67013549804688,4884900.0,Yahoo Finance,2026-09-21T08:29:09+00:00,2024-05-20
2023-05-11,MS,74.68494415283203,6717800.0,Yahoo Finance,2026-09-21T08:29:09+00:00,2024-05-20
2023-05-12,MS,74.4680404663086,5208900.0,Yahoo Finance,2026-09-21T08:29:09+00:00,2024-05-20
2023-05-15,MS,74.97418212890625,5032100.0,Yahoo Finance,2026-09-21T08:29:09+00:00,2024-05-20
2023-05-16,MS,73.9889907836914,6862900.0,Yahoo Finance,2026-09-21T08:29:09+00:00,2024-05-20
2023-05-17,MS,75.8418960571289,8216700.0,Yahoo Finance,2026-09-21T08:29:09+00:00,2024-05-20
2023-05-18,MS,76.3661117553711,5367700.0,Yahoo Finance,2026-09-21T08:29:09+00:00,2024-05-20
2023-05-19,MS,74.33245086669922,11183600.0,Yahoo Finance,2026-09-21T08:29:09+00:00,2024-05-20
2023-05-22,MS,74.35956573486328,5520000.0,Yahoo Finance,2026-09-21T08:29:09+00:00,2024-05-20
2023-05-23,MS,74.6939926147461,5521200.0,Yahoo Finance,2026-09-21T08:29:09+00:00,2024-05-20
2023-05-24,MS,73.41051483154297,6827800.0,Yahoo Finance,2026-09-21T08:29:09+00:00,2024-05-20
2023-05-25,MS,75.01937866210938,6962700.0,Yahoo Finance,2026-09-21T08:29:09+00:00,2024-05-20
2023-05-26,MS,75.83283996582031,7411600.0,Yahoo Finance,2026-09-21T08:29:09+00:00,2024-05-20
2023-05-30,MS,75.39899444580078,5876800.0,Yahoo Finance,2026-09-21T08:29:09+00:00,2024-05-20
2023-05-31,MS,73.89861297607422,9559200.0,Yahoo Finance,2026-09-21T08:29:09+00:00,2024-05-20
2023-06-01,MS,74.17880249023438,6857500.0,Yahoo Finance,2026-09-21T08:29:09+00:00,2024-05-20
2023-06-02,MS,76.23957061767578,6218500.0,Yahoo Finance,2026-09-21T08:29:09+00:00,2024-05-20
2023-06-05,MS,75.68822479248047,6631900.0,Yahoo Finance,2026-09-21T08:29:09+00:00,2024-05-20
2023-06-06,MS,77.60438537597656,6903900.0,Yahoo Finance,2026-09-21T08:29:09+00:00,2024-05-20
2023-06-07,MS,78.18284606933594,7410800.0,Yahoo Finance,2026-09-21T08:29:09+00:00,2024-05-20
2023-06-08,MS,78.0111083984375,6795900.0,Yahoo Finance,2026-09-21T08:29:09+00:00,2024-05-20
2023-06-09,MS,77.92072296142578,6282600.0,Yahoo Finance,2026-09-21T08:29:09+00:00,2024-05-20
2023-06-12,MS,79.03245544433594,7053500.0,Yahoo Finance,2026-09-21T08:29:09+00:00,2024-05-20
2023-06-13,MS,79.79169464111328,6089200.0,Yahoo Finance,2026-09-21T08:29:09+00:00,2024-05-20
2023-06-14,MS,79.52052307128906,5772500.0,Yahoo Finance,2026-09-21T08:29:09+00:00,2024-05-20
2023-06-15,MS,80.48765563964844,8603200.0,Yahoo Finance,2026-09-21T08:29:09+00:00,2024-05-20
2023-06-16,MS,79.61994934082031,13153100.0,Yahoo Finance,2026-09-21T08:29:09+00:00,2024-05-20
2023-06-20,MS,78.39073944091797,7382000.0,Yahoo Finance,2026-09-21T08:29:09+00:00,2024-05-20
2023-06-21,MS,78.03823852539062,6343100.0,Yahoo Finance,2026-09-21T08:29:09+00:00,2024-05-20
2023-06-22,MS,76.37515258789062,6214600.0,Yahoo Finance,2026-09-21T08:29:09+00:00,2024-05-20
2023-06-23,MS,75.54360961914062,10026600.0,Yahoo Finance,2026-09-21T08:29:09+00:00,2024-05-20
2023-06-26,MS,75.5526351928711,6377400.0,Yahoo Finance,2026-09-21T08:29:09+00:00,2024-05-20
2023-06-27,MS,76.31187438964844,6639900.0,Yahoo Finance,2026-09-21T08:29:09+00:00,2024-05-20
2023-06-28,MS,75.9141845703125,4781600.0,Yahoo Finance,2026-09-21T08:29:09+00:00,2024-05-20
2023-06-29,MS,77.04399108886719,9066500.0,Yahoo Finance,2026-09-21T08:29:09+00:00,2024-05-20
2023-06-30,MS,77.18861389160156,6191700.0,Yahoo Finance,2026-09-21T08:29:09+00:00,2024-05-20
2023-07-03,MS,78.10150146484375,5839300.0,Yahoo Finance,2026-09-21T08:29:09+00:00,2024-05-20
2023-07-05,MS,77.65860748291016,6734300.0,Yahoo Finance,2026-09-21T08:29:09+00:00,2024-05-20
2023-07-06,MS,75.31765747070312,8546800.0,Yahoo Finance,2026-09-21T08:29:09+00:00,2024-05-20
2023-07-07,MS,75.3447494506836,8217700.0,Yahoo Finance,2026-09-21T08:29:09+00:00,2024-05-20
2023-07-10,MS,75.38091278076172,6141200.0,Yahoo Finance,2026-09-21T08:29:09+00:00,2024-05-20
2023-07-11,MS,76.79090881347656,11053100.0,Yahoo Finance,2026-09-21T08:29:09+00:00,2024-05-20
2023-07-12,MS,77.52303314208984,8602300.0,Yahoo Finance,2026-09-21T08:29:09+00:00,2024-05-20
2023-07-13,MS,77.92072296142578,6026500.0,Yahoo Finance,2026-09-21T08:29:09+00:00,2024-05-20
2023-07-14,MS,77.53206634521484,7732700.0,Yahoo Finance,2026-09-21T08:29:09+00:00,2024-05-20
2023-07-17,MS,78.06533813476562,7911800.0,Yahoo Finance,2026-09-21T08:29:09+00:00,2024-05-20
2023-07-18,MS,83.09977722167969,21630800.0,Yahoo Finance,2026-09-21T08:29:09+00:00,2024-05-20
2023-07-19,MS,84.20248413085938,12004300.0,Yahoo Finance,2026-09-21T08:29:09+00:00,2024-05-20
2023-07-20,MS,84.78094482421875,9541800.0,Yahoo Finance,2026-09-21T08:29:09+00:00,2024-05-20
2023-07-21,MS,84.97075653076172,6298600.0,Yahoo Finance,2026-09-21T08:29:09+00:00,2024-05-20
2023-07-24,MS,85.5672836303711,7259800.0,Yahoo Finance,2026-09-21T08:29:09+00:00,2024-05-20
2023-07-25,MS,85.34131622314453,7760100.0,Yahoo Finance,2026-09-21T08:29:09+00:00,2024-05-20
2023-07-26,MS,84.54593658447266,7201100.0,Yahoo Finance,2026-09-21T08:29:09+00:00,2024-05-20
2023-07-27,MS,83.83190155029297,8427800.0,Yahoo Finance,2026-09-21T08:29:09+00:00,2024-05-20
2023-07-28,MS,83.53086853027344,5798400.0,Yahoo Finance,2026-09-21T08:29:09+00:00,2024-05-20
2023-07-31,MS,83.52174377441406,5242900.0,Yahoo Finance,2026-09-21T08:29:09+00:00,2024-05-20
2023-08-01,MS,82.95616912841797,4468500.0,Yahoo Finance,2026-09-21T08:29:09+00:00,2024-05-20
2023-08-02,MS,81.47840118408203,6407400.0,Yahoo Finance,2026-09-21T08:29:09+00:00,2024-05-20
2023-08-03,MS,81.31420135498047,5137700.0,Yahoo Finance,2026-09-21T08:29:09+00:00,2024-05-20
2023-08-04,MS,80.99492645263672,6191700.0,Yahoo Finance,2026-09-21T08:29:09+00:00,2024-05-20
2023-08-07,MS,81.25946807861328,4663300.0,Yahoo Finance,2026-09-21T08:29:09+00:00,2024-05-20
2023-08-08,MS,80.70303344726562,6921200.0,Yahoo Finance,2026-09-21T08:29:09+00:00,2024-05-20
2023-08-09,MS,79.87291717529297,5200500.0,Yahoo Finance,2026-09-21T08:29:09+00:00,2024-05-20
2023-08-10,MS,79.94589233398438,4250100.0,Yahoo Finance,2026-09-21T08:29:09+00:00,2024-05-20
2023-08-11,MS,80.00062561035156,3922300.0,Yahoo Finance,2026-09-21T08:29:09+00:00,2024-05-20
2023-08-14,MS,79.66310119628906,3637500.0,Yahoo Finance,2026-09-21T08:29:09+00:00,2024-05-20
2023-08-15,MS,78.5958251953125,9308700.0,Yahoo Finance,2026-09-21T08:29:09+00:00,2024-05-20
2023-08-16,MS,78.44075012207031,5746300.0,Yahoo Finance,2026-09-21T08:29:09+00:00,2024-05-20
2023-08-17,MS,78.25830841064453,7611200.0,Yahoo Finance,2026-09-21T08:29:09+00:00,2024-05-20
2023-08-18,MS,77.43731689453125,6650000.0,Yahoo Finance,2026-09-21T08:29:09+00:00,2024-05-20
2023-08-21,MS,76.85350036621094,5385300.0,Yahoo Finance,2026-09-21T08:29:09+00:00,2024-05-20
2023-08-22,MS,75.69499969482422,6002300.0,Yahoo Finance,2026-09-21T08:29:09+00:00,2024-05-20
2023-08-23,MS,76.06900024414062,5878600.0,Yahoo Finance,2026-09-21T08:29:09+00:00,2024-05-20
2023-08-24,MS,76.1146240234375,5023000.0,Yahoo Finance,2026-09-21T08:29:09+00:00,2024-05-20
2023-08-25,MS,75.91393280029297,5461400.0,Yahoo Finance,2026-09-21T08:29:09+00:00,2024-05-20
2023-08-28,MS,76.97208404541016,6439700.0,Yahoo Finance,2026-09-21T08:29:09+00:00,2024-05-20
2023-08-29,MS,78.03937530517578,6212300.0,Yahoo Finance,2026-09-21T08:29:09+00:00,2024-05-20
2023-08-30,MS,77.77484130859375,5051800.0,Yahoo Finance,2026-09-21T08:29:09+00:00,2024-05-20
2023-08-31,MS,77.67448425292969,5581200.0,Yahoo Finance,2026-09-21T08:29:09+00:00,2024-05-20
2023-09-01,MS,78.22181701660156,4981800.0,Yahoo Finance,2026-09-21T08:29:09+00:00,2024-05-20
2023-09-05,MS,77.39171600341797,4919400.0,Yahoo Finance,2026-09-21T08:29:09+00:00,2024-05-20
2023-09-06,MS,76.77141571044922,5384000.0,Yahoo Finance,2026-09-21T08:29:09+00:00,2024-05-20
2023-09-07,MS,76.47949981689453,5504200.0,Yahoo Finance,2026-09-21T08:29:09+00:00,2024-05-20
2023-09-08,MS,77.46467590332031,6127600.0,Yahoo Finance,2026-09-21T08:29:09+00:00,2024-05-20
2023-09-11,MS,76.17845916748047,7780900.0,Yahoo Finance,2026-09-21T08:29:09+00:00,2024-05-20
2023-09-12,MS,78.03937530517578,8942600.0,Yahoo Finance,2026-09-21T08:29:09+00:00,2024-05-20
2023-09-13,MS,79.59012603759766,10617400.0,Yahoo Finance,2026-09-21T08:29:09+00:00,2024-05-20
2023-09-14,MS,81.2503433227539,8109600.0,Yahoo Finance,2026-09-21T08:29:09+00:00,2024-05-20
2023-09-15,MS,80.6482925415039,17629500.0,Yahoo Finance,2026-09-21T08:29:09+00:00,2024-05-20
2023-09-18,MS,80.92195129394531,5501900.0,Yahoo Finance,2026-09-21T08:29:09+00:00,2024-05-20
2023-09-19,MS,80.739501953125,5769000.0,Yahoo Finance,2026-09-21T08:29:09+00:00,2024-05-20
2023-09-20,MS,79.48979187011719,5268200.0,Yahoo Finance,2026-09-21T08:29:09+00:00,2024-05-20
2023-09-21,MS,77.42819213867188,6933900.0,Yahoo Finance,2026-09-21T08:29:09+00:00,2024-05-20
2023-09-22,MS,75.97777557373047,7420600.0,Yahoo Finance,2026-09-21T08:29:09+00:00,2024-05-20
2023-09-25,MS,75.74060821533203,4748800.0,Yahoo Finance,2026-09-21T08:29:09+00:00,2024-05-20
2023-09-26,MS,74.95610046386719,5557000.0,Yahoo Finance,2026-09-21T08:29:09+00:00,2024-05-20
2023-09-27,MS,74.48176574707031,5708200.0,Yahoo Finance,2026-09-21T08:29:09+00:00,2024-05-20
2023-09-28,MS,74.97435760498047,5665400.0,Yahoo Finance,2026-09-21T08:29:09+00:00,2024-05-20
2023-09-29,MS,74.50000762939453,6830500.0,Yahoo Finance,2026-09-21T08:29:09+00:00,2024-05-20
2023-10-02,MS,73.35062408447266,6722200.0,Yahoo Finance,2026-09-21T08:29:09+00:00,2024-05-20
2023-10-03,MS,71.17044067382812,7526800.0,Yahoo Finance,2026-09-21T08:29:09+00:00,2024-05-20
2023-10-04,MS,72.14649963378906,6848700.0,Yahoo Finance,2026-09-21T08:29:09+00:00,2024-05-20
2023-10-05,MS,72.20124053955078,5589300.0,Yahoo Finance,2026-09-21T08:29:09+00:00,2024-05-20
2023-10-06,MS,73.27764892578125,6306400.0,Yahoo Finance,2026-09-21T08:29:09+00:00,2024-05-20
2023-10-09,MS,72.89452362060547,5125000.0,Yahoo Finance,2026-09-21T08:29:09+00:00,2024-05-20
2023-10-10,MS,73.09520721435547,6245400.0,Yahoo Finance,2026-09-21T08:29:09+00:00,2024-05-20
2023-10-11,MS,71.97320556640625,8928700.0,Yahoo Finance,2026-09-21T08:29:09+00:00,2024-05-20
2023-10-12,MS,70.9788818359375,11654600.0,Yahoo Finance,2026-09-21T08:29:09+00:00,2024-05-20
2023-10-13,MS,70.96063995361328,6442800.0,Yahoo Finance,2026-09-21T08:29:09+00:00,2024-05-20
2023-10-16,MS,71.818115234375,7901500.0,Yahoo Finance,2026-09-21T08:29:09+00:00,2024-05-20
2023-10-17,MS,73.27764892578125,12324800.0,Yahoo Finance,2026-09-21T08:29:09+00:00,2024-05-20
2023-10-18,MS,68.30611419677734,34732300.0,Yahoo Finance,2026-09-21T08:29:09+00:00,2024-05-20
2023-10-19,MS,66.5181884765625,17486100.0,Yahoo Finance,2026-09-21T08:29:09+00:00,2024-05-20
2023-10-20,MS,66.70975494384766,11270600.0,Yahoo Finance,2026-09-21T08:29:09+00:00,2024-05-20
2023-10-23,MS,65.40530395507812,12847100.0,Yahoo Finance,2026-09-21T08:29:09+00:00,2024-05-20
2023-10-24,MS,65.27758026123047,9265500.0,Yahoo Finance,2026-09-21T08:29:09+00:00,2024-05-20
2023-10-25,MS,65.13163757324219,8461700.0,Yahoo Finance,2026-09-21T08:29:09+00:00,2024-05-20
2023-10-26,MS,65.74281311035156,10903200.0,Yahoo Finance,2026-09-21T08:29:09+00:00,2024-05-20
2023-10-27,MS,64.21942901611328,11099100.0,Yahoo Finance,2026-09-21T08:29:09+00:00,2024-05-20
2023-10-30,MS,65.17972564697266,9769600.0,Yahoo Finance,2026-09-21T08:29:09+00:00,2024-05-20
2023-10-31,MS,65.39209747314453,8949000.0,Yahoo Finance,2026-09-21T08:29:09+00:00,2024-05-20
2023-11-01,MS,65.51213073730469,9429000.0,Yahoo Finance,2026-09-21T08:29:09+00:00,2024-05-20
2023-11-02,MS,67.82975006103516,11638000.0,Yahoo Finance,2026-09-21T08:29:09+00:00,2024-05-20
2023-11-03,MS,70.41515350341797,14951100.0,Yahoo Finance,2026-09-21T08:29:09+00:00,2024-05-20
2023-11-06,MS,70.10121154785156,8140300.0,Yahoo Finance,2026-09-21T08:29:09+00:00,2024-05-20
2023-11-07,MS,69.72264099121094,7657700.0,Yahoo Finance,2026-09-21T08:29:09+00:00,2024-05-20
2023-11-08,MS,70.14736938476562,8075200.0,Yahoo Finance,2026-09-21T08:29:09+00:00,2024-05-20
2023-11-09,MS,68.50379943847656,9497200.0,Yahoo Finance,2026-09-21T08:29:09+00:00,2024-05-20
2023-11-10,MS,69.5564193725586,8924000.0,Yahoo Finance,2026-09-21T08:29:09+00:00,2024-05-20
2023-11-13,MS,69.28865814208984,4868400.0,Yahoo Finance,2026-09-21T08:29:09+00:00,2024-05-20
2023-11-14,MS,72.30802154541016,12287700.0,Yahoo Finance,2026-09-21T08:29:09+00:00,2024-05-20
2023-11-15,MS,73.57303619384766,9841600.0,Yahoo Finance,2026-09-21T08:29:09+00:00,2024-05-20
2023-11-16,MS,73.5545654296875,6757600.0,Yahoo Finance,2026-09-21T08:29:09+00:00,2024-05-20
2023-11-17,MS,74.12702941894531,6080700.0,Yahoo Finance,2026-09-21T08:29:09+00:00,2024-05-20
2023-11-20,MS,73.59148406982422,7644600.0,Yahoo Finance,2026-09-21T08:29:09+00:00,2024-05-20
2023-11-21,MS,72.45575714111328,7394800.0,Yahoo Finance,2026-09-21T08:29:09+00:00,2024-05-20
2023-11-22,MS,72.47422790527344,4265400.0,Yahoo Finance,2026-09-21T08:29:09+00:00,2024-05-20
2023-11-24,MS,72.6219711303711,2398000.0,Yahoo Finance,2026-09-21T08:29:09+00:00,2024-05-20
2023-11-27,MS,71.9756088256836,5237800.0,Yahoo Finance,2026-09-21T08:29:09+00:00,2024-05-20
2023-11-28,MS,70.98761749267578,9197900.0,Yahoo Finance,2026-09-21T08:29:09+00:00,2024-05-20
2023-11-29,MS,72.52963256835938,7420700.0,Yahoo Finance,2026-09-21T08:29:09+00:00,2024-05-20
2023-11-30,MS,73.25907135009766,8480500.0,Yahoo Finance,2026-09-21T08:29:09+00:00,2024-05-20
2023-12-01,MS,74.69027709960938,9617100.0,Yahoo Finance,2026-09-21T08:29:09+00:00,2024-05-20
2023-12-04,MS,74.98575592041016,6713800.0,Yahoo Finance,2026-09-21T08:29:09+00:00,2024-05-20
2023-12-05,MS,74.02546691894531,6103200.0,Yahoo Finance,2026-09-21T08:29:09+00:00,2024-05-20
2023-12-06,MS,73.32373809814453,7321800.0,Yahoo Finance,2026-09-21T08:29:09+00:00,2024-05-20
2023-12-07,MS,74.1916732788086,5430400.0,Yahoo Finance,2026-09-21T08:29:09+00:00,2024-05-20
2023-12-08,MS,75.9737548828125,10343400.0,Yahoo Finance,2026-09-21T08:29:09+00:00,2024-05-20
2023-12-11,MS,76.47235870361328,6378100.0,Yahoo Finance,2026-09-21T08:29:09+00:00,2024-05-20
2023-12-12,MS,77.19258117675781,7395300.0,Yahoo Finance,2026-09-21T08:29:09+00:00,2024-05-20
2023-12-13,MS,79.06698608398438,10144600.0,Yahoo Finance,2026-09-21T08:29:09+00:00,2024-05-20
2023-12-14,MS,84.0623550415039,19849500.0,Yahoo Finance,2026-09-21T08:29:09+00:00,2024-05-20
2023-12-15,MS,84.56095886230469,16905700.0,Yahoo Finance,2026-09-21T08:29:09+00:00,2024-05-20
2023-12-18,MS,83.80382537841797,9145500.0,Yahoo Finance,2026-09-21T08:29:09+00:00,2024-05-20
2023-12-19,MS,84.87489318847656,8114900.0,Yahoo Finance,2026-09-21T08:29:09+00:00,2024-05-20
2023-12-20,MS,84.1546859741211,10467000.0,Yahoo Finance,2026-09-21T08:29:09+00:00,2024-05-20
2023-12-21,MS,85.53048706054688,7748000.0,Yahoo Finance,2026-09-21T08:29:09+00:00,2024-05-20
2023-12-22,MS,85.32736206054688,5800800.0,Yahoo Finance,2026-09-21T08:29:09+00:00,2024-05-20
2023-12-26,MS,85.72438049316406,2726200.0,Yahoo Finance,2026-09-21T08:29:09+00:00,2024-05-20
2023-12-27,MS,86.48153686523438,4073200.0,Yahoo Finance,2026-09-21T08:29:09+00:00,2024-05-20
2023-12-28,MS,86.46308135986328,4089500.0,Yahoo Finance,2026-09-21T08:29:09+00:00,2024-05-20
2023-12-29,MS,86.10298919677734,4772100.0,Yahoo Finance,2026-09-21T08:29:09+00:00,2024-05-20
2024-01-02,MS,86.7031478881836,6132200.0,Yahoo Finance,2026-09-21T08:29:09+00:00,2024-05-20
2024-01-03,MS,84.86567687988281,7487900.0,Yahoo Finance,2026-09-21T08:29:09+00:00,2024-05-20
2024-01-04,MS,85.0872802734375,8735600.0,Yahoo Finance,2026-09-21T08:29:09+00:00,2024-05-20
2024-01-05,MS,86.09375762939453,6027800.0,Yahoo Finance,2026-09-21T08:29:09+00:00,2024-05-20
2024-01-08,MS,86.3430404663086,6738400.0,Yahoo Finance,2026-09-21T08:29:09+00:00,2024-05-20
2024-01-09,MS,85.0041732788086,7594100.0,Yahoo Finance,2026-09-21T08:29:09+00:00,2024-05-20
2024-01-10,MS,84.46862030029297,6929200.0,Yahoo Finance,2026-09-21T08:29:09+00:00,2024-05-20
2024-01-11,MS,83.57299041748047,9400700.0,Yahoo Finance,2026-09-21T08:29:09+00:00,2024-05-20
2024-01-12,MS,82.82504272460938,8303100.0,Yahoo Finance,2026-09-21T08:29:09+00:00,2024-05-20
2024-01-16,MS,79.38094329833984,20369000.0,Yahoo Finance,2026-09-21T08:29:09+00:00,2024-05-20
2024-01-17,MS,77.94049835205078,17198500.0,Yahoo Finance,2026-09-21T08:29:09+00:00,2024-05-20
2024-01-18,MS,77.46958923339844,15016400.0,Yahoo Finance,2026-09-21T08:29:09+00:00,2024-05-20
2024-01-19,MS,78.79920959472656,14787400.0,Yahoo Finance,2026-09-21T08:29:09+00:00,2024-05-20
2024-01-22,MS,79.15933990478516,11626500.0,Yahoo Finance,2026-09-21T08:29:09+00:00,2024-05-20
2024-01-23,MS,80.0919189453125,8555700.0,Yahoo Finance,2026-09-21T08:29:09+00:00,2024-05-20
2024-01-24,MS,80.85831451416016,12480900.0,Yahoo Finance,2026-09-21T08:29:09+00:00,2024-05-20
2024-01-25,MS,81.27381134033203,8792400.0,Yahoo Finance,2026-09-21T08:29:09+00:00,2024-05-20
2024-01-26,MS,81.00605773925781,6384400.0,Yahoo Finance,2026-09-21T08:29:09+00:00,2024-05-20
2024-01-29,MS,80.90447998046875,7440300.0,Yahoo Finance,2026-09-21T08:29:09+00:00,2024-05-20
2024-01-30,MS,81.697021484375,6569300.0,Yahoo Finance,2026-09-21T08:29:09+00:00,2024-05-20
2024-01-31,MS,81.34269714355469,8414700.0,Yahoo Finance,2026-09-21T08:29:09+00:00,2024-05-20
2024-02-01,MS,80.95110321044922,8365000.0,Yahoo Finance,2026-09-21T08:29:09+00:00,2024-05-20
2024-02-02,MS,81.37067413330078,7728600.0,Yahoo Finance,2026-09-21T08:29:09+00:00,2024-05-20
2024-02-05,MS,80.08395385742188,7788700.0,Yahoo Finance,2026-09-21T08:29:09+00:00,2024-05-20
2024-02-06,MS,80.2797622680664,7335500.0,Yahoo Finance,2026-09-21T08:29:09+00:00,2024-05-20
2024-02-07,MS,80.1865234375,4952200.0,Yahoo Finance,2026-09-21T08:29:09+00:00,2024-05-20
2024-02-08,MS,79.86019134521484,6218200.0,Yahoo Finance,2026-09-21T08:29:09+00:00,2024-05-20
2024-02-09,MS,80.08395385742188,5664500.0,Yahoo Finance,2026-09-21T08:29:09+00:00,2024-05-20
2024-02-12,MS,80.99771118164062,7888000.0,Yahoo Finance,2026-09-21T08:29:09+00:00,2024-05-20
2024-02-13,MS,78.29374694824219,11339400.0,Yahoo Finance,2026-09-21T08:29:09+00:00,2024-05-20
2024-02-14,MS,78.32171630859375,5973700.0,Yahoo Finance,2026-09-21T08:29:09+00:00,2024-05-20
2024-02-15,MS,79.87882995605469,7993500.0,Yahoo Finance,2026-09-21T08:29:09+00:00,2024-05-20
2024-02-16,MS,80.65272521972656,9673900.0,Yahoo Finance,2026-09-21T08:29:09+00:00,2024-05-20
2024-02-20,MS,79.58045959472656,6626400.0,Yahoo Finance,2026-09-21T08:29:09+00:00,2024-05-20
2024-02-21,MS,79.68302154541016,6444000.0,Yahoo Finance,2026-09-21T08:29:09+00:00,2024-05-20
2024-02-22,MS,80.04666137695312,6782100.0,Yahoo Finance,2026-09-21T08:29:09+00:00,2024-05-20
2024-02-23,MS,80.69934844970703,5810100.0,Yahoo Finance,2026-09-21T08:29:09+00:00,2024-05-20
2024-02-26,MS,79.87882995605469,5608100.0,Yahoo Finance,2026-09-21T08:29:09+00:00,2024-05-20
2024-02-27,MS,79.71100616455078,8066700.0,Yahoo Finance,2026-09-21T08:29:09+00:00,2024-05-20
2024-02-28,MS,80.233154296875,5624100.0,Yahoo Finance,2026-09-21T08:29:09+00:00,2024-05-20
2024-02-29,MS,80.22383117675781,7657100.0,Yahoo Finance,2026-09-21T08:29:09+00:00,2024-05-20
2024-03-01,MS,80.63407897949219,5523700.0,Yahoo Finance,2026-09-21T08:29:09+00:00,2024-05-20
2024-03-04,MS,83.95341491699219,19876000.0,Yahoo Finance,2026-09-21T08:29:09+00:00,2024-05-20
2024-03-05,MS,83.10494232177734,13883600.0,Yahoo Finance,2026-09-21T08:29:09+00:00,2024-05-20
2024-03-06,MS,79.8695068359375,25614600.0,Yahoo Finance,2026-09-21T08:29:09+00:00,2024-05-20
2024-03-07,MS,80.31705474853516,9145700.0,Yahoo Finance,2026-09-21T08:29:09+00:00,2024-05-20
2024-03-08,MS,81.15621948242188,9689300.0,Yahoo Finance,2026-09-21T08:29:09+00:00,2024-05-20
2024-03-11,MS,81.06298828125,4737200.0,Yahoo Finance,2026-09-21T08:29:09+00:00,2024-05-20
2024-03-12,MS,81.1655502319336,5110900.0,Yahoo Finance,2026-09-21T08:29:09+00:00,2024-05-20
2024-03-13,MS,83.31005859375,10345800.0,Yahoo Finance,2026-09-21T08:29:09+00:00,2024-05-20
2024-03-14,MS,83.07695770263672,9235300.0,Yahoo Finance,2026-09-21T08:29:09+00:00,2024-05-20
2024-03-15,MS,82.4056396484375,20363000.0,Yahoo Finance,2026-09-21T08:29:09+00:00,2024-05-20
2024-03-18,MS,82.0140380859375,5960000.0,Yahoo Finance,2026-09-21T08:29:09+00:00,2024-05-20
2024-03-19,MS,82.44293212890625,8546400.0,Yahoo Finance,2026-09-21T08:29:09+00:00,2024-05-20
2024-03-20,MS,85.17488098144531,10811700.0,Yahoo Finance,2026-09-21T08:29:09+00:00,2024-05-20
2024-03-21,MS,87.08629608154297,13659900.0,Yahoo Finance,2026-09-21T08:29:09+00:00,2024-05-20
2024-03-22,MS,85.73432159423828,5909300.0,Yahoo Finance,2026-09-21T08:29:09+00:00,2024-05-20
2024-03-25,MS,84.97906494140625,3670400.0,Yahoo Finance,2026-09-21T08:29:09+00:00,2024-05-20
2024-03-26,MS,85.1095962524414,4211900.0,Yahoo Finance,2026-09-21T08:29:09+00:00,2024-05-20
2024-03-27,MS,87.1795425415039,6394500.0,Yahoo Finance,2026-09-21T08:29:09+00:00,2024-05-20
2024-03-28,MS,87.79490661621094,6707700.0,Yahoo Finance,2026-09-21T08:29:09+00:00,2024-05-20
2024-04-01,MS,87.20748901367188,3416000.0,Yahoo Finance,2026-09-21T08:29:09+00:00,2024-05-20
2024-04-02,MS,86.44293975830078,5245400.0,Yahoo Finance,2026-09-21T08:29:09+00:00,2024-05-20
2024-04-03,MS,86.71331787109375,4821100.0,Yahoo Finance,2026-09-21T08:29:09+00:00,2024-05-20
2024-04-04,MS,86.04199981689453,5466100.0,Yahoo Finance,2026-09-21T08:29:09+00:00,2024-05-20
2024-04-05,MS,86.21916198730469,4654800.0,Yahoo Finance,2026-09-21T08:29:09+00:00,2024-05-20
2024-04-08,MS,86.90913391113281,4601900.0,Yahoo Finance,2026-09-21T08:29:09+00:00,2024-05-20
2024-04-09,MS,87.7203369140625,4951600.0,Yahoo Finance,2026-09-21T08:29:09+00:00,2024-05-20
2024-04-10,MS,85.45459747314453,5994200.0,Yahoo Finance,2026-09-21T08:29:09+00:00,2024-05-20
2024-04-11,MS,80.96974182128906,24631800.0,Yahoo Finance,2026-09-21T08:29:09+00:00,2024-05-20
2024-04-12,MS,80.36368560791016,12789800.0,Yahoo Finance,2026-09-21T08:29:09+00:00,2024-05-20
2024-04-15,MS,81.1095962524414,9553900.0,Yahoo Finance,2026-09-21T08:29:09+00:00,2024-05-20
2024-04-16,MS,83.11427307128906,18291600.0,Yahoo Finance,2026-09-21T08:29:09+00:00,2024-05-20
2024-04-17,MS,83.99073028564453,9544600.0,Yahoo Finance,2026-09-21T08:29:09+00:00,2024-05-20
2024-04-18,MS,84.1585464477539,6752000.0,Yahoo Finance,2026-09-21T08:29:09+00:00,2024-05-20
2024-04-19,MS,84.53152465820312,8143000.0,Yahoo Finance,2026-09-21T08:29:09+00:00,2024-05-20
2024-04-22,MS,85.8648452758789,7294400.0,Yahoo Finance,2026-09-21T08:29:09+00:00,2024-05-20
2024-04-23,MS,87.42195892333984,6393900.0,Yahoo Finance,2026-09-21T08:29:09+00:00,2024-05-20
2024-04-24,MS,87.5058822631836,5100900.0,Yahoo Finance,2026-09-21T08:29:09+00:00,2024-05-20
2024-04-25,MS,86.30307006835938,6770600.0,Yahoo Finance,2026-09-21T08:29:09+00:00,2024-05-20
2024-04-26,MS,86.55482482910156,4606100.0,Yahoo Finance,2026-09-21T08:29:09+00:00,2024-05-20
2024-04-29,MS,86.67715454101562,4416100.0,Yahoo Finance,2026-09-21T08:29:09+00:00,2024-05-20
2024-04-30,MS,85.48207092285156,5860000.0,Yahoo Finance,2026-09-21T08:29:09+00:00,2024-05-20
2024-05-01,MS,86.1407699584961,4713600.0,Yahoo Finance,2026-09-21T08:29:09+00:00,2024-05-20
2024-05-02,MS,87.18531799316406,4449200.0,Yahoo Finance,2026-09-21T08:29:09+00:00,2024-05-20
2024-05-03,MS,88.1169204711914,5043500.0,Yahoo Finance,2026-09-21T08:29:09+00:00,2024-05-20
2024-05-06,MS,89.19908905029297,5105100.0,Yahoo Finance,2026-09-21T08:29:09+00:00,2024-05-20
2024-05-07,MS,90.14009094238281,7418000.0,Yahoo Finance,2026-09-21T08:29:09+00:00,2024-05-20
2024-05-08,MS,89.99895477294922,4662600.0,Yahoo Finance,2026-09-21T08:29:09+00:00,2024-05-20
2024-05-09,MS,92.32325744628906,6766700.0,Yahoo Finance,2026-09-21T08:29:09+00:00,2024-05-20
2024-05-10,MS,92.48324584960938,6118400.0,Yahoo Finance,2026-09-21T08:29:09+00:00,2024-05-20
2024-05-13,MS,92.7467269897461,5379000.0,Yahoo Finance,2026-09-21T08:29:09+00:00,2024-05-20
2024-05-14,MS,93.51835632324219,6216600.0,Yahoo Finance,2026-09-21T08:29:09+00:00,2024-05-20
2024-05-15,MS,94.59111785888672,6938500.0,Yahoo Finance,2026-09-21T08:29:09+00:00,2024-05-20
2024-05-16,MS,93.70655822753906,4339300.0,Yahoo Finance,2026-09-21T08:29:09+00:00,2024-05-20
2024-05-17,MS,94.30882263183594,4690800.0,Yahoo Finance,2026-09-21T08:29:09+00:00,2024-05-20
2024-05-20,MS,94.41232299804688,5690200.0,Yahoo Finance,2026-09-21T08:29:09+00:00,2024-05-20
2023-04-17,MSFT,280.9802551269531,23836200.0,Yahoo Finance,2026-09-21T08:29:09+00:00,2024-05-20
2023-04-18,MSFT,280.56182861328125,20161800.0,Yahoo Finance,2026-09-21T08:29:09+00:00,2024-05-20
2023-04-19,MSFT,280.6397399902344,17150300.0,Yahoo Finance,2026-09-21T08:29:09+00:00,2024-05-20
2023-04-20,MSFT,278.3630065917969,23244400.0,Yahoo Finance,2026-09-21T08:29:09+00:00,2024-05-20
2023-04-21,MSFT,278.0225524902344,21676400.0,Yahoo Finance,2026-09-21T08:29:09+00:00,2024-05-20
2023-04-24,MSFT,274.1405334472656,26611000.0,Yahoo Finance,2026-09-21T08:29:09+00:00,2024-05-20
2023-04-25,MSFT,267.9624938964844,45772200.0,Yahoo Finance,2026-09-21T08:29:09+00:00,2024-05-20
2023-04-26,MSFT,287.372314453125,64599200.0,Yahoo Finance,2026-09-21T08:29:09+00:00,2024-05-20
2023-04-27,MSFT,296.57623291015625,46462600.0,Yahoo Finance,2026-09-21T08:29:09+00:00,2024-05-20
2023-04-28,MSFT,298.94036865234375,36469600.0,Yahoo Finance,2026-09-21T08:29:09+00:00,2024-05-20
2023-05-01,MSFT,297.2864074707031,21294100.0,Yahoo Finance,2026-09-21T08:29:09+00:00,2024-05-20
2023-05-02,MSFT,297.1404113769531,26404400.0,Yahoo Finance,2026-09-21T08:29:09+00:00,2024-05-20
2023-05-03,MSFT,296.1578369140625,22360800.0,Yahoo Finance,2026-09-21T08:29:09+00:00,2024-05-20
2023-05-04,MSFT,297.1404113769531,22519900.0,Yahoo Finance,2026-09-21T08:29:09+00:00,2024-05-20
2023-05-05,MSFT,302.23858642578125,28197100.0,Yahoo Finance,2026-09-21T08:29:09+00:00,2024-05-20
2023-05-08,MSFT,300.292724609375,21318600.0,Yahoo Finance,2026-09-21T08:29:09+00:00,2024-05-20
2023-05-09,MSFT,298.6874084472656,21340800.0,Yahoo Finance,2026-09-21T08:29:09+00:00,2024-05-20
2023-05-10,MSFT,303.8536376953125,30078000.0,Yahoo Finance,2026-09-21T08:29:09+00:00,2024-05-20
2023-05-11,MSFT,301.71319580078125,31680200.0,Yahoo Finance,2026-09-21T08:29:09+00:00,2024-05-20
2023-05-12,MSFT,300.6040344238281,19774700.0,Yahoo Finance,2026-09-21T08:29:09+00:00,2024-05-20
2023-05-15,MSFT,301.0807189941406,16336500.0,Yahoo Finance,2026-09-21T08:29:09+00:00,2024-05-20
2023-05-16,MSFT,303.29901123046875,26730300.0,Yahoo Finance,2026-09-21T08:29:09+00:00,2024-05-20
2023-05-17,MSFT,306.16571044921875,24315000.0,Yahoo Finance,2026-09-21T08:29:09+00:00,2024-05-20
2023-05-18,MSFT,310.572998046875,27276000.0,Yahoo Finance,2026-09-21T08:29:09+00:00,2024-05-20
2023-05-19,MSFT,310.3973693847656,27546700.0,Yahoo Finance,2026-09-21T08:29:09+00:00,2024-05-20
2023-05-22,MSFT,313.1665344238281,24115700.0,Yahoo Finance,2026-09-21T08:29:09+00:00,2024-05-20
2023-05-23,MSFT,307.3942565917969,30797200.0,Yahoo Finance,2026-09-21T08:29:09+00:00,2024-05-20
2023-05-24,MSFT,306.01947021484375,23384900.0,Yahoo Finance,2026-09-21T08:29:09+00:00,2024-05-20
2023-05-25,MSFT,317.788330078125,43301700.0,Yahoo Finance,2026-09-21T08:29:09+00:00,2024-05-20
2023-05-26,MSFT,324.5844421386719,36630600.0,Yahoo Finance,2026-09-21T08:29:09+00:00,2024-05-20
2023-05-30,MSFT,322.9463195800781,29503100.0,Yahoo Finance,2026-09-21T08:29:09+00:00,2024-05-20
2023-05-31,MSFT,320.1966552734375,45950600.0,Yahoo Finance,2026-09-21T08:29:09+00:00,2024-05-20
2023-06-01,MSFT,324.2821350097656,26773900.0,Yahoo Finance,2026-09-21T08:29:09+00:00,2024-05-20
2023-06-02,MSFT,327.0318298339844,25873800.0,Yahoo Finance,2026-09-21T08:29:09+00:00,2024-05-20
2023-06-05,MSFT,327.5582580566406,21307100.0,Yahoo Finance,2026-09-21T08:29:09+00:00,2024-05-20
2023-06-06,MSFT,325.3546447753906,20396200.0,Yahoo Finance,2026-09-21T08:29:09+00:00,2024-05-20
2023-06-07,MSFT,315.31170654296875,40717100.0,Yahoo Finance,2026-09-21T08:29:09+00:00,2024-05-20
2023-06-08,MSFT,317.144775390625,23277700.0,Yahoo Finance,2026-09-21T08:29:09+00:00,2024-05-20
2023-06-09,MSFT,318.63665771484375,22529000.0,Yahoo Finance,2026-09-21T08:29:09+00:00,2024-05-20
2023-06-12,MSFT,323.57037353515625,24260300.0,Yahoo Finance,2026-09-21T08:29:09+00:00,2024-05-20
2023-06-13,MSFT,325.9494323730469,22951300.0,Yahoo Finance,2026-09-21T08:29:09+00:00,2024-05-20
2023-06-14,MSFT,328.92340087890625,26003800.0,Yahoo Finance,2026-09-21T08:29:09+00:00,2024-05-20
2023-06-15,MSFT,339.4148864746094,38899100.0,Yahoo Finance,2026-09-21T08:29:09+00:00,2024-05-20
2023-06-16,MSFT,333.788818359375,46552000.0,Yahoo Finance,2026-09-21T08:29:09+00:00,2024-05-20
2023-06-20,MSFT,329.6156311035156,26375400.0,Yahoo Finance,2026-09-21T08:29:09+00:00,2024-05-20
2023-06-21,MSFT,325.2376403808594,25117800.0,Yahoo Finance,2026-09-21T08:29:09+00:00,2024-05-20
2023-06-22,MSFT,331.23419189453125,23556800.0,Yahoo Finance,2026-09-21T08:29:09+00:00,2024-05-20
2023-06-23,MSFT,326.6612243652344,23146900.0,Yahoo Finance,2026-09-21T08:29:09+00:00,2024-05-20
2023-06-26,MSFT,320.40142822265625,21520600.0,Yahoo Finance,2026-09-21T08:29:09+00:00,2024-05-20
2023-06-27,MSFT,326.2224426269531,24354100.0,Yahoo Finance,2026-09-21T08:29:09+00:00,2024-05-20
2023-06-28,MSFT,327.4705810546875,20259500.0,Yahoo Finance,2026-09-21T08:29:09+00:00,2024-05-20
2023-06-29,MSFT,326.6905212402344,16997000.0,Yahoo Finance,2026-09-21T08:29:09+00:00,2024-05-20
2023-06-30,MSFT,332.0434875488281,26832800.0,Yahoo Finance,2026-09-21T08:29:09+00:00,2024-05-20
2023-07-03,MSFT,329.55718994140625,12508700.0,Yahoo Finance,2026-09-21T08:29:09+00:00,2024-05-20
2023-07-05,MSFT,329.713134765625,18172400.0,Yahoo Finance,2026-09-21T08:29:09+00:00,2024-05-20
2023-07-06,MSFT,332.75531005859375,28161200.0,Yahoo Finance,2026-09-21T08:29:09+00:00,2024-05-20
2023-07-07,MSFT,328.80633544921875,21214800.0,Yahoo Finance,2026-09-21T08:29:09+00:00,2024-05-20
2023-07-10,MSFT,323.5508117675781,32791400.0,Yahoo Finance,2026-09-21T08:29:09+00:00,2024-05-20
2023-07-11,MSFT,324.1749267578125,26698200.0,Yahoo Finance,2026-09-21T08:29:09+00:00,2024-05-20
2023-07-12,MSFT,328.786865234375,29995300.0,Yahoo Finance,2026-09-21T08:29:09+00:00,2024-05-20
2023-07-13,MSFT,334.110595703125,20567200.0,Yahoo Finance,2026-09-21T08:29:09+00:00,2024-05-20
2023-07-14,MSFT,336.6262512207031,28352700.0,Yahoo Finance,2026-09-21T08:29:09+00:00,2024-05-20
2023-07-17,MSFT,337.1040954589844,20363900.0,Yahoo Finance,2026-09-21T08:29:09+00:00,2024-05-20
2023-07-18,MSFT,350.520751953125,64738600.0,Yahoo Finance,2026-09-21T08:29:09+00:00,2024-05-20
2023-07-19,MSFT,346.2207336425781,39732900.0,Yahoo Finance,2026-09-21T08:29:09+00:00,2024-05-20
2023-07-20,MSFT,338.2155456542969,33778400.0,Yahoo Finance,2026-09-21T08:29:09+00:00,2024-05-20
2023-07-21,MSFT,335.1929016113281,69405400.0,Yahoo Finance,2026-09-21T08:29:09+00:00,2024-05-20
2023-07-24,MSFT,336.49951171875,26678100.0,Yahoo Finance,2026-09-21T08:29:09+00:00,2024-05-20
2023-07-25,MSFT,342.2231140136719,41637700.0,Yahoo Finance,2026-09-21T08:29:09+00:00,2024-05-20
2023-07-26,MSFT,329.3426208496094,58383700.0,Yahoo Finance,2026-09-21T08:29:09+00:00,2024-05-20
2023-07-27,MSFT,322.4685974121094,39635300.0,Yahoo Finance,2026-09-21T08:29:09+00:00,2024-05-20
2023-07-28,MSFT,329.9277038574219,28484900.0,Yahoo Finance,2026-09-21T08:29:09+00:00,2024-05-20
2023-07-31,MSFT,327.5387878417969,25446000.0,Yahoo Finance,2026-09-21T08:29:09+00:00,2024-05-20
2023-08-01,MSFT,327.9483337402344,18311900.0,Yahoo Finance,2026-09-21T08:29:09+00:00,2024-05-20
2023-08-02,MSFT,319.328857421875,27761300.0,Yahoo Finance,2026-09-21T08:29:09+00:00,2024-05-20
2023-08-03,MSFT,318.5097961425781,18253700.0,Yahoo Finance,2026-09-21T08:29:09+00:00,2024-05-20
2023-08-04,MSFT,319.6018981933594,23741500.0,Yahoo Finance,2026-09-21T08:29:09+00:00,2024-05-20
2023-08-07,MSFT,321.87371826171875,17741500.0,Yahoo Finance,2026-09-21T08:29:09+00:00,2024-05-20
2023-08-08,MSFT,317.9150390625,22327600.0,Yahoo Finance,2026-09-21T08:29:09+00:00,2024-05-20
2023-08-09,MSFT,314.1903991699219,22373300.0,Yahoo Finance,2026-09-21T08:29:09+00:00,2024-05-20
2023-08-10,MSFT,314.8728942871094,20113700.0,Yahoo Finance,2026-09-21T08:29:09+00:00,2024-05-20
2023-08-11,MSFT,313.0008544921875,24355500.0,Yahoo Finance,2026-09-21T08:29:09+00:00,2024-05-20
2023-08-14,MSFT,315.9552307128906,18836100.0,Yahoo Finance,2026-09-21T08:29:09+00:00,2024-05-20
2023-08-15,MSFT,313.8295593261719,16966300.0,Yahoo Finance,2026-09-21T08:29:09+00:00,2024-05-20
2023-08-16,MSFT,313.06744384765625,20698900.0,Yahoo Finance,2026-09-21T08:29:09+00:00,2024-05-20
2023-08-17,MSFT,309.6280212402344,21257200.0,Yahoo Finance,2026-09-21T08:29:09+00:00,2024-05-20
2023-08-18,MSFT,309.2372131347656,24755000.0,Yahoo Finance,2026-09-21T08:29:09+00:00,2024-05-20
2023-08-21,MSFT,314.5135803222656,24040000.0,Yahoo Finance,2026-09-21T08:29:09+00:00,2024-05-20
2023-08-22,MSFT,315.0803527832031,16084600.0,Yahoo Finance,2026-09-21T08:29:09+00:00,2024-05-20
2023-08-23,MSFT,319.51641845703125,21166400.0,Yahoo Finance,2026-09-21T08:29:09+00:00,2024-05-20
2023-08-24,MSFT,312.64727783203125,23281400.0,Yahoo Finance,2026-09-21T08:29:09+00:00,2024-05-20
2023-08-25,MSFT,315.58843994140625,21684100.0,Yahoo Finance,2026-09-21T08:29:09+00:00,2024-05-20
2023-08-28,MSFT,316.2919616699219,14808500.0,Yahoo Finance,2026-09-21T08:29:09+00:00,2024-05-20
2023-08-29,MSFT,320.8941345214844,19284600.0,Yahoo Finance,2026-09-21T08:29:09+00:00,2024-05-20
2023-08-30,MSFT,321.2654724121094,15222100.0,Yahoo Finance,2026-09-21T08:29:09+00:00,2024-05-20
2023-08-31,MSFT,320.259033203125,26411000.0,Yahoo Finance,2026-09-21T08:29:09+00:00,2024-05-20
2023-09-01,MSFT,321.1383972167969,14942000.0,Yahoo Finance,2026-09-21T08:29:09+00:00,2024-05-20
2023-09-05,MSFT,325.91650390625,18553900.0,Yahoo Finance,2026-09-21T08:29:09+00:00,2024-05-20
2023-09-06,MSFT,325.2618408203125,17535800.0,Yahoo Finance,2026-09-21T08:29:09+00:00,2024-05-20
2023-09-07,MSFT,322.3598327636719,18381000.0,Yahoo Finance,2026-09-21T08:29:09+00:00,2024-05-20
2023-09-08,MSFT,326.6200256347656,19530100.0,Yahoo Finance,2026-09-21T08:29:09+00:00,2024-05-20
2023-09-11,MSFT,330.2060241699219,16583300.0,Yahoo Finance,2026-09-21T08:29:09+00:00,2024-05-20
2023-09-12,MSFT,324.17724609375,17565500.0,Yahoo Finance,2026-09-21T08:29:09+00:00,2024-05-20
2023-09-13,MSFT,328.3690490722656,16544400.0,Yahoo Finance,2026-09-21T08:29:09+00:00,2024-05-20
2023-09-14,MSFT,330.9486999511719,20267000.0,Yahoo Finance,2026-09-21T08:29:09+00:00,2024-05-20
2023-09-15,MSFT,322.6627197265625,37679800.0,Yahoo Finance,2026-09-21T08:29:09+00:00,2024-05-20
2023-09-18,MSFT,321.529296875,16834200.0,Yahoo Finance,2026-09-21T08:29:09+00:00,2024-05-20
2023-09-19,MSFT,321.128662109375,16505900.0,Yahoo Finance,2026-09-21T08:29:09+00:00,2024-05-20
2023-09-20,MSFT,313.4289855957031,21436500.0,Yahoo Finance,2026-09-21T08:29:09+00:00,2024-05-20
2023-09-21,MSFT,312.2173767089844,35560400.0,Yahoo Finance,2026-09-21T08:29:09+00:00,2024-05-20
2023-09-22,MSFT,309.7549743652344,21447900.0,Yahoo Finance,2026-09-21T08:29:09+00:00,2024-05-20
2023-09-25,MSFT,310.27294921875,17836000.0,Yahoo Finance,2026-09-21T08:29:09+00:00,2024-05-20
2023-09-26,MSFT,304.9964904785156,26297600.0,Yahoo Finance,2026-09-21T08:29:09+00:00,2024-05-20
2023-09-27,MSFT,305.631591796875,19410100.0,Yahoo Finance,2026-09-21T08:29:09+00:00,2024-05-20
2023-09-28,MSFT,306.462158203125,19683600.0,Yahoo Finance,2026-09-21T08:29:09+00:00,2024-05-20
2023-09-29,MSFT,308.5238342285156,24147300.0,Yahoo Finance,2026-09-21T08:29:09+00:00,2024-05-20
2023-10-02,MSFT,314.43536376953125,20570000.0,Yahoo Finance,2026-09-21T08:29:09+00:00,2024-05-20
2023-10-03,MSFT,306.2179260253906,21033500.0,Yahoo Finance,2026-09-21T08:29:09+00:00,2024-05-20
2023-10-04,MSFT,311.660400390625,20720100.0,Yahoo Finance,2026-09-21T08:29:09+00:00,2024-05-20
2023-10-05,MSFT,312.0512390136719,16965600.0,Yahoo Finance,2026-09-21T08:29:09+00:00,2024-05-20
2023-10-06,MSFT,319.7704772949219,25673600.0,Yahoo Finance,2026-09-21T08:29:09+00:00,2024-05-20
2023-10-09,MSFT,322.2718811035156,19891200.0,Yahoo Finance,2026-09-21T08:29:09+00:00,2024-05-20
2023-10-10,MSFT,320.8746032714844,20557100.0,Yahoo Finance,2026-09-21T08:29:09+00:00,2024-05-20
2023-10-11,MSFT,324.8124084472656,20063200.0,Yahoo Finance,2026-09-21T08:29:09+00:00,2024-05-20
2023-10-12,MSFT,323.58123779296875,19313100.0,Yahoo Finance,2026-09-21T08:29:09+00:00,2024-05-20
2023-10-13,MSFT,320.229736328125,21072400.0,Yahoo Finance,2026-09-21T08:29:09+00:00,2024-05-20
2023-10-16,MSFT,325.02734375,22158000.0,Yahoo Finance,2026-09-21T08:29:09+00:00,2024-05-20
2023-10-17,MSFT,324.4606018066406,18338500.0,Yahoo Finance,2026-09-21T08:29:09+00:00,2024-05-20
2023-10-18,MSFT,322.55523681640625,23153600.0,Yahoo Finance,2026-09-21T08:29:09+00:00,2024-05-20
2023-10-19,MSFT,323.737548828125,25052100.0,Yahoo Finance,2026-09-21T08:29:09+00:00,2024-05-20
2023-10-20,MSFT,319.1940002441406,25027700.0,Yahoo Finance,2026-09-21T08:29:09+00:00,2024-05-20
2023-10-23,MSFT,321.7833251953125,24374700.0,Yahoo Finance,2026-09-21T08:29:09+00:00,2024-05-20
2023-10-24,MSFT,322.965576171875,31153600.0,Yahoo Finance,2026-09-21T08:29:09+00:00,2024-05-20
2023-10-25,MSFT,332.8736267089844,55053800.0,Yahoo Finance,2026-09-21T08:29:09+00:00,2024-05-20
2023-10-26,MSFT,320.38604736328125,37828500.0,Yahoo Finance,2026-09-21T08:29:09+00:00,2024-05-20
2023-10-27,MSFT,322.2620849609375,29856500.0,Yahoo Finance,2026-09-21T08:29:09+00:00,2024-05-20
2023-10-30,MSFT,329.5904541015625,22828100.0,Yahoo Finance,2026-09-21T08:29:09+00:00,2024-05-20
2023-10-31,MSFT,330.37213134765625,20265300.0,Yahoo Finance,2026-09-21T08:29:09+00:00,2024-05-20
2023-11-01,MSFT,338.1500244140625,28158800.0,Yahoo Finance,2026-09-21T08:29:09+00:00,2024-05-20
2023-11-02,MSFT,340.34857177734375,24348100.0,Yahoo Finance,2026-09-21T08:29:09+00:00,2024-05-20
2023-11-03,MSFT,344.72589111328125,23637700.0,Yahoo Finance,2026-09-21T08:29:09+00:00,2024-05-20
2023-11-06,MSFT,348.3705749511719,23828300.0,Yahoo Finance,2026-09-21T08:29:09+00:00,2024-05-20
2023-11-07,MSFT,352.2790222167969,25833900.0,Yahoo Finance,2026-09-21T08:29:09+00:00,2024-05-20
2023-11-08,MSFT,354.8879699707031,26767800.0,Yahoo Finance,2026-09-21T08:29:09+00:00,2024-05-20
2023-11-09,MSFT,352.4354248046875,24847300.0,Yahoo Finance,2026-09-21T08:29:09+00:00,2024-05-20
2023-11-10,MSFT,361.2099304199219,28042100.0,Yahoo Finance,2026-09-21T08:29:09+00:00,2024-05-20
2023-11-13,MSFT,358.288330078125,19986500.0,Yahoo Finance,2026-09-21T08:29:09+00:00,2024-05-20
2023-11-14,MSFT,361.7961120605469,27683900.0,Yahoo Finance,2026-09-21T08:29:09+00:00,2024-05-20
2023-11-15,MSFT,361.9430847167969,26860100.0,Yahoo Finance,2026-09-21T08:29:09+00:00,2024-05-20
2023-11-16,MSFT,368.30712890625,27182300.0,Yahoo Finance,2026-09-21T08:29:09+00:00,2024-05-20
2023-11-17,MSFT,362.1192321777344,40157000.0,Yahoo Finance,2026-09-21T08:29:09+00:00,2024-05-20
2023-11-20,MSFT,369.5506286621094,52465100.0,Yahoo Finance,2026-09-21T08:29:09+00:00,2024-05-20
2023-11-21,MSFT,365.27191162109375,28423100.0,Yahoo Finance,2026-09-21T08:29:09+00:00,2024-05-20
2023-11-22,MSFT,369.9520263671875,23345300.0,Yahoo Finance,2026-09-21T08:29:09+00:00,2024-05-20
2023-11-24,MSFT,369.5408020019531,10176600.0,Yahoo Finance,2026-09-21T08:29:09+00:00,2024-05-20
2023-11-27,MSFT,370.6961364746094,22179200.0,Yahoo Finance,2026-09-21T08:29:09+00:00,2024-05-20
2023-11-28,MSFT,374.7006530761719,20453100.0,Yahoo Finance,2026-09-21T08:29:09+00:00,2024-05-20
2023-11-29,MSFT,370.93115234375,28963400.0,Yahoo Finance,2026-09-21T08:29:09+00:00,2024-05-20
2023-11-30,MSFT,370.9898681640625,30554400.0,Yahoo Finance,2026-09-21T08:29:09+00:00,2024-05-20
2023-12-01,MSFT,366.68182373046875,33040500.0,Yahoo Finance,2026-09-21T08:29:09+00:00,2024-05-20
2023-12-04,MSFT,361.4241027832031,32063300.0,Yahoo Finance,2026-09-21T08:29:09+00:00,2024-05-20
2023-12-05,MSFT,364.7333984375,23065000.0,Yahoo Finance,2026-09-21T08:29:09+00:00,2024-05-20
2023-12-06,MSFT,361.0911865234375,21182100.0,Yahoo Finance,2026-09-21T08:29:09+00:00,2024-05-20
2023-12-07,MSFT,363.1962585449219,23118900.0,Yahoo Finance,2026-09-21T08:29:09+00:00,2024-05-20
2023-12-08,MSFT,366.4077453613281,20154400.0,Yahoo Finance,2026-09-21T08:29:09+00:00,2024-05-20
2023-12-11,MSFT,363.5389404296875,27708800.0,Yahoo Finance,2026-09-21T08:29:09+00:00,2024-05-20
2023-12-12,MSFT,366.5545959472656,24838300.0,Yahoo Finance,2026-09-21T08:29:09+00:00,2024-05-20
2023-12-13,MSFT,366.5447692871094,30955500.0,Yahoo Finance,2026-09-21T08:29:09+00:00,2024-05-20
2023-12-14,MSFT,358.28118896484375,43277500.0,Yahoo Finance,2026-09-21T08:29:09+00:00,2024-05-20
2023-12-15,MSFT,362.9808654785156,78502300.0,Yahoo Finance,2026-09-21T08:29:09+00:00,2024-05-20
2023-12-18,MSFT,364.8607177734375,21802900.0,Yahoo Finance,2026-09-21T08:29:09+00:00,2024-05-20
2023-12-19,MSFT,365.4579772949219,20603700.0,Yahoo Finance,2026-09-21T08:29:09+00:00,2024-05-20
2023-12-20,MSFT,362.8731994628906,26316700.0,Yahoo Finance,2026-09-21T08:29:09+00:00,2024-05-20
2023-12-21,MSFT,365.7321472167969,17708000.0,Yahoo Finance,2026-09-21T08:29:09+00:00,2024-05-20
2023-12-22,MSFT,366.7503967285156,17107500.0,Yahoo Finance,2026-09-21T08:29:09+00:00,2024-05-20
2023-12-26,MSFT,366.8287353515625,12673100.0,Yahoo Finance,2026-09-21T08:29:09+00:00,2024-05-20
2023-12-27,MSFT,366.25103759765625,14905400.0,Yahoo Finance,2026-09-21T08:29:09+00:00,2024-05-20
2023-12-28,MSFT,367.4357604980469,14327000.0,Yahoo Finance,2026-09-21T08:29:09+00:00,2024-05-20
2023-12-29,MSFT,368.1799011230469,18730800.0,Yahoo Finance,2026-09-21T08:29:09+00:00,2024-05-20
2024-01-02,MSFT,363.117919921875,25258600.0,Yahoo Finance,2026-09-21T08:29:09+00:00,2024-05-20
2024-01-03,MSFT,362.8536071777344,23083500.0,Yahoo Finance,2026-09-21T08:29:09+00:00,2024-05-20
2024-01-04,MSFT,360.2492370605469,20901500.0,Yahoo Finance,2026-09-21T08:29:09+00:00,2024-05-20
2024-01-05,MSFT,360.0631408691406,21004600.0,Yahoo Finance,2026-09-21T08:29:09+00:00,2024-05-20
2024-01-08,MSFT,366.8580627441406,23134000.0,Yahoo Finance,2026-09-21T08:29:09+00:00,2024-05-20
2024-01-09,MSFT,367.93511962890625,20830000.0,Yahoo Finance,2026-09-21T08:29:09+00:00,2024-05-20
2024-01-10,MSFT,374.7691955566406,25514200.0,Yahoo Finance,2026-09-21T08:29:09+00:00,2024-05-20
2024-01-11,MSFT,376.5903015136719,27850800.0,Yahoo Finance,2026-09-21T08:29:09+00:00,2024-05-20
2024-01-12,MSFT,380.35003662109375,21661200.0,Yahoo Finance,2026-09-21T08:29:09+00:00,2024-05-20
2024-01-16,MSFT,382.1124267578125,27202300.0,Yahoo Finance,2026-09-21T08:29:09+00:00,2024-05-20
2024-01-17,MSFT,381.3291015625,22234100.0,Yahoo Finance,2026-09-21T08:29:09+00:00,2024-05-20
2024-01-18,MSFT,385.6371765136719,23392100.0,Yahoo Finance,2026-09-21T08:29:09+00:00,2024-05-20
2024-01-19,MSFT,390.3367919921875,29331100.0,Yahoo Finance,2026-09-21T08:29:09+00:00,2024-05-20
2024-01-22,MSFT,388.2220458984375,27016900.0,Yahoo Finance,2026-09-21T08:29:09+00:00,2024-05-20
2024-01-23,MSFT,390.56201171875,20525900.0,Yahoo Finance,2026-09-21T08:29:09+00:00,2024-05-20
2024-01-24,MSFT,394.1455078125,24867000.0,Yahoo Finance,2026-09-21T08:29:09+00:00,2024-05-20
2024-01-25,MSFT,396.4072265625,21021200.0,Yahoo Finance,2026-09-21T08:29:09+00:00,2024-05-20
2024-01-26,MSFT,395.48687744140625,17803300.0,Yahoo Finance,2026-09-21T08:29:09+00:00,2024-05-20
2024-01-29,MSFT,401.1559143066406,24510200.0,Yahoo Finance,2026-09-21T08:29:09+00:00,2024-05-20
2024-01-30,MSFT,400.0494689941406,33477600.0,Yahoo Finance,2026-09-21T08:29:09+00:00,2024-05-20
2024-01-31,MSFT,389.2696228027344,47871100.0,Yahoo Finance,2026-09-21T08:29:09+00:00,2024-05-20
2024-02-01,MSFT,395.34002685546875,30657700.0,Yahoo Finance,2026-09-21T08:29:09+00:00,2024-05-20
2024-02-02,MSFT,402.62451171875,28256700.0,Yahoo Finance,2026-09-21T08:29:09+00:00,2024-05-20
2024-02-05,MSFT,397.1708984375,25352300.0,Yahoo Finance,2026-09-21T08:29:09+00:00,2024-05-20
2024-02-06,MSFT,397.01434326171875,18382600.0,Yahoo Finance,2026-09-21T08:29:09+00:00,2024-05-20
2024-02-07,MSFT,405.3953857421875,22340500.0,Yahoo Finance,2026-09-21T08:29:09+00:00,2024-05-20
2024-02-08,MSFT,405.4541015625,21225300.0,Yahoo Finance,2026-09-21T08:29:09+00:00,2024-05-20
2024-02-09,MSFT,411.7594909667969,22032800.0,Yahoo Finance,2026-09-21T08:29:09+00:00,2024-05-20
2024-02-12,MSFT,406.580078125,21202900.0,Yahoo Finance,2026-09-21T08:29:09+00:00,2024-05-20
2024-02-13,MSFT,397.82696533203125,27824900.0,Yahoo Finance,2026-09-21T08:29:09+00:00,2024-05-20
2024-02-14,MSFT,401.672119140625,20401200.0,Yahoo Finance,2026-09-21T08:29:09+00:00,2024-05-20
2024-02-15,MSFT,398.79803466796875,21825500.0,Yahoo Finance,2026-09-21T08:29:09+00:00,2024-05-20
2024-02-16,MSFT,396.3457946777344,22296500.0,Yahoo Finance,2026-09-21T08:29:09+00:00,2024-05-20
2024-02-20,MSFT,395.10003662109375,24307900.0,Yahoo Finance,2026-09-21T08:29:09+00:00,2024-05-20
2024-02-21,MSFT,394.5016784667969,18518900.0,Yahoo Finance,2026-09-21T08:29:09+00:00,2024-05-20
2024-02-22,MSFT,403.7908630371094,27009900.0,Yahoo Finance,2026-09-21T08:29:09+00:00,2024-05-20
2024-02-23,MSFT,402.505859375,16295900.0,Yahoo Finance,2026-09-21T08:29:09+00:00,2024-05-20
2024-02-26,MSFT,399.75933837890625,16193500.0,Yahoo Finance,2026-09-21T08:29:09+00:00,2024-05-20
2024-02-27,MSFT,399.70050048828125,14835800.0,Yahoo Finance,2026-09-21T08:29:09+00:00,2024-05-20
2024-02-28,MSFT,399.93585205078125,13183100.0,Yahoo Finance,2026-09-21T08:29:09+00:00,2024-05-20
2024-02-29,MSFT,405.742919921875,31947300.0,Yahoo Finance,2026-09-21T08:29:09+00:00,2024-05-20
2024-03-01,MSFT,407.5673828125,17823400.0,Yahoo Finance,2026-09-21T08:29:09+00:00,2024-05-20
2024-03-04,MSFT,406.99847412109375,17596000.0,Yahoo Finance,2026-09-21T08:29:09+00:00,2024-05-20
2024-03-05,MSFT,394.96270751953125,26919200.0,Yahoo Finance,2026-09-21T08:29:09+00:00,2024-05-20
2024-03-06,MSFT,394.4133605957031,22344100.0,Yahoo Finance,2026-09-21T08:29:09+00:00,2024-05-20
2024-03-07,MSFT,401.3288269042969,18718500.0,Yahoo Finance,2026-09-21T08:29:09+00:00,2024-05-20
2024-03-08,MSFT,398.4645690917969,18002200.0,Yahoo Finance,2026-09-21T08:29:09+00:00,2024-05-20
2024-03-11,MSFT,396.7969665527344,16120800.0,Yahoo Finance,2026-09-21T08:29:09+00:00,2024-05-20
2024-03-12,MSFT,407.3515625,22457000.0,Yahoo Finance,2026-09-21T08:29:09+00:00,2024-05-20
2024-03-13,MSFT,407.175048828125,17115900.0,Yahoo Finance,2026-09-21T08:29:09+00:00,2024-05-20
2024-03-14,MSFT,417.1017761230469,34157300.0,Yahoo Finance,2026-09-21T08:29:09+00:00,2024-05-20
2024-03-15,MSFT,408.4698181152344,45079900.0,Yahoo Finance,2026-09-21T08:29:09+00:00,2024-05-20
2024-03-18,MSFT,409.3526306152344,20106000.0,Yahoo Finance,2026-09-21T08:29:09+00:00,2024-05-20
2024-03-19,MSFT,413.3644714355469,19837900.0,Yahoo Finance,2026-09-21T08:29:09+00:00,2024-05-20
2024-03-20,MSFT,417.11163330078125,17860100.0,Yahoo Finance,2026-09-21T08:29:09+00:00,2024-05-20
2024-03-21,MSFT,421.1724853515625,21296200.0,Yahoo Finance,2026-09-21T08:29:09+00:00,2024-05-20
2024-03-22,MSFT,420.5545959472656,17648500.0,Yahoo Finance,2026-09-21T08:29:09+00:00,2024-05-20
2024-03-25,MSFT,414.786865234375,18060500.0,Yahoo Finance,2026-09-21T08:29:09+00:00,2024-05-20
2024-03-26,MSFT,413.5999450683594,16725600.0,Yahoo Finance,2026-09-21T08:29:09+00:00,2024-05-20
2024-03-27,MSFT,413.3841247558594,16705000.0,Yahoo Finance,2026-09-21T08:29:09+00:00,2024-05-20
2024-03-28,MSFT,412.687744140625,21871200.0,Yahoo Finance,2026-09-21T08:29:09+00:00,2024-05-20
2024-04-01,MSFT,416.4642333984375,16316000.0,Yahoo Finance,2026-09-21T08:29:09+00:00,2024-05-20
2024-04-02,MSFT,413.3939514160156,17912000.0,Yahoo Finance,2026-09-21T08:29:09+00:00,2024-05-20
2024-04-03,MSFT,412.42291259765625,16502300.0,Yahoo Finance,2026-09-21T08:29:09+00:00,2024-05-20
2024-04-04,MSFT,409.9019470214844,19370900.0,Yahoo Finance,2026-09-21T08:29:09+00:00,2024-05-20
2024-04-05,MSFT,417.39605712890625,16554800.0,Yahoo Finance,2026-09-21T08:29:09+00:00,2024-05-20
2024-04-08,MSFT,416.4838562011719,14272400.0,Yahoo Finance,2026-09-21T08:29:09+00:00,2024-05-20
2024-04-09,MSFT,418.1415100097656,12496900.0,Yahoo Finance,2026-09-21T08:29:09+00:00,2024-05-20
2024-04-10,MSFT,415.17919921875,16216600.0,Yahoo Finance,2026-09-21T08:29:09+00:00,2024-05-20
2024-04-11,MSFT,419.7600402832031,17966400.0,Yahoo Finance,2026-09-21T08:29:09+00:00,2024-05-20
2024-04-12,MSFT,413.84515380859375,19253800.0,Yahoo Finance,2026-09-21T08:29:09+00:00,2024-05-20
2024-04-15,MSFT,405.742919921875,20273500.0,Yahoo Finance,2026-09-21T08:29:09+00:00,2024-05-20
2024-04-16,MSFT,406.6648864746094,16765600.0,Yahoo Finance,2026-09-21T08:29:09+00:00,2024-05-20
2024-04-17,MSFT,403.9772644042969,15855500.0,Yahoo Finance,2026-09-21T08:29:09+00:00,2024-05-20
2024-04-18,MSFT,396.5517272949219,21029900.0,Yahoo Finance,2026-09-21T08:29:09+00:00,2024-05-20
2024-04-19,MSFT,391.5000915527344,30565800.0,Yahoo Finance,2026-09-21T08:29:09+00:00,2024-05-20
2024-04-22,MSFT,393.304931640625,20286900.0,Yahoo Finance,2026-09-21T08:29:09+00:00,2024-05-20
2024-04-23,MSFT,399.78875732421875,15734500.0,Yahoo Finance,2026-09-21T08:29:09+00:00,2024-05-20
2024-04-24,MSFT,401.2502746582031,15065300.0,Yahoo Finance,2026-09-21T08:29:09+00:00,2024-05-20
2024-04-25,MSFT,391.4216003417969,40586500.0,Yahoo Finance,2026-09-21T08:29:09+00:00,2024-05-20
2024-04-26,MSFT,398.56268310546875,29694700.0,Yahoo Finance,2026-09-21T08:29:09+00:00,2024-05-20
2024-04-29,MSFT,394.5703125,19582100.0,Yahoo Finance,2026-09-21T08:29:09+00:00,2024-05-20
2024-04-30,MSFT,381.89697265625,28781400.0,Yahoo Finance,2026-09-21T08:29:09+00:00,2024-05-20
2024-05-01,MSFT,387.39990234375,23562500.0,Yahoo Finance,2026-09-21T08:29:09+00:00,2024-05-20
2024-05-02,MSFT,390.2445373535156,17709400.0,Yahoo Finance,2026-09-21T08:29:09+00:00,2024-05-20
2024-05-03,MSFT,398.89617919921875,17446700.0,Yahoo Finance,2026-09-21T08:29:09+00:00,2024-05-20
2024-05-06,MSFT,405.6448059082031,16996600.0,Yahoo Finance,2026-09-21T08:29:09+00:00,2024-05-20
2024-05-07,MSFT,401.5249328613281,20018200.0,Yahoo Finance,2026-09-21T08:29:09+00:00,2024-05-20
2024-05-08,MSFT,402.70208740234375,11792300.0,Yahoo Finance,2026-09-21T08:29:09+00:00,2024-05-20
2024-05-09,MSFT,404.4480895996094,14689700.0,Yahoo Finance,2026-09-21T08:29:09+00:00,2024-05-20
2024-05-10,MSFT,406.8218688964844,13402300.0,Yahoo Finance,2026-09-21T08:29:09+00:00,2024-05-20
2024-05-13,MSFT,405.8212890625,15440200.0,Yahoo Finance,2026-09-21T08:29:09+00:00,2024-05-20
2024-05-14,MSFT,408.6070861816406,15109300.0,Yahoo Finance,2026-09-21T08:29:09+00:00,2024-05-20
2024-05-15,MSFT,415.75115966796875,22239500.0,Yahoo Finance,2026-09-21T08:29:09+00:00,2024-05-20
2024-05-16,MSFT,413.6974182128906,17530100.0,Yahoo Finance,2026-09-21T08:29:09+00:00,2024-05-20
2024-05-17,MSFT,412.930908203125,15352200.0,Yahoo Finance,2026-09-21T08:29:09+00:00,2024-05-20
2024-05-20,MSFT,417.9720764160156,16272100.0,Yahoo Finance,2026-09-21T08:29:09+00:00,2024-05-20
2023-04-17,NVDA,26.916593551635742,321471000.0,Yahoo Finance,2026-09-21T08:29:09+00:00,2024-05-20
2023-04-18,NVDA,27.57948875427246,604812000.0,Yahoo Finance,2026-09-21T08:29:09+00:00,2024-05-20
2023-04-19,NVDA,27.8426513671875,358660000.0,Yahoo Finance,2026-09-21T08:29:09+00:00,2024-05-20
2023-04-20,NVDA,27.018268585205078,427713000.0,Yahoo Finance,2026-09-21T08:29:09+00:00,2024-05-20
2023-04-21,NVDA,27.033220291137695,345103000.0,Yahoo Finance,2026-09-21T08:29:09+00:00,2024-05-20
2023-04-24,NVDA,26.956466674804688,339282000.0,Yahoo Finance,2026-09-21T08:29:09+00:00,2024-05-20
2023-04-25,NVDA,26.15799903869629,378527000.0,Yahoo Finance,2026-09-21T08:29:09+00:00,2024-05-20
2023-04-26,NVDA,26.87073516845703,406337000.0,Yahoo Finance,2026-09-21T08:29:09+00:00,2024-05-20
2023-04-27,NVDA,27.139883041381836,377161000.0,Yahoo Finance,2026-09-21T08:29:09+00:00,2024-05-20
2023-04-28,NVDA,27.661230087280273,292216000.0,Yahoo Finance,2026-09-21T08:29:09+00:00,2024-05-20
2023-05-01,NVDA,28.81855583190918,570329000.0,Yahoo Finance,2026-09-21T08:29:09+00:00,2024-05-20
2023-05-02,NVDA,28.120771408081055,402730000.0,Yahoo Finance,2026-09-21T08:29:09+00:00,2024-05-20
2023-05-03,NVDA,27.714061737060547,383387000.0,Yahoo Finance,2026-09-21T08:29:09+00:00,2024-05-20
2023-05-04,NVDA,27.474821090698242,321850000.0,Yahoo Finance,2026-09-21T08:29:09+00:00,2024-05-20
2023-05-05,NVDA,28.58928680419922,361494000.0,Yahoo Finance,2026-09-21T08:29:09+00:00,2024-05-20
2023-05-08,NVDA,29.058794021606445,344979000.0,Yahoo Finance,2026-09-21T08:29:09+00:00,2024-05-20
2023-05-09,NVDA,28.48063087463379,314869000.0,Yahoo Finance,2026-09-21T08:29:09+00:00,2024-05-20
2023-05-10,NVDA,28.793638229370117,369350000.0,Yahoo Finance,2026-09-21T08:29:09+00:00,2024-05-20
2023-05-11,NVDA,28.48760223388672,322149000.0,Yahoo Finance,2026-09-21T08:29:09+00:00,2024-05-20
2023-05-12,NVDA,28.250362396240234,274222000.0,Yahoo Finance,2026-09-21T08:29:09+00:00,2024-05-20
2023-05-15,NVDA,28.861421585083008,293926000.0,Yahoo Finance,2026-09-21T08:29:09+00:00,2024-05-20
2023-05-16,NVDA,29.1205997467041,449405000.0,Yahoo Finance,2026-09-21T08:29:09+00:00,2024-05-20
2023-05-17,NVDA,30.08254623413086,432535000.0,Yahoo Finance,2026-09-21T08:29:09+00:00,2024-05-20
2023-05-18,NVDA,31.577804565429688,748725000.0,Yahoo Finance,2026-09-21T08:29:09+00:00,2024-05-20
2023-05-19,NVDA,31.165109634399414,473908000.0,Yahoo Finance,2026-09-21T08:29:09+00:00,2024-05-20
2023-05-22,NVDA,31.077390670776367,372000000.0,Yahoo Finance,2026-09-21T08:29:09+00:00,2024-05-20
2023-05-23,NVDA,30.59093475341797,356253000.0,Yahoo Finance,2026-09-21T08:29:09+00:00,2024-05-20
2023-05-24,NVDA,30.441408157348633,721419000.0,Yahoo Finance,2026-09-21T08:29:09+00:00,2024-05-20
2023-05-25,NVDA,37.859867095947266,1543911000.0,Yahoo Finance,2026-09-21T08:29:09+00:00,2024-05-20
2023-05-26,NVDA,38.822811126708984,714397000.0,Yahoo Finance,2026-09-21T08:29:09+00:00,2024-05-20
2023-05-30,NVDA,39.98412322998047,923401000.0,Yahoo Finance,2026-09-21T08:29:09+00:00,2024-05-20
2023-05-31,NVDA,37.71434020996094,1002580000.0,Yahoo Finance,2026-09-21T08:29:09+00:00,2024-05-20
2023-06-01,NVDA,39.64421081542969,635873000.0,Yahoo Finance,2026-09-21T08:29:09+00:00,2024-05-20
2023-06-02,NVDA,39.202606201171875,482731000.0,Yahoo Finance,2026-09-21T08:29:09+00:00,2024-05-20
2023-06-05,NVDA,39.04710388183594,396094000.0,Yahoo Finance,2026-09-21T08:29:09+00:00,2024-05-20
2023-06-06,NVDA,38.53174591064453,388729000.0,Yahoo Finance,2026-09-21T08:29:09+00:00,2024-05-20
2023-06-07,NVDA,37.360328674316406,511998000.0,Yahoo Finance,2026-09-21T08:29:09+00:00,2024-05-20
2023-06-08,NVDA,38.39216613769531,417772000.0,Yahoo Finance,2026-09-21T08:29:09+00:00,2024-05-20
2023-06-09,NVDA,38.65137481689453,427717000.0,Yahoo Finance,2026-09-21T08:29:09+00:00,2024-05-20
2023-06-12,NVDA,39.3611946105957,388701000.0,Yahoo Finance,2026-09-21T08:29:09+00:00,2024-05-20
2023-06-13,NVDA,40.896488189697266,613208000.0,Yahoo Finance,2026-09-21T08:29:09+00:00,2024-05-20
2023-06-14,NVDA,42.86542892456055,740465000.0,Yahoo Finance,2026-09-21T08:29:09+00:00,2024-05-20
2023-06-15,NVDA,42.522491455078125,568622000.0,Yahoo Finance,2026-09-21T08:29:09+00:00,2024-05-20
2023-06-16,NVDA,42.561370849609375,655709000.0,Yahoo Finance,2026-09-21T08:29:09+00:00,2024-05-20
2023-06-20,NVDA,43.6739501953125,451153000.0,Yahoo Finance,2026-09-21T08:29:09+00:00,2024-05-20
2023-06-21,NVDA,42.91328811645508,551603000.0,Yahoo Finance,2026-09-21T08:29:09+00:00,2024-05-20
2023-06-22,NVDA,42.89335632324219,417737000.0,Yahoo Finance,2026-09-21T08:29:09+00:00,2024-05-20
2023-06-23,NVDA,42.07984924316406,358140000.0,Yahoo Finance,2026-09-21T08:29:09+00:00,2024-05-20
2023-06-26,NVDA,40.507667541503906,594322000.0,Yahoo Finance,2026-09-21T08:29:09+00:00,2024-05-20
2023-06-27,NVDA,41.74786376953125,462175000.0,Yahoo Finance,2026-09-21T08:29:09+00:00,2024-05-20
2023-06-28,NVDA,40.991188049316406,582639000.0,Yahoo Finance,2026-09-21T08:29:09+00:00,2024-05-20
2023-06-29,NVDA,40.697086334228516,380514000.0,Yahoo Finance,2026-09-21T08:29:09+00:00,2024-05-20
2023-06-30,NVDA,42.17256164550781,501148000.0,Yahoo Finance,2026-09-21T08:29:09+00:00,2024-05-20
2023-07-03,NVDA,42.2832145690918,198209000.0,Yahoo Finance,2026-09-21T08:29:09+00:00,2024-05-20
2023-07-05,NVDA,42.18751907348633,323618000.0,Yahoo Finance,2026-09-21T08:29:09+00:00,2024-05-20
2023-07-06,NVDA,41.974178314208984,303582000.0,Yahoo Finance,2026-09-21T08:29:09+00:00,2024-05-20
2023-07-07,NVDA,42.37294387817383,355881000.0,Yahoo Finance,2026-09-21T08:29:09+00:00,2024-05-20
2023-07-10,NVDA,42.05093765258789,353908000.0,Yahoo Finance,2026-09-21T08:29:09+00:00,2024-05-20
2023-07-11,NVDA,42.27524185180664,298244000.0,Yahoo Finance,2026-09-21T08:29:09+00:00,2024-05-20
2023-07-12,NVDA,43.76766586303711,481277000.0,Yahoo Finance,2026-09-21T08:29:09+00:00,2024-05-20
2023-07-13,NVDA,45.83632278442383,478204000.0,Yahoo Finance,2026-09-21T08:29:09+00:00,2024-05-20
2023-07-14,NVDA,45.329872131347656,772075000.0,Yahoo Finance,2026-09-21T08:29:09+00:00,2024-05-20
2023-07-17,NVDA,46.31884002685547,510488000.0,Yahoo Finance,2026-09-21T08:29:09+00:00,2024-05-20
2023-07-18,NVDA,47.34867477416992,569164000.0,Yahoo Finance,2026-09-21T08:29:09+00:00,2024-05-20
2023-07-19,NVDA,46.932952880859375,427502000.0,Yahoo Finance,2026-09-21T08:29:09+00:00,2024-05-20
2023-07-20,NVDA,45.38071060180664,537865000.0,Yahoo Finance,2026-09-21T08:29:09+00:00,2024-05-20
2023-07-21,NVDA,44.17341995239258,963769000.0,Yahoo Finance,2026-09-21T08:29:09+00:00,2024-05-20
2023-07-24,NVDA,44.475494384765625,382516000.0,Yahoo Finance,2026-09-21T08:29:09+00:00,2024-05-20
2023-07-25,NVDA,45.53923034667969,348081000.0,Yahoo Finance,2026-09-21T08:29:09+00:00,2024-05-20
2023-07-26,NVDA,45.31291580200195,364237000.0,Yahoo Finance,2026-09-21T08:29:09+00:00,2024-05-20
2023-07-27,NVDA,45.75955581665039,455976000.0,Yahoo Finance,2026-09-21T08:29:09+00:00,2024-05-20
2023-07-28,NVDA,46.606956481933594,331194000.0,Yahoo Finance,2026-09-21T08:29:09+00:00,2024-05-20
2023-07-31,NVDA,46.58601379394531,251055000.0,Yahoo Finance,2026-09-21T08:29:09+00:00,2024-05-20
2023-08-01,NVDA,46.36469650268555,237858000.0,Yahoo Finance,2026-09-21T08:29:09+00:00,2024-05-20
2023-08-02,NVDA,44.133544921875,530142000.0,Yahoo Finance,2026-09-21T08:29:09+00:00,2024-05-20
2023-08-03,NVDA,44.378787994384766,324176000.0,Yahoo Finance,2026-09-21T08:29:09+00:00,2024-05-20
2023-08-04,NVDA,44.54328918457031,362666000.0,Yahoo Finance,2026-09-21T08:29:09+00:00,2024-05-20
2023-08-07,NVDA,45.278038024902344,322154000.0,Yahoo Finance,2026-09-21T08:29:09+00:00,2024-05-20
2023-08-08,NVDA,44.5273323059082,353843000.0,Yahoo Finance,2026-09-21T08:29:09+00:00,2024-05-20
2023-08-09,NVDA,42.42379379272461,586449000.0,Yahoo Finance,2026-09-21T08:29:09+00:00,2024-05-20
2023-08-10,NVDA,42.258296966552734,492705000.0,Yahoo Finance,2026-09-21T08:29:09+00:00,2024-05-20
2023-08-11,NVDA,40.72998809814453,533085000.0,Yahoo Finance,2026-09-21T08:29:09+00:00,2024-05-20
2023-08-14,NVDA,43.61911392211914,690286000.0,Yahoo Finance,2026-09-21T08:29:09+00:00,2024-05-20
2023-08-15,NVDA,43.80554962158203,676512000.0,Yahoo Finance,2026-09-21T08:29:09+00:00,2024-05-20
2023-08-16,NVDA,43.352935791015625,527451000.0,Yahoo Finance,2026-09-21T08:29:09+00:00,2024-05-20
2023-08-17,NVDA,43.21137619018555,452395000.0,Yahoo Finance,2026-09-21T08:29:09+00:00,2024-05-20
2023-08-18,NVDA,43.16651916503906,583768000.0,Yahoo Finance,2026-09-21T08:29:09+00:00,2024-05-20
2023-08-21,NVDA,46.82328414916992,692573000.0,Yahoo Finance,2026-09-21T08:29:09+00:00,2024-05-20
2023-08-22,NVDA,45.52825927734375,755293000.0,Yahoo Finance,2026-09-21T08:29:09+00:00,2024-05-20
2023-08-23,NVDA,46.971839904785156,779046000.0,Yahoo Finance,2026-09-21T08:29:09+00:00,2024-05-20
2023-08-24,NVDA,47.01869201660156,1156044000.0,Yahoo Finance,2026-09-21T08:29:09+00:00,2024-05-20
2023-08-25,NVDA,45.87718963623047,925341000.0,Yahoo Finance,2026-09-21T08:29:09+00:00,2024-05-20
2023-08-28,NVDA,46.69169235229492,685192000.0,Yahoo Finance,2026-09-21T08:29:09+00:00,2024-05-20
2023-08-29,NVDA,48.634735107421875,701397000.0,Yahoo Finance,2026-09-21T08:29:09+00:00,2024-05-20
2023-08-30,NVDA,49.11326217651367,735206000.0,Yahoo Finance,2026-09-21T08:29:09+00:00,2024-05-20
2023-08-31,NVDA,49.203983306884766,528570000.0,Yahoo Finance,2026-09-21T08:29:09+00:00,2024-05-20
2023-09-01,NVDA,48.36056900024414,463830000.0,Yahoo Finance,2026-09-21T08:29:09+00:00,2024-05-20
2023-09-05,NVDA,48.399444580078125,382653000.0,Yahoo Finance,2026-09-21T08:29:09+00:00,2024-05-20
2023-09-06,NVDA,46.920860290527344,468670000.0,Yahoo Finance,2026-09-21T08:29:09+00:00,2024-05-20
2023-09-07,NVDA,46.103309631347656,433330000.0,Yahoo Finance,2026-09-21T08:29:09+00:00,2024-05-20
2023-09-08,NVDA,45.43629837036133,473069000.0,Yahoo Finance,2026-09-21T08:29:09+00:00,2024-05-20
2023-09-11,NVDA,45.0434684753418,473966000.0,Yahoo Finance,2026-09-21T08:29:09+00:00,2024-05-20
2023-09-12,NVDA,44.736392974853516,349256000.0,Yahoo Finance,2026-09-21T08:29:09+00:00,2024-05-20
2023-09-13,NVDA,45.349571228027344,398355000.0,Yahoo Finance,2026-09-21T08:29:09+00:00,2024-05-20
2023-09-14,NVDA,45.445274353027344,370097000.0,Yahoo Finance,2026-09-21T08:29:09+00:00,2024-05-20
2023-09-15,NVDA,43.7692756652832,506831000.0,Yahoo Finance,2026-09-21T08:29:09+00:00,2024-05-20
2023-09-18,NVDA,43.835079193115234,500271000.0,Yahoo Finance,2026-09-21T08:29:09+00:00,2024-05-20
2023-09-19,NVDA,43.39041519165039,373064000.0,Yahoo Finance,2026-09-21T08:29:09+00:00,2024-05-20
2023-09-20,NVDA,42.11322021484375,367108000.0,Yahoo Finance,2026-09-21T08:29:09+00:00,2024-05-20
2023-09-21,NVDA,40.89486312866211,450736000.0,Yahoo Finance,2026-09-21T08:29:09+00:00,2024-05-20
2023-09-22,NVDA,41.48609161376953,479236000.0,Yahoo Finance,2026-09-21T08:29:09+00:00,2024-05-20
2023-09-25,NVDA,42.096282958984375,419091000.0,Yahoo Finance,2026-09-21T08:29:09+00:00,2024-05-20
2023-09-26,NVDA,41.78620147705078,402282000.0,Yahoo Finance,2026-09-21T08:29:09+00:00,2024-05-20
2023-09-27,NVDA,42.3415412902832,444935000.0,Yahoo Finance,2026-09-21T08:29:09+00:00,2024-05-20
2023-09-28,NVDA,42.960693359375,424663000.0,Yahoo Finance,2026-09-21T08:29:09+00:00,2024-05-20
2023-09-29,NVDA,43.369476318359375,397830000.0,Yahoo Finance,2026-09-21T08:29:09+00:00,2024-05-20
2023-10-02,NVDA,44.64864730834961,433298000.0,Yahoo Finance,2026-09-21T08:29:09+00:00,2024-05-20
2023-10-03,NVDA,43.38741683959961,470850000.0,Yahoo Finance,2026-09-21T08:29:09+00:00,2024-05-20
2023-10-04,NVDA,43.90986251831055,361821000.0,Yahoo Finance,2026-09-21T08:29:09+00:00,2024-05-20
2023-10-05,NVDA,44.554927825927734,393483000.0,Yahoo Finance,2026-09-21T08:29:09+00:00,2024-05-20
2023-10-06,NVDA,45.625732421875,434436000.0,Yahoo Finance,2026-09-21T08:29:09+00:00,2024-05-20
2023-10-09,NVDA,45.13818359375,409675000.0,Yahoo Finance,2026-09-21T08:29:09+00:00,2024-05-20
2023-10-10,NVDA,45.661624908447266,368582000.0,Yahoo Finance,2026-09-21T08:29:09+00:00,2024-05-20
2023-10-11,NVDA,46.666622161865234,378137000.0,Yahoo Finance,2026-09-21T08:29:09+00:00,2024-05-20
2023-10-12,NVDA,46.80521011352539,481325000.0,Yahoo Finance,2026-09-21T08:29:09+00:00,2024-05-20
2023-10-13,NVDA,45.325626373291016,474115000.0,Yahoo Finance,2026-09-21T08:29:09+00:00,2024-05-20
2023-10-16,NVDA,45.957740783691406,375099000.0,Yahoo Finance,2026-09-21T08:29:09+00:00,2024-05-20
2023-10-17,NVDA,43.80716323852539,812333000.0,Yahoo Finance,2026-09-21T08:29:09+00:00,2024-05-20
2023-10-18,NVDA,42.070350646972656,627294000.0,Yahoo Finance,2026-09-21T08:29:09+00:00,2024-05-20
2023-10-19,NVDA,41.97563934326172,501233000.0,Yahoo Finance,2026-09-21T08:29:09+00:00,2024-05-20
2023-10-20,NVDA,41.26375961303711,477266000.0,Yahoo Finance,2026-09-21T08:29:09+00:00,2024-05-20
2023-10-23,NVDA,42.84703826904297,478530000.0,Yahoo Finance,2026-09-21T08:29:09+00:00,2024-05-20
2023-10-24,NVDA,43.53298568725586,401463000.0,Yahoo Finance,2026-09-21T08:29:09+00:00,2024-05-20
2023-10-25,NVDA,41.65459442138672,398379000.0,Yahoo Finance,2026-09-21T08:29:09+00:00,2024-05-20
2023-10-26,NVDA,40.20591735839844,541001000.0,Yahoo Finance,2026-09-21T08:29:09+00:00,2024-05-20
2023-10-27,NVDA,40.379398345947266,416784000.0,Yahoo Finance,2026-09-21T08:29:09+00:00,2024-05-20
2023-10-30,NVDA,41.038429260253906,388028000.0,Yahoo Finance,2026-09-21T08:29:09+00:00,2024-05-20
2023-10-31,NVDA,40.6585693359375,517969000.0,Yahoo Finance,2026-09-21T08:29:09+00:00,2024-05-20
2023-11-01,NVDA,42.198970794677734,437593000.0,Yahoo Finance,2026-09-21T08:29:09+00:00,2024-05-20
2023-11-02,NVDA,43.37644958496094,409172000.0,Yahoo Finance,2026-09-21T08:29:09+00:00,2024-05-20
2023-11-03,NVDA,44.87099075317383,424610000.0,Yahoo Finance,2026-09-21T08:29:09+00:00,2024-05-20
2023-11-06,NVDA,45.614768981933594,400733000.0,Yahoo Finance,2026-09-21T08:29:09+00:00,2024-05-20
2023-11-07,NVDA,45.81816101074219,343165000.0,Yahoo Finance,2026-09-21T08:29:09+00:00,2024-05-20
2023-11-08,NVDA,46.4353141784668,346719000.0,Yahoo Finance,2026-09-21T08:29:09+00:00,2024-05-20
2023-11-09,NVDA,46.81019973754883,540496000.0,Yahoo Finance,2026-09-21T08:29:09+00:00,2024-05-20
2023-11-10,NVDA,48.191070556640625,421245000.0,Yahoo Finance,2026-09-21T08:29:09+00:00,2024-05-20
2023-11-13,NVDA,48.475215911865234,384136000.0,Yahoo Finance,2026-09-21T08:29:09+00:00,2024-05-20
2023-11-14,NVDA,49.50813674926758,416954000.0,Yahoo Finance,2026-09-21T08:29:09+00:00,2024-05-20
2023-11-15,NVDA,48.7424201965332,475497000.0,Yahoo Finance,2026-09-21T08:29:09+00:00,2024-05-20
2023-11-16,NVDA,49.332664489746094,339756000.0,Yahoo Finance,2026-09-21T08:29:09+00:00,2024-05-20
2023-11-17,NVDA,49.15120315551758,325205000.0,Yahoo Finance,2026-09-21T08:29:09+00:00,2024-05-20
2023-11-20,NVDA,50.25889587402344,414120000.0,Yahoo Finance,2026-09-21T08:29:09+00:00,2024-05-20
2023-11-21,NVDA,49.795284271240234,565747000.0,Yahoo Finance,2026-09-21T08:29:09+00:00,2024-05-20
2023-11-22,NVDA,48.5709342956543,899420000.0,Yahoo Finance,2026-09-21T08:29:09+00:00,2024-05-20
2023-11-24,NVDA,47.63374328613281,294645000.0,Yahoo Finance,2026-09-21T08:29:09+00:00,2024-05-20
2023-11-27,NVDA,48.09835433959961,395662000.0,Yahoo Finance,2026-09-21T08:29:09+00:00,2024-05-20
2023-11-28,NVDA,47.67860412597656,401491000.0,Yahoo Finance,2026-09-21T08:29:09+00:00,2024-05-20
2023-11-29,NVDA,47.996646881103516,382005000.0,Yahoo Finance,2026-09-21T08:29:09+00:00,2024-05-20
2023-11-30,NVDA,46.630733489990234,526247000.0,Yahoo Finance,2026-09-21T08:29:09+00:00,2024-05-20
2023-12-01,NVDA,46.62574005126953,369317000.0,Yahoo Finance,2026-09-21T08:29:09+00:00,2024-05-20
2023-12-04,NVDA,45.374473571777344,437543000.0,Yahoo Finance,2026-09-21T08:29:09+00:00,2024-05-20
2023-12-05,NVDA,46.431419372558594,371718000.0,Yahoo Finance,2026-09-21T08:29:09+00:00,2024-05-20
2023-12-06,NVDA,45.37148666381836,380590000.0,Yahoo Finance,2026-09-21T08:29:09+00:00,2024-05-20
2023-12-07,NVDA,46.461334228515625,350823000.0,Yahoo Finance,2026-09-21T08:29:09+00:00,2024-05-20
2023-12-08,NVDA,47.36870193481445,359224000.0,Yahoo Finance,2026-09-21T08:29:09+00:00,2024-05-20
2023-12-11,NVDA,46.49224853515625,509728000.0,Yahoo Finance,2026-09-21T08:29:09+00:00,2024-05-20
2023-12-12,NVDA,47.51926803588867,372387000.0,Yahoo Finance,2026-09-21T08:29:09+00:00,2024-05-20
2023-12-13,NVDA,47.94902420043945,447792000.0,Yahoo Finance,2026-09-21T08:29:09+00:00,2024-05-20
2023-12-14,NVDA,48.210262298583984,391232000.0,Yahoo Finance,2026-09-21T08:29:09+00:00,2024-05-20
2023-12-15,NVDA,48.74870681762695,479948000.0,Yahoo Finance,2026-09-21T08:29:09+00:00,2024-05-20
2023-12-18,NVDA,49.93227767944336,412587000.0,Yahoo Finance,2026-09-21T08:29:09+00:00,2024-05-20
2023-12-19,NVDA,49.46063995361328,464444000.0,Yahoo Finance,2026-09-21T08:29:09+00:00,2024-05-20
2023-12-20,NVDA,47.97195816040039,397894000.0,Yahoo Finance,2026-09-21T08:29:09+00:00,2024-05-20
2023-12-21,NVDA,48.848419189453125,300425000.0,Yahoo Finance,2026-09-21T08:29:09+00:00,2024-05-20
2023-12-22,NVDA,48.688880920410156,252507000.0,Yahoo Finance,2026-09-21T08:29:09+00:00,2024-05-20
2023-12-26,NVDA,49.13658142089844,244200000.0,Yahoo Finance,2026-09-21T08:29:09+00:00,2024-05-20
2023-12-27,NVDA,49.27418518066406,233648000.0,Yahoo Finance,2026-09-21T08:29:09+00:00,2024-05-20
2023-12-28,NVDA,49.37887954711914,246587000.0,Yahoo Finance,2026-09-21T08:29:09+00:00,2024-05-20
2023-12-29,NVDA,49.37887954711914,389293000.0,Yahoo Finance,2026-09-21T08:29:09+00:00,2024-05-20
2024-01-02,NVDA,48.0287971496582,411254000.0,Yahoo Finance,2026-09-21T08:29:09+00:00,2024-05-20
2024-01-03,NVDA,47.43152618408203,320896000.0,Yahoo Finance,2026-09-21T08:29:09+00:00,2024-05-20
2024-01-04,NVDA,47.85928726196289,306535000.0,Yahoo Finance,2026-09-21T08:29:09+00:00,2024-05-20
2024-01-05,NVDA,48.95510482788086,415039000.0,Yahoo Finance,2026-09-21T08:29:09+00:00,2024-05-20
2024-01-08,NVDA,52.10197830200195,642510000.0,Yahoo Finance,2026-09-21T08:29:09+00:00,2024-05-20
2024-01-09,NVDA,52.986419677734375,773100000.0,Yahoo Finance,2026-09-21T08:29:09+00:00,2024-05-20
2024-01-10,NVDA,54.192928314208984,533796000.0,Yahoo Finance,2026-09-21T08:29:09+00:00,2024-05-20
2024-01-11,NVDA,54.6635627746582,596759000.0,Yahoo Finance,2026-09-21T08:29:09+00:00,2024-05-20
2024-01-12,NVDA,54.551883697509766,352994000.0,Yahoo Finance,2026-09-21T08:29:09+00:00,2024-05-20
2024-01-16,NVDA,56.21905517578125,449580000.0,Yahoo Finance,2026-09-21T08:29:09+00:00,2024-05-20
2024-01-17,NVDA,55.89101028442383,474394000.0,Yahoo Finance,2026-09-21T08:29:09+00:00,2024-05-20
2024-01-18,NVDA,56.941951751708984,491650000.0,Yahoo Finance,2026-09-21T08:29:09+00:00,2024-05-20
2024-01-19,NVDA,59.319068908691406,543501000.0,Yahoo Finance,2026-09-21T08:29:09+00:00,2024-05-20
2024-01-22,NVDA,59.48158645629883,452955000.0,Yahoo Finance,2026-09-21T08:29:09+00:00,2024-05-20
2024-01-23,NVDA,59.6999626159668,294654000.0,Yahoo Finance,2026-09-21T08:29:09+00:00,2024-05-20
2024-01-24,NVDA,61.18465805053711,560271000.0,Yahoo Finance,2026-09-21T08:29:09+00:00,2024-05-20
2024-01-25,NVDA,61.43892288208008,482777000.0,Yahoo Finance,2026-09-21T08:29:09+00:00,2024-05-20
2024-01-26,NVDA,60.85462188720703,390309000.0,Yahoo Finance,2026-09-21T08:29:09+00:00,2024-05-20
2024-01-29,NVDA,62.28446960449219,348733000.0,Yahoo Finance,2026-09-21T08:29:09+00:00,2024-05-20
2024-01-30,NVDA,62.59257888793945,410735000.0,Yahoo Finance,2026-09-21T08:29:09+00:00,2024-05-20
2024-01-31,NVDA,61.349185943603516,453795000.0,Yahoo Finance,2026-09-21T08:29:09+00:00,2024-05-20
2024-02-01,NVDA,62.844852447509766,369146000.0,Yahoo Finance,2026-09-21T08:29:09+00:00,2024-05-20
2024-02-02,NVDA,65.96879577636719,476578000.0,Yahoo Finance,2026-09-21T08:29:09+00:00,2024-05-20
2024-02-05,NVDA,69.13163757324219,680078000.0,Yahoo Finance,2026-09-21T08:29:09+00:00,2024-05-20
2024-02-06,NVDA,68.02584075927734,683111000.0,Yahoo Finance,2026-09-21T08:29:09+00:00,2024-05-20
2024-02-07,NVDA,69.89640808105469,495575000.0,Yahoo Finance,2026-09-21T08:29:09+00:00,2024-05-20
2024-02-08,NVDA,69.43972778320312,414422000.0,Yahoo Finance,2026-09-21T08:29:09+00:00,2024-05-20
2024-02-09,NVDA,71.92453002929688,436637000.0,Yahoo Finance,2026-09-21T08:29:09+00:00,2024-05-20
2024-02-12,NVDA,72.0391845703125,613710000.0,Yahoo Finance,2026-09-21T08:29:09+00:00,2024-05-20
2024-02-13,NVDA,71.91954803466797,602580000.0,Yahoo Finance,2026-09-21T08:29:09+00:00,2024-05-20
2024-02-14,NVDA,73.68643188476562,504917000.0,Yahoo Finance,2026-09-21T08:29:09+00:00,2024-05-20
2024-02-15,NVDA,72.44800567626953,420122000.0,Yahoo Finance,2026-09-21T08:29:09+00:00,2024-05-20
2024-02-16,NVDA,72.40314483642578,495327000.0,Yahoo Finance,2026-09-21T08:29:09+00:00,2024-05-20
2024-02-20,NVDA,69.25128173828125,704833000.0,Yahoo Finance,2026-09-21T08:29:09+00:00,2024-05-20
2024-02-21,NVDA,67.2770004272461,673755000.0,Yahoo Finance,2026-09-21T08:29:09+00:00,2024-05-20
2024-02-22,NVDA,78.31103515625,865100000.0,Yahoo Finance,2026-09-21T08:29:09+00:00,2024-05-20
2024-02-23,NVDA,78.58921813964844,829388000.0,Yahoo Finance,2026-09-21T08:29:09+00:00,2024-05-20
2024-02-26,NVDA,78.86343383789062,503973000.0,Yahoo Finance,2026-09-21T08:29:09+00:00,2024-05-20
2024-02-27,NVDA,78.47354888916016,391705000.0,Yahoo Finance,2026-09-21T08:29:09+00:00,2024-05-20
2024-02-28,NVDA,77.43855285644531,393110000.0,Yahoo Finance,2026-09-21T08:29:09+00:00,2024-05-20
2024-02-29,NVDA,78.88335418701172,507289000.0,Yahoo Finance,2026-09-21T08:29:09+00:00,2024-05-20
2024-03-01,NVDA,82.04120635986328,479135000.0,Yahoo Finance,2026-09-21T08:29:09+00:00,2024-05-20
2024-03-04,NVDA,84.99066925048828,615616000.0,Yahoo Finance,2026-09-21T08:29:09+00:00,2024-05-20
2024-03-05,NVDA,85.7195816040039,520639000.0,Yahoo Finance,2026-09-21T08:29:09+00:00,2024-05-20
2024-03-06,NVDA,88.44779968261719,582520000.0,Yahoo Finance,2026-09-21T08:29:09+00:00,2024-05-20
2024-03-07,NVDA,92.40552520751953,608119000.0,Yahoo Finance,2026-09-21T08:29:09+00:00,2024-05-20
2024-03-08,NVDA,87.27912902832031,1142269000.0,Yahoo Finance,2026-09-21T08:29:09+00:00,2024-05-20
2024-03-11,NVDA,85.53013610839844,678364000.0,Yahoo Finance,2026-09-21T08:29:09+00:00,2024-05-20
2024-03-12,NVDA,91.65167236328125,668075000.0,Yahoo Finance,2026-09-21T08:29:09+00:00,2024-05-20
2024-03-13,NVDA,90.62958526611328,635713000.0,Yahoo Finance,2026-09-21T08:29:09+00:00,2024-05-20
2024-03-14,NVDA,87.69393920898438,602318000.0,Yahoo Finance,2026-09-21T08:29:09+00:00,2024-05-20
2024-03-15,NVDA,87.58726501464844,642086000.0,Yahoo Finance,2026-09-21T08:29:09+00:00,2024-05-20
2024-03-18,NVDA,88.20349884033203,668976000.0,Yahoo Finance,2026-09-21T08:29:09+00:00,2024-05-20
2024-03-19,NVDA,89.1438217163086,672171000.0,Yahoo Finance,2026-09-21T08:29:09+00:00,2024-05-20
2024-03-20,NVDA,90.11504364013672,479063000.0,Yahoo Finance,2026-09-21T08:29:09+00:00,2024-05-20
2024-03-21,NVDA,91.17501068115234,480372000.0,Yahoo Finance,2026-09-21T08:29:09+00:00,2024-05-20
2024-03-22,NVDA,94.02091217041016,586719000.0,Yahoo Finance,2026-09-21T08:29:09+00:00,2024-05-20
2024-03-25,NVDA,94.73188018798828,552136000.0,Yahoo Finance,2026-09-21T08:29:09+00:00,2024-05-20
2024-03-26,NVDA,92.29781341552734,513648000.0,Yahoo Finance,2026-09-21T08:29:09+00:00,2024-05-20
2024-03-27,NVDA,89.99340057373047,586067000.0,Yahoo Finance,2026-09-21T08:29:09+00:00,2024-05-20
2024-03-28,NVDA,90.09908294677734,435212000.0,Yahoo Finance,2026-09-21T08:29:09+00:00,2024-05-20
2024-04-01,NVDA,90.10606384277344,452441000.0,Yahoo Finance,2026-09-21T08:29:09+00:00,2024-05-20
2024-04-02,NVDA,89.19766235351562,433064000.0,Yahoo Finance,2026-09-21T08:29:09+00:00,2024-05-20
2024-04-03,NVDA,88.71104431152344,370067000.0,Yahoo Finance,2026-09-21T08:29:09+00:00,2024-05-20
2024-04-04,NVDA,85.6607437133789,434965000.0,Yahoo Finance,2026-09-21T08:29:09+00:00,2024-05-20
2024-04-05,NVDA,87.75777435302734,399678000.0,Yahoo Finance,2026-09-21T08:29:09+00:00,2024-05-20
2024-04-08,NVDA,86.88526153564453,283220000.0,Yahoo Finance,2026-09-21T08:29:09+00:00,2024-05-20
2024-04-09,NVDA,85.11129760742188,501700000.0,Yahoo Finance,2026-09-21T08:29:09+00:00,2024-05-20
2024-04-10,NVDA,86.79153442382812,431929000.0,Yahoo Finance,2026-09-21T08:29:09+00:00,2024-05-20
2024-04-11,NVDA,90.35836029052734,431637000.0,Yahoo Finance,2026-09-21T08:29:09+00:00,2024-05-20
2024-04-12,NVDA,87.93526458740234,426805000.0,Yahoo Finance,2026-09-21T08:29:09+00:00,2024-05-20
2024-04-15,NVDA,85.7564697265625,443077000.0,Yahoo Finance,2026-09-21T08:29:09+00:00,2024-05-20
2024-04-16,NVDA,87.16646575927734,370453000.0,Yahoo Finance,2026-09-21T08:29:09+00:00,2024-05-20
2024-04-17,NVDA,83.79606628417969,495400000.0,Yahoo Finance,2026-09-21T08:29:09+00:00,2024-05-20
2024-04-18,NVDA,84.43025207519531,447260000.0,Yahoo Finance,2026-09-21T08:29:09+00:00,2024-05-20
2024-04-19,NVDA,75.98335266113281,875198000.0,Yahoo Finance,2026-09-21T08:29:09+00:00,2024-05-20
2024-04-22,NVDA,79.29190826416016,596341000.0,Yahoo Finance,2026-09-21T08:29:09+00:00,2024-05-20
2024-04-23,NVDA,82.18864440917969,438559000.0,Yahoo Finance,2026-09-21T08:29:09+00:00,2024-05-20
2024-04-24,NVDA,79.45044708251953,512208000.0,Yahoo Finance,2026-09-21T08:29:09+00:00,2024-05-20
2024-04-25,NVDA,82.39705657958984,424641000.0,Yahoo Finance,2026-09-21T08:29:09+00:00,2024-05-20
2024-04-26,NVDA,87.48555755615234,551011000.0,Yahoo Finance,2026-09-21T08:29:09+00:00,2024-05-20
2024-04-29,NVDA,87.50748443603516,388971000.0,Yahoo Finance,2026-09-21T08:29:09+00:00,2024-05-20
2024-04-30,NVDA,86.15633392333984,363709000.0,Yahoo Finance,2026-09-21T08:29:09+00:00,2024-05-20
2024-05-01,NVDA,82.80488586425781,559863000.0,Yahoo Finance,2026-09-21T08:29:09+00:00,2024-05-20
2024-05-02,NVDA,85.57300567626953,377898000.0,Yahoo Finance,2026-09-21T08:29:09+00:00,2024-05-20
2024-05-03,NVDA,88.53654479980469,398341000.0,Yahoo Finance,2026-09-21T08:29:09+00:00,2024-05-20
2024-05-06,NVDA,91.87801361083984,376203000.0,Yahoo Finance,2026-09-21T08:29:09+00:00,2024-05-20
2024-05-07,NVDA,90.2965316772461,437342000.0,Yahoo Finance,2026-09-21T08:29:09+00:00,2024-05-20
2024-05-08,NVDA,90.15494537353516,325721000.0,Yahoo Finance,2026-09-21T08:29:09+00:00,2024-05-20
2024-05-09,NVDA,88.49466705322266,378013000.0,Yahoo Finance,2026-09-21T08:29:09+00:00,2024-05-20
2024-05-10,NVDA,89.62245178222656,335325000.0,Yahoo Finance,2026-09-21T08:29:09+00:00,2024-05-20
2024-05-13,NVDA,90.14197540283203,289680000.0,Yahoo Finance,2026-09-21T08:29:09+00:00,2024-05-20
2024-05-14,NVDA,91.09624481201172,296507000.0,Yahoo Finance,2026-09-21T08:29:09+00:00,2024-05-20
2024-05-15,NVDA,94.3609390258789,417735000.0,Yahoo Finance,2026-09-21T08:29:09+00:00,2024-05-20
2024-05-16,NVDA,94.09071350097656,323952000.0,Yahoo Finance,2026-09-21T08:29:09+00:00,2024-05-20
2024-05-17,NVDA,92.21605682373047,359691000.0,Yahoo Finance,2026-09-21T08:29:09+00:00,2024-05-20
2024-05-20,NVDA,94.51051330566406,318764000.0,Yahoo Finance,2026-09-21T08:29:09+00:00,2024-05-20
2023-04-17,PG,137.8429412841797,4296400.0,Yahoo Finance,2026-09-21T08:29:09+00:00,2024-05-20
2023-04-18,PG,137.9889678955078,4158400.0,Yahoo Finance,2026-09-21T08:29:09+00:00,2024-05-20
2023-04-19,PG,138.01632690429688,3837600.0,Yahoo Finance,2026-09-21T08:29:09+00:00,2024-05-20
2023-04-20,PG,138.52232360839844,5370900.0,Yahoo Finance,2026-09-21T08:29:09+00:00,2024-05-20
2023-04-21,PG,143.3157501220703,14876900.0,Yahoo Finance,2026-09-21T08:29:09+00:00,2024-05-20
2023-04-24,PG,143.57286071777344,8109800.0,Yahoo Finance,2026-09-21T08:29:09+00:00,2024-05-20
2023-04-25,PG,143.60958862304688,8341800.0,Yahoo Finance,2026-09-21T08:29:09+00:00,2024-05-20
2023-04-26,PG,141.94749450683594,4843700.0,Yahoo Finance,2026-09-21T08:29:09+00:00,2024-05-20
2023-04-27,PG,143.68304443359375,4805600.0,Yahoo Finance,2026-09-21T08:29:09+00:00,2024-05-20
2023-04-28,PG,143.60040283203125,5754700.0,Yahoo Finance,2026-09-21T08:29:09+00:00,2024-05-20
2023-05-01,PG,143.77488708496094,3844600.0,Yahoo Finance,2026-09-21T08:29:09+00:00,2024-05-20
2023-05-02,PG,143.6462860107422,5262900.0,Yahoo Finance,2026-09-21T08:29:09+00:00,2024-05-20
2023-05-03,PG,143.46266174316406,5775000.0,Yahoo Finance,2026-09-21T08:29:09+00:00,2024-05-20
2023-05-04,PG,142.801513671875,4892600.0,Yahoo Finance,2026-09-21T08:29:09+00:00,2024-05-20
2023-05-05,PG,143.2790069580078,3989200.0,Yahoo Finance,2026-09-21T08:29:09+00:00,2024-05-20
2023-05-08,PG,142.60865783691406,4950700.0,Yahoo Finance,2026-09-21T08:29:09+00:00,2024-05-20
2023-05-09,PG,141.14859008789062,4472100.0,Yahoo Finance,2026-09-21T08:29:09+00:00,2024-05-20
2023-05-10,PG,141.4424285888672,4754900.0,Yahoo Finance,2026-09-21T08:29:09+00:00,2024-05-20
2023-05-11,PG,141.7730255126953,3495300.0,Yahoo Finance,2026-09-21T08:29:09+00:00,2024-05-20
2023-05-12,PG,143.2147216796875,5252900.0,Yahoo Finance,2026-09-21T08:29:09+00:00,2024-05-20
2023-05-15,PG,143.26065063476562,5414900.0,Yahoo Finance,2026-09-21T08:29:09+00:00,2024-05-20
2023-05-16,PG,143.01271057128906,5591500.0,Yahoo Finance,2026-09-21T08:29:09+00:00,2024-05-20
2023-05-17,PG,142.40663146972656,4286900.0,Yahoo Finance,2026-09-21T08:29:09+00:00,2024-05-20
2023-05-18,PG,140.06503295898438,6997600.0,Yahoo Finance,2026-09-21T08:29:09+00:00,2024-05-20
2023-05-19,PG,140.65272521972656,4754100.0,Yahoo Finance,2026-09-21T08:29:09+00:00,2024-05-20
2023-05-22,PG,136.97042846679688,7876200.0,Yahoo Finance,2026-09-21T08:29:09+00:00,2024-05-20
2023-05-23,PG,135.49195861816406,6116000.0,Yahoo Finance,2026-09-21T08:29:09+00:00,2024-05-20
2023-05-24,PG,134.3717041015625,5755400.0,Yahoo Finance,2026-09-21T08:29:09+00:00,2024-05-20
2023-05-25,PG,133.50851440429688,6510300.0,Yahoo Finance,2026-09-21T08:29:09+00:00,2024-05-20
2023-05-26,PG,133.51766967773438,4716400.0,Yahoo Finance,2026-09-21T08:29:09+00:00,2024-05-20
2023-05-30,PG,131.47911071777344,5561000.0,Yahoo Finance,2026-09-21T08:29:09+00:00,2024-05-20
2023-05-31,PG,130.8546905517578,19854800.0,Yahoo Finance,2026-09-21T08:29:09+00:00,2024-05-20
2023-06-01,PG,132.19537353515625,6091100.0,Yahoo Finance,2026-09-21T08:29:09+00:00,2024-05-20
2023-06-02,PG,134.54615783691406,6124400.0,Yahoo Finance,2026-09-21T08:29:09+00:00,2024-05-20
2023-06-05,PG,134.0135955810547,4753700.0,Yahoo Finance,2026-09-21T08:29:09+00:00,2024-05-20
2023-06-06,PG,132.68206787109375,4635900.0,Yahoo Finance,2026-09-21T08:29:09+00:00,2024-05-20
2023-06-07,PG,132.9667205810547,6194400.0,Yahoo Finance,2026-09-21T08:29:09+00:00,2024-05-20
2023-06-08,PG,134.4727020263672,4863700.0,Yahoo Finance,2026-09-21T08:29:09+00:00,2024-05-20
2023-06-09,PG,134.58290100097656,5569500.0,Yahoo Finance,2026-09-21T08:29:09+00:00,2024-05-20
2023-06-12,PG,133.5269012451172,5354000.0,Yahoo Finance,2026-09-21T08:29:09+00:00,2024-05-20
2023-06-13,PG,133.20547485351562,5321200.0,Yahoo Finance,2026-09-21T08:29:09+00:00,2024-05-20
2023-06-14,PG,134.45436096191406,5693300.0,Yahoo Finance,2026-09-21T08:29:09+00:00,2024-05-20
2023-06-15,PG,136.3184356689453,5863000.0,Yahoo Finance,2026-09-21T08:29:09+00:00,2024-05-20
2023-06-16,PG,137.31939697265625,11244900.0,Yahoo Finance,2026-09-21T08:29:09+00:00,2024-05-20
2023-06-20,PG,136.05215454101562,5340700.0,Yahoo Finance,2026-09-21T08:29:09+00:00,2024-05-20
2023-06-21,PG,137.22756958007812,4649700.0,Yahoo Finance,2026-09-21T08:29:09+00:00,2024-05-20
2023-06-22,PG,137.6958465576172,6666800.0,Yahoo Finance,2026-09-21T08:29:09+00:00,2024-05-20
2023-06-23,PG,136.32762145996094,13843300.0,Yahoo Finance,2026-09-21T08:29:09+00:00,2024-05-20
2023-06-26,PG,136.4653778076172,4353100.0,Yahoo Finance,2026-09-21T08:29:09+00:00,2024-05-20
2023-06-27,PG,137.76014709472656,5445400.0,Yahoo Finance,2026-09-21T08:29:09+00:00,2024-05-20
2023-06-28,PG,137.73260498046875,6733300.0,Yahoo Finance,2026-09-21T08:29:09+00:00,2024-05-20
2023-06-29,PG,137.1724853515625,7343000.0,Yahoo Finance,2026-09-21T08:29:09+00:00,2024-05-20
2023-06-30,PG,139.339599609375,7058300.0,Yahoo Finance,2026-09-21T08:29:09+00:00,2024-05-20
2023-07-03,PG,140.03749084472656,3996100.0,Yahoo Finance,2026-09-21T08:29:09+00:00,2024-05-20
2023-07-05,PG,139.7987060546875,8279800.0,Yahoo Finance,2026-09-21T08:29:09+00:00,2024-05-20
2023-07-06,PG,139.56915283203125,7958300.0,Yahoo Finance,2026-09-21T08:29:09+00:00,2024-05-20
2023-07-07,PG,136.6398468017578,9169500.0,Yahoo Finance,2026-09-21T08:29:09+00:00,2024-05-20
2023-07-10,PG,136.69496154785156,5529200.0,Yahoo Finance,2026-09-21T08:29:09+00:00,2024-05-20
2023-07-11,PG,135.9786834716797,5150300.0,Yahoo Finance,2026-09-21T08:29:09+00:00,2024-05-20
2023-07-12,PG,136.68576049804688,6764600.0,Yahoo Finance,2026-09-21T08:29:09+00:00,2024-05-20
2023-07-13,PG,136.777587890625,5561400.0,Yahoo Finance,2026-09-21T08:29:09+00:00,2024-05-20
2023-07-14,PG,137.78768920898438,6128900.0,Yahoo Finance,2026-09-21T08:29:09+00:00,2024-05-20
2023-07-17,PG,136.8143310546875,4625300.0,Yahoo Finance,2026-09-21T08:29:09+00:00,2024-05-20
2023-07-18,PG,137.07142639160156,5351200.0,Yahoo Finance,2026-09-21T08:29:09+00:00,2024-05-20
2023-07-19,PG,138.00807189941406,6203600.0,Yahoo Finance,2026-09-21T08:29:09+00:00,2024-05-20
2023-07-20,PG,139.12710571289062,6445400.0,Yahoo Finance,2026-09-21T08:29:09+00:00,2024-05-20
2023-07-21,PG,141.31715393066406,9938400.0,Yahoo Finance,2026-09-21T08:29:09+00:00,2024-05-20
2023-07-24,PG,141.76995849609375,5549500.0,Yahoo Finance,2026-09-21T08:29:09+00:00,2024-05-20
2023-07-25,PG,142.1026153564453,5883800.0,Yahoo Finance,2026-09-21T08:29:09+00:00,2024-05-20
2023-07-26,PG,142.25047302246094,7013800.0,Yahoo Finance,2026-09-21T08:29:09+00:00,2024-05-20
2023-07-27,PG,140.5594482421875,7191600.0,Yahoo Finance,2026-09-21T08:29:09+00:00,2024-05-20
2023-07-28,PG,144.53289794921875,9397300.0,Yahoo Finance,2026-09-21T08:29:09+00:00,2024-05-20
2023-07-31,PG,144.43125915527344,7955200.0,Yahoo Finance,2026-09-21T08:29:09+00:00,2024-05-20
2023-08-01,PG,144.38504028320312,5718800.0,Yahoo Finance,2026-09-21T08:29:09+00:00,2024-05-20
2023-08-02,PG,144.69924926757812,5636000.0,Yahoo Finance,2026-09-21T08:29:09+00:00,2024-05-20
2023-08-03,PG,145.07810974121094,5792700.0,Yahoo Finance,2026-09-21T08:29:09+00:00,2024-05-20
2023-08-04,PG,143.4887237548828,4785900.0,Yahoo Finance,2026-09-21T08:29:09+00:00,2024-05-20
2023-08-07,PG,145.004150390625,4107400.0,Yahoo Finance,2026-09-21T08:29:09+00:00,2024-05-20
2023-08-08,PG,145.1612548828125,4625500.0,Yahoo Finance,2026-09-21T08:29:09+00:00,2024-05-20
2023-08-09,PG,144.97645568847656,4293200.0,Yahoo Finance,2026-09-21T08:29:09+00:00,2024-05-20
2023-08-10,PG,144.2556915283203,4307800.0,Yahoo Finance,2026-09-21T08:29:09+00:00,2024-05-20
2023-08-11,PG,145.09658813476562,3862300.0,Yahoo Finance,2026-09-21T08:29:09+00:00,2024-05-20
2023-08-14,PG,143.95997619628906,4297600.0,Yahoo Finance,2026-09-21T08:29:09+00:00,2024-05-20
2023-08-15,PG,143.03590393066406,6921100.0,Yahoo Finance,2026-09-21T08:29:09+00:00,2024-05-20
2023-08-16,PG,141.57589721679688,6356800.0,Yahoo Finance,2026-09-21T08:29:09+00:00,2024-05-20
2023-08-17,PG,140.5594482421875,6419500.0,Yahoo Finance,2026-09-21T08:29:09+00:00,2024-05-20
2023-08-18,PG,140.95677185058594,5448200.0,Yahoo Finance,2026-09-21T08:29:09+00:00,2024-05-20
2023-08-21,PG,140.24522399902344,4504700.0,Yahoo Finance,2026-09-21T08:29:09+00:00,2024-05-20
2023-08-22,PG,140.30068969726562,4195600.0,Yahoo Finance,2026-09-21T08:29:09+00:00,2024-05-20
2023-08-23,PG,141.6128692626953,4522500.0,Yahoo Finance,2026-09-21T08:29:09+00:00,2024-05-20
2023-08-24,PG,140.95677185058594,4088900.0,Yahoo Finance,2026-09-21T08:29:09+00:00,2024-05-20
2023-08-25,PG,141.88082885742188,3541500.0,Yahoo Finance,2026-09-21T08:29:09+00:00,2024-05-20
2023-08-28,PG,142.1026153564453,3614700.0,Yahoo Finance,2026-09-21T08:29:09+00:00,2024-05-20
2023-08-29,PG,142.185791015625,4034600.0,Yahoo Finance,2026-09-21T08:29:09+00:00,2024-05-20
2023-08-30,PG,142.34286499023438,3712200.0,Yahoo Finance,2026-09-21T08:29:09+00:00,2024-05-20
2023-08-31,PG,142.62008666992188,5451400.0,Yahoo Finance,2026-09-21T08:29:09+00:00,2024-05-20
2023-09-01,PG,142.77716064453125,4126300.0,Yahoo Finance,2026-09-21T08:29:09+00:00,2024-05-20
2023-09-05,PG,140.86434936523438,5097000.0,Yahoo Finance,2026-09-21T08:29:09+00:00,2024-05-20
2023-09-06,PG,140.58712768554688,3877400.0,Yahoo Finance,2026-09-21T08:29:09+00:00,2024-05-20
2023-09-07,PG,141.92703247070312,4824800.0,Yahoo Finance,2026-09-21T08:29:09+00:00,2024-05-20
2023-09-08,PG,141.31715393066406,3384700.0,Yahoo Finance,2026-09-21T08:29:09+00:00,2024-05-20
2023-09-11,PG,142.9989471435547,4288500.0,Yahoo Finance,2026-09-21T08:29:09+00:00,2024-05-20
2023-09-12,PG,140.48550415039062,4537800.0,Yahoo Finance,2026-09-21T08:29:09+00:00,2024-05-20
2023-09-13,PG,141.4650115966797,4040600.0,Yahoo Finance,2026-09-21T08:29:09+00:00,2024-05-20
2023-09-14,PG,143.01744079589844,4606800.0,Yahoo Finance,2026-09-21T08:29:09+00:00,2024-05-20
2023-09-15,PG,141.81614685058594,10262400.0,Yahoo Finance,2026-09-21T08:29:09+00:00,2024-05-20
2023-09-18,PG,142.3521270751953,3536500.0,Yahoo Finance,2026-09-21T08:29:09+00:00,2024-05-20
2023-09-19,PG,141.93626403808594,4704200.0,Yahoo Finance,2026-09-21T08:29:09+00:00,2024-05-20
2023-09-20,PG,141.81614685058594,5446400.0,Yahoo Finance,2026-09-21T08:29:09+00:00,2024-05-20
2023-09-21,PG,140.58712768554688,5096400.0,Yahoo Finance,2026-09-21T08:29:09+00:00,2024-05-20
2023-09-22,PG,140.0696563720703,6327000.0,Yahoo Finance,2026-09-21T08:29:09+00:00,2024-05-20
2023-09-25,PG,139.21954345703125,5527000.0,Yahoo Finance,2026-09-21T08:29:09+00:00,2024-05-20
2023-09-26,PG,137.98129272460938,6366500.0,Yahoo Finance,2026-09-21T08:29:09+00:00,2024-05-20
2023-09-27,PG,136.15159606933594,5403700.0,Yahoo Finance,2026-09-21T08:29:09+00:00,2024-05-20
2023-09-28,PG,135.2275848388672,6237100.0,Yahoo Finance,2026-09-21T08:29:09+00:00,2024-05-20
2023-09-29,PG,134.78404235839844,6683300.0,Yahoo Finance,2026-09-21T08:29:09+00:00,2024-05-20
2023-10-02,PG,134.16490173339844,5153800.0,Yahoo Finance,2026-09-21T08:29:09+00:00,2024-05-20
2023-10-03,PG,134.44210815429688,4670600.0,Yahoo Finance,2026-09-21T08:29:09+00:00,2024-05-20
2023-10-04,PG,134.88568115234375,4727800.0,Yahoo Finance,2026-09-21T08:29:09+00:00,2024-05-20
2023-10-05,PG,132.8804473876953,5205700.0,Yahoo Finance,2026-09-21T08:29:09+00:00,2024-05-20
2023-10-06,PG,133.14840698242188,7406700.0,Yahoo Finance,2026-09-21T08:29:09+00:00,2024-05-20
2023-10-09,PG,132.473876953125,5062200.0,Yahoo Finance,2026-09-21T08:29:09+00:00,2024-05-20
2023-10-10,PG,133.7860107421875,5988900.0,Yahoo Finance,2026-09-21T08:29:09+00:00,2024-05-20
2023-10-11,PG,132.14120483398438,5469100.0,Yahoo Finance,2026-09-21T08:29:09+00:00,2024-05-20
2023-10-12,PG,132.43690490722656,5965600.0,Yahoo Finance,2026-09-21T08:29:09+00:00,2024-05-20
2023-10-13,PG,133.70286560058594,7078900.0,Yahoo Finance,2026-09-21T08:29:09+00:00,2024-05-20
2023-10-16,PG,134.97808837890625,6509800.0,Yahoo Finance,2026-09-21T08:29:09+00:00,2024-05-20
2023-10-17,PG,135.1536407470703,6160100.0,Yahoo Finance,2026-09-21T08:29:09+00:00,2024-05-20
2023-10-18,PG,138.6374053955078,10508500.0,Yahoo Finance,2026-09-21T08:29:09+00:00,2024-05-20
2023-10-19,PG,137.85720825195312,8146000.0,Yahoo Finance,2026-09-21T08:29:09+00:00,2024-05-20
2023-10-20,PG,137.67120361328125,7284200.0,Yahoo Finance,2026-09-21T08:29:09+00:00,2024-05-20
2023-10-23,PG,137.76419067382812,5981800.0,Yahoo Finance,2026-09-21T08:29:09+00:00,2024-05-20
2023-10-24,PG,139.39149475097656,6322000.0,Yahoo Finance,2026-09-21T08:29:09+00:00,2024-05-20
2023-10-25,PG,140.0424346923828,6172900.0,Yahoo Finance,2026-09-21T08:29:09+00:00,2024-05-20
2023-10-26,PG,139.29852294921875,7582100.0,Yahoo Finance,2026-09-21T08:29:09+00:00,2024-05-20
2023-10-27,PG,136.84361267089844,8131800.0,Yahoo Finance,2026-09-21T08:29:09+00:00,2024-05-20
2023-10-30,PG,138.79638671875,5412800.0,Yahoo Finance,2026-09-21T08:29:09+00:00,2024-05-20
2023-10-31,PG,139.51243591308594,6762100.0,Yahoo Finance,2026-09-21T08:29:09+00:00,2024-05-20
2023-11-01,PG,139.12184143066406,5896900.0,Yahoo Finance,2026-09-21T08:29:09+00:00,2024-05-20
2023-11-02,PG,140.82359313964844,5859200.0,Yahoo Finance,2026-09-21T08:29:09+00:00,2024-05-20
2023-11-03,PG,139.54957580566406,6587700.0,Yahoo Finance,2026-09-21T08:29:09+00:00,2024-05-20
2023-11-06,PG,140.35861206054688,6480800.0,Yahoo Finance,2026-09-21T08:29:09+00:00,2024-05-20
2023-11-07,PG,140.0331268310547,6003800.0,Yahoo Finance,2026-09-21T08:29:09+00:00,2024-05-20
2023-11-08,PG,139.4937744140625,4832600.0,Yahoo Finance,2026-09-21T08:29:09+00:00,2024-05-20
2023-11-09,PG,139.80995178222656,6581500.0,Yahoo Finance,2026-09-21T08:29:09+00:00,2024-05-20
2023-11-10,PG,140.79566955566406,5387200.0,Yahoo Finance,2026-09-21T08:29:09+00:00,2024-05-20
2023-11-13,PG,141.7720489501953,6297500.0,Yahoo Finance,2026-09-21T08:29:09+00:00,2024-05-20
2023-11-14,PG,141.45587158203125,7982600.0,Yahoo Finance,2026-09-21T08:29:09+00:00,2024-05-20
2023-11-15,PG,140.8049774169922,7672600.0,Yahoo Finance,2026-09-21T08:29:09+00:00,2024-05-20
2023-11-16,PG,142.11610412597656,7590500.0,Yahoo Finance,2026-09-21T08:29:09+00:00,2024-05-20
2023-11-17,PG,140.47952270507812,8495600.0,Yahoo Finance,2026-09-21T08:29:09+00:00,2024-05-20
2023-11-20,PG,139.73558044433594,6856500.0,Yahoo Finance,2026-09-21T08:29:09+00:00,2024-05-20
2023-11-21,PG,139.12184143066406,7310400.0,Yahoo Finance,2026-09-21T08:29:09+00:00,2024-05-20
2023-11-22,PG,140.43299865722656,4372700.0,Yahoo Finance,2026-09-21T08:29:09+00:00,2024-05-20
2023-11-24,PG,140.7677764892578,2132500.0,Yahoo Finance,2026-09-21T08:29:09+00:00,2024-05-20
2023-11-27,PG,140.6375732421875,6021300.0,Yahoo Finance,2026-09-21T08:29:09+00:00,2024-05-20
2023-11-28,PG,141.6139373779297,6110400.0,Yahoo Finance,2026-09-21T08:29:09+00:00,2024-05-20
2023-11-29,PG,140.53529357910156,5342700.0,Yahoo Finance,2026-09-21T08:29:09+00:00,2024-05-20
2023-11-30,PG,142.7577362060547,9771300.0,Yahoo Finance,2026-09-21T08:29:09+00:00,2024-05-20
2023-12-01,PG,141.9580535888672,5685400.0,Yahoo Finance,2026-09-21T08:29:09+00:00,2024-05-20
2023-12-04,PG,141.4001007080078,6578300.0,Yahoo Finance,2026-09-21T08:29:09+00:00,2024-05-20
2023-12-05,PG,136.4716339111328,11895800.0,Yahoo Finance,2026-09-21T08:29:09+00:00,2024-05-20
2023-12-06,PG,136.36935424804688,7610000.0,Yahoo Finance,2026-09-21T08:29:09+00:00,2024-05-20
2023-12-07,PG,136.22984313964844,6119600.0,Yahoo Finance,2026-09-21T08:29:09+00:00,2024-05-20
2023-12-08,PG,134.97450256347656,6385300.0,Yahoo Finance,2026-09-21T08:29:09+00:00,2024-05-20
2023-12-11,PG,135.59756469726562,8471200.0,Yahoo Finance,2026-09-21T08:29:09+00:00,2024-05-20
2023-12-12,PG,135.70913696289062,6069200.0,Yahoo Finance,2026-09-21T08:29:09+00:00,2024-05-20
2023-12-13,PG,138.16404724121094,9055500.0,Yahoo Finance,2026-09-21T08:29:09+00:00,2024-05-20
2023-12-14,PG,134.5188751220703,10565200.0,Yahoo Finance,2026-09-21T08:29:09+00:00,2024-05-20
2023-12-15,PG,133.867919921875,14550000.0,Yahoo Finance,2026-09-21T08:29:09+00:00,2024-05-20
2023-12-18,PG,135.9229736328125,8421800.0,Yahoo Finance,2026-09-21T08:29:09+00:00,2024-05-20
2023-12-19,PG,135.9229736328125,5233600.0,Yahoo Finance,2026-09-21T08:29:09+00:00,2024-05-20
2023-12-20,PG,133.82144165039062,7663800.0,Yahoo Finance,2026-09-21T08:29:09+00:00,2024-05-20
2023-12-21,PG,134.1468963623047,6104700.0,Yahoo Finance,2026-09-21T08:29:09+00:00,2024-05-20
2023-12-22,PG,135.0953826904297,4413800.0,Yahoo Finance,2026-09-21T08:29:09+00:00,2024-05-20
2023-12-26,PG,135.70913696289062,3634900.0,Yahoo Finance,2026-09-21T08:29:09+00:00,2024-05-20
2023-12-27,PG,135.82070922851562,4569400.0,Yahoo Finance,2026-09-21T08:29:09+00:00,2024-05-20
2023-12-28,PG,135.51385498046875,5023000.0,Yahoo Finance,2026-09-21T08:29:09+00:00,2024-05-20
2023-12-29,PG,136.26707458496094,5300900.0,Yahoo Finance,2026-09-21T08:29:09+00:00,2024-05-20
2024-01-02,PG,138.31285095214844,7238400.0,Yahoo Finance,2026-09-21T08:29:09+00:00,2024-05-20
2024-01-03,PG,137.4759063720703,7697500.0,Yahoo Finance,2026-09-21T08:29:09+00:00,2024-05-20
2024-01-04,PG,138.22914123535156,7067400.0,Yahoo Finance,2026-09-21T08:29:09+00:00,2024-05-20
2024-01-05,PG,137.0853729248047,5294200.0,Yahoo Finance,2026-09-21T08:29:09+00:00,2024-05-20
2024-01-08,PG,138.26634216308594,8255300.0,Yahoo Finance,2026-09-21T08:29:09+00:00,2024-05-20
2024-01-09,PG,138.8335723876953,9786800.0,Yahoo Finance,2026-09-21T08:29:09+00:00,2024-05-20
2024-01-10,PG,139.4287109375,8591100.0,Yahoo Finance,2026-09-21T08:29:09+00:00,2024-05-20
2024-01-11,PG,139.958740234375,6659400.0,Yahoo Finance,2026-09-21T08:29:09+00:00,2024-05-20
2024-01-12,PG,140.0424346923828,5684700.0,Yahoo Finance,2026-09-21T08:29:09+00:00,2024-05-20
2024-01-16,PG,139.28919982910156,8120100.0,Yahoo Finance,2026-09-21T08:29:09+00:00,2024-05-20
2024-01-17,PG,139.4287109375,6541400.0,Yahoo Finance,2026-09-21T08:29:09+00:00,2024-05-20
2024-01-18,PG,138.62490844726562,6526200.0,Yahoo Finance,2026-09-21T08:29:09+00:00,2024-05-20
2024-01-19,PG,138.0915069580078,7848100.0,Yahoo Finance,2026-09-21T08:29:09+00:00,2024-05-20
2024-01-22,PG,138.36285400390625,11084100.0,Yahoo Finance,2026-09-21T08:29:09+00:00,2024-05-20
2024-01-23,PG,144.08978271484375,19101600.0,Yahoo Finance,2026-09-21T08:29:09+00:00,2024-05-20
2024-01-24,PG,142.34922790527344,11592700.0,Yahoo Finance,2026-09-21T08:29:09+00:00,2024-05-20
2024-01-25,PG,145.62445068359375,10352500.0,Yahoo Finance,2026-09-21T08:29:09+00:00,2024-05-20
2024-01-26,PG,146.1110382080078,8356600.0,Yahoo Finance,2026-09-21T08:29:09+00:00,2024-05-20
2024-01-29,PG,146.12977600097656,8987400.0,Yahoo Finance,2026-09-21T08:29:09+00:00,2024-05-20
2024-01-30,PG,147.37432861328125,7794700.0,Yahoo Finance,2026-09-21T08:29:09+00:00,2024-05-20
2024-01-31,PG,147.0467987060547,8870000.0,Yahoo Finance,2026-09-21T08:29:09+00:00,2024-05-20
2024-02-01,PG,148.9557647705078,7601100.0,Yahoo Finance,2026-09-21T08:29:09+00:00,2024-05-20
2024-02-02,PG,147.93576049804688,7937700.0,Yahoo Finance,2026-09-21T08:29:09+00:00,2024-05-20
2024-02-05,PG,148.04808044433594,6931900.0,Yahoo Finance,2026-09-21T08:29:09+00:00,2024-05-20
2024-02-06,PG,148.7499237060547,6185400.0,Yahoo Finance,2026-09-21T08:29:09+00:00,2024-05-20
2024-02-07,PG,148.899658203125,7209300.0,Yahoo Finance,2026-09-21T08:29:09+00:00,2024-05-20
2024-02-08,PG,148.45045471191406,6121600.0,Yahoo Finance,2026-09-21T08:29:09+00:00,2024-05-20
2024-02-09,PG,147.30882263183594,5978000.0,Yahoo Finance,2026-09-21T08:29:09+00:00,2024-05-20
2024-02-12,PG,147.01870727539062,5482000.0,Yahoo Finance,2026-09-21T08:29:09+00:00,2024-05-20
2024-02-13,PG,146.23268127441406,6046800.0,Yahoo Finance,2026-09-21T08:29:09+00:00,2024-05-20
2024-02-14,PG,145.63377380371094,5727300.0,Yahoo Finance,2026-09-21T08:29:09+00:00,2024-05-20
2024-02-15,PG,146.92515563964844,6249200.0,Yahoo Finance,2026-09-21T08:29:09+00:00,2024-05-20
2024-02-16,PG,147.3930206298828,6617600.0,Yahoo Finance,2026-09-21T08:29:09+00:00,2024-05-20
2024-02-20,PG,148.32879638671875,6622100.0,Yahoo Finance,2026-09-21T08:29:09+00:00,2024-05-20
2024-02-21,PG,150.09742736816406,7121000.0,Yahoo Finance,2026-09-21T08:29:09+00:00,2024-05-20
2024-02-22,PG,150.24713134765625,6619500.0,Yahoo Finance,2026-09-21T08:29:09+00:00,2024-05-20
2024-02-23,PG,150.6869354248047,5486500.0,Yahoo Finance,2026-09-21T08:29:09+00:00,2024-05-20
2024-02-26,PG,149.92898559570312,4531900.0,Yahoo Finance,2026-09-21T08:29:09+00:00,2024-05-20
2024-02-27,PG,149.0680694580078,3868200.0,Yahoo Finance,2026-09-21T08:29:09+00:00,2024-05-20
2024-02-28,PG,149.7698974609375,3802900.0,Yahoo Finance,2026-09-21T08:29:09+00:00,2024-05-20
2024-02-29,PG,148.731201171875,8348100.0,Yahoo Finance,2026-09-21T08:29:09+00:00,2024-05-20
2024-03-01,PG,148.64697265625,4819800.0,Yahoo Finance,2026-09-21T08:29:09+00:00,2024-05-20
2024-03-04,PG,149.31137084960938,3841600.0,Yahoo Finance,2026-09-21T08:29:09+00:00,2024-05-20
2024-03-05,PG,149.0867919921875,4481600.0,Yahoo Finance,2026-09-21T08:29:09+00:00,2024-05-20
2024-03-06,PG,149.32073974609375,5405700.0,Yahoo Finance,2026-09-21T08:29:09+00:00,2024-05-20
2024-03-07,PG,150.3032989501953,4783900.0,Yahoo Finance,2026-09-21T08:29:09+00:00,2024-05-20
2024-03-08,PG,150.05064392089844,5080200.0,Yahoo Finance,2026-09-21T08:29:09+00:00,2024-05-20
2024-03-11,PG,151.17355346679688,5170900.0,Yahoo Finance,2026-09-21T08:29:09+00:00,2024-05-20
2024-03-12,PG,151.52914428710938,4229100.0,Yahoo Finance,2026-09-21T08:29:09+00:00,2024-05-20
2024-03-13,PG,151.8754119873047,5410500.0,Yahoo Finance,2026-09-21T08:29:09+00:00,2024-05-20
2024-03-14,PG,151.12677001953125,5848100.0,Yahoo Finance,2026-09-21T08:29:09+00:00,2024-05-20
2024-03-15,PG,151.0144805908203,10956900.0,Yahoo Finance,2026-09-21T08:29:09+00:00,2024-05-20
2024-03-18,PG,150.85540771484375,6086300.0,Yahoo Finance,2026-09-21T08:29:09+00:00,2024-05-20
2024-03-19,PG,151.435546875,6148100.0,Yahoo Finance,2026-09-21T08:29:09+00:00,2024-05-20
2024-03-20,PG,151.58529663085938,4870300.0,Yahoo Finance,2026-09-21T08:29:09+00:00,2024-05-20
2024-03-21,PG,151.46363830566406,5211500.0,Yahoo Finance,2026-09-21T08:29:09+00:00,2024-05-20
2024-03-22,PG,151.2764892578125,6393200.0,Yahoo Finance,2026-09-21T08:29:09+00:00,2024-05-20
2024-03-25,PG,149.90089416503906,7145600.0,Yahoo Finance,2026-09-21T08:29:09+00:00,2024-05-20
2024-03-26,PG,150.23777770996094,5842700.0,Yahoo Finance,2026-09-21T08:29:09+00:00,2024-05-20
2024-03-27,PG,152.16543579101562,6599700.0,Yahoo Finance,2026-09-21T08:29:09+00:00,2024-05-20
2024-03-28,PG,151.82861328125,7191500.0,Yahoo Finance,2026-09-21T08:29:09+00:00,2024-05-20
2024-04-01,PG,150.26585388183594,5971900.0,Yahoo Finance,2026-09-21T08:29:09+00:00,2024-05-20
2024-04-02,PG,150.25650024414062,6771200.0,Yahoo Finance,2026-09-21T08:29:09+00:00,2024-05-20
2024-04-03,PG,146.12037658691406,9601800.0,Yahoo Finance,2026-09-21T08:29:09+00:00,2024-05-20
2024-04-04,PG,145.46536254882812,6801700.0,Yahoo Finance,2026-09-21T08:29:09+00:00,2024-05-20
2024-04-05,PG,146.07362365722656,5121200.0,Yahoo Finance,2026-09-21T08:29:09+00:00,2024-05-20
2024-04-08,PG,146.0174560546875,5476800.0,Yahoo Finance,2026-09-21T08:29:09+00:00,2024-05-20
2024-04-09,PG,146.59764099121094,4608100.0,Yahoo Finance,2026-09-21T08:29:09+00:00,2024-05-20
2024-04-10,PG,147.14036560058594,7784900.0,Yahoo Finance,2026-09-21T08:29:09+00:00,2024-05-20
2024-04-11,PG,145.830322265625,8209800.0,Yahoo Finance,2026-09-21T08:29:09+00:00,2024-05-20
2024-04-12,PG,145.3530731201172,6770500.0,Yahoo Finance,2026-09-21T08:29:09+00:00,2024-05-20
2024-04-15,PG,145.46536254882812,5754000.0,Yahoo Finance,2026-09-21T08:29:09+00:00,2024-05-20
2024-04-16,PG,145.93324279785156,6103300.0,Yahoo Finance,2026-09-21T08:29:09+00:00,2024-05-20
2024-04-17,PG,146.8783721923828,6621900.0,Yahoo Finance,2026-09-21T08:29:09+00:00,2024-05-20
2024-04-18,PG,148.13758850097656,7819300.0,Yahoo Finance,2026-09-21T08:29:09+00:00,2024-05-20
2024-04-19,PG,148.93812561035156,12034200.0,Yahoo Finance,2026-09-21T08:29:09+00:00,2024-05-20
2024-04-22,PG,151.19845581054688,8926300.0,Yahoo Finance,2026-09-21T08:29:09+00:00,2024-05-20
2024-04-23,PG,152.1025848388672,7707300.0,Yahoo Finance,2026-09-21T08:29:09+00:00,2024-05-20
2024-04-24,PG,153.1385955810547,7217600.0,Yahoo Finance,2026-09-21T08:29:09+00:00,2024-05-20
2024-04-25,PG,153.09149169921875,7094600.0,Yahoo Finance,2026-09-21T08:29:09+00:00,2024-05-20
2024-04-26,PG,151.90481567382812,5659800.0,Yahoo Finance,2026-09-21T08:29:09+00:00,2024-05-20
2024-04-29,PG,152.25328063964844,4621000.0,Yahoo Finance,2026-09-21T08:29:09+00:00,2024-05-20
2024-04-30,PG,153.7036590576172,8106100.0,Yahoo Finance,2026-09-21T08:29:09+00:00,2024-05-20
2024-05-01,PG,153.8920440673828,7543000.0,Yahoo Finance,2026-09-21T08:29:09+00:00,2024-05-20
2024-05-02,PG,154.30642700195312,5647500.0,Yahoo Finance,2026-09-21T08:29:09+00:00,2024-05-20
2024-05-03,PG,154.89036560058594,5581500.0,Yahoo Finance,2026-09-21T08:29:09+00:00,2024-05-20
2024-05-06,PG,154.87152099609375,5472400.0,Yahoo Finance,2026-09-21T08:29:09+00:00,2024-05-20
2024-05-07,PG,156.11471557617188,6433000.0,Yahoo Finance,2026-09-21T08:29:09+00:00,2024-05-20
2024-05-08,PG,155.46487426757812,4579400.0,Yahoo Finance,2026-09-21T08:29:09+00:00,2024-05-20
2024-05-09,PG,156.37841796875,4671100.0,Yahoo Finance,2026-09-21T08:29:09+00:00,2024-05-20
2024-05-10,PG,157.14129638671875,4879400.0,Yahoo Finance,2026-09-21T08:29:09+00:00,2024-05-20
2024-05-13,PG,156.21832275390625,5725500.0,Yahoo Finance,2026-09-21T08:29:09+00:00,2024-05-20
2024-05-14,PG,156.11471557617188,6009800.0,Yahoo Finance,2026-09-21T08:29:09+00:00,2024-05-20
2024-05-15,PG,156.82107543945312,5102700.0,Yahoo Finance,2026-09-21T08:29:09+00:00,2024-05-20
2024-05-16,PG,158.09251403808594,6793600.0,Yahoo Finance,2026-09-21T08:29:09+00:00,2024-05-20
2024-05-17,PG,157.88534545898438,4700800.0,Yahoo Finance,2026-09-21T08:29:09+00:00,2024-05-20
2024-05-20,PG,157.57452392578125,3804600.0,Yahoo Finance,2026-09-21T08:29:09+00:00,2024-05-20
2023-04-17,PJT,71.03441619873047,211600.0,Yahoo Finance,2026-09-21T08:29:09+00:00,2024-05-20
2023-04-18,PJT,71.51051330566406,179100.0,Yahoo Finance,2026-09-21T08:29:09+00:00,2024-05-20
2023-04-19,PJT,71.52994537353516,93100.0,Yahoo Finance,2026-09-21T08:29:09+00:00,2024-05-20
2023-04-20,PJT,71.95743560791016,141800.0,Yahoo Finance,2026-09-21T08:29:09+00:00,2024-05-20
2023-04-21,PJT,72.89990234375,119000.0,Yahoo Finance,2026-09-21T08:29:09+00:00,2024-05-20
2023-04-24,PJT,72.57926940917969,109000.0,Yahoo Finance,2026-09-21T08:29:09+00:00,2024-05-20
2023-04-25,PJT,70.83037567138672,108500.0,Yahoo Finance,2026-09-21T08:29:09+00:00,2024-05-20
2023-04-26,PJT,68.60539245605469,201700.0,Yahoo Finance,2026-09-21T08:29:09+00:00,2024-05-20
2023-04-27,PJT,67.15768432617188,217900.0,Yahoo Finance,2026-09-21T08:29:09+00:00,2024-05-20
2023-04-28,PJT,66.817626953125,254000.0,Yahoo Finance,2026-09-21T08:29:09+00:00,2024-05-20
2023-05-01,PJT,67.8475341796875,313500.0,Yahoo Finance,2026-09-21T08:29:09+00:00,2024-05-20
2023-05-02,PJT,62.35793685913086,532900.0,Yahoo Finance,2026-09-21T08:29:09+00:00,2024-05-20
2023-05-03,PJT,59.95805358886719,392800.0,Yahoo Finance,2026-09-21T08:29:09+00:00,2024-05-20
2023-05-04,PJT,59.85118103027344,494200.0,Yahoo Finance,2026-09-21T08:29:09+00:00,2024-05-20
2023-05-05,PJT,60.42443084716797,318800.0,Yahoo Finance,2026-09-21T08:29:09+00:00,2024-05-20
2023-05-08,PJT,60.064937591552734,222400.0,Yahoo Finance,2026-09-21T08:29:09+00:00,2024-05-20
2023-05-09,PJT,59.89976501464844,177200.0,Yahoo Finance,2026-09-21T08:29:09+00:00,2024-05-20
2023-05-10,PJT,61.211429595947266,209600.0,Yahoo Finance,2026-09-21T08:29:09+00:00,2024-05-20
2023-05-11,PJT,60.453582763671875,247900.0,Yahoo Finance,2026-09-21T08:29:09+00:00,2024-05-20
2023-05-12,PJT,60.69648361206055,274500.0,Yahoo Finance,2026-09-21T08:29:09+00:00,2024-05-20
2023-05-15,PJT,62.18305206298828,249200.0,Yahoo Finance,2026-09-21T08:29:09+00:00,2024-05-20
2023-05-16,PJT,61.74582290649414,254600.0,Yahoo Finance,2026-09-21T08:29:09+00:00,2024-05-20
2023-05-17,PJT,63.834781646728516,257500.0,Yahoo Finance,2026-09-21T08:29:09+00:00,2024-05-20
2023-05-18,PJT,63.37813186645508,171400.0,Yahoo Finance,2026-09-21T08:29:09+00:00,2024-05-20
2023-05-19,PJT,63.3004035949707,154700.0,Yahoo Finance,2026-09-21T08:29:09+00:00,2024-05-20
2023-05-22,PJT,64.61207580566406,165500.0,Yahoo Finance,2026-09-21T08:29:09+00:00,2024-05-20
2023-05-23,PJT,65.5545425415039,168900.0,Yahoo Finance,2026-09-21T08:29:09+00:00,2024-05-20
2023-05-24,PJT,64.81610870361328,165800.0,Yahoo Finance,2026-09-21T08:29:09+00:00,2024-05-20
2023-05-25,PJT,65.0395736694336,146100.0,Yahoo Finance,2026-09-21T08:29:09+00:00,2024-05-20
2023-05-26,PJT,65.6128158569336,115200.0,Yahoo Finance,2026-09-21T08:29:09+00:00,2024-05-20
2023-05-30,PJT,65.90431213378906,172400.0,Yahoo Finance,2026-09-21T08:29:09+00:00,2024-05-20
2023-05-31,PJT,65.48651885986328,196700.0,Yahoo Finance,2026-09-21T08:29:09+00:00,2024-05-20
2023-06-01,PJT,65.02013397216797,184000.0,Yahoo Finance,2026-09-21T08:29:09+00:00,2024-05-20
2023-06-02,PJT,66.5747299194336,251800.0,Yahoo Finance,2026-09-21T08:29:09+00:00,2024-05-20
2023-06-05,PJT,65.8848648071289,165100.0,Yahoo Finance,2026-09-21T08:29:09+00:00,2024-05-20
2023-06-06,PJT,67.6304931640625,169500.0,Yahoo Finance,2026-09-21T08:29:09+00:00,2024-05-20
2023-06-07,PJT,69.8051986694336,210400.0,Yahoo Finance,2026-09-21T08:29:09+00:00,2024-05-20
2023-06-08,PJT,69.71743774414062,125900.0,Yahoo Finance,2026-09-21T08:29:09+00:00,2024-05-20
2023-06-09,PJT,69.88323211669922,143900.0,Yahoo Finance,2026-09-21T08:29:09+00:00,2024-05-20
2023-06-12,PJT,69.35660552978516,168300.0,Yahoo Finance,2026-09-21T08:29:09+00:00,2024-05-20
2023-06-13,PJT,70.73164367675781,175700.0,Yahoo Finance,2026-09-21T08:29:09+00:00,2024-05-20
2023-06-14,PJT,71.22900390625,196100.0,Yahoo Finance,2026-09-21T08:29:09+00:00,2024-05-20
2023-06-15,PJT,71.31678009033203,162300.0,Yahoo Finance,2026-09-21T08:29:09+00:00,2024-05-20
2023-06-16,PJT,69.98075866699219,353700.0,Yahoo Finance,2026-09-21T08:29:09+00:00,2024-05-20
2023-06-20,PJT,70.23429107666016,158400.0,Yahoo Finance,2026-09-21T08:29:09+00:00,2024-05-20
2023-06-21,PJT,70.01974487304688,150900.0,Yahoo Finance,2026-09-21T08:29:09+00:00,2024-05-20
2023-06-22,PJT,69.72718811035156,101800.0,Yahoo Finance,2026-09-21T08:29:09+00:00,2024-05-20
2023-06-23,PJT,68.73248291015625,315600.0,Yahoo Finance,2026-09-21T08:29:09+00:00,2024-05-20
2023-06-26,PJT,68.78124237060547,153800.0,Yahoo Finance,2026-09-21T08:29:09+00:00,2024-05-20
2023-06-27,PJT,69.00553894042969,133700.0,Yahoo Finance,2026-09-21T08:29:09+00:00,2024-05-20
2023-06-28,PJT,68.42041778564453,153600.0,Yahoo Finance,2026-09-21T08:29:09+00:00,2024-05-20
2023-06-29,PJT,69.07379913330078,110000.0,Yahoo Finance,2026-09-21T08:29:09+00:00,2024-05-20
2023-06-30,PJT,67.91331481933594,124900.0,Yahoo Finance,2026-09-21T08:29:09+00:00,2024-05-20
2023-07-03,PJT,68.53744506835938,87100.0,Yahoo Finance,2026-09-21T08:29:09+00:00,2024-05-20
2023-07-05,PJT,66.88934326171875,177900.0,Yahoo Finance,2026-09-21T08:29:09+00:00,2024-05-20
2023-07-06,PJT,67.29893493652344,221800.0,Yahoo Finance,2026-09-21T08:29:09+00:00,2024-05-20
2023-07-07,PJT,68.58621215820312,196600.0,Yahoo Finance,2026-09-21T08:29:09+00:00,2024-05-20
2023-07-10,PJT,69.8051986694336,172400.0,Yahoo Finance,2026-09-21T08:29:09+00:00,2024-05-20
2023-07-11,PJT,71.47279357910156,300200.0,Yahoo Finance,2026-09-21T08:29:09+00:00,2024-05-20
2023-07-12,PJT,73.11115264892578,222800.0,Yahoo Finance,2026-09-21T08:29:09+00:00,2024-05-20
2023-07-13,PJT,73.21841430664062,286100.0,Yahoo Finance,2026-09-21T08:29:09+00:00,2024-05-20
2023-07-14,PJT,74.26190185546875,338700.0,Yahoo Finance,2026-09-21T08:29:09+00:00,2024-05-20
2023-07-17,PJT,74.27167510986328,416000.0,Yahoo Finance,2026-09-21T08:29:09+00:00,2024-05-20
2023-07-18,PJT,75.14933776855469,206600.0,Yahoo Finance,2026-09-21T08:29:09+00:00,2024-05-20
2023-07-19,PJT,75.5101547241211,127500.0,Yahoo Finance,2026-09-21T08:29:09+00:00,2024-05-20
2023-07-20,PJT,76.33908081054688,225900.0,Yahoo Finance,2026-09-21T08:29:09+00:00,2024-05-20
2023-07-21,PJT,75.82222747802734,190600.0,Yahoo Finance,2026-09-21T08:29:09+00:00,2024-05-20
2023-07-24,PJT,75.98799896240234,353000.0,Yahoo Finance,2026-09-21T08:29:09+00:00,2024-05-20
2023-07-25,PJT,80.96156311035156,766000.0,Yahoo Finance,2026-09-21T08:29:09+00:00,2024-05-20
2023-07-26,PJT,80.35693359375,429200.0,Yahoo Finance,2026-09-21T08:29:09+00:00,2024-05-20
2023-07-27,PJT,76.37808227539062,431400.0,Yahoo Finance,2026-09-21T08:29:09+00:00,2024-05-20
2023-07-28,PJT,75.91973114013672,189600.0,Yahoo Finance,2026-09-21T08:29:09+00:00,2024-05-20
2023-07-31,PJT,77.34355163574219,199900.0,Yahoo Finance,2026-09-21T08:29:09+00:00,2024-05-20
2023-08-01,PJT,78.62107849121094,225500.0,Yahoo Finance,2026-09-21T08:29:09+00:00,2024-05-20
2023-08-02,PJT,78.89411926269531,318000.0,Yahoo Finance,2026-09-21T08:29:09+00:00,2024-05-20
2023-08-03,PJT,78.77710723876953,175100.0,Yahoo Finance,2026-09-21T08:29:09+00:00,2024-05-20
2023-08-04,PJT,78.75758361816406,144400.0,Yahoo Finance,2026-09-21T08:29:09+00:00,2024-05-20
2023-08-07,PJT,78.0066909790039,138400.0,Yahoo Finance,2026-09-21T08:29:09+00:00,2024-05-20
2023-08-08,PJT,77.19725036621094,175800.0,Yahoo Finance,2026-09-21T08:29:09+00:00,2024-05-20
2023-08-09,PJT,77.08997344970703,137700.0,Yahoo Finance,2026-09-21T08:29:09+00:00,2024-05-20
2023-08-10,PJT,76.66090393066406,99900.0,Yahoo Finance,2026-09-21T08:29:09+00:00,2024-05-20
2023-08-11,PJT,76.34884643554688,74400.0,Yahoo Finance,2026-09-21T08:29:09+00:00,2024-05-20
2023-08-14,PJT,75.40288543701172,100400.0,Yahoo Finance,2026-09-21T08:29:09+00:00,2024-05-20
2023-08-15,PJT,74.61297607421875,129600.0,Yahoo Finance,2026-09-21T08:29:09+00:00,2024-05-20
2023-08-16,PJT,74.51544952392578,130300.0,Yahoo Finance,2026-09-21T08:29:09+00:00,2024-05-20
2023-08-17,PJT,73.7840576171875,131700.0,Yahoo Finance,2026-09-21T08:29:09+00:00,2024-05-20
2023-08-18,PJT,74.18387603759766,148800.0,Yahoo Finance,2026-09-21T08:29:09+00:00,2024-05-20
2023-08-21,PJT,73.39396667480469,58500.0,Yahoo Finance,2026-09-21T08:29:09+00:00,2024-05-20
2023-08-22,PJT,73.36469268798828,142000.0,Yahoo Finance,2026-09-21T08:29:09+00:00,2024-05-20
2023-08-23,PJT,73.49147033691406,107200.0,Yahoo Finance,2026-09-21T08:29:09+00:00,2024-05-20
2023-08-24,PJT,73.60850524902344,115900.0,Yahoo Finance,2026-09-21T08:29:09+00:00,2024-05-20
2023-08-25,PJT,74.1351089477539,136300.0,Yahoo Finance,2026-09-21T08:29:09+00:00,2024-05-20
2023-08-28,PJT,74.87628173828125,177600.0,Yahoo Finance,2026-09-21T08:29:09+00:00,2024-05-20
2023-08-29,PJT,76.25131225585938,130700.0,Yahoo Finance,2026-09-21T08:29:09+00:00,2024-05-20
2023-08-30,PJT,76.55362701416016,161600.0,Yahoo Finance,2026-09-21T08:29:09+00:00,2024-05-20
2023-08-31,PJT,77.03147888183594,183800.0,Yahoo Finance,2026-09-21T08:29:09+00:00,2024-05-20
2023-09-01,PJT,77.67511749267578,140000.0,Yahoo Finance,2026-09-21T08:29:09+00:00,2024-05-20
2023-09-05,PJT,75.35659790039062,238900.0,Yahoo Finance,2026-09-21T08:29:09+00:00,2024-05-20
2023-09-06,PJT,73.24352264404297,271800.0,Yahoo Finance,2026-09-21T08:29:09+00:00,2024-05-20
2023-09-07,PJT,73.8011474609375,133500.0,Yahoo Finance,2026-09-21T08:29:09+00:00,2024-05-20
2023-09-08,PJT,75.6109619140625,131900.0,Yahoo Finance,2026-09-21T08:29:09+00:00,2024-05-20
2023-09-11,PJT,75.52288818359375,153400.0,Yahoo Finance,2026-09-21T08:29:09+00:00,2024-05-20
2023-09-12,PJT,76.3740005493164,114300.0,Yahoo Finance,2026-09-21T08:29:09+00:00,2024-05-20
2023-09-13,PJT,77.12728118896484,178700.0,Yahoo Finance,2026-09-21T08:29:09+00:00,2024-05-20
2023-09-14,PJT,79.13275146484375,221800.0,Yahoo Finance,2026-09-21T08:29:09+00:00,2024-05-20
2023-09-15,PJT,77.80228424072266,541200.0,Yahoo Finance,2026-09-21T08:29:09+00:00,2024-05-20
2023-09-18,PJT,77.87076568603516,145500.0,Yahoo Finance,2026-09-21T08:29:09+00:00,2024-05-20
2023-09-19,PJT,77.81208801269531,155900.0,Yahoo Finance,2026-09-21T08:29:09+00:00,2024-05-20
2023-09-20,PJT,77.52838134765625,96400.0,Yahoo Finance,2026-09-21T08:29:09+00:00,2024-05-20
2023-09-21,PJT,76.69684600830078,171900.0,Yahoo Finance,2026-09-21T08:29:09+00:00,2024-05-20
2023-09-22,PJT,75.83595275878906,107600.0,Yahoo Finance,2026-09-21T08:29:09+00:00,2024-05-20
2023-09-25,PJT,75.84573364257812,90400.0,Yahoo Finance,2026-09-21T08:29:09+00:00,2024-05-20
2023-09-26,PJT,75.34679412841797,116300.0,Yahoo Finance,2026-09-21T08:29:09+00:00,2024-05-20
2023-09-27,PJT,77.05879974365234,209100.0,Yahoo Finance,2026-09-21T08:29:09+00:00,2024-05-20
2023-09-28,PJT,79.2599105834961,307600.0,Yahoo Finance,2026-09-21T08:29:09+00:00,2024-05-20
2023-09-29,PJT,77.71424102783203,145400.0,Yahoo Finance,2026-09-21T08:29:09+00:00,2024-05-20
2023-10-02,PJT,77.2935791015625,228200.0,Yahoo Finance,2026-09-21T08:29:09+00:00,2024-05-20
2023-10-03,PJT,75.59138488769531,181300.0,Yahoo Finance,2026-09-21T08:29:09+00:00,2024-05-20
2023-10-04,PJT,75.17072296142578,188600.0,Yahoo Finance,2026-09-21T08:29:09+00:00,2024-05-20
2023-10-05,PJT,76.36421966552734,119600.0,Yahoo Finance,2026-09-21T08:29:09+00:00,2024-05-20
2023-10-06,PJT,76.27617645263672,126800.0,Yahoo Finance,2026-09-21T08:29:09+00:00,2024-05-20
2023-10-09,PJT,77.2838134765625,86900.0,Yahoo Finance,2026-09-21T08:29:09+00:00,2024-05-20
2023-10-10,PJT,77.03924560546875,128800.0,Yahoo Finance,2026-09-21T08:29:09+00:00,2024-05-20
2023-10-11,PJT,77.33271026611328,96100.0,Yahoo Finance,2026-09-21T08:29:09+00:00,2024-05-20
2023-10-12,PJT,77.02944946289062,118400.0,Yahoo Finance,2026-09-21T08:29:09+00:00,2024-05-20
2023-10-13,PJT,75.5522689819336,74200.0,Yahoo Finance,2026-09-21T08:29:09+00:00,2024-05-20
2023-10-16,PJT,76.06096649169922,68400.0,Yahoo Finance,2026-09-21T08:29:09+00:00,2024-05-20
2023-10-17,PJT,75.76747131347656,130000.0,Yahoo Finance,2026-09-21T08:29:09+00:00,2024-05-20
2023-10-18,PJT,74.19244384765625,80300.0,Yahoo Finance,2026-09-21T08:29:09+00:00,2024-05-20
2023-10-19,PJT,73.82069396972656,168000.0,Yahoo Finance,2026-09-21T08:29:09+00:00,2024-05-20
2023-10-20,PJT,72.58808898925781,120600.0,Yahoo Finance,2026-09-21T08:29:09+00:00,2024-05-20
2023-10-23,PJT,72.47067260742188,152100.0,Yahoo Finance,2026-09-21T08:29:09+00:00,2024-05-20
2023-10-24,PJT,71.84458923339844,134300.0,Yahoo Finance,2026-09-21T08:29:09+00:00,2024-05-20
2023-10-25,PJT,70.16195678710938,185600.0,Yahoo Finance,2026-09-21T08:29:09+00:00,2024-05-20
2023-10-26,PJT,70.5434799194336,183400.0,Yahoo Finance,2026-09-21T08:29:09+00:00,2024-05-20
2023-10-27,PJT,70.79784393310547,190800.0,Yahoo Finance,2026-09-21T08:29:09+00:00,2024-05-20
2023-10-30,PJT,71.67829132080078,232200.0,Yahoo Finance,2026-09-21T08:29:09+00:00,2024-05-20
2023-10-31,PJT,76.65770721435547,301800.0,Yahoo Finance,2026-09-21T08:29:09+00:00,2024-05-20
2023-11-01,PJT,78.82947540283203,223000.0,Yahoo Finance,2026-09-21T08:29:09+00:00,2024-05-20
2023-11-02,PJT,80.17950439453125,311400.0,Yahoo Finance,2026-09-21T08:29:09+00:00,2024-05-20
2023-11-03,PJT,81.28494262695312,212800.0,Yahoo Finance,2026-09-21T08:29:09+00:00,2024-05-20
2023-11-06,PJT,81.09908294677734,164800.0,Yahoo Finance,2026-09-21T08:29:09+00:00,2024-05-20
2023-11-07,PJT,80.66863250732422,204300.0,Yahoo Finance,2026-09-21T08:29:09+00:00,2024-05-20
2023-11-08,PJT,80.46320343017578,143200.0,Yahoo Finance,2026-09-21T08:29:09+00:00,2024-05-20
2023-11-09,PJT,79.82731628417969,141900.0,Yahoo Finance,2026-09-21T08:29:09+00:00,2024-05-20
2023-11-10,PJT,81.21646881103516,124500.0,Yahoo Finance,2026-09-21T08:29:09+00:00,2024-05-20
2023-11-13,PJT,81.22625732421875,111900.0,Yahoo Finance,2026-09-21T08:29:09+00:00,2024-05-20
2023-11-14,PJT,83.23172760009766,211600.0,Yahoo Finance,2026-09-21T08:29:09+00:00,2024-05-20
2023-11-15,PJT,83.32955169677734,258000.0,Yahoo Finance,2026-09-21T08:29:09+00:00,2024-05-20
2023-11-16,PJT,82.73280334472656,203200.0,Yahoo Finance,2026-09-21T08:29:09+00:00,2024-05-20
2023-11-17,PJT,82.18496704101562,152100.0,Yahoo Finance,2026-09-21T08:29:09+00:00,2024-05-20
2023-11-20,PJT,81.813232421875,238600.0,Yahoo Finance,2026-09-21T08:29:09+00:00,2024-05-20
2023-11-21,PJT,81.83279418945312,89700.0,Yahoo Finance,2026-09-21T08:29:09+00:00,2024-05-20
2023-11-22,PJT,83.67195129394531,190000.0,Yahoo Finance,2026-09-21T08:29:09+00:00,2024-05-20
2023-11-24,PJT,84.24913024902344,40300.0,Yahoo Finance,2026-09-21T08:29:09+00:00,2024-05-20
2023-11-27,PJT,85.97088623046875,156800.0,Yahoo Finance,2026-09-21T08:29:09+00:00,2024-05-20
2023-11-28,PJT,84.10237884521484,289600.0,Yahoo Finance,2026-09-21T08:29:09+00:00,2024-05-20
2023-11-29,PJT,85.09044647216797,136100.0,Yahoo Finance,2026-09-21T08:29:09+00:00,2024-05-20
2023-11-30,PJT,88.10354614257812,409300.0,Yahoo Finance,2026-09-21T08:29:09+00:00,2024-05-20
2023-12-01,PJT,88.01548767089844,315600.0,Yahoo Finance,2026-09-21T08:29:09+00:00,2024-05-20
2023-12-04,PJT,95.1177749633789,1058900.0,Yahoo Finance,2026-09-21T08:29:09+00:00,2024-05-20
2023-12-05,PJT,92.94039916992188,528100.0,Yahoo Finance,2026-09-21T08:29:09+00:00,2024-05-20
2023-12-06,PJT,92.98943328857422,322300.0,Yahoo Finance,2026-09-21T08:29:09+00:00,2024-05-20
2023-12-07,PJT,94.21543884277344,306200.0,Yahoo Finance,2026-09-21T08:29:09+00:00,2024-05-20
2023-12-08,PJT,95.2060546875,371500.0,Yahoo Finance,2026-09-21T08:29:09+00:00,2024-05-20
2023-12-11,PJT,95.08834838867188,382300.0,Yahoo Finance,2026-09-21T08:29:09+00:00,2024-05-20
2023-12-12,PJT,95.5689468383789,321800.0,Yahoo Finance,2026-09-21T08:29:09+00:00,2024-05-20
2023-12-13,PJT,96.82437133789062,424700.0,Yahoo Finance,2026-09-21T08:29:09+00:00,2024-05-20
2023-12-14,PJT,98.04055786132812,458500.0,Yahoo Finance,2026-09-21T08:29:09+00:00,2024-05-20
2023-12-15,PJT,99.63925170898438,4236200.0,Yahoo Finance,2026-09-21T08:29:09+00:00,2024-05-20
2023-12-18,PJT,97.3637924194336,461100.0,Yahoo Finance,2026-09-21T08:29:09+00:00,2024-05-20
2023-12-19,PJT,97.60900115966797,276700.0,Yahoo Finance,2026-09-21T08:29:09+00:00,2024-05-20
2023-12-20,PJT,96.12800598144531,340700.0,Yahoo Finance,2026-09-21T08:29:09+00:00,2024-05-20
2023-12-21,PJT,96.59878540039062,215800.0,Yahoo Finance,2026-09-21T08:29:09+00:00,2024-05-20
2023-12-22,PJT,97.98171997070312,246500.0,Yahoo Finance,2026-09-21T08:29:09+00:00,2024-05-20
2023-12-26,PJT,99.68828582763672,128200.0,Yahoo Finance,2026-09-21T08:29:09+00:00,2024-05-20
2023-12-27,PJT,101.08104705810547,174600.0,Yahoo Finance,2026-09-21T08:29:09+00:00,2024-05-20
2023-12-28,PJT,101.00257110595703,154700.0,Yahoo Finance,2026-09-21T08:29:09+00:00,2024-05-20
2023-12-29,PJT,99.91387176513672,146000.0,Yahoo Finance,2026-09-21T08:29:09+00:00,2024-05-20
2024-01-02,PJT,98.50153350830078,249300.0,Yahoo Finance,2026-09-21T08:29:09+00:00,2024-05-20
2024-01-03,PJT,95.55913543701172,323700.0,Yahoo Finance,2026-09-21T08:29:09+00:00,2024-05-20
2024-01-04,PJT,94.75487518310547,189700.0,Yahoo Finance,2026-09-21T08:29:09+00:00,2024-05-20
2024-01-05,PJT,93.88197326660156,256500.0,Yahoo Finance,2026-09-21T08:29:09+00:00,2024-05-20
2024-01-08,PJT,94.6469955444336,220700.0,Yahoo Finance,2026-09-21T08:29:09+00:00,2024-05-20
2024-01-09,PJT,93.93101501464844,290100.0,Yahoo Finance,2026-09-21T08:29:09+00:00,2024-05-20
2024-01-10,PJT,91.99884033203125,273400.0,Yahoo Finance,2026-09-21T08:29:09+00:00,2024-05-20
2024-01-11,PJT,93.14636993408203,397100.0,Yahoo Finance,2026-09-21T08:29:09+00:00,2024-05-20
2024-01-12,PJT,93.24445343017578,151200.0,Yahoo Finance,2026-09-21T08:29:09+00:00,2024-05-20
2024-01-16,PJT,94.35275268554688,183500.0,Yahoo Finance,2026-09-21T08:29:09+00:00,2024-05-20
2024-01-17,PJT,94.82353973388672,177500.0,Yahoo Finance,2026-09-21T08:29:09+00:00,2024-05-20
2024-01-18,PJT,94.74507141113281,134600.0,Yahoo Finance,2026-09-21T08:29:09+00:00,2024-05-20
2024-01-19,PJT,96.20645141601562,155100.0,Yahoo Finance,2026-09-21T08:29:09+00:00,2024-05-20
2024-01-22,PJT,97.90324401855469,220500.0,Yahoo Finance,2026-09-21T08:29:09+00:00,2024-05-20
2024-01-23,PJT,96.74588775634766,167000.0,Yahoo Finance,2026-09-21T08:29:09+00:00,2024-05-20
2024-01-24,PJT,96.65763854980469,137000.0,Yahoo Finance,2026-09-21T08:29:09+00:00,2024-05-20
2024-01-25,PJT,94.94123077392578,301000.0,Yahoo Finance,2026-09-21T08:29:09+00:00,2024-05-20
2024-01-26,PJT,94.98046112060547,162600.0,Yahoo Finance,2026-09-21T08:29:09+00:00,2024-05-20
2024-01-29,PJT,96.78514099121094,210200.0,Yahoo Finance,2026-09-21T08:29:09+00:00,2024-05-20
2024-01-30,PJT,96.38298797607422,166000.0,Yahoo Finance,2026-09-21T08:29:09+00:00,2024-05-20
2024-01-31,PJT,94.32333374023438,183600.0,Yahoo Finance,2026-09-21T08:29:09+00:00,2024-05-20
2024-02-01,PJT,96.40263366699219,200200.0,Yahoo Finance,2026-09-21T08:29:09+00:00,2024-05-20
2024-02-02,PJT,98.09939575195312,325700.0,Yahoo Finance,2026-09-21T08:29:09+00:00,2024-05-20
2024-02-05,PJT,96.63801574707031,341700.0,Yahoo Finance,2026-09-21T08:29:09+00:00,2024-05-20
2024-02-06,PJT,94.29389953613281,419000.0,Yahoo Finance,2026-09-21T08:29:09+00:00,2024-05-20
2024-02-07,PJT,91.88114166259766,428100.0,Yahoo Finance,2026-09-21T08:29:09+00:00,2024-05-20
2024-02-08,PJT,93.5877456665039,330100.0,Yahoo Finance,2026-09-21T08:29:09+00:00,2024-05-20
2024-02-09,PJT,95.51990509033203,313400.0,Yahoo Finance,2026-09-21T08:29:09+00:00,2024-05-20
2024-02-12,PJT,97.06954956054688,317000.0,Yahoo Finance,2026-09-21T08:29:09+00:00,2024-05-20
2024-02-13,PJT,95.71604919433594,376600.0,Yahoo Finance,2026-09-21T08:29:09+00:00,2024-05-20
2024-02-14,PJT,99.14885711669922,411700.0,Yahoo Finance,2026-09-21T08:29:09+00:00,2024-05-20
2024-02-15,PJT,101.54199981689453,271000.0,Yahoo Finance,2026-09-21T08:29:09+00:00,2024-05-20
2024-02-16,PJT,101.27718353271484,273200.0,Yahoo Finance,2026-09-21T08:29:09+00:00,2024-05-20
2024-02-20,PJT,100.8554458618164,199700.0,Yahoo Finance,2026-09-21T08:29:09+00:00,2024-05-20
2024-02-21,PJT,99.4136734008789,187900.0,Yahoo Finance,2026-09-21T08:29:09+00:00,2024-05-20
2024-02-22,PJT,101.22814178466797,210400.0,Yahoo Finance,2026-09-21T08:29:09+00:00,2024-05-20
2024-02-23,PJT,102.1697006225586,235600.0,Yahoo Finance,2026-09-21T08:29:09+00:00,2024-05-20
2024-02-26,PJT,101.88528442382812,155300.0,Yahoo Finance,2026-09-21T08:29:09+00:00,2024-05-20
2024-02-27,PJT,102.39530181884766,367900.0,Yahoo Finance,2026-09-21T08:29:09+00:00,2024-05-20
2024-02-28,PJT,102.96415710449219,162900.0,Yahoo Finance,2026-09-21T08:29:09+00:00,2024-05-20
2024-02-29,PJT,103.3760986328125,187400.0,Yahoo Finance,2026-09-21T08:29:09+00:00,2024-05-20
2024-03-01,PJT,102.67973327636719,219500.0,Yahoo Finance,2026-09-21T08:29:09+00:00,2024-05-20
2024-03-04,PJT,99.73733520507812,641700.0,Yahoo Finance,2026-09-21T08:29:09+00:00,2024-05-20
2024-03-05,PJT,97.69225311279297,324500.0,Yahoo Finance,2026-09-21T08:29:09+00:00,2024-05-20
2024-03-06,PJT,97.45626831054688,289200.0,Yahoo Finance,2026-09-21T08:29:09+00:00,2024-05-20
2024-03-07,PJT,97.98721313476562,261900.0,Yahoo Finance,2026-09-21T08:29:09+00:00,2024-05-20
2024-03-08,PJT,98.42965698242188,261900.0,Yahoo Finance,2026-09-21T08:29:09+00:00,2024-05-20
2024-03-11,PJT,97.50544738769531,272400.0,Yahoo Finance,2026-09-21T08:29:09+00:00,2024-05-20
2024-03-12,PJT,95.89295959472656,240100.0,Yahoo Finance,2026-09-21T08:29:09+00:00,2024-05-20
2024-03-13,PJT,96.01094818115234,359300.0,Yahoo Finance,2026-09-21T08:29:09+00:00,2024-05-20
2024-03-14,PJT,95.3816909790039,216600.0,Yahoo Finance,2026-09-21T08:29:09+00:00,2024-05-20
2024-03-15,PJT,95.00806427001953,485000.0,Yahoo Finance,2026-09-21T08:29:09+00:00,2024-05-20
2024-03-18,PJT,94.56561279296875,165100.0,Yahoo Finance,2026-09-21T08:29:09+00:00,2024-05-20
2024-03-19,PJT,95.22437286376953,132500.0,Yahoo Finance,2026-09-21T08:29:09+00:00,2024-05-20
2024-03-20,PJT,93.44475555419922,322900.0,Yahoo Finance,2026-09-21T08:29:09+00:00,2024-05-20
2024-03-21,PJT,94.28048706054688,438200.0,Yahoo Finance,2026-09-21T08:29:09+00:00,2024-05-20
2024-03-22,PJT,92.34354400634766,246000.0,Yahoo Finance,2026-09-21T08:29:09+00:00,2024-05-20
2024-03-25,PJT,91.79295349121094,240800.0,Yahoo Finance,2026-09-21T08:29:09+00:00,2024-05-20
2024-03-26,PJT,89.28575897216797,604300.0,Yahoo Finance,2026-09-21T08:29:09+00:00,2024-05-20
2024-03-27,PJT,92.481201171875,476000.0,Yahoo Finance,2026-09-21T08:29:09+00:00,2024-05-20
2024-03-28,PJT,92.6778564453125,311300.0,Yahoo Finance,2026-09-21T08:29:09+00:00,2024-05-20
2024-04-01,PJT,93.4742431640625,315000.0,Yahoo Finance,2026-09-21T08:29:09+00:00,2024-05-20
2024-04-02,PJT,92.86465454101562,320700.0,Yahoo Finance,2026-09-21T08:29:09+00:00,2024-05-20
2024-04-03,PJT,92.64834594726562,258100.0,Yahoo Finance,2026-09-21T08:29:09+00:00,2024-05-20
2024-04-04,PJT,93.38577270507812,244400.0,Yahoo Finance,2026-09-21T08:29:09+00:00,2024-05-20
2024-04-05,PJT,94.99823760986328,165900.0,Yahoo Finance,2026-09-21T08:29:09+00:00,2024-05-20
2024-04-08,PJT,95.37184143066406,195300.0,Yahoo Finance,2026-09-21T08:29:09+00:00,2024-05-20
2024-04-09,PJT,95.82412719726562,365700.0,Yahoo Finance,2026-09-21T08:29:09+00:00,2024-05-20
2024-04-10,PJT,94.66394805908203,220000.0,Yahoo Finance,2026-09-21T08:29:09+00:00,2024-05-20
2024-04-11,PJT,94.3394775390625,258700.0,Yahoo Finance,2026-09-21T08:29:09+00:00,2024-05-20
2024-04-12,PJT,91.45866394042969,315900.0,Yahoo Finance,2026-09-21T08:29:09+00:00,2024-05-20
2024-04-15,PJT,90.61309051513672,171000.0,Yahoo Finance,2026-09-21T08:29:09+00:00,2024-05-20
2024-04-16,PJT,90.60325622558594,134800.0,Yahoo Finance,2026-09-21T08:29:09+00:00,2024-05-20
2024-04-17,PJT,90.67208862304688,162100.0,Yahoo Finance,2026-09-21T08:29:09+00:00,2024-05-20
2024-04-18,PJT,89.7183837890625,272700.0,Yahoo Finance,2026-09-21T08:29:09+00:00,2024-05-20
2024-04-19,PJT,90.21981048583984,260500.0,Yahoo Finance,2026-09-21T08:29:09+00:00,2024-05-20
2024-04-22,PJT,93.79871368408203,299400.0,Yahoo Finance,2026-09-21T08:29:09+00:00,2024-05-20
2024-04-23,PJT,94.24115753173828,146100.0,Yahoo Finance,2026-09-21T08:29:09+00:00,2024-05-20
2024-04-24,PJT,94.32965850830078,178500.0,Yahoo Finance,2026-09-21T08:29:09+00:00,2024-05-20
2024-04-25,PJT,93.70040130615234,307000.0,Yahoo Finance,2026-09-21T08:29:09+00:00,2024-05-20
2024-04-26,PJT,92.51071166992188,288900.0,Yahoo Finance,2026-09-21T08:29:09+00:00,2024-05-20
2024-04-29,PJT,93.67089080810547,250300.0,Yahoo Finance,2026-09-21T08:29:09+00:00,2024-05-20
2024-04-30,PJT,92.90397644042969,241800.0,Yahoo Finance,2026-09-21T08:29:09+00:00,2024-05-20
2024-05-01,PJT,91.96993255615234,999000.0,Yahoo Finance,2026-09-21T08:29:09+00:00,2024-05-20
2024-05-02,PJT,96.8073501586914,625300.0,Yahoo Finance,2026-09-21T08:29:09+00:00,2024-05-20
2024-05-03,PJT,97.8593978881836,339100.0,Yahoo Finance,2026-09-21T08:29:09+00:00,2024-05-20
2024-05-06,PJT,97.69225311279297,230700.0,Yahoo Finance,2026-09-21T08:29:09+00:00,2024-05-20
2024-05-07,PJT,97.76106262207031,233700.0,Yahoo Finance,2026-09-21T08:29:09+00:00,2024-05-20
2024-05-08,PJT,97.67259216308594,140200.0,Yahoo Finance,2026-09-21T08:29:09+00:00,2024-05-20
2024-05-09,PJT,98.58696746826172,320000.0,Yahoo Finance,2026-09-21T08:29:09+00:00,2024-05-20
2024-05-10,PJT,99.56036376953125,175900.0,Yahoo Finance,2026-09-21T08:29:09+00:00,2024-05-20
2024-05-13,PJT,99.30472564697266,147300.0,Yahoo Finance,2026-09-21T08:29:09+00:00,2024-05-20
2024-05-14,PJT,99.550537109375,133000.0,Yahoo Finance,2026-09-21T08:29:09+00:00,2024-05-20
2024-05-15,PJT,98.98027038574219,148000.0,Yahoo Finance,2026-09-21T08:29:09+00:00,2024-05-20
2024-05-16,PJT,97.90855407714844,129100.0,Yahoo Finance,2026-09-21T08:29:09+00:00,2024-05-20
2024-05-17,PJT,99.52103424072266,212500.0,Yahoo Finance,2026-09-21T08:29:09+00:00,2024-05-20
2024-05-20,PJT,101.6054458618164,269200.0,Yahoo Finance,2026-09-21T08:29:09+00:00,2024-05-20
2023-04-17,UNH,470.79449462890625,3660900.0,Yahoo Finance,2026-09-21T08:29:09+00:00,2024-05-20
2023-04-18,UNH,469.9839782714844,3232000.0,Yahoo Finance,2026-09-21T08:29:09+00:00,2024-05-20
2023-04-19,UNH,452.9539794921875,5809100.0,Yahoo Finance,2026-09-21T08:29:09+00:00,2024-05-20
2023-04-20,UNH,454.12774658203125,3283000.0,Yahoo Finance,2026-09-21T08:29:09+00:00,2024-05-20
2023-04-21,UNH,450.7367248535156,3165300.0,Yahoo Finance,2026-09-21T08:29:09+00:00,2024-05-20
2023-04-24,UNH,455.506591796875,2322400.0,Yahoo Finance,2026-09-21T08:29:09+00:00,2024-05-20
2023-04-25,UNH,458.2828369140625,2937300.0,Yahoo Finance,2026-09-21T08:29:09+00:00,2024-05-20
2023-04-26,UNH,449.9261779785156,2930000.0,Yahoo Finance,2026-09-21T08:29:09+00:00,2024-05-20
2023-04-27,UNH,456.9320068359375,2473200.0,Yahoo Finance,2026-09-21T08:29:09+00:00,2024-05-20
2023-04-28,UNH,458.441162109375,2398900.0,Yahoo Finance,2026-09-21T08:29:09+00:00,2024-05-20
2023-05-01,UNH,461.8043212890625,2105600.0,Yahoo Finance,2026-09-21T08:29:09+00:00,2024-05-20
2023-05-02,UNH,459.6523132324219,2152300.0,Yahoo Finance,2026-09-21T08:29:09+00:00,2024-05-20
2023-05-03,UNH,455.9723815917969,1749700.0,Yahoo Finance,2026-09-21T08:29:09+00:00,2024-05-20
2023-05-04,UNH,453.9600524902344,2555700.0,Yahoo Finance,2026-09-21T08:29:09+00:00,2024-05-20
2023-05-05,UNH,460.4814147949219,2329400.0,Yahoo Finance,2026-09-21T08:29:09+00:00,2024-05-20
2023-05-08,UNH,458.9349365234375,1738500.0,Yahoo Finance,2026-09-21T08:29:09+00:00,2024-05-20
2023-05-09,UNH,456.84814453125,2038600.0,Yahoo Finance,2026-09-21T08:29:09+00:00,2024-05-20
2023-05-10,UNH,456.5592956542969,2018700.0,Yahoo Finance,2026-09-21T08:29:09+00:00,2024-05-20
2023-05-11,UNH,455.3388977050781,2384200.0,Yahoo Finance,2026-09-21T08:29:09+00:00,2024-05-20
2023-05-12,UNH,457.63995361328125,1536500.0,Yahoo Finance,2026-09-21T08:29:09+00:00,2024-05-20
2023-05-15,UNH,453.56878662109375,2169700.0,Yahoo Finance,2026-09-21T08:29:09+00:00,2024-05-20
2023-05-16,UNH,446.9171142578125,2178900.0,Yahoo Finance,2026-09-21T08:29:09+00:00,2024-05-20
2023-05-17,UNH,451.6589660644531,2682000.0,Yahoo Finance,2026-09-21T08:29:09+00:00,2024-05-20
2023-05-18,UNH,446.46051025390625,3040100.0,Yahoo Finance,2026-09-21T08:29:09+00:00,2024-05-20
2023-05-19,UNH,446.07855224609375,2317900.0,Yahoo Finance,2026-09-21T08:29:09+00:00,2024-05-20
2023-05-22,UNH,447.7555236816406,2242800.0,Yahoo Finance,2026-09-21T08:29:09+00:00,2024-05-20
2023-05-23,UNH,446.6561584472656,2874200.0,Yahoo Finance,2026-09-21T08:29:09+00:00,2024-05-20
2023-05-24,UNH,447.951171875,1904700.0,Yahoo Finance,2026-09-21T08:29:09+00:00,2024-05-20
2023-05-25,UNH,445.0351867675781,2684100.0,Yahoo Finance,2026-09-21T08:29:09+00:00,2024-05-20
2023-05-26,UNH,448.593994140625,3135200.0,Yahoo Finance,2026-09-21T08:29:09+00:00,2024-05-20
2023-05-30,UNH,447.03814697265625,3180800.0,Yahoo Finance,2026-09-21T08:29:09+00:00,2024-05-20
2023-05-31,UNH,453.9228210449219,4944100.0,Yahoo Finance,2026-09-21T08:29:09+00:00,2024-05-20
2023-06-01,UNH,459.8758850097656,3376600.0,Yahoo Finance,2026-09-21T08:29:09+00:00,2024-05-20
2023-06-02,UNH,465.4189758300781,3064500.0,Yahoo Finance,2026-09-21T08:29:09+00:00,2024-05-20
2023-06-05,UNH,464.12408447265625,2688800.0,Yahoo Finance,2026-09-21T08:29:09+00:00,2024-05-20
2023-06-06,UNH,454.2303161621094,3816600.0,Yahoo Finance,2026-09-21T08:29:09+00:00,2024-05-20
2023-06-07,UNH,449.16229248046875,4381700.0,Yahoo Finance,2026-09-21T08:29:09+00:00,2024-05-20
2023-06-08,UNH,456.70843505859375,2725900.0,Yahoo Finance,2026-09-21T08:29:09+00:00,2024-05-20
2023-06-09,UNH,459.86651611328125,3174100.0,Yahoo Finance,2026-09-21T08:29:09+00:00,2024-05-20
2023-06-12,UNH,458.9070129394531,2207700.0,Yahoo Finance,2026-09-21T08:29:09+00:00,2024-05-20
2023-06-13,UNH,457.71453857421875,3016600.0,Yahoo Finance,2026-09-21T08:29:09+00:00,2024-05-20
2023-06-14,UNH,428.4150390625,14672400.0,Yahoo Finance,2026-09-21T08:29:09+00:00,2024-05-20
2023-06-15,UNH,435.8144226074219,6798100.0,Yahoo Finance,2026-09-21T08:29:09+00:00,2024-05-20
2023-06-16,UNH,428.8921813964844,7699100.0,Yahoo Finance,2026-09-21T08:29:09+00:00,2024-05-20
2023-06-20,UNH,439.0885009765625,4597700.0,Yahoo Finance,2026-09-21T08:29:09+00:00,2024-05-20
2023-06-21,UNH,445.9734191894531,4886500.0,Yahoo Finance,2026-09-21T08:29:09+00:00,2024-05-20
2023-06-22,UNH,448.1249084472656,3179000.0,Yahoo Finance,2026-09-21T08:29:09+00:00,2024-05-20
2023-06-23,UNH,446.2072448730469,4862600.0,Yahoo Finance,2026-09-21T08:29:09+00:00,2024-05-20
2023-06-26,UNH,448.1342468261719,2968300.0,Yahoo Finance,2026-09-21T08:29:09+00:00,2024-05-20
2023-06-27,UNH,451.4082336425781,3693200.0,Yahoo Finance,2026-09-21T08:29:09+00:00,2024-05-20
2023-06-28,UNH,443.8218078613281,3670100.0,Yahoo Finance,2026-09-21T08:29:09+00:00,2024-05-20
2023-06-29,UNH,445.683349609375,2979300.0,Yahoo Finance,2026-09-21T08:29:09+00:00,2024-05-20
2023-06-30,UNH,449.6122741699219,3970400.0,Yahoo Finance,2026-09-21T08:29:09+00:00,2024-05-20
2023-07-03,UNH,447.0304260253906,1915700.0,Yahoo Finance,2026-09-21T08:29:09+00:00,2024-05-20
2023-07-05,UNH,440.80035400390625,5053100.0,Yahoo Finance,2026-09-21T08:29:09+00:00,2024-05-20
2023-07-06,UNH,439.0603942871094,3913600.0,Yahoo Finance,2026-09-21T08:29:09+00:00,2024-05-20
2023-07-07,UNH,431.7826232910156,4131600.0,Yahoo Finance,2026-09-21T08:29:09+00:00,2024-05-20
2023-07-10,UNH,433.1578063964844,4339200.0,Yahoo Finance,2026-09-21T08:29:09+00:00,2024-05-20
2023-07-11,UNH,433.00811767578125,3086800.0,Yahoo Finance,2026-09-21T08:29:09+00:00,2024-05-20
2023-07-12,UNH,422.5404357910156,7287600.0,Yahoo Finance,2026-09-21T08:29:09+00:00,2024-05-20
2023-07-13,UNH,418.8454895019531,7276800.0,Yahoo Finance,2026-09-21T08:29:09+00:00,2024-05-20
2023-07-14,UNH,449.1725769042969,11379300.0,Yahoo Finance,2026-09-21T08:29:09+00:00,2024-05-20
2023-07-17,UNH,452.83013916015625,4582000.0,Yahoo Finance,2026-09-21T08:29:09+00:00,2024-05-20
2023-07-18,UNH,467.7224426269531,8816400.0,Yahoo Finance,2026-09-21T08:29:09+00:00,2024-05-20
2023-07-19,UNH,471.18365478515625,4956500.0,Yahoo Finance,2026-09-21T08:29:09+00:00,2024-05-20
2023-07-20,UNH,471.6887512207031,2963100.0,Yahoo Finance,2026-09-21T08:29:09+00:00,2024-05-20
2023-07-21,UNH,473.8309020996094,2887300.0,Yahoo Finance,2026-09-21T08:29:09+00:00,2024-05-20
2023-07-24,UNH,475.8421325683594,2279000.0,Yahoo Finance,2026-09-21T08:29:09+00:00,2024-05-20
2023-07-25,UNH,477.9468688964844,2730600.0,Yahoo Finance,2026-09-21T08:29:09+00:00,2024-05-20
2023-07-26,UNH,475.20599365234375,3697200.0,Yahoo Finance,2026-09-21T08:29:09+00:00,2024-05-20
2023-07-27,UNH,472.6148376464844,3028300.0,Yahoo Finance,2026-09-21T08:29:09+00:00,2024-05-20
2023-07-28,UNH,470.4446105957031,2930000.0,Yahoo Finance,2026-09-21T08:29:09+00:00,2024-05-20
2023-07-31,UNH,473.6811828613281,2441600.0,Yahoo Finance,2026-09-21T08:29:09+00:00,2024-05-20
2023-08-01,UNH,472.156494140625,2161200.0,Yahoo Finance,2026-09-21T08:29:09+00:00,2024-05-20
2023-08-02,UNH,472.2125549316406,3220500.0,Yahoo Finance,2026-09-21T08:29:09+00:00,2024-05-20
2023-08-03,UNH,472.2686767578125,2442900.0,Yahoo Finance,2026-09-21T08:29:09+00:00,2024-05-20
2023-08-04,UNH,470.2762451171875,2411200.0,Yahoo Finance,2026-09-21T08:29:09+00:00,2024-05-20
2023-08-07,UNH,477.7691345214844,2430900.0,Yahoo Finance,2026-09-21T08:29:09+00:00,2024-05-20
2023-08-08,UNH,473.2041320800781,2422600.0,Yahoo Finance,2026-09-21T08:29:09+00:00,2024-05-20
2023-08-09,UNH,469.6962890625,1916900.0,Yahoo Finance,2026-09-21T08:29:09+00:00,2024-05-20
2023-08-10,UNH,470.97784423828125,2179700.0,Yahoo Finance,2026-09-21T08:29:09+00:00,2024-05-20
2023-08-11,UNH,475.21533203125,2029600.0,Yahoo Finance,2026-09-21T08:29:09+00:00,2024-05-20
2023-08-14,UNH,477.9468688964844,2127200.0,Yahoo Finance,2026-09-21T08:29:09+00:00,2024-05-20
2023-08-15,UNH,473.9806213378906,1817500.0,Yahoo Finance,2026-09-21T08:29:09+00:00,2024-05-20
2023-08-16,UNH,471.0526428222656,1454100.0,Yahoo Finance,2026-09-21T08:29:09+00:00,2024-05-20
2023-08-17,UNH,462.0723876953125,3009500.0,Yahoo Finance,2026-09-21T08:29:09+00:00,2024-05-20
2023-08-18,UNH,466.2631530761719,2364400.0,Yahoo Finance,2026-09-21T08:29:09+00:00,2024-05-20
2023-08-21,UNH,465.55218505859375,1533500.0,Yahoo Finance,2026-09-21T08:29:09+00:00,2024-05-20
2023-08-22,UNH,460.55694580078125,2079400.0,Yahoo Finance,2026-09-21T08:29:09+00:00,2024-05-20
2023-08-23,UNH,457.8442077636719,2011400.0,Yahoo Finance,2026-09-21T08:29:09+00:00,2024-05-20
2023-08-24,UNH,456.5906982421875,2311100.0,Yahoo Finance,2026-09-21T08:29:09+00:00,2024-05-20
2023-08-25,UNH,457.5447998046875,1923500.0,Yahoo Finance,2026-09-21T08:29:09+00:00,2024-05-20
2023-08-28,UNH,459.56536865234375,1344500.0,Yahoo Finance,2026-09-21T08:29:09+00:00,2024-05-20
2023-08-29,UNH,461.0153503417969,2113700.0,Yahoo Finance,2026-09-21T08:29:09+00:00,2024-05-20
2023-08-30,UNH,459.7992858886719,2283400.0,Yahoo Finance,2026-09-21T08:29:09+00:00,2024-05-20
2023-08-31,UNH,445.8143310546875,4927700.0,Yahoo Finance,2026-09-21T08:29:09+00:00,2024-05-20
2023-09-01,UNH,445.4963073730469,3165900.0,Yahoo Finance,2026-09-21T08:29:09+00:00,2024-05-20
2023-09-05,UNH,449.771240234375,3443300.0,Yahoo Finance,2026-09-21T08:29:09+00:00,2024-05-20
2023-09-06,UNH,446.1510925292969,2596100.0,Yahoo Finance,2026-09-21T08:29:09+00:00,2024-05-20
2023-09-07,UNH,453.5130310058594,2928000.0,Yahoo Finance,2026-09-21T08:29:09+00:00,2024-05-20
2023-09-08,UNH,451.484619140625,1858400.0,Yahoo Finance,2026-09-21T08:29:09+00:00,2024-05-20
2023-09-11,UNH,450.1792907714844,2059200.0,Yahoo Finance,2026-09-21T08:29:09+00:00,2024-05-20
2023-09-12,UNH,450.6676330566406,2195200.0,Yahoo Finance,2026-09-21T08:29:09+00:00,2024-05-20
2023-09-13,UNH,450.6112976074219,2197800.0,Yahoo Finance,2026-09-21T08:29:09+00:00,2024-05-20
2023-09-14,UNH,454.1422424316406,2334300.0,Yahoo Finance,2026-09-21T08:29:09+00:00,2024-05-20
2023-09-15,UNH,457.05340576171875,5334300.0,Yahoo Finance,2026-09-21T08:29:09+00:00,2024-05-20
2023-09-18,UNH,456.4524230957031,1997500.0,Yahoo Finance,2026-09-21T08:29:09+00:00,2024-05-20
2023-09-19,UNH,451.38134765625,3230700.0,Yahoo Finance,2026-09-21T08:29:09+00:00,2024-05-20
2023-09-20,UNH,462.15264892578125,3724800.0,Yahoo Finance,2026-09-21T08:29:09+00:00,2024-05-20
2023-09-21,UNH,470.6138000488281,4703900.0,Yahoo Finance,2026-09-21T08:29:09+00:00,2024-05-20
2023-09-22,UNH,475.271728515625,4558500.0,Yahoo Finance,2026-09-21T08:29:09+00:00,2024-05-20
2023-09-25,UNH,479.1970520019531,2758500.0,Yahoo Finance,2026-09-21T08:29:09+00:00,2024-05-20
2023-09-26,UNH,474.6612854003906,2420200.0,Yahoo Finance,2026-09-21T08:29:09+00:00,2024-05-20
2023-09-27,UNH,473.0461120605469,2593700.0,Yahoo Finance,2026-09-21T08:29:09+00:00,2024-05-20
2023-09-28,UNH,479.0280456542969,2922000.0,Yahoo Finance,2026-09-21T08:29:09+00:00,2024-05-20
2023-09-29,UNH,473.47802734375,3006200.0,Yahoo Finance,2026-09-21T08:29:09+00:00,2024-05-20
2023-10-02,UNH,483.22576904296875,3550400.0,Yahoo Finance,2026-09-21T08:29:09+00:00,2024-05-20
2023-10-03,UNH,478.4364013671875,3143200.0,Yahoo Finance,2026-09-21T08:29:09+00:00,2024-05-20
2023-10-04,UNH,479.5163269042969,2801700.0,Yahoo Finance,2026-09-21T08:29:09+00:00,2024-05-20
2023-10-05,UNH,484.7846374511719,2790700.0,Yahoo Finance,2026-09-21T08:29:09+00:00,2024-05-20
2023-10-06,UNH,492.8420104980469,3647200.0,Yahoo Finance,2026-09-21T08:29:09+00:00,2024-05-20
2023-10-09,UNH,494.4385070800781,2341600.0,Yahoo Finance,2026-09-21T08:29:09+00:00,2024-05-20
2023-10-10,UNH,492.3067626953125,2455700.0,Yahoo Finance,2026-09-21T08:29:09+00:00,2024-05-20
2023-10-11,UNH,492.2034606933594,2819300.0,Yahoo Finance,2026-09-21T08:29:09+00:00,2024-05-20
2023-10-12,UNH,493.5274353027344,2377300.0,Yahoo Finance,2026-09-21T08:29:09+00:00,2024-05-20
2023-10-13,UNH,506.543212890625,5245400.0,Yahoo Finance,2026-09-21T08:29:09+00:00,2024-05-20
2023-10-16,UNH,505.25677490234375,3827600.0,Yahoo Finance,2026-09-21T08:29:09+00:00,2024-05-20
2023-10-17,UNH,503.9608459472656,2586000.0,Yahoo Finance,2026-09-21T08:29:09+00:00,2024-05-20
2023-10-18,UNH,503.40673828125,2551400.0,Yahoo Finance,2026-09-21T08:29:09+00:00,2024-05-20
2023-10-19,UNH,499.2465515136719,2351200.0,Yahoo Finance,2026-09-21T08:29:09+00:00,2024-05-20
2023-10-20,UNH,494.92681884765625,2811100.0,Yahoo Finance,2026-09-21T08:29:09+00:00,2024-05-20
2023-10-23,UNH,489.7993469238281,2357700.0,Yahoo Finance,2026-09-21T08:29:09+00:00,2024-05-20
2023-10-24,UNH,493.0204772949219,1978200.0,Yahoo Finance,2026-09-21T08:29:09+00:00,2024-05-20
2023-10-25,UNH,497.9131164550781,2380100.0,Yahoo Finance,2026-09-21T08:29:09+00:00,2024-05-20
2023-10-26,UNH,496.1756896972656,2675800.0,Yahoo Finance,2026-09-21T08:29:09+00:00,2024-05-20
2023-10-27,UNH,492.7010498046875,2585600.0,Yahoo Finance,2026-09-21T08:29:09+00:00,2024-05-20
2023-10-30,UNH,497.70648193359375,2555400.0,Yahoo Finance,2026-09-21T08:29:09+00:00,2024-05-20
2023-10-31,UNH,502.93719482421875,2464200.0,Yahoo Finance,2026-09-21T08:29:09+00:00,2024-05-20
2023-11-01,UNH,499.21832275390625,2747400.0,Yahoo Finance,2026-09-21T08:29:09+00:00,2024-05-20
2023-11-02,UNH,503.472412109375,2350900.0,Yahoo Finance,2026-09-21T08:29:09+00:00,2024-05-20
2023-11-03,UNH,498.56103515625,2739500.0,Yahoo Finance,2026-09-21T08:29:09+00:00,2024-05-20
2023-11-06,UNH,500.9650573730469,2684900.0,Yahoo Finance,2026-09-21T08:29:09+00:00,2024-05-20
2023-11-07,UNH,505.0688781738281,2604800.0,Yahoo Finance,2026-09-21T08:29:09+00:00,2024-05-20
2023-11-08,UNH,504.03582763671875,1769200.0,Yahoo Finance,2026-09-21T08:29:09+00:00,2024-05-20
2023-11-09,UNH,506.1676940917969,1819600.0,Yahoo Finance,2026-09-21T08:29:09+00:00,2024-05-20
2023-11-10,UNH,508.2430419921875,2480800.0,Yahoo Finance,2026-09-21T08:29:09+00:00,2024-05-20
2023-11-13,UNH,509.5202331542969,1507900.0,Yahoo Finance,2026-09-21T08:29:09+00:00,2024-05-20
2023-11-14,UNH,507.53875732421875,2454000.0,Yahoo Finance,2026-09-21T08:29:09+00:00,2024-05-20
2023-11-15,UNH,505.61358642578125,2473700.0,Yahoo Finance,2026-09-21T08:29:09+00:00,2024-05-20
2023-11-16,UNH,506.9376525878906,2360300.0,Yahoo Finance,2026-09-21T08:29:09+00:00,2024-05-20
2023-11-17,UNH,503.6227111816406,2676900.0,Yahoo Finance,2026-09-21T08:29:09+00:00,2024-05-20
2023-11-20,UNH,502.5051574707031,2518400.0,Yahoo Finance,2026-09-21T08:29:09+00:00,2024-05-20
2023-11-21,UNH,506.72161865234375,2115700.0,Yahoo Finance,2026-09-21T08:29:09+00:00,2024-05-20
2023-11-22,UNH,510.6376953125,2234500.0,Yahoo Finance,2026-09-21T08:29:09+00:00,2024-05-20
2023-11-24,UNH,513.774169921875,1135000.0,Yahoo Finance,2026-09-21T08:29:09+00:00,2024-05-20
2023-11-27,UNH,510.4779968261719,2675800.0,Yahoo Finance,2026-09-21T08:29:09+00:00,2024-05-20
2023-11-28,UNH,507.60443115234375,2859300.0,Yahoo Finance,2026-09-21T08:29:09+00:00,2024-05-20
2023-11-29,UNH,502.3924865722656,4550000.0,Yahoo Finance,2026-09-21T08:29:09+00:00,2024-05-20
2023-11-30,UNH,519.2866821289062,7121200.0,Yahoo Finance,2026-09-21T08:29:09+00:00,2024-05-20
2023-12-01,UNH,515.58349609375,3462200.0,Yahoo Finance,2026-09-21T08:29:09+00:00,2024-05-20
2023-12-04,UNH,516.638916015625,2709200.0,Yahoo Finance,2026-09-21T08:29:09+00:00,2024-05-20
2023-12-05,UNH,518.5045166015625,2645600.0,Yahoo Finance,2026-09-21T08:29:09+00:00,2024-05-20
2023-12-06,UNH,517.8167114257812,2239700.0,Yahoo Finance,2026-09-21T08:29:09+00:00,2024-05-20
2023-12-07,UNH,516.6294555664062,2511700.0,Yahoo Finance,2026-09-21T08:29:09+00:00,2024-05-20
2023-12-08,UNH,518.0429077148438,2039900.0,Yahoo Finance,2026-09-21T08:29:09+00:00,2024-05-20
2023-12-11,UNH,512.3043212890625,3655300.0,Yahoo Finance,2026-09-21T08:29:09+00:00,2024-05-20
2023-12-12,UNH,514.2265625,2706100.0,Yahoo Finance,2026-09-21T08:29:09+00:00,2024-05-20
2023-12-13,UNH,517.3267211914062,2876600.0,Yahoo Finance,2026-09-21T08:29:09+00:00,2024-05-20
2023-12-14,UNH,503.4091796875,5386800.0,Yahoo Finance,2026-09-21T08:29:09+00:00,2024-05-20
2023-12-15,UNH,500.4691162109375,9030100.0,Yahoo Finance,2026-09-21T08:29:09+00:00,2024-05-20
2023-12-18,UNH,496.1628112792969,3260300.0,Yahoo Finance,2026-09-21T08:29:09+00:00,2024-05-20
2023-12-19,UNH,493.7976989746094,3645600.0,Yahoo Finance,2026-09-21T08:29:09+00:00,2024-05-20
2023-12-20,UNH,486.15576171875,3847800.0,Yahoo Finance,2026-09-21T08:29:09+00:00,2024-05-20
2023-12-21,UNH,489.8778076171875,2491600.0,Yahoo Finance,2026-09-21T08:29:09+00:00,2024-05-20
2023-12-22,UNH,490.2829895019531,1759500.0,Yahoo Finance,2026-09-21T08:29:09+00:00,2024-05-20
2023-12-26,UNH,490.0191955566406,1390800.0,Yahoo Finance,2026-09-21T08:29:09+00:00,2024-05-20
2023-12-27,UNH,492.6198425292969,1851800.0,Yahoo Finance,2026-09-21T08:29:09+00:00,2024-05-20
2023-12-28,UNH,494.608154296875,2001000.0,Yahoo Finance,2026-09-21T08:29:09+00:00,2024-05-20
2023-12-29,UNH,496.0874328613281,2080100.0,Yahoo Finance,2026-09-21T08:29:09+00:00,2024-05-20
2024-01-02,UNH,508.2147521972656,3415700.0,Yahoo Finance,2026-09-21T08:29:09+00:00,2024-05-20
2024-01-03,UNH,510.7496643066406,2891400.0,Yahoo Finance,2026-09-21T08:29:09+00:00,2024-05-20
2024-01-04,UNH,513.9439086914062,2994400.0,Yahoo Finance,2026-09-21T08:29:09+00:00,2024-05-20
2024-01-05,UNH,506.3680725097656,2815400.0,Yahoo Finance,2026-09-21T08:29:09+00:00,2024-05-20
2024-01-08,UNH,505.55743408203125,2648900.0,Yahoo Finance,2026-09-21T08:29:09+00:00,2024-05-20
2024-01-09,UNH,507.3008117675781,2677000.0,Yahoo Finance,2026-09-21T08:29:09+00:00,2024-05-20
2024-01-10,UNH,506.6129150390625,2180000.0,Yahoo Finance,2026-09-21T08:29:09+00:00,2024-05-20
2024-01-11,UNH,508.5351257324219,2814100.0,Yahoo Finance,2026-09-21T08:29:09+00:00,2024-05-20
2024-01-12,UNH,491.4137878417969,6327300.0,Yahoo Finance,2026-09-21T08:29:09+00:00,2024-05-20
2024-01-16,UNH,489.19000244140625,3736700.0,Yahoo Finance,2026-09-21T08:29:09+00:00,2024-05-20
2024-01-17,UNH,494.64581298828125,3791300.0,Yahoo Finance,2026-09-21T08:29:09+00:00,2024-05-20
2024-01-18,UNH,486.5421142578125,7367000.0,Yahoo Finance,2026-09-21T08:29:09+00:00,2024-05-20
2024-01-19,UNH,474.4996337890625,6143400.0,Yahoo Finance,2026-09-21T08:29:09+00:00,2024-05-20
2024-01-22,UNH,483.38543701171875,5922900.0,Yahoo Finance,2026-09-21T08:29:09+00:00,2024-05-20
2024-01-23,UNH,485.7694396972656,2672900.0,Yahoo Finance,2026-09-21T08:29:09+00:00,2024-05-20
2024-01-24,UNH,483.61163330078125,2918800.0,Yahoo Finance,2026-09-21T08:29:09+00:00,2024-05-20
2024-01-25,UNH,464.926025390625,14671000.0,Yahoo Finance,2026-09-21T08:29:09+00:00,2024-05-20
2024-01-26,UNH,474.1604309082031,6212200.0,Yahoo Finance,2026-09-21T08:29:09+00:00,2024-05-20
2024-01-29,UNH,475.423095703125,4554100.0,Yahoo Finance,2026-09-21T08:29:09+00:00,2024-05-20
2024-01-30,UNH,474.5467224121094,4931200.0,Yahoo Finance,2026-09-21T08:29:09+00:00,2024-05-20
2024-01-31,UNH,482.2075500488281,5358100.0,Yahoo Finance,2026-09-21T08:29:09+00:00,2024-05-20
2024-02-01,UNH,477.8730773925781,4242600.0,Yahoo Finance,2026-09-21T08:29:09+00:00,2024-05-20
2024-02-02,UNH,480.7847900390625,3804500.0,Yahoo Finance,2026-09-21T08:29:09+00:00,2024-05-20
2024-02-05,UNH,473.93426513671875,3646300.0,Yahoo Finance,2026-09-21T08:29:09+00:00,2024-05-20
2024-02-06,UNH,481.1993103027344,2745400.0,Yahoo Finance,2026-09-21T08:29:09+00:00,2024-05-20
2024-02-07,UNH,489.4161071777344,4109100.0,Yahoo Finance,2026-09-21T08:29:09+00:00,2024-05-20
2024-02-08,UNH,490.0757751464844,3343000.0,Yahoo Finance,2026-09-21T08:29:09+00:00,2024-05-20
2024-02-09,UNH,488.3135986328125,2715400.0,Yahoo Finance,2026-09-21T08:29:09+00:00,2024-05-20
2024-02-12,UNH,487.76708984375,3194000.0,Yahoo Finance,2026-09-21T08:29:09+00:00,2024-05-20
2024-02-13,UNH,487.022705078125,3436000.0,Yahoo Finance,2026-09-21T08:29:09+00:00,2024-05-20
2024-02-14,UNH,487.10748291015625,1918500.0,Yahoo Finance,2026-09-21T08:29:09+00:00,2024-05-20
2024-02-15,UNH,490.8200988769531,2292100.0,Yahoo Finance,2026-09-21T08:29:09+00:00,2024-05-20
2024-02-16,UNH,491.45147705078125,2135500.0,Yahoo Finance,2026-09-21T08:29:09+00:00,2024-05-20
2024-02-20,UNH,490.9896240234375,2600200.0,Yahoo Finance,2026-09-21T08:29:09+00:00,2024-05-20
2024-02-21,UNH,491.8471374511719,2095900.0,Yahoo Finance,2026-09-21T08:29:09+00:00,2024-05-20
2024-02-22,UNH,496.1158142089844,3186800.0,Yahoo Finance,2026-09-21T08:29:09+00:00,2024-05-20
2024-02-23,UNH,496.8131408691406,2502000.0,Yahoo Finance,2026-09-21T08:29:09+00:00,2024-05-20
2024-02-26,UNH,495.0038757324219,2308900.0,Yahoo Finance,2026-09-21T08:29:09+00:00,2024-05-20
2024-02-27,UNH,483.79058837890625,3780600.0,Yahoo Finance,2026-09-21T08:29:09+00:00,2024-05-20
2024-02-28,UNH,469.52435302734375,9558600.0,Yahoo Finance,2026-09-21T08:29:09+00:00,2024-05-20
2024-02-29,UNH,465.11444091796875,6833200.0,Yahoo Finance,2026-09-21T08:29:09+00:00,2024-05-20
2024-03-01,UNH,461.279296875,7315000.0,Yahoo Finance,2026-09-21T08:29:09+00:00,2024-05-20
2024-03-04,UNH,454.0613708496094,5239800.0,Yahoo Finance,2026-09-21T08:29:09+00:00,2024-05-20
2024-03-05,UNH,445.8446350097656,5296200.0,Yahoo Finance,2026-09-21T08:29:09+00:00,2024-05-20
2024-03-06,UNH,445.32635498046875,5577500.0,Yahoo Finance,2026-09-21T08:29:09+00:00,2024-05-20
2024-03-07,UNH,451.149658203125,5102000.0,Yahoo Finance,2026-09-21T08:29:09+00:00,2024-05-20
2024-03-08,UNH,450.83746337890625,4673600.0,Yahoo Finance,2026-09-21T08:29:09+00:00,2024-05-20
2024-03-11,UNH,462.73828125,4410100.0,Yahoo Finance,2026-09-21T08:29:09+00:00,2024-05-20
2024-03-12,UNH,462.92742919921875,4153800.0,Yahoo Finance,2026-09-21T08:29:09+00:00,2024-05-20
2024-03-13,UNH,461.6503601074219,3669000.0,Yahoo Finance,2026-09-21T08:29:09+00:00,2024-05-20
2024-03-14,UNH,462.5963439941406,3378500.0,Yahoo Finance,2026-09-21T08:29:09+00:00,2024-05-20
2024-03-15,UNH,464.3180847167969,5713500.0,Yahoo Finance,2026-09-21T08:29:09+00:00,2024-05-20
2024-03-18,UNH,460.7516174316406,2970500.0,Yahoo Finance,2026-09-21T08:29:09+00:00,2024-05-20
2024-03-19,UNH,466.6830749511719,2511700.0,Yahoo Finance,2026-09-21T08:29:09+00:00,2024-05-20
2024-03-20,UNH,467.5439758300781,3548200.0,Yahoo Finance,2026-09-21T08:29:09+00:00,2024-05-20
2024-03-21,UNH,465.14111328125,3693400.0,Yahoo Finance,2026-09-21T08:29:09+00:00,2024-05-20
2024-03-22,UNH,463.6085205078125,2847300.0,Yahoo Finance,2026-09-21T08:29:09+00:00,2024-05-20
2024-03-25,UNH,459.64483642578125,2786100.0,Yahoo Finance,2026-09-21T08:29:09+00:00,2024-05-20
2024-03-26,UNH,465.7276306152344,3113300.0,Yahoo Finance,2026-09-21T08:29:09+00:00,2024-05-20
2024-03-27,UNH,466.4749450683594,2653100.0,Yahoo Finance,2026-09-21T08:29:09+00:00,2024-05-20
2024-03-28,UNH,467.98858642578125,3820000.0,Yahoo Finance,2026-09-21T08:29:09+00:00,2024-05-20
2024-04-01,UNH,463.2585754394531,2928700.0,Yahoo Finance,2026-09-21T08:29:09+00:00,2024-05-20
2024-04-02,UNH,433.40264892578125,11867000.0,Yahoo Finance,2026-09-21T08:29:09+00:00,2024-05-20
2024-04-03,UNH,434.9162292480469,4460400.0,Yahoo Finance,2026-09-21T08:29:09+00:00,2024-05-20
2024-04-04,UNH,430.79168701171875,5182000.0,Yahoo Finance,2026-09-21T08:29:09+00:00,2024-05-20
2024-04-05,UNH,431.1322021484375,5747400.0,Yahoo Finance,2026-09-21T08:29:09+00:00,2024-05-20
2024-04-08,UNH,431.3782043457031,4532300.0,Yahoo Finance,2026-09-21T08:29:09+00:00,2024-05-20
2024-04-09,UNH,434.8973693847656,3521200.0,Yahoo Finance,2026-09-21T08:29:09+00:00,2024-05-20
2024-04-10,UNH,425.7494201660156,4493500.0,Yahoo Finance,2026-09-21T08:29:09+00:00,2024-05-20
2024-04-11,UNH,417.86920166015625,5844100.0,Yahoo Finance,2026-09-21T08:29:09+00:00,2024-05-20
2024-04-12,UNH,415.48529052734375,6045700.0,Yahoo Finance,2026-09-21T08:29:09+00:00,2024-05-20
2024-04-15,UNH,421.568115234375,5376800.0,Yahoo Finance,2026-09-21T08:29:09+00:00,2024-05-20
2024-04-16,UNH,443.57220458984375,11816500.0,Yahoo Finance,2026-09-21T08:29:09+00:00,2024-05-20
2024-04-17,UNH,453.1268310546875,8759800.0,Yahoo Finance,2026-09-21T08:29:09+00:00,2024-05-20
2024-04-18,UNH,466.5506286621094,8880400.0,Yahoo Finance,2026-09-21T08:29:09+00:00,2024-05-20
2024-04-19,UNH,474.0714416503906,6618600.0,Yahoo Finance,2026-09-21T08:29:09+00:00,2024-05-20
2024-04-22,UNH,464.7059326171875,4697700.0,Yahoo Finance,2026-09-21T08:29:09+00:00,2024-05-20
2024-04-23,UNH,459.9285888671875,3646700.0,Yahoo Finance,2026-09-21T08:29:09+00:00,2024-05-20
2024-04-24,UNH,460.9881286621094,3724400.0,Yahoo Finance,2026-09-21T08:29:09+00:00,2024-05-20
2024-04-25,UNH,467.19390869140625,4329700.0,Yahoo Finance,2026-09-21T08:29:09+00:00,2024-05-20
2024-04-26,UNH,468.6034851074219,2727000.0,Yahoo Finance,2026-09-21T08:29:09+00:00,2024-05-20
2024-04-29,UNH,462.6247253417969,2192100.0,Yahoo Finance,2026-09-21T08:29:09+00:00,2024-05-20
2024-04-30,UNH,457.58251953125,3367500.0,Yahoo Finance,2026-09-21T08:29:09+00:00,2024-05-20
2024-05-01,UNH,457.97039794921875,2729200.0,Yahoo Finance,2026-09-21T08:29:09+00:00,2024-05-20
2024-05-02,UNH,466.35198974609375,3561400.0,Yahoo Finance,2026-09-21T08:29:09+00:00,2024-05-20
2024-05-03,UNH,465.86004638671875,2487600.0,Yahoo Finance,2026-09-21T08:29:09+00:00,2024-05-20
2024-05-06,UNH,467.6858215332031,2029500.0,Yahoo Finance,2026-09-21T08:29:09+00:00,2024-05-20
2024-05-07,UNH,473.9106140136719,3752100.0,Yahoo Finance,2026-09-21T08:29:09+00:00,2024-05-20
2024-05-08,UNH,476.0390625,3078900.0,Yahoo Finance,2026-09-21T08:29:09+00:00,2024-05-20
2024-05-09,UNH,479.65283203125,2342900.0,Yahoo Finance,2026-09-21T08:29:09+00:00,2024-05-20
2024-05-10,UNH,485.12066650390625,2784600.0,Yahoo Finance,2026-09-21T08:29:09+00:00,2024-05-20
2024-05-13,UNH,484.1084899902344,2454500.0,Yahoo Finance,2026-09-21T08:29:09+00:00,2024-05-20
2024-05-14,UNH,486.1329040527344,2949700.0,Yahoo Finance,2026-09-21T08:29:09+00:00,2024-05-20
2024-05-15,UNH,489.604736328125,2981200.0,Yahoo Finance,2026-09-21T08:29:09+00:00,2024-05-20
2024-05-16,UNH,493.12396240234375,3655800.0,Yahoo Finance,2026-09-21T08:29:09+00:00,2024-05-20
2024-05-17,UNH,496.3025207519531,2657200.0,Yahoo Finance,2026-09-21T08:29:09+00:00,2024-05-20
2024-05-20,UNH,489.30206298828125,2476200.0,Yahoo Finance,2026-09-21T08:29:09+00:00,2024-05-20
2023-04-17,XLC,56.840938568115234,6479100.0,Yahoo Finance,2026-09-21T08:29:09+00:00,2024-05-20
2023-04-18,XLC,56.5513801574707,4380300.0,Yahoo Finance,2026-09-21T08:29:09+00:00,2024-05-20
2023-04-19,XLC,56.12668228149414,4409400.0,Yahoo Finance,2026-09-21T08:29:09+00:00,2024-05-20
2023-04-20,XLC,55.54756164550781,4414100.0,Yahoo Finance,2026-09-21T08:29:09+00:00,2024-05-20
2023-04-21,XLC,55.68268585205078,7125300.0,Yahoo Finance,2026-09-21T08:29:09+00:00,2024-05-20
2023-04-24,XLC,55.62478256225586,4876000.0,Yahoo Finance,2026-09-21T08:29:09+00:00,2024-05-20
2023-04-25,XLC,54.7560920715332,5345900.0,Yahoo Finance,2026-09-21T08:29:09+00:00,2024-05-20
2023-04-26,XLC,54.176979064941406,6964600.0,Yahoo Finance,2026-09-21T08:29:09+00:00,2024-05-20
2023-04-27,XLC,57.32353973388672,9597400.0,Yahoo Finance,2026-09-21T08:29:09+00:00,2024-05-20
2023-04-28,XLC,57.815792083740234,7480600.0,Yahoo Finance,2026-09-21T08:29:09+00:00,2024-05-20
2023-05-01,XLC,57.8061408996582,7220800.0,Yahoo Finance,2026-09-21T08:29:09+00:00,2024-05-20
2023-05-02,XLC,56.734764099121094,10152100.0,Yahoo Finance,2026-09-21T08:29:09+00:00,2024-05-20
2023-05-03,XLC,56.51276779174805,8671300.0,Yahoo Finance,2026-09-21T08:29:09+00:00,2024-05-20
2023-05-04,XLC,55.60547637939453,7134000.0,Yahoo Finance,2026-09-21T08:29:09+00:00,2024-05-20
2023-05-05,XLC,56.3004264831543,4970900.0,Yahoo Finance,2026-09-21T08:29:09+00:00,2024-05-20
2023-05-08,XLC,56.869895935058594,3997000.0,Yahoo Finance,2026-09-21T08:29:09+00:00,2024-05-20
2023-05-09,XLC,56.51276779174805,7635100.0,Yahoo Finance,2026-09-21T08:29:09+00:00,2024-05-20
2023-05-10,XLC,57.014671325683594,6380700.0,Yahoo Finance,2026-09-21T08:29:09+00:00,2024-05-20
2023-05-11,XLC,57.584136962890625,7617800.0,Yahoo Finance,2026-09-21T08:29:09+00:00,2024-05-20
2023-05-12,XLC,57.63240051269531,4019800.0,Yahoo Finance,2026-09-21T08:29:09+00:00,2024-05-20
2023-05-15,XLC,57.90266418457031,3557900.0,Yahoo Finance,2026-09-21T08:29:09+00:00,2024-05-20
2023-05-16,XLC,57.8350944519043,3775800.0,Yahoo Finance,2026-09-21T08:29:09+00:00,2024-05-20
2023-05-17,XLC,58.539703369140625,5544900.0,Yahoo Finance,2026-09-21T08:29:09+00:00,2024-05-20
2023-05-18,XLC,59.59177780151367,6547900.0,Yahoo Finance,2026-09-21T08:29:09+00:00,2024-05-20
2023-05-19,XLC,59.273258209228516,5739500.0,Yahoo Finance,2026-09-21T08:29:09+00:00,2024-05-20
2023-05-22,XLC,59.81377029418945,4924900.0,Yahoo Finance,2026-09-21T08:29:09+00:00,2024-05-20
2023-05-23,XLC,59.070560455322266,4214600.0,Yahoo Finance,2026-09-21T08:29:09+00:00,2024-05-20
2023-05-24,XLC,58.80030822753906,6112700.0,Yahoo Finance,2026-09-21T08:29:09+00:00,2024-05-20
2023-05-25,XLC,58.80030822753906,5962500.0,Yahoo Finance,2026-09-21T08:29:09+00:00,2024-05-20
2023-05-26,XLC,59.997161865234375,8314700.0,Yahoo Finance,2026-09-21T08:29:09+00:00,2024-05-20
2023-05-30,XLC,60.09367370605469,6807700.0,Yahoo Finance,2026-09-21T08:29:09+00:00,2024-05-20
2023-05-31,XLC,60.07436752319336,7566500.0,Yahoo Finance,2026-09-21T08:29:09+00:00,2024-05-20
2023-06-01,XLC,60.88514709472656,10175700.0,Yahoo Finance,2026-09-21T08:29:09+00:00,2024-05-20
2023-06-02,XLC,60.962364196777344,8956400.0,Yahoo Finance,2026-09-21T08:29:09+00:00,2024-05-20
2023-06-05,XLC,61.11679458618164,7260600.0,Yahoo Finance,2026-09-21T08:29:09+00:00,2024-05-20
2023-06-06,XLC,61.36775207519531,4420100.0,Yahoo Finance,2026-09-21T08:29:09+00:00,2024-05-20
2023-06-07,XLC,60.68245315551758,5343100.0,Yahoo Finance,2026-09-21T08:29:09+00:00,2024-05-20
2023-06-08,XLC,60.99131774902344,4159300.0,Yahoo Finance,2026-09-21T08:29:09+00:00,2024-05-20
2023-06-09,XLC,61.01061248779297,8008400.0,Yahoo Finance,2026-09-21T08:29:09+00:00,2024-05-20
2023-06-12,XLC,61.734527587890625,4675100.0,Yahoo Finance,2026-09-21T08:29:09+00:00,2024-05-20
2023-06-13,XLC,61.937217712402344,5138400.0,Yahoo Finance,2026-09-21T08:29:09+00:00,2024-05-20
2023-06-14,XLC,62.04338836669922,5512800.0,Yahoo Finance,2026-09-21T08:29:09+00:00,2024-05-20
2023-06-15,XLC,63.02791213989258,6185600.0,Yahoo Finance,2026-09-21T08:29:09+00:00,2024-05-20
2023-06-16,XLC,62.506690979003906,7422300.0,Yahoo Finance,2026-09-21T08:29:09+00:00,2024-05-20
2023-06-20,XLC,62.2021484375,5617500.0,Yahoo Finance,2026-09-21T08:29:09+00:00,2024-05-20
2023-06-21,XLC,61.58342361450195,5208100.0,Yahoo Finance,2026-09-21T08:29:09+00:00,2024-05-20
2023-06-22,XLC,62.066810607910156,4281500.0,Yahoo Finance,2026-09-21T08:29:09+00:00,2024-05-20
2023-06-23,XLC,61.93145751953125,6838400.0,Yahoo Finance,2026-09-21T08:29:09+00:00,2024-05-20
2023-06-26,XLC,61.31272888183594,4905500.0,Yahoo Finance,2026-09-21T08:29:09+00:00,2024-05-20
2023-06-27,XLC,62.3471794128418,6508500.0,Yahoo Finance,2026-09-21T08:29:09+00:00,2024-05-20
2023-06-28,XLC,62.627540588378906,3975800.0,Yahoo Finance,2026-09-21T08:29:09+00:00,2024-05-20
2023-06-29,XLC,62.28916931152344,3652600.0,Yahoo Finance,2026-09-21T08:29:09+00:00,2024-05-20
2023-06-30,XLC,62.91756820678711,5248600.0,Yahoo Finance,2026-09-21T08:29:09+00:00,2024-05-20
2023-07-03,XLC,63.130271911621094,2809000.0,Yahoo Finance,2026-09-21T08:29:09+00:00,2024-05-20
2023-07-05,XLC,63.6136474609375,6774700.0,Yahoo Finance,2026-09-21T08:29:09+00:00,2024-05-20
2023-07-06,XLC,63.11092758178711,5245600.0,Yahoo Finance,2026-09-21T08:29:09+00:00,2024-05-20
2023-07-07,XLC,62.888572692871094,5070500.0,Yahoo Finance,2026-09-21T08:29:09+00:00,2024-05-20
2023-07-10,XLC,62.72420883178711,4535300.0,Yahoo Finance,2026-09-21T08:29:09+00:00,2024-05-20
2023-07-11,XLC,63.81667709350586,6782400.0,Yahoo Finance,2026-09-21T08:29:09+00:00,2024-05-20
2023-07-12,XLC,64.59008026123047,6097200.0,Yahoo Finance,2026-09-21T08:29:09+00:00,2024-05-20
2023-07-13,XLC,65.53752899169922,5963200.0,Yahoo Finance,2026-09-21T08:29:09+00:00,2024-05-20
2023-07-14,XLC,64.91876983642578,6236300.0,Yahoo Finance,2026-09-21T08:29:09+00:00,2024-05-20
2023-07-17,XLC,64.686767578125,4982100.0,Yahoo Finance,2026-09-21T08:29:09+00:00,2024-05-20
2023-07-18,XLC,65.13147735595703,5209500.0,Yahoo Finance,2026-09-21T08:29:09+00:00,2024-05-20
2023-07-19,XLC,65.3151626586914,6908900.0,Yahoo Finance,2026-09-21T08:29:09+00:00,2024-05-20
2023-07-20,XLC,64.01969146728516,8461900.0,Yahoo Finance,2026-09-21T08:29:09+00:00,2024-05-20
2023-07-21,XLC,63.381614685058594,7016800.0,Yahoo Finance,2026-09-21T08:29:09+00:00,2024-05-20
2023-07-24,XLC,63.49764633178711,5837200.0,Yahoo Finance,2026-09-21T08:29:09+00:00,2024-05-20
2023-07-25,XLC,63.70065689086914,5463200.0,Yahoo Finance,2026-09-21T08:29:09+00:00,2024-05-20
2023-07-26,XLC,64.69641876220703,6260700.0,Yahoo Finance,2026-09-21T08:29:09+00:00,2024-05-20
2023-07-27,XLC,65.23782348632812,10384200.0,Yahoo Finance,2026-09-21T08:29:09+00:00,2024-05-20
2023-07-28,XLC,66.52362060546875,6244300.0,Yahoo Finance,2026-09-21T08:29:09+00:00,2024-05-20
2023-07-31,XLC,66.50430297851562,7829500.0,Yahoo Finance,2026-09-21T08:29:09+00:00,2024-05-20
2023-08-01,XLC,66.41730499267578,5671800.0,Yahoo Finance,2026-09-21T08:29:09+00:00,2024-05-20
2023-08-02,XLC,65.17015838623047,6492400.0,Yahoo Finance,2026-09-21T08:29:09+00:00,2024-05-20
2023-08-03,XLC,65.00579071044922,4540500.0,Yahoo Finance,2026-09-21T08:29:09+00:00,2024-05-20
2023-08-04,XLC,64.86079406738281,4904800.0,Yahoo Finance,2026-09-21T08:29:09+00:00,2024-05-20
2023-08-07,XLC,65.86622619628906,4493400.0,Yahoo Finance,2026-09-21T08:29:09+00:00,2024-05-20
2023-08-08,XLC,65.68254852294922,4531800.0,Yahoo Finance,2026-09-21T08:29:09+00:00,2024-05-20
2023-08-09,XLC,64.97679138183594,8905900.0,Yahoo Finance,2026-09-21T08:29:09+00:00,2024-05-20
2023-08-10,XLC,65.19915008544922,5574700.0,Yahoo Finance,2026-09-21T08:29:09+00:00,2024-05-20
2023-08-11,XLC,64.88978576660156,4473700.0,Yahoo Finance,2026-09-21T08:29:09+00:00,2024-05-20
2023-08-14,XLC,65.36351013183594,3788800.0,Yahoo Finance,2026-09-21T08:29:09+00:00,2024-05-20
2023-08-15,XLC,64.783447265625,5024700.0,Yahoo Finance,2026-09-21T08:29:09+00:00,2024-05-20
2023-08-16,XLC,64.01001739501953,4912600.0,Yahoo Finance,2026-09-21T08:29:09+00:00,2024-05-20
2023-08-17,XLC,63.2752685546875,6309800.0,Yahoo Finance,2026-09-21T08:29:09+00:00,2024-05-20
2023-08-18,XLC,62.89823532104492,6811000.0,Yahoo Finance,2026-09-21T08:29:09+00:00,2024-05-20
2023-08-21,XLC,63.35261917114258,3533500.0,Yahoo Finance,2026-09-21T08:29:09+00:00,2024-05-20
2023-08-22,XLC,63.35261917114258,4628500.0,Yahoo Finance,2026-09-21T08:29:09+00:00,2024-05-20
2023-08-23,XLC,64.37739562988281,5836600.0,Yahoo Finance,2026-09-21T08:29:09+00:00,2024-05-20
2023-08-24,XLC,63.13992691040039,5732200.0,Yahoo Finance,2026-09-21T08:29:09+00:00,2024-05-20
2023-08-25,XLC,63.20759963989258,6548200.0,Yahoo Finance,2026-09-21T08:29:09+00:00,2024-05-20
2023-08-28,XLC,63.98100662231445,4719100.0,Yahoo Finance,2026-09-21T08:29:09+00:00,2024-05-20
2023-08-29,XLC,65.40219116210938,5346300.0,Yahoo Finance,2026-09-21T08:29:09+00:00,2024-05-20
2023-08-30,XLC,65.41184997558594,4556800.0,Yahoo Finance,2026-09-21T08:29:09+00:00,2024-05-20
2023-08-31,XLC,65.47952270507812,4070400.0,Yahoo Finance,2026-09-21T08:29:09+00:00,2024-05-20
2023-09-01,XLC,64.87045288085938,4034600.0,Yahoo Finance,2026-09-21T08:29:09+00:00,2024-05-20
2023-09-05,XLC,64.86079406738281,4403700.0,Yahoo Finance,2026-09-21T08:29:09+00:00,2024-05-20
2023-09-06,XLC,64.65776062011719,5208200.0,Yahoo Finance,2026-09-21T08:29:09+00:00,2024-05-20
2023-09-07,XLC,64.54175567626953,4850300.0,Yahoo Finance,2026-09-21T08:29:09+00:00,2024-05-20
2023-09-08,XLC,64.73509979248047,3645200.0,Yahoo Finance,2026-09-21T08:29:09+00:00,2024-05-20
2023-09-11,XLC,65.7115478515625,5761100.0,Yahoo Finance,2026-09-21T08:29:09+00:00,2024-05-20
2023-09-12,XLC,65.02513122558594,8751200.0,Yahoo Finance,2026-09-21T08:29:09+00:00,2024-05-20
2023-09-13,XLC,65.23782348632812,4536000.0,Yahoo Finance,2026-09-21T08:29:09+00:00,2024-05-20
2023-09-14,XLC,66.1465835571289,5912400.0,Yahoo Finance,2026-09-21T08:29:09+00:00,2024-05-20
2023-09-15,XLC,65.26683044433594,7611000.0,Yahoo Finance,2026-09-21T08:29:09+00:00,2024-05-20
2023-09-18,XLC,65.31334686279297,3755400.0,Yahoo Finance,2026-09-21T08:29:09+00:00,2024-05-20
2023-09-19,XLC,65.36180114746094,3366200.0,Yahoo Finance,2026-09-21T08:29:09+00:00,2024-05-20
2023-09-20,XLC,64.47014617919922,4766100.0,Yahoo Finance,2026-09-21T08:29:09+00:00,2024-05-20
2023-09-21,XLC,63.6754264831543,6303400.0,Yahoo Finance,2026-09-21T08:29:09+00:00,2024-05-20
2023-09-22,XLC,63.59789276123047,5348500.0,Yahoo Finance,2026-09-21T08:29:09+00:00,2024-05-20
2023-09-25,XLC,63.75295639038086,4129700.0,Yahoo Finance,2026-09-21T08:29:09+00:00,2024-05-20
2023-09-26,XLC,63.04545211791992,5199600.0,Yahoo Finance,2026-09-21T08:29:09+00:00,2024-05-20
2023-09-27,XLC,63.21021270751953,6537600.0,Yahoo Finance,2026-09-21T08:29:09+00:00,2024-05-20
2023-09-28,XLC,63.90803527832031,4803100.0,Yahoo Finance,2026-09-21T08:29:09+00:00,2024-05-20
2023-09-29,XLC,63.54943084716797,6325900.0,Yahoo Finance,2026-09-21T08:29:09+00:00,2024-05-20
2023-10-02,XLC,64.02433013916016,6891000.0,Yahoo Finance,2026-09-21T08:29:09+00:00,2024-05-20
2023-10-03,XLC,63.16175842285156,6603800.0,Yahoo Finance,2026-09-21T08:29:09+00:00,2024-05-20
2023-10-04,XLC,63.76264953613281,6884900.0,Yahoo Finance,2026-09-21T08:29:09+00:00,2024-05-20
2023-10-05,XLC,63.6754264831543,4678000.0,Yahoo Finance,2026-09-21T08:29:09+00:00,2024-05-20
2023-10-06,XLC,64.84814453125,7387200.0,Yahoo Finance,2026-09-21T08:29:09+00:00,2024-05-20
2023-10-09,XLC,65.54595947265625,6979700.0,Yahoo Finance,2026-09-21T08:29:09+00:00,2024-05-20
2023-10-10,XLC,65.92393493652344,7788400.0,Yahoo Finance,2026-09-21T08:29:09+00:00,2024-05-20
2023-10-11,XLC,66.52481842041016,7686800.0,Yahoo Finance,2026-09-21T08:29:09+00:00,2024-05-20
2023-10-12,XLC,65.73979187011719,6276900.0,Yahoo Finance,2026-09-21T08:29:09+00:00,2024-05-20
2023-10-13,XLC,65.0031967163086,8251500.0,Yahoo Finance,2026-09-21T08:29:09+00:00,2024-05-20
2023-10-16,XLC,66.04991912841797,6463500.0,Yahoo Finance,2026-09-21T08:29:09+00:00,2024-05-20
2023-10-17,XLC,66.28253173828125,4743600.0,Yahoo Finance,2026-09-21T08:29:09+00:00,2024-05-20
2023-10-18,XLC,65.13888549804688,7334200.0,Yahoo Finance,2026-09-21T08:29:09+00:00,2024-05-20
2023-10-19,XLC,65.0710678100586,9381400.0,Yahoo Finance,2026-09-21T08:29:09+00:00,2024-05-20
2023-10-20,XLC,64.47014617919922,8249500.0,Yahoo Finance,2026-09-21T08:29:09+00:00,2024-05-20
2023-10-23,XLC,64.80936431884766,6415200.0,Yahoo Finance,2026-09-21T08:29:09+00:00,2024-05-20
2023-10-24,XLC,65.57502746582031,6181200.0,Yahoo Finance,2026-09-21T08:29:09+00:00,2024-05-20
2023-10-25,XLC,62.735328674316406,11531200.0,Yahoo Finance,2026-09-21T08:29:09+00:00,2024-05-20
2023-10-26,XLC,61.368770599365234,14266200.0,Yahoo Finance,2026-09-21T08:29:09+00:00,2024-05-20
2023-10-27,XLC,61.14585494995117,10356300.0,Yahoo Finance,2026-09-21T08:29:09+00:00,2024-05-20
2023-10-30,XLC,62.40579605102539,9146500.0,Yahoo Finance,2026-09-21T08:29:09+00:00,2024-05-20
2023-10-31,XLC,62.72562026977539,6375400.0,Yahoo Finance,2026-09-21T08:29:09+00:00,2024-05-20
2023-11-01,XLC,63.6463508605957,8172400.0,Yahoo Finance,2026-09-21T08:29:09+00:00,2024-05-20
2023-11-02,XLC,64.48954010009766,7342500.0,Yahoo Finance,2026-09-21T08:29:09+00:00,2024-05-20
2023-11-03,XLC,65.47809600830078,7059000.0,Yahoo Finance,2026-09-21T08:29:09+00:00,2024-05-20
2023-11-06,XLC,65.30365753173828,4962500.0,Yahoo Finance,2026-09-21T08:29:09+00:00,2024-05-20
2023-11-07,XLC,65.6525650024414,5996200.0,Yahoo Finance,2026-09-21T08:29:09+00:00,2024-05-20
2023-11-08,XLC,65.34241485595703,4573700.0,Yahoo Finance,2026-09-21T08:29:09+00:00,2024-05-20
2023-11-09,XLC,65.32303619384766,4941200.0,Yahoo Finance,2026-09-21T08:29:09+00:00,2024-05-20
2023-11-10,XLC,66.36007690429688,5105500.0,Yahoo Finance,2026-09-21T08:29:09+00:00,2024-05-20
2023-11-13,XLC,66.21468353271484,7809400.0,Yahoo Finance,2026-09-21T08:29:09+00:00,2024-05-20
2023-11-14,XLC,67.29048919677734,6034400.0,Yahoo Finance,2026-09-21T08:29:09+00:00,2024-05-20
2023-11-15,XLC,67.6199951171875,5401800.0,Yahoo Finance,2026-09-21T08:29:09+00:00,2024-05-20
2023-11-16,XLC,67.92046356201172,7438400.0,Yahoo Finance,2026-09-21T08:29:09+00:00,2024-05-20
2023-11-17,XLC,67.91075134277344,3914300.0,Yahoo Finance,2026-09-21T08:29:09+00:00,2024-05-20
2023-11-20,XLC,68.67642974853516,5727700.0,Yahoo Finance,2026-09-21T08:29:09+00:00,2024-05-20
2023-11-21,XLC,68.44381713867188,3902200.0,Yahoo Finance,2026-09-21T08:29:09+00:00,2024-05-20
2023-11-22,XLC,69.00592803955078,4188500.0,Yahoo Finance,2026-09-21T08:29:09+00:00,2024-05-20
2023-11-24,XLC,68.7733383178711,2416400.0,Yahoo Finance,2026-09-21T08:29:09+00:00,2024-05-20
2023-11-27,XLC,68.34689331054688,3909800.0,Yahoo Finance,2026-09-21T08:29:09+00:00,2024-05-20
2023-11-28,XLC,68.51165008544922,4779600.0,Yahoo Finance,2026-09-21T08:29:09+00:00,2024-05-20
2023-11-29,XLC,68.01737213134766,4089000.0,Yahoo Finance,2026-09-21T08:29:09+00:00,2024-05-20
2023-11-30,XLC,67.6199951171875,7202700.0,Yahoo Finance,2026-09-21T08:29:09+00:00,2024-05-20
2023-12-01,XLC,67.75569152832031,7708500.0,Yahoo Finance,2026-09-21T08:29:09+00:00,2024-05-20
2023-12-04,XLC,67.07725524902344,6609500.0,Yahoo Finance,2026-09-21T08:29:09+00:00,2024-05-20
2023-12-05,XLC,66.76712799072266,5984500.0,Yahoo Finance,2026-09-21T08:29:09+00:00,2024-05-20
2023-12-06,XLC,66.59265899658203,4552500.0,Yahoo Finance,2026-09-21T08:29:09+00:00,2024-05-20
2023-12-07,XLC,67.98828125,6122600.0,Yahoo Finance,2026-09-21T08:29:09+00:00,2024-05-20
2023-12-08,XLC,68.30812072753906,5282500.0,Yahoo Finance,2026-09-21T08:29:09+00:00,2024-05-20
2023-12-11,XLC,67.78478240966797,6300500.0,Yahoo Finance,2026-09-21T08:29:09+00:00,2024-05-20
2023-12-12,XLC,68.06583404541016,7862100.0,Yahoo Finance,2026-09-21T08:29:09+00:00,2024-05-20
2023-12-13,XLC,68.70548248291016,7708400.0,Yahoo Finance,2026-09-21T08:29:09+00:00,2024-05-20
2023-12-14,XLC,69.00592803955078,6461000.0,Yahoo Finance,2026-09-21T08:29:09+00:00,2024-05-20
2023-12-15,XLC,68.83148193359375,7243200.0,Yahoo Finance,2026-09-21T08:29:09+00:00,2024-05-20
2023-12-18,XLC,69.68063354492188,6993300.0,Yahoo Finance,2026-09-21T08:29:09+00:00,2024-05-20
2023-12-19,XLC,70.38987731933594,4835800.0,Yahoo Finance,2026-09-21T08:29:09+00:00,2024-05-20
2023-12-20,XLC,69.8458023071289,6523400.0,Yahoo Finance,2026-09-21T08:29:09+00:00,2024-05-20
2023-12-21,XLC,70.53561401367188,4867100.0,Yahoo Finance,2026-09-21T08:29:09+00:00,2024-05-20
2023-12-22,XLC,70.54533386230469,4763900.0,Yahoo Finance,2026-09-21T08:29:09+00:00,2024-05-20
2023-12-26,XLC,70.8173599243164,2461800.0,Yahoo Finance,2026-09-21T08:29:09+00:00,2024-05-20
2023-12-27,XLC,70.82708740234375,4508600.0,Yahoo Finance,2026-09-21T08:29:09+00:00,2024-05-20
2023-12-28,XLC,71.0213851928711,5465800.0,Yahoo Finance,2026-09-21T08:29:09+00:00,2024-05-20
2023-12-29,XLC,70.59390258789062,4744400.0,Yahoo Finance,2026-09-21T08:29:09+00:00,2024-05-20
2024-01-02,XLC,70.195556640625,6003800.0,Yahoo Finance,2026-09-21T08:29:09+00:00,2024-05-20
2024-01-03,XLC,69.9332504272461,7592700.0,Yahoo Finance,2026-09-21T08:29:09+00:00,2024-05-20
2024-01-04,XLC,69.70005798339844,6665400.0,Yahoo Finance,2026-09-21T08:29:09+00:00,2024-05-20
2024-01-05,XLC,69.99153900146484,5277300.0,Yahoo Finance,2026-09-21T08:29:09+00:00,2024-05-20
2024-01-08,XLC,71.07968139648438,4658200.0,Yahoo Finance,2026-09-21T08:29:09+00:00,2024-05-20
2024-01-09,XLC,70.93394470214844,3533000.0,Yahoo Finance,2026-09-21T08:29:09+00:00,2024-05-20
2024-01-10,XLC,71.59461975097656,7234900.0,Yahoo Finance,2026-09-21T08:29:09+00:00,2024-05-20
2024-01-11,XLC,71.36143493652344,6962800.0,Yahoo Finance,2026-09-21T08:29:09+00:00,2024-05-20
2024-01-12,XLC,71.7112045288086,3862400.0,Yahoo Finance,2026-09-21T08:29:09+00:00,2024-05-20
2024-01-16,XLC,71.30314636230469,6365600.0,Yahoo Finance,2026-09-21T08:29:09+00:00,2024-05-20
2024-01-17,XLC,70.8659439086914,6561800.0,Yahoo Finance,2026-09-21T08:29:09+00:00,2024-05-20
2024-01-18,XLC,71.73062896728516,6420400.0,Yahoo Finance,2026-09-21T08:29:09+00:00,2024-05-20
2024-01-19,XLC,72.70219421386719,6446700.0,Yahoo Finance,2026-09-21T08:29:09+00:00,2024-05-20
2024-01-22,XLC,72.84793853759766,5694400.0,Yahoo Finance,2026-09-21T08:29:09+00:00,2024-05-20
2024-01-23,XLC,73.56688690185547,4663500.0,Yahoo Finance,2026-09-21T08:29:09+00:00,2024-05-20
2024-01-24,XLC,74.02352905273438,6991100.0,Yahoo Finance,2026-09-21T08:29:09+00:00,2024-05-20
2024-01-25,XLC,75.228271484375,6161800.0,Yahoo Finance,2026-09-21T08:29:09+00:00,2024-05-20
2024-01-26,XLC,75.47116088867188,4718200.0,Yahoo Finance,2026-09-21T08:29:09+00:00,2024-05-20
2024-01-29,XLC,76.10267639160156,4065400.0,Yahoo Finance,2026-09-21T08:29:09+00:00,2024-05-20
2024-01-30,XLC,75.58775329589844,4596900.0,Yahoo Finance,2026-09-21T08:29:09+00:00,2024-05-20
2024-01-31,XLC,73.72233581542969,9336400.0,Yahoo Finance,2026-09-21T08:29:09+00:00,2024-05-20
2024-02-01,XLC,74.48015594482422,6907200.0,Yahoo Finance,2026-09-21T08:29:09+00:00,2024-05-20
2024-02-02,XLC,77.47257995605469,11971800.0,Yahoo Finance,2026-09-21T08:29:09+00:00,2024-05-20
2024-02-05,XLC,76.38442993164062,7886300.0,Yahoo Finance,2026-09-21T08:29:09+00:00,2024-05-20
2024-02-06,XLC,76.15126037597656,6738300.0,Yahoo Finance,2026-09-21T08:29:09+00:00,2024-05-20
2024-02-07,XLC,76.53987884521484,5980100.0,Yahoo Finance,2026-09-21T08:29:09+00:00,2024-05-20
2024-02-08,XLC,76.83136749267578,4267600.0,Yahoo Finance,2026-09-21T08:29:09+00:00,2024-05-20
2024-02-09,XLC,76.91878509521484,7624600.0,Yahoo Finance,2026-09-21T08:29:09+00:00,2024-05-20
2024-02-12,XLC,77.16167449951172,4285300.0,Yahoo Finance,2026-09-21T08:29:09+00:00,2024-05-20
2024-02-13,XLC,76.07353210449219,8023900.0,Yahoo Finance,2026-09-21T08:29:09+00:00,2024-05-20
2024-02-14,XLC,77.2879867553711,7344700.0,Yahoo Finance,2026-09-21T08:29:09+00:00,2024-05-20
2024-02-15,XLC,77.91950225830078,6672500.0,Yahoo Finance,2026-09-21T08:29:09+00:00,2024-05-20
2024-02-16,XLC,76.70504760742188,7036600.0,Yahoo Finance,2026-09-21T08:29:09+00:00,2024-05-20
2024-02-20,XLC,76.58846282958984,8030600.0,Yahoo Finance,2026-09-21T08:29:09+00:00,2024-05-20
2024-02-21,XLC,76.50101470947266,6142700.0,Yahoo Finance,2026-09-21T08:29:09+00:00,2024-05-20
2024-02-22,XLC,77.64745330810547,7108600.0,Yahoo Finance,2026-09-21T08:29:09+00:00,2024-05-20
2024-02-23,XLC,77.45315551757812,7327500.0,Yahoo Finance,2026-09-21T08:29:09+00:00,2024-05-20
2024-02-26,XLC,76.32614135742188,7872600.0,Yahoo Finance,2026-09-21T08:29:09+00:00,2024-05-20
2024-02-27,XLC,76.94793701171875,4502500.0,Yahoo Finance,2026-09-21T08:29:09+00:00,2024-05-20
2024-02-28,XLC,76.42330932617188,3774600.0,Yahoo Finance,2026-09-21T08:29:09+00:00,2024-05-20
2024-02-29,XLC,77.10340118408203,6774300.0,Yahoo Finance,2026-09-21T08:29:09+00:00,2024-05-20
2024-03-01,XLC,77.74461364746094,5829000.0,Yahoo Finance,2026-09-21T08:29:09+00:00,2024-05-20
2024-03-04,XLC,76.72447204589844,7165800.0,Yahoo Finance,2026-09-21T08:29:09+00:00,2024-05-20
2024-03-05,XLC,76.10267639160156,7602700.0,Yahoo Finance,2026-09-21T08:29:09+00:00,2024-05-20
2024-03-06,XLC,76.20954895019531,6833300.0,Yahoo Finance,2026-09-21T08:29:09+00:00,2024-05-20
2024-03-07,XLC,77.44343566894531,6460500.0,Yahoo Finance,2026-09-21T08:29:09+00:00,2024-05-20
2024-03-08,XLC,77.32685089111328,8710000.0,Yahoo Finance,2026-09-21T08:29:09+00:00,2024-05-20
2024-03-11,XLC,77.18111419677734,6934200.0,Yahoo Finance,2026-09-21T08:29:09+00:00,2024-05-20
2024-03-12,XLC,77.8612060546875,7405100.0,Yahoo Finance,2026-09-21T08:29:09+00:00,2024-05-20
2024-03-13,XLC,77.9972152709961,5496500.0,Yahoo Finance,2026-09-21T08:29:09+00:00,2024-05-20
2024-03-14,XLC,77.8126220703125,7210300.0,Yahoo Finance,2026-09-21T08:29:09+00:00,2024-05-20
2024-03-15,XLC,77.0353775024414,8166300.0,Yahoo Finance,2026-09-21T08:29:09+00:00,2024-05-20
2024-03-18,XLC,78.61746978759766,5360600.0,Yahoo Finance,2026-09-21T08:29:09+00:00,2024-05-20
2024-03-19,XLC,78.58824157714844,4777100.0,Yahoo Finance,2026-09-21T08:29:09+00:00,2024-05-20
2024-03-20,XLC,79.51372528076172,4432700.0,Yahoo Finance,2026-09-21T08:29:09+00:00,2024-05-20
2024-03-21,XLC,79.54296875,5377200.0,Yahoo Finance,2026-09-21T08:29:09+00:00,2024-05-20
2024-03-22,XLC,79.70857238769531,3214200.0,Yahoo Finance,2026-09-21T08:29:09+00:00,2024-05-20
2024-03-25,XLC,79.43578338623047,3732500.0,Yahoo Finance,2026-09-21T08:29:09+00:00,2024-05-20
2024-03-26,XLC,79.27018737792969,5441600.0,Yahoo Finance,2026-09-21T08:29:09+00:00,2024-05-20
2024-03-27,XLC,79.6793441772461,4177800.0,Yahoo Finance,2026-09-21T08:29:09+00:00,2024-05-20
2024-03-28,XLC,79.55270385742188,5294700.0,Yahoo Finance,2026-09-21T08:29:09+00:00,2024-05-20
2024-04-01,XLC,80.16644287109375,5290700.0,Yahoo Finance,2026-09-21T08:29:09+00:00,2024-05-20
2024-04-02,XLC,80.03978729248047,5271200.0,Yahoo Finance,2026-09-21T08:29:09+00:00,2024-05-20
2024-04-03,XLC,80.67301177978516,5158900.0,Yahoo Finance,2026-09-21T08:29:09+00:00,2024-05-20
2024-04-04,XLC,79.58192443847656,8000500.0,Yahoo Finance,2026-09-21T08:29:09+00:00,2024-05-20
2024-04-05,XLC,80.3905029296875,6619400.0,Yahoo Finance,2026-09-21T08:29:09+00:00,2024-05-20
2024-04-08,XLC,80.40023803710938,3503100.0,Yahoo Finance,2026-09-21T08:29:09+00:00,2024-05-20
2024-04-09,XLC,80.48793029785156,4733100.0,Yahoo Finance,2026-09-21T08:29:09+00:00,2024-05-20
2024-04-10,XLC,79.85469818115234,6845300.0,Yahoo Finance,2026-09-21T08:29:09+00:00,2024-05-20
2024-04-11,XLC,80.55612182617188,4072900.0,Yahoo Finance,2026-09-21T08:29:09+00:00,2024-05-20
2024-04-12,XLC,79.23121643066406,5997200.0,Yahoo Finance,2026-09-21T08:29:09+00:00,2024-05-20
2024-04-15,XLC,78.22779846191406,6494700.0,Yahoo Finance,2026-09-21T08:29:09+00:00,2024-05-20
2024-04-16,XLC,77.96475982666016,7501000.0,Yahoo Finance,2026-09-21T08:29:09+00:00,2024-05-20
2024-04-17,XLC,77.89656829833984,4862200.0,Yahoo Finance,2026-09-21T08:29:09+00:00,2024-05-20
2024-04-18,XLC,78.27650451660156,4539400.0,Yahoo Finance,2026-09-21T08:29:09+00:00,2024-05-20
2024-04-19,XLC,77.41920471191406,6854700.0,Yahoo Finance,2026-09-21T08:29:09+00:00,2024-05-20
2024-04-22,XLC,77.52637481689453,5458300.0,Yahoo Finance,2026-09-21T08:29:09+00:00,2024-05-20
2024-04-23,XLC,78.70514678955078,5068000.0,Yahoo Finance,2026-09-21T08:29:09+00:00,2024-05-20
2024-04-24,XLC,78.75385284423828,6196600.0,Yahoo Finance,2026-09-21T08:29:09+00:00,2024-05-20
2024-04-25,XLC,75.94818115234375,14354200.0,Yahoo Finance,2026-09-21T08:29:09+00:00,2024-05-20
2024-04-26,XLC,78.0427017211914,13015600.0,Yahoo Finance,2026-09-21T08:29:09+00:00,2024-05-20
2024-04-29,XLC,77.1366958618164,5357800.0,Yahoo Finance,2026-09-21T08:29:09+00:00,2024-05-20
2024-04-30,XLC,75.85076141357422,7333500.0,Yahoo Finance,2026-09-21T08:29:09+00:00,2024-05-20
2024-05-01,XLC,76.55217742919922,9300500.0,Yahoo Finance,2026-09-21T08:29:09+00:00,2024-05-20
2024-05-02,XLC,77.32178497314453,6956800.0,Yahoo Finance,2026-09-21T08:29:09+00:00,2024-05-20
2024-05-03,XLC,78.14012145996094,4813300.0,Yahoo Finance,2026-09-21T08:29:09+00:00,2024-05-20
2024-05-06,XLC,79.20198059082031,4714000.0,Yahoo Finance,2026-09-21T08:29:09+00:00,2024-05-20
2024-05-07,XLC,79.28966522216797,3453300.0,Yahoo Finance,2026-09-21T08:29:09+00:00,2024-05-20
2024-05-08,XLC,79.16301727294922,2941300.0,Yahoo Finance,2026-09-21T08:29:09+00:00,2024-05-20
2024-05-09,XLC,79.56243896484375,3995900.0,Yahoo Finance,2026-09-21T08:29:09+00:00,2024-05-20
2024-05-10,XLC,79.6793441772461,3563900.0,Yahoo Finance,2026-09-21T08:29:09+00:00,2024-05-20
2024-05-13,XLC,79.53321838378906,2715500.0,Yahoo Finance,2026-09-21T08:29:09+00:00,2024-05-20
2024-05-14,XLC,79.89366912841797,2730100.0,Yahoo Finance,2026-09-21T08:29:09+00:00,2024-05-20
2024-05-15,XLC,80.40023803710938,3487700.0,Yahoo Finance,2026-09-21T08:29:09+00:00,2024-05-20
2024-05-16,XLC,80.341796875,3136600.0,Yahoo Finance,2026-09-21T08:29:09+00:00,2024-05-20
2024-05-17,XLC,80.47818756103516,2714100.0,Yahoo Finance,2026-09-21T08:29:09+00:00,2024-05-20
2024-05-20,XLC,80.71199035644531,2157300.0,Yahoo Finance,2026-09-21T08:29:09+00:00,2024-05-20
2023-04-17,XLE,38.80935287475586,23762000.0,Yahoo Finance,2026-09-21T08:29:09+00:00,2024-05-20
2023-04-18,XLE,38.96242904663086,24493600.0,Yahoo Finance,2026-09-21T08:29:09+00:00,2024-05-20
2023-04-19,XLE,38.827354431152344,34246200.0,Yahoo Finance,2026-09-21T08:29:09+00:00,2024-05-20
2023-04-20,XLE,38.485191345214844,30396200.0,Yahoo Finance,2026-09-21T08:29:09+00:00,2024-05-20
2023-04-21,XLE,38.26008224487305,33757600.0,Yahoo Finance,2026-09-21T08:29:09+00:00,2024-05-20
2023-04-24,XLE,38.845367431640625,25251800.0,Yahoo Finance,2026-09-21T08:29:09+00:00,2024-05-20
2023-04-25,XLE,38.116004943847656,30665200.0,Yahoo Finance,2026-09-21T08:29:09+00:00,2024-05-20
2023-04-26,XLE,37.60725402832031,40070000.0,Yahoo Finance,2026-09-21T08:29:09+00:00,2024-05-20
2023-04-27,XLE,37.74231719970703,34114600.0,Yahoo Finance,2026-09-21T08:29:09+00:00,2024-05-20
2023-04-28,XLE,38.327606201171875,38228600.0,Yahoo Finance,2026-09-21T08:29:09+00:00,2024-05-20
2023-05-01,XLE,37.89539337158203,27821400.0,Yahoo Finance,2026-09-21T08:29:09+00:00,2024-05-20
2023-05-02,XLE,36.247581481933594,67648000.0,Yahoo Finance,2026-09-21T08:29:09+00:00,2024-05-20
2023-05-03,XLE,35.563232421875,59367600.0,Yahoo Finance,2026-09-21T08:29:09+00:00,2024-05-20
2023-05-04,XLE,35.16703414916992,52861000.0,Yahoo Finance,2026-09-21T08:29:09+00:00,2024-05-20
2023-05-05,XLE,36.121517181396484,39073400.0,Yahoo Finance,2026-09-21T08:29:09+00:00,2024-05-20
2023-05-08,XLE,36.121517181396484,32711800.0,Yahoo Finance,2026-09-21T08:29:09+00:00,2024-05-20
2023-05-09,XLE,36.13501739501953,41421200.0,Yahoo Finance,2026-09-21T08:29:09+00:00,2024-05-20
2023-05-10,XLE,35.725318908691406,36052000.0,Yahoo Finance,2026-09-21T08:29:09+00:00,2024-05-20
2023-05-11,XLE,35.29759979248047,38168200.0,Yahoo Finance,2026-09-21T08:29:09+00:00,2024-05-20
2023-05-12,XLE,35.351627349853516,37913200.0,Yahoo Finance,2026-09-21T08:29:09+00:00,2024-05-20
2023-05-15,XLE,35.531715393066406,32544600.0,Yahoo Finance,2026-09-21T08:29:09+00:00,2024-05-20
2023-05-16,XLE,34.65827941894531,44511200.0,Yahoo Finance,2026-09-21T08:29:09+00:00,2024-05-20
2023-05-17,XLE,35.32461166381836,46200600.0,Yahoo Finance,2026-09-21T08:29:09+00:00,2024-05-20
2023-05-18,XLE,35.581233978271484,33154200.0,Yahoo Finance,2026-09-21T08:29:09+00:00,2024-05-20
2023-05-19,XLE,35.85588073730469,36122200.0,Yahoo Finance,2026-09-21T08:29:09+00:00,2024-05-20
2023-05-22,XLE,35.707305908203125,26943600.0,Yahoo Finance,2026-09-21T08:29:09+00:00,2024-05-20
2023-05-23,XLE,36.09000015258789,42803800.0,Yahoo Finance,2026-09-21T08:29:09+00:00,2024-05-20
2023-05-24,XLE,36.247581481933594,33474200.0,Yahoo Finance,2026-09-21T08:29:09+00:00,2024-05-20
2023-05-25,XLE,35.603755950927734,38251000.0,Yahoo Finance,2026-09-21T08:29:09+00:00,2024-05-20
2023-05-26,XLE,35.464176177978516,28785800.0,Yahoo Finance,2026-09-21T08:29:09+00:00,2024-05-20
2023-05-30,XLE,35.09950256347656,40331600.0,Yahoo Finance,2026-09-21T08:29:09+00:00,2024-05-20
2023-05-31,XLE,34.48269271850586,44797600.0,Yahoo Finance,2026-09-21T08:29:09+00:00,2024-05-20
2023-06-01,XLE,34.91040802001953,51623600.0,Yahoo Finance,2026-09-21T08:29:09+00:00,2024-05-20
2023-06-02,XLE,35.972938537597656,55278800.0,Yahoo Finance,2026-09-21T08:29:09+00:00,2024-05-20
2023-06-05,XLE,35.73432159423828,37826200.0,Yahoo Finance,2026-09-21T08:29:09+00:00,2024-05-20
2023-06-06,XLE,36.0224609375,34750800.0,Yahoo Finance,2026-09-21T08:29:09+00:00,2024-05-20
2023-06-07,XLE,36.97693634033203,60654200.0,Yahoo Finance,2026-09-21T08:29:09+00:00,2024-05-20
2023-06-08,XLE,36.81935501098633,46155200.0,Yahoo Finance,2026-09-21T08:29:09+00:00,2024-05-20
2023-06-09,XLE,36.616756439208984,38387000.0,Yahoo Finance,2026-09-21T08:29:09+00:00,2024-05-20
2023-06-12,XLE,36.26557922363281,36387000.0,Yahoo Finance,2026-09-21T08:29:09+00:00,2024-05-20
2023-06-13,XLE,36.43667221069336,40136400.0,Yahoo Finance,2026-09-21T08:29:09+00:00,2024-05-20
2023-06-14,XLE,36.0629768371582,47605400.0,Yahoo Finance,2026-09-21T08:29:09+00:00,2024-05-20
2023-06-15,XLE,36.45917510986328,46777000.0,Yahoo Finance,2026-09-21T08:29:09+00:00,2024-05-20
2023-06-16,XLE,36.4051513671875,47461800.0,Yahoo Finance,2026-09-21T08:29:09+00:00,2024-05-20
2023-06-20,XLE,35.59033203125,42552000.0,Yahoo Finance,2026-09-21T08:29:09+00:00,2024-05-20
2023-06-21,XLE,35.8719367980957,34473800.0,Yahoo Finance,2026-09-21T08:29:09+00:00,2024-05-20
2023-06-22,XLE,35.39048767089844,33507400.0,Yahoo Finance,2026-09-21T08:29:09+00:00,2024-05-20
2023-06-23,XLE,35.13614273071289,34905200.0,Yahoo Finance,2026-09-21T08:29:09+00:00,2024-05-20
2023-06-26,XLE,35.7674674987793,32488600.0,Yahoo Finance,2026-09-21T08:29:09+00:00,2024-05-20
2023-06-27,XLE,35.84922409057617,28388400.0,Yahoo Finance,2026-09-21T08:29:09+00:00,2024-05-20
2023-06-28,XLE,36.21257781982422,32903200.0,Yahoo Finance,2026-09-21T08:29:09+00:00,2024-05-20
2023-06-29,XLE,36.63043212890625,28435800.0,Yahoo Finance,2026-09-21T08:29:09+00:00,2024-05-20
2023-06-30,XLE,36.86660385131836,35970600.0,Yahoo Finance,2026-09-21T08:29:09+00:00,2024-05-20
2023-07-03,XLE,36.952903747558594,19539800.0,Yahoo Finance,2026-09-21T08:29:09+00:00,2024-05-20
2023-07-05,XLE,36.74851989746094,32557400.0,Yahoo Finance,2026-09-21T08:29:09+00:00,2024-05-20
2023-07-06,XLE,35.92190170288086,41967800.0,Yahoo Finance,2026-09-21T08:29:09+00:00,2024-05-20
2023-07-07,XLE,36.69401931762695,48916000.0,Yahoo Finance,2026-09-21T08:29:09+00:00,2024-05-20
2023-07-10,XLE,36.98015213012695,30925000.0,Yahoo Finance,2026-09-21T08:29:09+00:00,2024-05-20
2023-07-11,XLE,37.79315185546875,39642000.0,Yahoo Finance,2026-09-21T08:29:09+00:00,2024-05-20
2023-07-12,XLE,38.142887115478516,43077600.0,Yahoo Finance,2026-09-21T08:29:09+00:00,2024-05-20
2023-07-13,XLE,37.99753952026367,53226400.0,Yahoo Finance,2026-09-21T08:29:09+00:00,2024-05-20
2023-07-14,XLE,36.9937744140625,43988200.0,Yahoo Finance,2026-09-21T08:29:09+00:00,2024-05-20
2023-07-17,XLE,36.921119689941406,32445800.0,Yahoo Finance,2026-09-21T08:29:09+00:00,2024-05-20
2023-07-18,XLE,37.29354476928711,43209400.0,Yahoo Finance,2026-09-21T08:29:09+00:00,2024-05-20
2023-07-19,XLE,37.51155471801758,37521000.0,Yahoo Finance,2026-09-21T08:29:09+00:00,2024-05-20
2023-07-20,XLE,37.95212173461914,35449800.0,Yahoo Finance,2026-09-21T08:29:09+00:00,2024-05-20
2023-07-21,XLE,38.28822708129883,31529000.0,Yahoo Finance,2026-09-21T08:29:09+00:00,2024-05-20
2023-07-24,XLE,38.905921936035156,44539600.0,Yahoo Finance,2026-09-21T08:29:09+00:00,2024-05-20
2023-07-25,XLE,39.11030960083008,33606600.0,Yahoo Finance,2026-09-21T08:29:09+00:00,2024-05-20
2023-07-26,XLE,39.123931884765625,32788000.0,Yahoo Finance,2026-09-21T08:29:09+00:00,2024-05-20
2023-07-27,XLE,38.87413024902344,35550600.0,Yahoo Finance,2026-09-21T08:29:09+00:00,2024-05-20
2023-07-28,XLE,38.99221420288086,34627800.0,Yahoo Finance,2026-09-21T08:29:09+00:00,2024-05-20
2023-07-31,XLE,39.732547760009766,36266400.0,Yahoo Finance,2026-09-21T08:29:09+00:00,2024-05-20
2023-08-01,XLE,39.54633331298828,35766000.0,Yahoo Finance,2026-09-21T08:29:09+00:00,2024-05-20
2023-08-02,XLE,39.0285530090332,45920000.0,Yahoo Finance,2026-09-21T08:29:09+00:00,2024-05-20
2023-08-03,XLE,39.42369842529297,41630600.0,Yahoo Finance,2026-09-21T08:29:09+00:00,2024-05-20
2023-08-04,XLE,39.47819900512695,43208200.0,Yahoo Finance,2026-09-21T08:29:09+00:00,2024-05-20
2023-08-07,XLE,39.52361297607422,26821600.0,Yahoo Finance,2026-09-21T08:29:09+00:00,2024-05-20
2023-08-08,XLE,39.71892547607422,37237200.0,Yahoo Finance,2026-09-21T08:29:09+00:00,2024-05-20
2023-08-09,XLE,40.21852493286133,52085600.0,Yahoo Finance,2026-09-21T08:29:09+00:00,2024-05-20
2023-08-10,XLE,40.2139892578125,39226600.0,Yahoo Finance,2026-09-21T08:29:09+00:00,2024-05-20
2023-08-11,XLE,40.831687927246094,46689200.0,Yahoo Finance,2026-09-21T08:29:09+00:00,2024-05-20
2023-08-14,XLE,40.65909194946289,30189400.0,Yahoo Finance,2026-09-21T08:29:09+00:00,2024-05-20
2023-08-15,XLE,39.814308166503906,44982400.0,Yahoo Finance,2026-09-21T08:29:09+00:00,2024-05-20
2023-08-16,XLE,39.4691162109375,37995400.0,Yahoo Finance,2026-09-21T08:29:09+00:00,2024-05-20
2023-08-17,XLE,39.94147491455078,40464200.0,Yahoo Finance,2026-09-21T08:29:09+00:00,2024-05-20
2023-08-18,XLE,40.33662414550781,35307200.0,Yahoo Finance,2026-09-21T08:29:09+00:00,2024-05-20
2023-08-21,XLE,40.082275390625,30488400.0,Yahoo Finance,2026-09-21T08:29:09+00:00,2024-05-20
2023-08-22,XLE,39.77342987060547,25732800.0,Yahoo Finance,2026-09-21T08:29:09+00:00,2024-05-20
2023-08-23,XLE,39.67350769042969,38798600.0,Yahoo Finance,2026-09-21T08:29:09+00:00,2024-05-20
2023-08-24,XLE,39.40099334716797,33455000.0,Yahoo Finance,2026-09-21T08:29:09+00:00,2024-05-20
2023-08-25,XLE,39.782508850097656,38036800.0,Yahoo Finance,2026-09-21T08:29:09+00:00,2024-05-20
2023-08-28,XLE,40.05048751831055,25718200.0,Yahoo Finance,2026-09-21T08:29:09+00:00,2024-05-20
2023-08-29,XLE,40.159488677978516,27019400.0,Yahoo Finance,2026-09-21T08:29:09+00:00,2024-05-20
2023-08-30,XLE,40.35932922363281,27890200.0,Yahoo Finance,2026-09-21T08:29:09+00:00,2024-05-20
2023-08-31,XLE,40.3865852355957,29617400.0,Yahoo Finance,2026-09-21T08:29:09+00:00,2024-05-20
2023-09-01,XLE,41.21321105957031,35764200.0,Yahoo Finance,2026-09-21T08:29:09+00:00,2024-05-20
2023-09-05,XLE,41.431217193603516,48737400.0,Yahoo Finance,2026-09-21T08:29:09+00:00,2024-05-20
2023-09-06,XLE,41.44938659667969,40324200.0,Yahoo Finance,2026-09-21T08:29:09+00:00,2024-05-20
2023-09-07,XLE,41.40850830078125,30729200.0,Yahoo Finance,2026-09-21T08:29:09+00:00,2024-05-20
2023-09-08,XLE,41.80820083618164,34739000.0,Yahoo Finance,2026-09-21T08:29:09+00:00,2024-05-20
2023-09-11,XLE,41.258628845214844,44095000.0,Yahoo Finance,2026-09-21T08:29:09+00:00,2024-05-20
2023-09-12,XLE,42.2305908203125,53599400.0,Yahoo Finance,2026-09-21T08:29:09+00:00,2024-05-20
2023-09-13,XLE,41.91265869140625,36315400.0,Yahoo Finance,2026-09-21T08:29:09+00:00,2024-05-20
2023-09-14,XLE,42.4031867980957,37099800.0,Yahoo Finance,2026-09-21T08:29:09+00:00,2024-05-20
2023-09-15,XLE,41.79003143310547,49612800.0,Yahoo Finance,2026-09-21T08:29:09+00:00,2024-05-20
2023-09-18,XLE,42.1441650390625,33746600.0,Yahoo Finance,2026-09-21T08:29:09+00:00,2024-05-20
2023-09-19,XLE,41.75068664550781,36264400.0,Yahoo Finance,2026-09-21T08:29:09+00:00,2024-05-20
2023-09-20,XLE,41.36177444458008,35930400.0,Yahoo Finance,2026-09-21T08:29:09+00:00,2024-05-20
2023-09-21,XLE,40.7944221496582,43446200.0,Yahoo Finance,2026-09-21T08:29:09+00:00,2024-05-20
2023-09-22,XLE,40.86304473876953,42067400.0,Yahoo Finance,2026-09-21T08:29:09+00:00,2024-05-20
2023-09-25,XLE,41.37549591064453,35073800.0,Yahoo Finance,2026-09-21T08:29:09+00:00,2024-05-20
2023-09-26,XLE,41.137577056884766,33460000.0,Yahoo Finance,2026-09-21T08:29:09+00:00,2024-05-20
2023-09-27,XLE,42.1624755859375,46289400.0,Yahoo Finance,2026-09-21T08:29:09+00:00,2024-05-20
2023-09-28,XLE,42.20822525024414,48462800.0,Yahoo Finance,2026-09-21T08:29:09+00:00,2024-05-20
2023-09-29,XLE,41.35719299316406,48369200.0,Yahoo Finance,2026-09-21T08:29:09+00:00,2024-05-20
2023-10-02,XLE,40.53361892700195,50599800.0,Yahoo Finance,2026-09-21T08:29:09+00:00,2024-05-20
2023-10-03,XLE,40.506168365478516,41466600.0,Yahoo Finance,2026-09-21T08:29:09+00:00,2024-05-20
2023-10-04,XLE,39.23420715332031,59572400.0,Yahoo Finance,2026-09-21T08:29:09+00:00,2024-05-20
2023-10-05,XLE,38.991703033447266,47037000.0,Yahoo Finance,2026-09-21T08:29:09+00:00,2024-05-20
2023-10-06,XLE,39.22504806518555,51481000.0,Yahoo Finance,2026-09-21T08:29:09+00:00,2024-05-20
2023-10-09,XLE,40.53361892700195,61489000.0,Yahoo Finance,2026-09-21T08:29:09+00:00,2024-05-20
2023-10-10,XLE,40.583946228027344,41700600.0,Yahoo Finance,2026-09-21T08:29:09+00:00,2024-05-20
2023-10-11,XLE,40.06235122680664,47145400.0,Yahoo Finance,2026-09-21T08:29:09+00:00,2024-05-20
2023-10-12,XLE,40.10811233520508,39986400.0,Yahoo Finance,2026-09-21T08:29:09+00:00,2024-05-20
2023-10-13,XLE,40.99116516113281,48511800.0,Yahoo Finance,2026-09-21T08:29:09+00:00,2024-05-20
2023-10-16,XLE,41.26569366455078,38365200.0,Yahoo Finance,2026-09-21T08:29:09+00:00,2024-05-20
2023-10-17,XLE,41.69577407836914,40424000.0,Yahoo Finance,2026-09-21T08:29:09+00:00,2024-05-20
2023-10-18,XLE,42.07553482055664,47616800.0,Yahoo Finance,2026-09-21T08:29:09+00:00,2024-05-20
2023-10-19,XLE,42.00233459472656,63297000.0,Yahoo Finance,2026-09-21T08:29:09+00:00,2024-05-20
2023-10-20,XLE,41.29771423339844,46549600.0,Yahoo Finance,2026-09-21T08:29:09+00:00,2024-05-20
2023-10-23,XLE,40.629703521728516,51888200.0,Yahoo Finance,2026-09-21T08:29:09+00:00,2024-05-20
2023-10-24,XLE,40.05777359008789,44271600.0,Yahoo Finance,2026-09-21T08:29:09+00:00,2024-05-20
2023-10-25,XLE,39.98457717895508,41412600.0,Yahoo Finance,2026-09-21T08:29:09+00:00,2024-05-20
2023-10-26,XLE,39.67344284057617,44770400.0,Yahoo Finance,2026-09-21T08:29:09+00:00,2024-05-20
2023-10-27,XLE,38.72175216674805,53809400.0,Yahoo Finance,2026-09-21T08:29:09+00:00,2024-05-20
2023-10-30,XLE,38.84986877441406,45530600.0,Yahoo Finance,2026-09-21T08:29:09+00:00,2024-05-20
2023-10-31,XLE,38.97798156738281,37205600.0,Yahoo Finance,2026-09-21T08:29:09+00:00,2024-05-20
2023-11-01,XLE,38.88646697998047,46082600.0,Yahoo Finance,2026-09-21T08:29:09+00:00,2024-05-20
2023-11-02,XLE,40.06235122680664,45323000.0,Yahoo Finance,2026-09-21T08:29:09+00:00,2024-05-20
2023-11-03,XLE,39.65971755981445,47235000.0,Yahoo Finance,2026-09-21T08:29:09+00:00,2024-05-20
2023-11-06,XLE,39.21132278442383,41035400.0,Yahoo Finance,2026-09-21T08:29:09+00:00,2024-05-20
2023-11-07,XLE,38.34199523925781,47550200.0,Yahoo Finance,2026-09-21T08:29:09+00:00,2024-05-20
2023-11-08,XLE,37.861572265625,50742000.0,Yahoo Finance,2026-09-21T08:29:09+00:00,2024-05-20
2023-11-09,XLE,37.7471923828125,38232200.0,Yahoo Finance,2026-09-21T08:29:09+00:00,2024-05-20
2023-11-10,XLE,38.16355895996094,34565600.0,Yahoo Finance,2026-09-21T08:29:09+00:00,2024-05-20
2023-11-13,XLE,38.438072204589844,28447400.0,Yahoo Finance,2026-09-21T08:29:09+00:00,2024-05-20
2023-11-14,XLE,38.7812385559082,34724000.0,Yahoo Finance,2026-09-21T08:29:09+00:00,2024-05-20
2023-11-15,XLE,38.70802688598633,33043600.0,Yahoo Finance,2026-09-21T08:29:09+00:00,2024-05-20
2023-11-16,XLE,37.95307922363281,53166000.0,Yahoo Finance,2026-09-21T08:29:09+00:00,2024-05-20
2023-11-17,XLE,38.74920654296875,48850800.0,Yahoo Finance,2026-09-21T08:29:09+00:00,2024-05-20
2023-11-20,XLE,38.80411148071289,29093800.0,Yahoo Finance,2026-09-21T08:29:09+00:00,2024-05-20
2023-11-21,XLE,38.717185974121094,26973800.0,Yahoo Finance,2026-09-21T08:29:09+00:00,2024-05-20
2023-11-22,XLE,38.69887924194336,36547200.0,Yahoo Finance,2026-09-21T08:29:09+00:00,2024-05-20
2023-11-24,XLE,38.8590202331543,19152600.0,Yahoo Finance,2026-09-21T08:29:09+00:00,2024-05-20
2023-11-27,XLE,38.72175216674805,24501800.0,Yahoo Finance,2026-09-21T08:29:09+00:00,2024-05-20
2023-11-28,XLE,38.73090744018555,28921800.0,Yahoo Finance,2026-09-21T08:29:09+00:00,2024-05-20
2023-11-29,XLE,38.44265365600586,45268000.0,Yahoo Finance,2026-09-21T08:29:09+00:00,2024-05-20
2023-11-30,XLE,38.69887924194336,58364600.0,Yahoo Finance,2026-09-21T08:29:09+00:00,2024-05-20
2023-12-01,XLE,38.90019989013672,43048000.0,Yahoo Finance,2026-09-21T08:29:09+00:00,2024-05-20
2023-12-04,XLE,38.72175216674805,37070200.0,Yahoo Finance,2026-09-21T08:29:09+00:00,2024-05-20
2023-12-05,XLE,38.04459762573242,37747200.0,Yahoo Finance,2026-09-21T08:29:09+00:00,2024-05-20
2023-12-06,XLE,37.47724151611328,62306600.0,Yahoo Finance,2026-09-21T08:29:09+00:00,2024-05-20
2023-12-07,XLE,37.22101593017578,40908800.0,Yahoo Finance,2026-09-21T08:29:09+00:00,2024-05-20
2023-12-08,XLE,37.623653411865234,34127200.0,Yahoo Finance,2026-09-21T08:29:09+00:00,2024-05-20
2023-12-11,XLE,37.66941452026367,29344200.0,Yahoo Finance,2026-09-21T08:29:09+00:00,2024-05-20
2023-12-12,XLE,37.152381896972656,45386600.0,Yahoo Finance,2026-09-21T08:29:09+00:00,2024-05-20
2023-12-13,XLE,37.66941452026367,46445600.0,Yahoo Finance,2026-09-21T08:29:09+00:00,2024-05-20
2023-12-14,XLE,38.77666091918945,60717400.0,Yahoo Finance,2026-09-21T08:29:09+00:00,2024-05-20
2023-12-15,XLE,38.570770263671875,46366400.0,Yahoo Finance,2026-09-21T08:29:09+00:00,2024-05-20
2023-12-18,XLE,38.88581085205078,42447200.0,Yahoo Finance,2026-09-21T08:29:09+00:00,2024-05-20
2023-12-19,XLE,39.35236358642578,36862400.0,Yahoo Finance,2026-09-21T08:29:09+00:00,2024-05-20
2023-12-20,XLE,38.9874267578125,39818200.0,Yahoo Finance,2026-09-21T08:29:09+00:00,2024-05-20
2023-12-21,XLE,39.139869689941406,26062800.0,Yahoo Finance,2026-09-21T08:29:09+00:00,2024-05-20
2023-12-22,XLE,39.25535583496094,25037800.0,Yahoo Finance,2026-09-21T08:29:09+00:00,2024-05-20
2023-12-26,XLE,39.59257125854492,25983400.0,Yahoo Finance,2026-09-21T08:29:09+00:00,2024-05-20
2023-12-27,XLE,39.417030334472656,20238200.0,Yahoo Finance,2026-09-21T08:29:09+00:00,2024-05-20
2023-12-28,XLE,38.81652069091797,26198000.0,Yahoo Finance,2026-09-21T08:29:09+00:00,2024-05-20
2023-12-29,XLE,38.7287483215332,24345400.0,Yahoo Finance,2026-09-21T08:29:09+00:00,2024-05-20
2024-01-02,XLE,39.14448928833008,39301800.0,Yahoo Finance,2026-09-21T08:29:09+00:00,2024-05-20
2024-01-03,XLE,39.781959533691406,37936000.0,Yahoo Finance,2026-09-21T08:29:09+00:00,2024-05-20
2024-01-04,XLE,39.08443832397461,42049000.0,Yahoo Finance,2026-09-21T08:29:09+00:00,2024-05-20
2024-01-05,XLE,39.11677551269531,34029200.0,Yahoo Finance,2026-09-21T08:29:09+00:00,2024-05-20
2024-01-08,XLE,38.6640739440918,47218600.0,Yahoo Finance,2026-09-21T08:29:09+00:00,2024-05-20
2024-01-09,XLE,38.045082092285156,33750400.0,Yahoo Finance,2026-09-21T08:29:09+00:00,2024-05-20
2024-01-10,XLE,37.67091751098633,33159800.0,Yahoo Finance,2026-09-21T08:29:09+00:00,2024-05-20
2024-01-11,XLE,37.76791763305664,38588600.0,Yahoo Finance,2026-09-21T08:29:09+00:00,2024-05-20
2024-01-12,XLE,38.192909240722656,38769200.0,Yahoo Finance,2026-09-21T08:29:09+00:00,2024-05-20
2024-01-16,XLE,37.28288650512695,36031200.0,Yahoo Finance,2026-09-21T08:29:09+00:00,2024-05-20
2024-01-17,XLE,36.973392486572266,39284200.0,Yahoo Finance,2026-09-21T08:29:09+00:00,2024-05-20
2024-01-18,XLE,36.913333892822266,35705600.0,Yahoo Finance,2026-09-21T08:29:09+00:00,2024-05-20
2024-01-19,XLE,37.03343963623047,39940200.0,Yahoo Finance,2026-09-21T08:29:09+00:00,2024-05-20
2024-01-22,XLE,37.172027587890625,30136800.0,Yahoo Finance,2026-09-21T08:29:09+00:00,2024-05-20
2024-01-23,XLE,37.250545501708984,24709200.0,Yahoo Finance,2026-09-21T08:29:09+00:00,2024-05-20
2024-01-24,XLE,37.78178024291992,33841000.0,Yahoo Finance,2026-09-21T08:29:09+00:00,2024-05-20
2024-01-25,XLE,38.631736755371094,37609400.0,Yahoo Finance,2026-09-21T08:29:09+00:00,2024-05-20
2024-01-26,XLE,38.91814422607422,36469600.0,Yahoo Finance,2026-09-21T08:29:09+00:00,2024-05-20
2024-01-29,XLE,38.86270523071289,29680600.0,Yahoo Finance,2026-09-21T08:29:09+00:00,2024-05-20
2024-01-30,XLE,39.26459884643555,35341200.0,Yahoo Finance,2026-09-21T08:29:09+00:00,2024-05-20
2024-01-31,XLE,38.53011703491211,38580800.0,Yahoo Finance,2026-09-21T08:29:09+00:00,2024-05-20
2024-02-01,XLE,38.52549362182617,51101400.0,Yahoo Finance,2026-09-21T08:29:09+00:00,2024-05-20
2024-02-02,XLE,38.580928802490234,38075000.0,Yahoo Finance,2026-09-21T08:29:09+00:00,2024-05-20
2024-02-05,XLE,38.483917236328125,31593600.0,Yahoo Finance,2026-09-21T08:29:09+00:00,2024-05-20
2024-02-06,XLE,38.608646392822266,28056200.0,Yahoo Finance,2026-09-21T08:29:09+00:00,2024-05-20
2024-02-07,XLE,38.68717575073242,26920400.0,Yahoo Finance,2026-09-21T08:29:09+00:00,2024-05-20
2024-02-08,XLE,39.08443832397461,36201000.0,Yahoo Finance,2026-09-21T08:29:09+00:00,2024-05-20
2024-02-09,XLE,38.483917236328125,38073400.0,Yahoo Finance,2026-09-21T08:29:09+00:00,2024-05-20
2024-02-12,XLE,38.90890121459961,25893800.0,Yahoo Finance,2026-09-21T08:29:09+00:00,2024-05-20
2024-02-13,XLE,38.516258239746094,41156800.0,Yahoo Finance,2026-09-21T08:29:09+00:00,2024-05-20
2024-02-14,XLE,38.47930145263672,40894600.0,Yahoo Finance,2026-09-21T08:29:09+00:00,2024-05-20
2024-02-15,XLE,39.55099105834961,43364400.0,Yahoo Finance,2026-09-21T08:29:09+00:00,2024-05-20
2024-02-16,XLE,39.52789306640625,26960800.0,Yahoo Finance,2026-09-21T08:29:09+00:00,2024-05-20
2024-02-20,XLE,39.16758346557617,28995600.0,Yahoo Finance,2026-09-21T08:29:09+00:00,2024-05-20
2024-02-21,XLE,39.902061462402344,28745800.0,Yahoo Finance,2026-09-21T08:29:09+00:00,2024-05-20
2024-02-22,XLE,39.97136688232422,35206800.0,Yahoo Finance,2026-09-21T08:29:09+00:00,2024-05-20
2024-02-23,XLE,39.70805358886719,28952400.0,Yahoo Finance,2026-09-21T08:29:09+00:00,2024-05-20
2024-02-26,XLE,39.84663391113281,23376400.0,Yahoo Finance,2026-09-21T08:29:09+00:00,2024-05-20
2024-02-27,XLE,39.675716400146484,26317400.0,Yahoo Finance,2026-09-21T08:29:09+00:00,2024-05-20
2024-02-28,XLE,39.597190856933594,26679600.0,Yahoo Finance,2026-09-21T08:29:09+00:00,2024-05-20
2024-02-29,XLE,39.791202545166016,27335400.0,Yahoo Finance,2026-09-21T08:29:09+00:00,2024-05-20
2024-03-01,XLE,40.253135681152344,32459600.0,Yahoo Finance,2026-09-21T08:29:09+00:00,2024-05-20
2024-03-04,XLE,39.82353973388672,33198000.0,Yahoo Finance,2026-09-21T08:29:09+00:00,2024-05-20
2024-03-05,XLE,40.11917495727539,32174200.0,Yahoo Finance,2026-09-21T08:29:09+00:00,2024-05-20
2024-03-06,XLE,40.243900299072266,28008800.0,Yahoo Finance,2026-09-21T08:29:09+00:00,2024-05-20
2024-03-07,XLE,40.58572769165039,24569200.0,Yahoo Finance,2026-09-21T08:29:09+00:00,2024-05-20
2024-03-08,XLE,40.72893524169922,28252000.0,Yahoo Finance,2026-09-21T08:29:09+00:00,2024-05-20
2024-03-11,XLE,41.149295806884766,24983800.0,Yahoo Finance,2026-09-21T08:29:09+00:00,2024-05-20
2024-03-12,XLE,41.08462142944336,23780600.0,Yahoo Finance,2026-09-21T08:29:09+00:00,2024-05-20
2024-03-13,XLE,41.740577697753906,42725200.0,Yahoo Finance,2026-09-21T08:29:09+00:00,2024-05-20
2024-03-14,XLE,42.170169830322266,35946000.0,Yahoo Finance,2026-09-21T08:29:09+00:00,2024-05-20
2024-03-15,XLE,42.294898986816406,37753400.0,Yahoo Finance,2026-09-21T08:29:09+00:00,2024-05-20
2024-03-18,XLE,42.44111633300781,30496800.0,Yahoo Finance,2026-09-21T08:29:09+00:00,2024-05-20
2024-03-19,XLE,42.9254150390625,28545800.0,Yahoo Finance,2026-09-21T08:29:09+00:00,2024-05-20
2024-03-20,XLE,42.86487579345703,32659400.0,Yahoo Finance,2026-09-21T08:29:09+00:00,2024-05-20
2024-03-21,XLE,43.12099075317383,23334200.0,Yahoo Finance,2026-09-21T08:29:09+00:00,2024-05-20
2024-03-22,XLE,43.02785873413086,17948800.0,Yahoo Finance,2026-09-21T08:29:09+00:00,2024-05-20
2024-03-25,XLE,43.42833709716797,35074400.0,Yahoo Finance,2026-09-21T08:29:09+00:00,2024-05-20
2024-03-26,XLE,43.09305191040039,35373800.0,Yahoo Finance,2026-09-21T08:29:09+00:00,2024-05-20
2024-03-27,XLE,43.4935302734375,33960000.0,Yahoo Finance,2026-09-21T08:29:09+00:00,2024-05-20
2024-03-28,XLE,43.96385955810547,34615200.0,Yahoo Finance,2026-09-21T08:29:09+00:00,2024-05-20
2024-04-01,XLE,44.28982162475586,42899000.0,Yahoo Finance,2026-09-21T08:29:09+00:00,2024-05-20
2024-04-02,XLE,44.90916442871094,38671200.0,Yahoo Finance,2026-09-21T08:29:09+00:00,2024-05-20
2024-04-03,XLE,45.21651077270508,29148800.0,Yahoo Finance,2026-09-21T08:29:09+00:00,2024-05-20
2024-04-04,XLE,45.18857192993164,36941200.0,Yahoo Finance,2026-09-21T08:29:09+00:00,2024-05-20
2024-04-05,XLE,45.67285919189453,31194600.0,Yahoo Finance,2026-09-21T08:29:09+00:00,2024-05-20
2024-04-08,XLE,45.38414764404297,34034600.0,Yahoo Finance,2026-09-21T08:29:09+00:00,2024-05-20
2024-04-09,XLE,45.39811325073242,35322800.0,Yahoo Finance,2026-09-21T08:29:09+00:00,2024-05-20
2024-04-10,XLE,45.53781509399414,39199600.0,Yahoo Finance,2026-09-21T08:29:09+00:00,2024-05-20
2024-04-11,XLE,45.50522232055664,39204600.0,Yahoo Finance,2026-09-21T08:29:09+00:00,2024-05-20
2024-04-12,XLE,44.764801025390625,46572400.0,Yahoo Finance,2026-09-21T08:29:09+00:00,2024-05-20
2024-04-15,XLE,44.345706939697266,48690800.0,Yahoo Finance,2026-09-21T08:29:09+00:00,2024-05-20
2024-04-16,XLE,43.95919418334961,36497600.0,Yahoo Finance,2026-09-21T08:29:09+00:00,2024-05-20
2024-04-17,XLE,43.83346939086914,27421000.0,Yahoo Finance,2026-09-21T08:29:09+00:00,2024-05-20
2024-04-18,XLE,43.69841766357422,25555600.0,Yahoo Finance,2026-09-21T08:29:09+00:00,2024-05-20
2024-04-19,XLE,44.22463607788086,35451400.0,Yahoo Finance,2026-09-21T08:29:09+00:00,2024-05-20
2024-04-22,XLE,44.513336181640625,30244400.0,Yahoo Finance,2026-09-21T08:29:09+00:00,2024-05-20
2024-04-23,XLE,44.760154724121094,28657400.0,Yahoo Finance,2026-09-21T08:29:09+00:00,2024-05-20
2024-04-24,XLE,44.79275131225586,21303800.0,Yahoo Finance,2026-09-21T08:29:09+00:00,2024-05-20
2024-04-25,XLE,44.99763488769531,26500200.0,Yahoo Finance,2026-09-21T08:29:09+00:00,2024-05-20
2024-04-26,XLE,44.58319854736328,32366600.0,Yahoo Finance,2026-09-21T08:29:09+00:00,2024-05-20
2024-04-29,XLE,44.88587951660156,22236400.0,Yahoo Finance,2026-09-21T08:29:09+00:00,2024-05-20
2024-04-30,XLE,43.54941177368164,35399000.0,Yahoo Finance,2026-09-21T08:29:09+00:00,2024-05-20
2024-05-01,XLE,42.855560302734375,50943800.0,Yahoo Finance,2026-09-21T08:29:09+00:00,2024-05-20
2024-05-02,XLE,43.10236358642578,34616800.0,Yahoo Finance,2026-09-21T08:29:09+00:00,2024-05-20
2024-05-03,XLE,43.10702896118164,38087800.0,Yahoo Finance,2026-09-21T08:29:09+00:00,2024-05-20
2024-05-06,XLE,43.44696044921875,33445600.0,Yahoo Finance,2026-09-21T08:29:09+00:00,2024-05-20
2024-05-07,XLE,43.405052185058594,20942200.0,Yahoo Finance,2026-09-21T08:29:09+00:00,2024-05-20
2024-05-08,XLE,43.353824615478516,19811800.0,Yahoo Finance,2026-09-21T08:29:09+00:00,2024-05-20
2024-05-09,XLE,43.9359130859375,22489400.0,Yahoo Finance,2026-09-21T08:29:09+00:00,2024-05-20
2024-05-10,XLE,43.69376754760742,20568400.0,Yahoo Finance,2026-09-21T08:29:09+00:00,2024-05-20
2024-05-13,XLE,43.57735061645508,20978000.0,Yahoo Finance,2026-09-21T08:29:09+00:00,2024-05-20
2024-05-14,XLE,43.63322830200195,24911600.0,Yahoo Finance,2026-09-21T08:29:09+00:00,2024-05-20
2024-05-15,XLE,43.731021881103516,38792200.0,Yahoo Finance,2026-09-21T08:29:09+00:00,2024-05-20
2024-05-16,XLE,43.60993957519531,24580200.0,Yahoo Finance,2026-09-21T08:29:09+00:00,2024-05-20
2024-05-17,XLE,44.219970703125,29001600.0,Yahoo Finance,2026-09-21T08:29:09+00:00,2024-05-20
2024-05-20,XLE,43.93125534057617,20134600.0,Yahoo Finance,2026-09-21T08:29:09+00:00,2024-05-20
2023-04-17,XLF,31.57760238647461,69670600.0,Yahoo Finance,2026-09-21T08:29:09+00:00,2024-05-20
2023-04-18,XLF,31.67253875732422,49507500.0,Yahoo Finance,2026-09-21T08:29:09+00:00,2024-05-20
2023-04-19,XLF,31.74849510192871,39478900.0,Yahoo Finance,2026-09-21T08:29:09+00:00,2024-05-20
2023-04-20,XLF,31.653549194335938,39291800.0,Yahoo Finance,2026-09-21T08:29:09+00:00,2024-05-20
2023-04-21,XLF,31.53962516784668,41545000.0,Yahoo Finance,2026-09-21T08:29:09+00:00,2024-05-20
2023-04-24,XLF,31.46367073059082,32774200.0,Yahoo Finance,2026-09-21T08:29:09+00:00,2024-05-20
2023-04-25,XLF,30.922504425048828,58534300.0,Yahoo Finance,2026-09-21T08:29:09+00:00,2024-05-20
2023-04-26,XLF,30.628183364868164,54294200.0,Yahoo Finance,2026-09-21T08:29:09+00:00,2024-05-20
2023-04-27,XLF,31.121877670288086,46398800.0,Yahoo Finance,2026-09-21T08:29:09+00:00,2024-05-20
2023-04-28,XLF,31.49214744567871,54598700.0,Yahoo Finance,2026-09-21T08:29:09+00:00,2024-05-20
2023-05-01,XLF,31.40671157836914,31950600.0,Yahoo Finance,2026-09-21T08:29:09+00:00,2024-05-20
2023-05-02,XLF,30.694644927978516,76096700.0,Yahoo Finance,2026-09-21T08:29:09+00:00,2024-05-20
2023-05-03,XLF,30.343360900878906,65642400.0,Yahoo Finance,2026-09-21T08:29:09+00:00,2024-05-20
2023-05-04,XLF,29.954097747802734,76076600.0,Yahoo Finance,2026-09-21T08:29:09+00:00,2024-05-20
2023-05-05,XLF,30.694644927978516,55019400.0,Yahoo Finance,2026-09-21T08:29:09+00:00,2024-05-20
2023-05-08,XLF,30.742116928100586,34323600.0,Yahoo Finance,2026-09-21T08:29:09+00:00,2024-05-20
2023-05-09,XLF,30.628183364868164,29736200.0,Yahoo Finance,2026-09-21T08:29:09+00:00,2024-05-20
2023-05-10,XLF,30.45728874206543,39706100.0,Yahoo Finance,2026-09-21T08:29:09+00:00,2024-05-20
2023-05-11,XLF,30.409814834594727,36693200.0,Yahoo Finance,2026-09-21T08:29:09+00:00,2024-05-20
2023-05-12,XLF,30.28639030456543,36253000.0,Yahoo Finance,2026-09-21T08:29:09+00:00,2024-05-20
2023-05-15,XLF,30.533241271972656,33208500.0,Yahoo Finance,2026-09-21T08:29:09+00:00,2024-05-20
2023-05-16,XLF,30.248414993286133,31241400.0,Yahoo Finance,2026-09-21T08:29:09+00:00,2024-05-20
2023-05-17,XLF,30.85604476928711,46818800.0,Yahoo Finance,2026-09-21T08:29:09+00:00,2024-05-20
2023-05-18,XLF,31.083906173706055,42232500.0,Yahoo Finance,2026-09-21T08:29:09+00:00,2024-05-20
2023-05-19,XLF,30.95098114013672,40132900.0,Yahoo Finance,2026-09-21T08:29:09+00:00,2024-05-20
2023-05-22,XLF,31.00794792175293,35286200.0,Yahoo Finance,2026-09-21T08:29:09+00:00,2024-05-20
2023-05-23,XLF,30.647165298461914,42217200.0,Yahoo Finance,2026-09-21T08:29:09+00:00,2024-05-20
2023-05-24,XLF,30.248414993286133,46610700.0,Yahoo Finance,2026-09-21T08:29:09+00:00,2024-05-20
2023-05-25,XLF,30.23892593383789,41658900.0,Yahoo Finance,2026-09-21T08:29:09+00:00,2024-05-20
2023-05-26,XLF,30.48577117919922,44183000.0,Yahoo Finance,2026-09-21T08:29:09+00:00,2024-05-20
2023-05-30,XLF,30.476272583007812,57900500.0,Yahoo Finance,2026-09-21T08:29:09+00:00,2024-05-20
2023-05-31,XLF,30.153472900390625,67667900.0,Yahoo Finance,2026-09-21T08:29:09+00:00,2024-05-20
2023-06-01,XLF,30.476272583007812,48643400.0,Yahoo Finance,2026-09-21T08:29:09+00:00,2024-05-20
2023-06-02,XLF,31.140867233276367,65752900.0,Yahoo Finance,2026-09-21T08:29:09+00:00,2024-05-20
2023-06-05,XLF,30.979469299316406,53591100.0,Yahoo Finance,2026-09-21T08:29:09+00:00,2024-05-20
2023-06-06,XLF,31.368724822998047,46236100.0,Yahoo Finance,2026-09-21T08:29:09+00:00,2024-05-20
2023-06-07,XLF,31.49214744567871,48467100.0,Yahoo Finance,2026-09-21T08:29:09+00:00,2024-05-20
2023-06-08,XLF,31.46367073059082,36261200.0,Yahoo Finance,2026-09-21T08:29:09+00:00,2024-05-20
2023-06-09,XLF,31.47316551208496,34021700.0,Yahoo Finance,2026-09-21T08:29:09+00:00,2024-05-20
2023-06-12,XLF,31.46367073059082,33655200.0,Yahoo Finance,2026-09-21T08:29:09+00:00,2024-05-20
2023-06-13,XLF,31.653549194335938,46054400.0,Yahoo Finance,2026-09-21T08:29:09+00:00,2024-05-20
2023-06-14,XLF,31.530128479003906,57195400.0,Yahoo Finance,2026-09-21T08:29:09+00:00,2024-05-20
2023-06-15,XLF,31.947874069213867,52241800.0,Yahoo Finance,2026-09-21T08:29:09+00:00,2024-05-20
2023-06-16,XLF,31.881418228149414,49861100.0,Yahoo Finance,2026-09-21T08:29:09+00:00,2024-05-20
2023-06-20,XLF,31.64299964904785,50683100.0,Yahoo Finance,2026-09-21T08:29:09+00:00,2024-05-20
2023-06-21,XLF,31.604848861694336,35967600.0,Yahoo Finance,2026-09-21T08:29:09+00:00,2024-05-20
2023-06-22,XLF,31.35689353942871,38690000.0,Yahoo Finance,2026-09-21T08:29:09+00:00,2024-05-20
2023-06-23,XLF,31.22337532043457,35529600.0,Yahoo Finance,2026-09-21T08:29:09+00:00,2024-05-20
2023-06-26,XLF,31.1566162109375,25728300.0,Yahoo Finance,2026-09-21T08:29:09+00:00,2024-05-20
2023-06-27,XLF,31.404577255249023,34348100.0,Yahoo Finance,2026-09-21T08:29:09+00:00,2024-05-20
2023-06-28,XLF,31.32828140258789,36663200.0,Yahoo Finance,2026-09-21T08:29:09+00:00,2024-05-20
2023-06-29,XLF,31.871870040893555,47471000.0,Yahoo Finance,2026-09-21T08:29:09+00:00,2024-05-20
2023-06-30,XLF,32.148433685302734,44762300.0,Yahoo Finance,2026-09-21T08:29:09+00:00,2024-05-20
2023-07-03,XLF,32.329647064208984,19128000.0,Yahoo Finance,2026-09-21T08:29:09+00:00,2024-05-20
2023-07-05,XLF,32.26288604736328,39831600.0,Yahoo Finance,2026-09-21T08:29:09+00:00,2024-05-20
2023-07-06,XLF,31.9863224029541,45808400.0,Yahoo Finance,2026-09-21T08:29:09+00:00,2024-05-20
2023-07-07,XLF,32.03400421142578,33488700.0,Yahoo Finance,2026-09-21T08:29:09+00:00,2024-05-20
2023-07-10,XLF,32.177059173583984,27254400.0,Yahoo Finance,2026-09-21T08:29:09+00:00,2024-05-20
2023-07-11,XLF,32.55852508544922,33744600.0,Yahoo Finance,2026-09-21T08:29:09+00:00,2024-05-20
2023-07-12,XLF,32.768333435058594,46546000.0,Yahoo Finance,2026-09-21T08:29:09+00:00,2024-05-20
2023-07-13,XLF,32.882774353027344,40453700.0,Yahoo Finance,2026-09-21T08:29:09+00:00,2024-05-20
2023-07-14,XLF,32.663429260253906,47552700.0,Yahoo Finance,2026-09-21T08:29:09+00:00,2024-05-20
2023-07-17,XLF,32.9781494140625,38568900.0,Yahoo Finance,2026-09-21T08:29:09+00:00,2024-05-20
2023-07-18,XLF,33.35007095336914,47160800.0,Yahoo Finance,2026-09-21T08:29:09+00:00,2024-05-20
2023-07-19,XLF,33.493125915527344,45599800.0,Yahoo Finance,2026-09-21T08:29:09+00:00,2024-05-20
2023-07-20,XLF,33.74108123779297,45591500.0,Yahoo Finance,2026-09-21T08:29:09+00:00,2024-05-20
2023-07-21,XLF,33.626644134521484,30615700.0,Yahoo Finance,2026-09-21T08:29:09+00:00,2024-05-20
2023-07-24,XLF,33.95089340209961,32299800.0,Yahoo Finance,2026-09-21T08:29:09+00:00,2024-05-20
2023-07-25,XLF,33.731544494628906,36218600.0,Yahoo Finance,2026-09-21T08:29:09+00:00,2024-05-20
2023-07-26,XLF,33.93181610107422,35638700.0,Yahoo Finance,2026-09-21T08:29:09+00:00,2024-05-20
2023-07-27,XLF,33.50267028808594,44072800.0,Yahoo Finance,2026-09-21T08:29:09+00:00,2024-05-20
2023-07-28,XLF,33.56942367553711,32422700.0,Yahoo Finance,2026-09-21T08:29:09+00:00,2024-05-20
2023-07-31,XLF,33.69340133666992,28627000.0,Yahoo Finance,2026-09-21T08:29:09+00:00,2024-05-20
2023-08-01,XLF,33.69340133666992,26480300.0,Yahoo Finance,2026-09-21T08:29:09+00:00,2024-05-20
2023-08-02,XLF,33.40730285644531,48923800.0,Yahoo Finance,2026-09-21T08:29:09+00:00,2024-05-20
2023-08-03,XLF,33.426368713378906,31861600.0,Yahoo Finance,2026-09-21T08:29:09+00:00,2024-05-20
2023-08-04,XLF,33.29285430908203,36195700.0,Yahoo Finance,2026-09-21T08:29:09+00:00,2024-05-20
2023-08-07,XLF,33.760162353515625,33119300.0,Yahoo Finance,2026-09-21T08:29:09+00:00,2024-05-20
2023-08-08,XLF,33.454978942871094,37254800.0,Yahoo Finance,2026-09-21T08:29:09+00:00,2024-05-20
2023-08-09,XLF,33.20702362060547,38304200.0,Yahoo Finance,2026-09-21T08:29:09+00:00,2024-05-20
2023-08-10,XLF,33.235633850097656,38097500.0,Yahoo Finance,2026-09-21T08:29:09+00:00,2024-05-20
2023-08-11,XLF,33.30239486694336,27518700.0,Yahoo Finance,2026-09-21T08:29:09+00:00,2024-05-20
2023-08-14,XLF,33.235633850097656,23773800.0,Yahoo Finance,2026-09-21T08:29:09+00:00,2024-05-20
2023-08-15,XLF,32.625282287597656,57472100.0,Yahoo Finance,2026-09-21T08:29:09+00:00,2024-05-20
2023-08-16,XLF,32.57759475708008,33566500.0,Yahoo Finance,2026-09-21T08:29:09+00:00,2024-05-20
2023-08-17,XLF,32.41546630859375,38205400.0,Yahoo Finance,2026-09-21T08:29:09+00:00,2024-05-20
2023-08-18,XLF,32.40593719482422,40860000.0,Yahoo Finance,2026-09-21T08:29:09+00:00,2024-05-20
2023-08-21,XLF,32.36777877807617,32308300.0,Yahoo Finance,2026-09-21T08:29:09+00:00,2024-05-20
2023-08-22,XLF,32.0626106262207,43133000.0,Yahoo Finance,2026-09-21T08:29:09+00:00,2024-05-20
2023-08-23,XLF,32.377323150634766,30240500.0,Yahoo Finance,2026-09-21T08:29:09+00:00,2024-05-20
2023-08-24,XLF,32.26288604736328,35784900.0,Yahoo Finance,2026-09-21T08:29:09+00:00,2024-05-20
2023-08-25,XLF,32.41546630859375,40347200.0,Yahoo Finance,2026-09-21T08:29:09+00:00,2024-05-20
2023-08-28,XLF,32.59666442871094,34905300.0,Yahoo Finance,2026-09-21T08:29:09+00:00,2024-05-20
2023-08-29,XLF,32.89231491088867,43394300.0,Yahoo Finance,2026-09-21T08:29:09+00:00,2024-05-20
2023-08-30,XLF,32.91139221191406,33799900.0,Yahoo Finance,2026-09-21T08:29:09+00:00,2024-05-20
2023-08-31,XLF,32.78740692138672,27999700.0,Yahoo Finance,2026-09-21T08:29:09+00:00,2024-05-20
2023-09-01,XLF,33.083045959472656,41075700.0,Yahoo Finance,2026-09-21T08:29:09+00:00,2024-05-20
2023-09-05,XLF,32.749263763427734,38612300.0,Yahoo Finance,2026-09-21T08:29:09+00:00,2024-05-20
2023-09-06,XLF,32.73019027709961,35672800.0,Yahoo Finance,2026-09-21T08:29:09+00:00,2024-05-20
2023-09-07,XLF,32.644351959228516,47632600.0,Yahoo Finance,2026-09-21T08:29:09+00:00,2024-05-20
2023-09-08,XLF,32.71111297607422,39720800.0,Yahoo Finance,2026-09-21T08:29:09+00:00,2024-05-20
2023-09-11,XLF,32.863704681396484,28965100.0,Yahoo Finance,2026-09-21T08:29:09+00:00,2024-05-20
2023-09-12,XLF,33.083045959472656,48615200.0,Yahoo Finance,2026-09-21T08:29:09+00:00,2024-05-20
2023-09-13,XLF,33.083045959472656,31994900.0,Yahoo Finance,2026-09-21T08:29:09+00:00,2024-05-20
2023-09-14,XLF,33.38821792602539,65685500.0,Yahoo Finance,2026-09-21T08:29:09+00:00,2024-05-20
2023-09-15,XLF,33.21656799316406,51800200.0,Yahoo Finance,2026-09-21T08:29:09+00:00,2024-05-20
2023-09-18,XLF,33.307559967041016,32458700.0,Yahoo Finance,2026-09-21T08:29:09+00:00,2024-05-20
2023-09-19,XLF,33.26924133300781,36112900.0,Yahoo Finance,2026-09-21T08:29:09+00:00,2024-05-20
2023-09-20,XLF,33.03935623168945,31618000.0,Yahoo Finance,2026-09-21T08:29:09+00:00,2024-05-20
2023-09-21,XLF,32.49331283569336,48103300.0,Yahoo Finance,2026-09-21T08:29:09+00:00,2024-05-20
2023-09-22,XLF,32.2442512512207,41688300.0,Yahoo Finance,2026-09-21T08:29:09+00:00,2024-05-20
2023-09-25,XLF,32.320892333984375,40141700.0,Yahoo Finance,2026-09-21T08:29:09+00:00,2024-05-20
2023-09-26,XLF,31.889816284179688,46165400.0,Yahoo Finance,2026-09-21T08:29:09+00:00,2024-05-20
2023-09-27,XLF,31.8419246673584,49360900.0,Yahoo Finance,2026-09-21T08:29:09+00:00,2024-05-20
2023-09-28,XLF,32.07182312011719,63638100.0,Yahoo Finance,2026-09-21T08:29:09+00:00,2024-05-20
2023-09-29,XLF,31.774860382080078,52860500.0,Yahoo Finance,2026-09-21T08:29:09+00:00,2024-05-20
2023-10-02,XLF,31.506633758544922,49350600.0,Yahoo Finance,2026-09-21T08:29:09+00:00,2024-05-20
2023-10-03,XLF,31.008508682250977,52921800.0,Yahoo Finance,2026-09-21T08:29:09+00:00,2024-05-20
2023-10-04,XLF,31.238418579101562,40136000.0,Yahoo Finance,2026-09-21T08:29:09+00:00,2024-05-20
2023-10-05,XLF,31.38210678100586,41407800.0,Yahoo Finance,2026-09-21T08:29:09+00:00,2024-05-20
2023-10-06,XLF,31.65032958984375,54057800.0,Yahoo Finance,2026-09-21T08:29:09+00:00,2024-05-20
2023-10-09,XLF,31.669492721557617,61396600.0,Yahoo Finance,2026-09-21T08:29:09+00:00,2024-05-20
2023-10-10,XLF,31.899391174316406,44743400.0,Yahoo Finance,2026-09-21T08:29:09+00:00,2024-05-20
2023-10-11,XLF,31.94729232788086,35746400.0,Yahoo Finance,2026-09-21T08:29:09+00:00,2024-05-20
2023-10-12,XLF,31.746124267578125,41991200.0,Yahoo Finance,2026-09-21T08:29:09+00:00,2024-05-20
2023-10-13,XLF,31.813180923461914,53213800.0,Yahoo Finance,2026-09-21T08:29:09+00:00,2024-05-20
2023-10-16,XLF,32.14845657348633,45589300.0,Yahoo Finance,2026-09-21T08:29:09+00:00,2024-05-20
2023-10-17,XLF,32.30173110961914,41925200.0,Yahoo Finance,2026-09-21T08:29:09+00:00,2024-05-20
2023-10-18,XLF,31.746124267578125,46942100.0,Yahoo Finance,2026-09-21T08:29:09+00:00,2024-05-20
2023-10-19,XLF,31.324626922607422,66656200.0,Yahoo Finance,2026-09-21T08:29:09+00:00,2024-05-20
2023-10-20,XLF,30.845657348632812,59921300.0,Yahoo Finance,2026-09-21T08:29:09+00:00,2024-05-20
2023-10-23,XLF,30.654071807861328,55913700.0,Yahoo Finance,2026-09-21T08:29:09+00:00,2024-05-20
2023-10-24,XLF,30.86482048034668,35825000.0,Yahoo Finance,2026-09-21T08:29:09+00:00,2024-05-20
2023-10-25,XLF,30.749866485595703,59240100.0,Yahoo Finance,2026-09-21T08:29:09+00:00,2024-05-20
2023-10-26,XLF,30.68280792236328,56046100.0,Yahoo Finance,2026-09-21T08:29:09+00:00,2024-05-20
2023-10-27,XLF,30.127206802368164,73057300.0,Yahoo Finance,2026-09-21T08:29:09+00:00,2024-05-20
2023-10-30,XLF,30.663650512695312,48978100.0,Yahoo Finance,2026-09-21T08:29:09+00:00,2024-05-20
2023-10-31,XLF,30.998933792114258,41050100.0,Yahoo Finance,2026-09-21T08:29:09+00:00,2024-05-20
2023-11-01,XLF,31.200101852416992,51764100.0,Yahoo Finance,2026-09-21T08:29:09+00:00,2024-05-20
2023-11-02,XLF,31.937705993652344,47417000.0,Yahoo Finance,2026-09-21T08:29:09+00:00,2024-05-20
2023-11-03,XLF,32.35921096801758,58801300.0,Yahoo Finance,2026-09-21T08:29:09+00:00,2024-05-20
2023-11-06,XLF,32.26341247558594,40599700.0,Yahoo Finance,2026-09-21T08:29:09+00:00,2024-05-20
2023-11-07,XLF,32.21551513671875,27442000.0,Yahoo Finance,2026-09-21T08:29:09+00:00,2024-05-20
2023-11-08,XLF,32.25383377075195,30165800.0,Yahoo Finance,2026-09-21T08:29:09+00:00,2024-05-20
2023-11-09,XLF,32.11971664428711,34336600.0,Yahoo Finance,2026-09-21T08:29:09+00:00,2024-05-20
2023-11-10,XLF,32.483741760253906,35146100.0,Yahoo Finance,2026-09-21T08:29:09+00:00,2024-05-20
2023-11-13,XLF,32.43584060668945,28327300.0,Yahoo Finance,2026-09-21T08:29:09+00:00,2024-05-20
2023-11-14,XLF,33.048919677734375,54296300.0,Yahoo Finance,2026-09-21T08:29:09+00:00,2024-05-20
2023-11-15,XLF,33.23093032836914,35000200.0,Yahoo Finance,2026-09-21T08:29:09+00:00,2024-05-20
2023-11-16,XLF,33.36505126953125,33222500.0,Yahoo Finance,2026-09-21T08:29:09+00:00,2024-05-20
2023-11-17,XLF,33.537471771240234,31336100.0,Yahoo Finance,2026-09-21T08:29:09+00:00,2024-05-20
2023-11-20,XLF,33.67158508300781,37285400.0,Yahoo Finance,2026-09-21T08:29:09+00:00,2024-05-20
2023-11-21,XLF,33.65242385864258,27285700.0,Yahoo Finance,2026-09-21T08:29:09+00:00,2024-05-20
2023-11-22,XLF,33.78654098510742,32719200.0,Yahoo Finance,2026-09-21T08:29:09+00:00,2024-05-20
2023-11-24,XLF,33.891910552978516,13168500.0,Yahoo Finance,2026-09-21T08:29:09+00:00,2024-05-20
2023-11-27,XLF,33.77695846557617,35017000.0,Yahoo Finance,2026-09-21T08:29:09+00:00,2024-05-20
2023-11-28,XLF,33.76737594604492,39329300.0,Yahoo Finance,2026-09-21T08:29:09+00:00,2024-05-20
2023-11-29,XLF,34.006858825683594,36651300.0,Yahoo Finance,2026-09-21T08:29:09+00:00,2024-05-20
2023-11-30,XLF,34.39004135131836,37334500.0,Yahoo Finance,2026-09-21T08:29:09+00:00,2024-05-20
2023-12-01,XLF,34.648681640625,51267600.0,Yahoo Finance,2026-09-21T08:29:09+00:00,2024-05-20
2023-12-04,XLF,34.6103630065918,41366600.0,Yahoo Finance,2026-09-21T08:29:09+00:00,2024-05-20
2023-12-05,XLF,34.43793869018555,39510900.0,Yahoo Finance,2026-09-21T08:29:09+00:00,2024-05-20
2023-12-06,XLF,34.265506744384766,35616100.0,Yahoo Finance,2026-09-21T08:29:09+00:00,2024-05-20
2023-12-07,XLF,34.4283561706543,26050900.0,Yahoo Finance,2026-09-21T08:29:09+00:00,2024-05-20
2023-12-08,XLF,34.6103630065918,33213100.0,Yahoo Finance,2026-09-21T08:29:09+00:00,2024-05-20
2023-12-11,XLF,34.821109771728516,31165700.0,Yahoo Finance,2026-09-21T08:29:09+00:00,2024-05-20
2023-12-12,XLF,35.07017135620117,37245700.0,Yahoo Finance,2026-09-21T08:29:09+00:00,2024-05-20
2023-12-13,XLF,35.63536071777344,56989000.0,Yahoo Finance,2026-09-21T08:29:09+00:00,2024-05-20
2023-12-14,XLF,35.98979568481445,66865700.0,Yahoo Finance,2026-09-21T08:29:09+00:00,2024-05-20
2023-12-15,XLF,35.77904510498047,69246200.0,Yahoo Finance,2026-09-21T08:29:09+00:00,2024-05-20
2023-12-18,XLF,35.8984260559082,43434000.0,Yahoo Finance,2026-09-21T08:29:09+00:00,2024-05-20
2023-12-19,XLF,36.167972564697266,32509000.0,Yahoo Finance,2026-09-21T08:29:09+00:00,2024-05-20
2023-12-20,XLF,35.52298355102539,52985700.0,Yahoo Finance,2026-09-21T08:29:09+00:00,2024-05-20
2023-12-21,XLF,35.869544982910156,27522200.0,Yahoo Finance,2026-09-21T08:29:09+00:00,2024-05-20
2023-12-22,XLF,35.94655990600586,30331400.0,Yahoo Finance,2026-09-21T08:29:09+00:00,2024-05-20
2023-12-26,XLF,36.09096145629883,17837600.0,Yahoo Finance,2026-09-21T08:29:09+00:00,2024-05-20
2023-12-27,XLF,36.206485748291016,32640800.0,Yahoo Finance,2026-09-21T08:29:09+00:00,2024-05-20
2023-12-28,XLF,36.3123779296875,25308000.0,Yahoo Finance,2026-09-21T08:29:09+00:00,2024-05-20
2023-12-29,XLF,36.19685363769531,30218300.0,Yahoo Finance,2026-09-21T08:29:09+00:00,2024-05-20
2024-01-02,XLF,36.35088348388672,31351900.0,Yahoo Finance,2026-09-21T08:29:09+00:00,2024-05-20
2024-01-03,XLF,36.04281997680664,46909000.0,Yahoo Finance,2026-09-21T08:29:09+00:00,2024-05-20
2024-01-04,XLF,36.18722152709961,36904200.0,Yahoo Finance,2026-09-21T08:29:09+00:00,2024-05-20
2024-01-05,XLF,36.34126281738281,44852300.0,Yahoo Finance,2026-09-21T08:29:09+00:00,2024-05-20
2024-01-08,XLF,36.572303771972656,39098300.0,Yahoo Finance,2026-09-21T08:29:09+00:00,2024-05-20
2024-01-09,XLF,36.34126281738281,36338100.0,Yahoo Finance,2026-09-21T08:29:09+00:00,2024-05-20
2024-01-10,XLF,36.399024963378906,37095500.0,Yahoo Finance,2026-09-21T08:29:09+00:00,2024-05-20
2024-01-11,XLF,36.26424026489258,49043500.0,Yahoo Finance,2026-09-21T08:29:09+00:00,2024-05-20
2024-01-12,XLF,36.19685363769531,41333900.0,Yahoo Finance,2026-09-21T08:29:09+00:00,2024-05-20
2024-01-16,XLF,35.94655990600586,44042100.0,Yahoo Finance,2026-09-21T08:29:09+00:00,2024-05-20
2024-01-17,XLF,35.87916946411133,38715900.0,Yahoo Finance,2026-09-21T08:29:09+00:00,2024-05-20
2024-01-18,XLF,35.93693542480469,42064900.0,Yahoo Finance,2026-09-21T08:29:09+00:00,2024-05-20
2024-01-19,XLF,36.51454162597656,59417700.0,Yahoo Finance,2026-09-21T08:29:09+00:00,2024-05-20
2024-01-22,XLF,36.68782424926758,51828800.0,Yahoo Finance,2026-09-21T08:29:09+00:00,2024-05-20
2024-01-23,XLF,36.745582580566406,46255500.0,Yahoo Finance,2026-09-21T08:29:09+00:00,2024-05-20
2024-01-24,XLF,36.88998794555664,43975500.0,Yahoo Finance,2026-09-21T08:29:09+00:00,2024-05-20
2024-01-25,XLF,37.07289505004883,50693800.0,Yahoo Finance,2026-09-21T08:29:09+00:00,2024-05-20
2024-01-26,XLF,37.207672119140625,38620200.0,Yahoo Finance,2026-09-21T08:29:09+00:00,2024-05-20
2024-01-29,XLF,37.303932189941406,44175600.0,Yahoo Finance,2026-09-21T08:29:09+00:00,2024-05-20
2024-01-30,XLF,37.77566146850586,43229300.0,Yahoo Finance,2026-09-21T08:29:09+00:00,2024-05-20
2024-01-31,XLF,37.313560485839844,65780900.0,Yahoo Finance,2026-09-21T08:29:09+00:00,2024-05-20
2024-02-01,XLF,37.37132263183594,63445600.0,Yahoo Finance,2026-09-21T08:29:09+00:00,2024-05-20
2024-02-02,XLF,37.52534866333008,61778400.0,Yahoo Finance,2026-09-21T08:29:09+00:00,2024-05-20
2024-02-05,XLF,37.303932189941406,37351300.0,Yahoo Finance,2026-09-21T08:29:09+00:00,2024-05-20
2024-02-06,XLF,37.380950927734375,41055700.0,Yahoo Finance,2026-09-21T08:29:09+00:00,2024-05-20
2024-02-07,XLF,37.660133361816406,39018700.0,Yahoo Finance,2026-09-21T08:29:09+00:00,2024-05-20
2024-02-08,XLF,37.51572799682617,47331500.0,Yahoo Finance,2026-09-21T08:29:09+00:00,2024-05-20
2024-02-09,XLF,37.62163162231445,50680400.0,Yahoo Finance,2026-09-21T08:29:09+00:00,2024-05-20
2024-02-12,XLF,37.7949104309082,39952700.0,Yahoo Finance,2026-09-21T08:29:09+00:00,2024-05-20
2024-02-13,XLF,37.28468704223633,62948300.0,Yahoo Finance,2026-09-21T08:29:09+00:00,2024-05-20
2024-02-14,XLF,37.6408805847168,58722500.0,Yahoo Finance,2026-09-21T08:29:09+00:00,2024-05-20
2024-02-15,XLF,38.2858772277832,58107900.0,Yahoo Finance,2026-09-21T08:29:09+00:00,2024-05-20
2024-02-16,XLF,38.15110397338867,37900000.0,Yahoo Finance,2026-09-21T08:29:09+00:00,2024-05-20
2024-02-20,XLF,38.04520797729492,39952200.0,Yahoo Finance,2026-09-21T08:29:09+00:00,2024-05-20
2024-02-21,XLF,38.160728454589844,40242400.0,Yahoo Finance,2026-09-21T08:29:09+00:00,2024-05-20
2024-02-22,XLF,38.60355758666992,55188200.0,Yahoo Finance,2026-09-21T08:29:09+00:00,2024-05-20
2024-02-23,XLF,38.79609298706055,42190500.0,Yahoo Finance,2026-09-21T08:29:09+00:00,2024-05-20
2024-02-26,XLF,38.60355758666992,38370000.0,Yahoo Finance,2026-09-21T08:29:09+00:00,2024-05-20
2024-02-27,XLF,38.709449768066406,42599500.0,Yahoo Finance,2026-09-21T08:29:09+00:00,2024-05-20
2024-02-28,XLF,38.85386276245117,40040800.0,Yahoo Finance,2026-09-21T08:29:09+00:00,2024-05-20
2024-02-29,XLF,38.83460235595703,37629700.0,Yahoo Finance,2026-09-21T08:29:09+00:00,2024-05-20
2024-03-01,XLF,38.78647232055664,40794900.0,Yahoo Finance,2026-09-21T08:29:09+00:00,2024-05-20
2024-03-04,XLF,38.88274002075195,53413200.0,Yahoo Finance,2026-09-21T08:29:09+00:00,2024-05-20
2024-03-05,XLF,38.892372131347656,50770200.0,Yahoo Finance,2026-09-21T08:29:09+00:00,2024-05-20
2024-03-06,XLF,39.09452819824219,58459500.0,Yahoo Finance,2026-09-21T08:29:09+00:00,2024-05-20
2024-03-07,XLF,39.03676986694336,35505100.0,Yahoo Finance,2026-09-21T08:29:09+00:00,2024-05-20
2024-03-08,XLF,39.104156494140625,47266600.0,Yahoo Finance,2026-09-21T08:29:09+00:00,2024-05-20
2024-03-11,XLF,39.17154312133789,36233100.0,Yahoo Finance,2026-09-21T08:29:09+00:00,2024-05-20
2024-03-12,XLF,39.3351936340332,53199300.0,Yahoo Finance,2026-09-21T08:29:09+00:00,2024-05-20
2024-03-13,XLF,39.624000549316406,43471400.0,Yahoo Finance,2026-09-21T08:29:09+00:00,2024-05-20
2024-03-14,XLF,39.30632019042969,65563400.0,Yahoo Finance,2026-09-21T08:29:09+00:00,2024-05-20
2024-03-15,XLF,39.26781463623047,67568000.0,Yahoo Finance,2026-09-21T08:29:09+00:00,2024-05-20
2024-03-18,XLF,39.492958068847656,39140600.0,Yahoo Finance,2026-09-21T08:29:09+00:00,2024-05-20
2024-03-19,XLF,39.68622970581055,36748300.0,Yahoo Finance,2026-09-21T08:29:09+00:00,2024-05-20
2024-03-20,XLF,40.15971755981445,52255300.0,Yahoo Finance,2026-09-21T08:29:09+00:00,2024-05-20
2024-03-21,XLF,40.48825454711914,49209200.0,Yahoo Finance,2026-09-21T08:29:09+00:00,2024-05-20
2024-03-22,XLF,40.02442932128906,32033000.0,Yahoo Finance,2026-09-21T08:29:09+00:00,2024-05-20
2024-03-25,XLF,39.86982345581055,31784000.0,Yahoo Finance,2026-09-21T08:29:09+00:00,2024-05-20
2024-03-26,XLF,40.00511169433594,30135500.0,Yahoo Finance,2026-09-21T08:29:09+00:00,2024-05-20
2024-03-27,XLF,40.47859573364258,36670300.0,Yahoo Finance,2026-09-21T08:29:09+00:00,2024-05-20
2024-03-28,XLF,40.70084762573242,41490200.0,Yahoo Finance,2026-09-21T08:29:09+00:00,2024-05-20
2024-04-01,XLF,40.47859573364258,37537700.0,Yahoo Finance,2026-09-21T08:29:09+00:00,2024-05-20
2024-04-02,XLF,40.26600646972656,36359800.0,Yahoo Finance,2026-09-21T08:29:09+00:00,2024-05-20
2024-04-03,XLF,40.246681213378906,39715900.0,Yahoo Finance,2026-09-21T08:29:09+00:00,2024-05-20
2024-04-04,XLF,39.79251480102539,52657500.0,Yahoo Finance,2026-09-21T08:29:09+00:00,2024-05-20
2024-04-05,XLF,40.16937255859375,47540300.0,Yahoo Finance,2026-09-21T08:29:09+00:00,2024-05-20
2024-04-08,XLF,40.34331130981445,35165700.0,Yahoo Finance,2026-09-21T08:29:09+00:00,2024-05-20
2024-04-09,XLF,40.11139678955078,51953600.0,Yahoo Finance,2026-09-21T08:29:09+00:00,2024-05-20
2024-04-10,XLF,39.512290954589844,59492800.0,Yahoo Finance,2026-09-21T08:29:09+00:00,2024-05-20
2024-04-11,XLF,39.232059478759766,56870800.0,Yahoo Finance,2026-09-21T08:29:09+00:00,2024-05-20
2024-04-12,XLF,38.71025848388672,81234800.0,Yahoo Finance,2026-09-21T08:29:09+00:00,2024-05-20
2024-04-15,XLF,38.516990661621094,71800600.0,Yahoo Finance,2026-09-21T08:29:09+00:00,2024-05-20
2024-04-16,XLF,38.25608825683594,66751300.0,Yahoo Finance,2026-09-21T08:29:09+00:00,2024-05-20
2024-04-17,XLF,38.35272216796875,41561900.0,Yahoo Finance,2026-09-21T08:29:09+00:00,2024-05-20
2024-04-18,XLF,38.488006591796875,48893400.0,Yahoo Finance,2026-09-21T08:29:09+00:00,2024-05-20
2024-04-19,XLF,39.019474029541016,55513600.0,Yahoo Finance,2026-09-21T08:29:09+00:00,2024-05-20
2024-04-22,XLF,39.492958068847656,50701200.0,Yahoo Finance,2026-09-21T08:29:09+00:00,2024-05-20
2024-04-23,XLF,39.74420166015625,36488600.0,Yahoo Finance,2026-09-21T08:29:09+00:00,2024-05-20
2024-04-24,XLF,39.734535217285156,33957500.0,Yahoo Finance,2026-09-21T08:29:09+00:00,2024-05-20
2024-04-25,XLF,39.502628326416016,50365700.0,Yahoo Finance,2026-09-21T08:29:09+00:00,2024-05-20
2024-04-26,XLF,39.444637298583984,35796900.0,Yahoo Finance,2026-09-21T08:29:09+00:00,2024-05-20
2024-04-29,XLF,39.38666534423828,36596100.0,Yahoo Finance,2026-09-21T08:29:09+00:00,2024-05-20
2024-04-30,XLF,39.00014877319336,34481600.0,Yahoo Finance,2026-09-21T08:29:09+00:00,2024-05-20
2024-05-01,XLF,39.00014877319336,54717600.0,Yahoo Finance,2026-09-21T08:29:09+00:00,2024-05-20
2024-05-02,XLF,39.096771240234375,37085100.0,Yahoo Finance,2026-09-21T08:29:09+00:00,2024-05-20
2024-05-03,XLF,39.18374252319336,45012600.0,Yahoo Finance,2026-09-21T08:29:09+00:00,2024-05-20
2024-05-06,XLF,39.68622970581055,42335600.0,Yahoo Finance,2026-09-21T08:29:09+00:00,2024-05-20
2024-05-07,XLF,39.821510314941406,42601200.0,Yahoo Finance,2026-09-21T08:29:09+00:00,2024-05-20
2024-05-08,XLF,39.966453552246094,28390900.0,Yahoo Finance,2026-09-21T08:29:09+00:00,2024-05-20
2024-05-09,XLF,40.26600646972656,31594800.0,Yahoo Finance,2026-09-21T08:29:09+00:00,2024-05-20
2024-05-10,XLF,40.42061996459961,34306800.0,Yahoo Finance,2026-09-21T08:29:09+00:00,2024-05-20
2024-05-13,XLF,40.256343841552734,29570100.0,Yahoo Finance,2026-09-21T08:29:09+00:00,2024-05-20
2024-05-14,XLF,40.45926284790039,30638300.0,Yahoo Finance,2026-09-21T08:29:09+00:00,2024-05-20
2024-05-15,XLF,40.758819580078125,36138300.0,Yahoo Finance,2026-09-21T08:29:09+00:00,2024-05-20
2024-05-16,XLF,40.758819580078125,36032700.0,Yahoo Finance,2026-09-21T08:29:09+00:00,2024-05-20
2024-05-17,XLF,41.05837631225586,29813200.0,Yahoo Finance,2026-09-21T08:29:09+00:00,2024-05-20
2024-05-20,XLF,40.497920989990234,35719600.0,Yahoo Finance,2026-09-21T08:29:09+00:00,2024-05-20
2023-04-17,XLI,95.98108673095703,8007100.0,Yahoo Finance,2026-09-21T08:29:09+00:00,2024-05-20
2023-04-18,XLI,96.43894958496094,9924700.0,Yahoo Finance,2026-09-21T08:29:09+00:00,2024-05-20
2023-04-19,XLI,96.36264038085938,7734400.0,Yahoo Finance,2026-09-21T08:29:09+00:00,2024-05-20
2023-04-20,XLI,96.19093322753906,9265100.0,Yahoo Finance,2026-09-21T08:29:09+00:00,2024-05-20
2023-04-21,XLI,95.97154998779297,10668600.0,Yahoo Finance,2026-09-21T08:29:09+00:00,2024-05-20
2023-04-24,XLI,96.20048522949219,6942000.0,Yahoo Finance,2026-09-21T08:29:09+00:00,2024-05-20
2023-04-25,XLI,94.42622375488281,12306900.0,Yahoo Finance,2026-09-21T08:29:09+00:00,2024-05-20
2023-04-26,XLI,92.64244842529297,16058800.0,Yahoo Finance,2026-09-21T08:29:09+00:00,2024-05-20
2023-04-27,XLI,94.47393035888672,14421500.0,Yahoo Finance,2026-09-21T08:29:09+00:00,2024-05-20
2023-04-28,XLI,95.38966369628906,10714800.0,Yahoo Finance,2026-09-21T08:29:09+00:00,2024-05-20
2023-05-01,XLI,95.9047622680664,8551100.0,Yahoo Finance,2026-09-21T08:29:09+00:00,2024-05-20
2023-05-02,XLI,94.90318298339844,12240400.0,Yahoo Finance,2026-09-21T08:29:09+00:00,2024-05-20
2023-05-03,XLI,94.54069519042969,13371600.0,Yahoo Finance,2026-09-21T08:29:09+00:00,2024-05-20
2023-05-04,XLI,93.51049041748047,15150000.0,Yahoo Finance,2026-09-21T08:29:09+00:00,2024-05-20
2023-05-05,XLI,94.9222640991211,9231300.0,Yahoo Finance,2026-09-21T08:29:09+00:00,2024-05-20
2023-05-08,XLI,94.57886505126953,7610200.0,Yahoo Finance,2026-09-21T08:29:09+00:00,2024-05-20
2023-05-09,XLI,94.78870391845703,8068100.0,Yahoo Finance,2026-09-21T08:29:09+00:00,2024-05-20
2023-05-10,XLI,94.4453125,12580500.0,Yahoo Finance,2026-09-21T08:29:09+00:00,2024-05-20
2023-05-11,XLI,93.87297058105469,11573800.0,Yahoo Finance,2026-09-21T08:29:09+00:00,2024-05-20
2023-05-12,XLI,93.93975830078125,8552400.0,Yahoo Finance,2026-09-21T08:29:09+00:00,2024-05-20
2023-05-15,XLI,94.3976058959961,8433600.0,Yahoo Finance,2026-09-21T08:29:09+00:00,2024-05-20
2023-05-16,XLI,93.119384765625,9416200.0,Yahoo Finance,2026-09-21T08:29:09+00:00,2024-05-20
2023-05-17,XLI,94.72193908691406,12387400.0,Yahoo Finance,2026-09-21T08:29:09+00:00,2024-05-20
2023-05-18,XLI,95.40872955322266,10813000.0,Yahoo Finance,2026-09-21T08:29:09+00:00,2024-05-20
2023-05-19,XLI,95.17981719970703,10028200.0,Yahoo Finance,2026-09-21T08:29:09+00:00,2024-05-20
2023-05-22,XLI,95.16072845458984,9038600.0,Yahoo Finance,2026-09-21T08:29:09+00:00,2024-05-20
2023-05-23,XLI,94.01606750488281,11744600.0,Yahoo Finance,2026-09-21T08:29:09+00:00,2024-05-20
2023-05-24,XLI,92.80461120605469,11654900.0,Yahoo Finance,2026-09-21T08:29:09+00:00,2024-05-20
2023-05-25,XLI,93.10984802246094,14259300.0,Yahoo Finance,2026-09-21T08:29:09+00:00,2024-05-20
2023-05-26,XLI,93.80619049072266,10790500.0,Yahoo Finance,2026-09-21T08:29:09+00:00,2024-05-20
2023-05-30,XLI,93.6631088256836,9828300.0,Yahoo Finance,2026-09-21T08:29:09+00:00,2024-05-20
2023-05-31,XLI,92.38488006591797,13021500.0,Yahoo Finance,2026-09-21T08:29:09+00:00,2024-05-20
2023-06-01,XLI,93.56771850585938,12573600.0,Yahoo Finance,2026-09-21T08:29:09+00:00,2024-05-20
2023-06-02,XLI,96.28634643554688,21451300.0,Yahoo Finance,2026-09-21T08:29:09+00:00,2024-05-20
2023-06-05,XLI,95.61859893798828,9655500.0,Yahoo Finance,2026-09-21T08:29:09+00:00,2024-05-20
2023-06-06,XLI,96.21956634521484,10509400.0,Yahoo Finance,2026-09-21T08:29:09+00:00,2024-05-20
2023-06-07,XLI,97.76485443115234,13384300.0,Yahoo Finance,2026-09-21T08:29:09+00:00,2024-05-20
2023-06-08,XLI,97.93656921386719,10074600.0,Yahoo Finance,2026-09-21T08:29:09+00:00,2024-05-20
2023-06-09,XLI,97.67902374267578,9870800.0,Yahoo Finance,2026-09-21T08:29:09+00:00,2024-05-20
2023-06-12,XLI,98.3753662109375,9905000.0,Yahoo Finance,2026-09-21T08:29:09+00:00,2024-05-20
2023-06-13,XLI,99.52003479003906,14474000.0,Yahoo Finance,2026-09-21T08:29:09+00:00,2024-05-20
2023-06-14,XLI,99.25294494628906,14953600.0,Yahoo Finance,2026-09-21T08:29:09+00:00,2024-05-20
2023-06-15,XLI,100.75056457519531,12776600.0,Yahoo Finance,2026-09-21T08:29:09+00:00,2024-05-20
2023-06-16,XLI,100.58839416503906,14448400.0,Yahoo Finance,2026-09-21T08:29:09+00:00,2024-05-20
2023-06-20,XLI,99.84139251708984,9527500.0,Yahoo Finance,2026-09-21T08:29:09+00:00,2024-05-20
2023-06-21,XLI,100.3968505859375,12206200.0,Yahoo Finance,2026-09-21T08:29:09+00:00,2024-05-20
2023-06-22,XLI,99.66900634765625,11641800.0,Yahoo Finance,2026-09-21T08:29:09+00:00,2024-05-20
2023-06-23,XLI,98.91239929199219,11246200.0,Yahoo Finance,2026-09-21T08:29:09+00:00,2024-05-20
2023-06-26,XLI,99.73603820800781,7639200.0,Yahoo Finance,2026-09-21T08:29:09+00:00,2024-05-20
2023-06-27,XLI,100.93317413330078,8210200.0,Yahoo Finance,2026-09-21T08:29:09+00:00,2024-05-20
2023-06-28,XLI,100.93317413330078,7866600.0,Yahoo Finance,2026-09-21T08:29:09+00:00,2024-05-20
2023-06-29,XLI,101.9100341796875,10236000.0,Yahoo Finance,2026-09-21T08:29:09+00:00,2024-05-20
2023-06-30,XLI,102.78155517578125,11431400.0,Yahoo Finance,2026-09-21T08:29:09+00:00,2024-05-20
2023-07-03,XLI,102.80072021484375,6786800.0,Yahoo Finance,2026-09-21T08:29:09+00:00,2024-05-20
2023-07-05,XLI,102.2452392578125,9504700.0,Yahoo Finance,2026-09-21T08:29:09+00:00,2024-05-20
2023-07-06,XLI,101.47906494140625,11209500.0,Yahoo Finance,2026-09-21T08:29:09+00:00,2024-05-20
2023-07-07,XLI,101.70890808105469,9359300.0,Yahoo Finance,2026-09-21T08:29:09+00:00,2024-05-20
2023-07-10,XLI,103.15507507324219,11765400.0,Yahoo Finance,2026-09-21T08:29:09+00:00,2024-05-20
2023-07-11,XLI,104.37134552001953,10283200.0,Yahoo Finance,2026-09-21T08:29:09+00:00,2024-05-20
2023-07-12,XLI,104.18938446044922,13492900.0,Yahoo Finance,2026-09-21T08:29:09+00:00,2024-05-20
2023-07-13,XLI,104.323486328125,8964900.0,Yahoo Finance,2026-09-21T08:29:09+00:00,2024-05-20
2023-07-14,XLI,104.01699829101562,9288100.0,Yahoo Finance,2026-09-21T08:29:09+00:00,2024-05-20
2023-07-17,XLI,104.40966796875,6517700.0,Yahoo Finance,2026-09-21T08:29:09+00:00,2024-05-20
2023-07-18,XLI,104.9938735961914,8098000.0,Yahoo Finance,2026-09-21T08:29:09+00:00,2024-05-20
2023-07-19,XLI,104.94599151611328,8563500.0,Yahoo Finance,2026-09-21T08:29:09+00:00,2024-05-20
2023-07-20,XLI,105.41526794433594,10643900.0,Yahoo Finance,2026-09-21T08:29:09+00:00,2024-05-20
2023-07-21,XLI,104.91725158691406,8993400.0,Yahoo Finance,2026-09-21T08:29:09+00:00,2024-05-20
2023-07-24,XLI,105.15668487548828,6754800.0,Yahoo Finance,2026-09-21T08:29:09+00:00,2024-05-20
2023-07-25,XLI,105.02261352539062,8768400.0,Yahoo Finance,2026-09-21T08:29:09+00:00,2024-05-20
2023-07-26,XLI,105.7600326538086,10555200.0,Yahoo Finance,2026-09-21T08:29:09+00:00,2024-05-20
2023-07-27,XLI,104.85023498535156,11837800.0,Yahoo Finance,2026-09-21T08:29:09+00:00,2024-05-20
2023-07-28,XLI,105.50144958496094,7466600.0,Yahoo Finance,2026-09-21T08:29:09+00:00,2024-05-20
2023-07-31,XLI,105.7504653930664,6587200.0,Yahoo Finance,2026-09-21T08:29:09+00:00,2024-05-20
2023-08-01,XLI,106.06649780273438,9003600.0,Yahoo Finance,2026-09-21T08:29:09+00:00,2024-05-20
2023-08-02,XLI,104.95556640625,9905900.0,Yahoo Finance,2026-09-21T08:29:09+00:00,2024-05-20
2023-08-03,XLI,104.29473876953125,7991700.0,Yahoo Finance,2026-09-21T08:29:09+00:00,2024-05-20
2023-08-04,XLI,103.66263580322266,10631100.0,Yahoo Finance,2026-09-21T08:29:09+00:00,2024-05-20
2023-08-07,XLI,104.9364013671875,8462600.0,Yahoo Finance,2026-09-21T08:29:09+00:00,2024-05-20
2023-08-08,XLI,104.45753479003906,7669100.0,Yahoo Finance,2026-09-21T08:29:09+00:00,2024-05-20
2023-08-09,XLI,104.40010070800781,7881500.0,Yahoo Finance,2026-09-21T08:29:09+00:00,2024-05-20
2023-08-10,XLI,104.11277770996094,7259200.0,Yahoo Finance,2026-09-21T08:29:09+00:00,2024-05-20
2023-08-11,XLI,104.28516387939453,5720300.0,Yahoo Finance,2026-09-21T08:29:09+00:00,2024-05-20
2023-08-14,XLI,104.323486328125,6113000.0,Yahoo Finance,2026-09-21T08:29:09+00:00,2024-05-20
2023-08-15,XLI,102.99225616455078,6911700.0,Yahoo Finance,2026-09-21T08:29:09+00:00,2024-05-20
2023-08-16,XLI,102.41761779785156,10281000.0,Yahoo Finance,2026-09-21T08:29:09+00:00,2024-05-20
2023-08-17,XLI,101.55570220947266,10867800.0,Yahoo Finance,2026-09-21T08:29:09+00:00,2024-05-20
2023-08-18,XLI,101.74723052978516,10763900.0,Yahoo Finance,2026-09-21T08:29:09+00:00,2024-05-20
2023-08-21,XLI,101.62271881103516,6464700.0,Yahoo Finance,2026-09-21T08:29:09+00:00,2024-05-20
2023-08-22,XLI,101.38331604003906,8152300.0,Yahoo Finance,2026-09-21T08:29:09+00:00,2024-05-20
2023-08-23,XLI,102.42720031738281,7643300.0,Yahoo Finance,2026-09-21T08:29:09+00:00,2024-05-20
2023-08-24,XLI,101.18218231201172,9483700.0,Yahoo Finance,2026-09-21T08:29:09+00:00,2024-05-20
2023-08-25,XLI,102.03453063964844,13142500.0,Yahoo Finance,2026-09-21T08:29:09+00:00,2024-05-20
2023-08-28,XLI,102.86775970458984,7673700.0,Yahoo Finance,2026-09-21T08:29:09+00:00,2024-05-20
2023-08-29,XLI,103.65308380126953,9326500.0,Yahoo Finance,2026-09-21T08:29:09+00:00,2024-05-20
2023-08-30,XLI,104.12236022949219,7849600.0,Yahoo Finance,2026-09-21T08:29:09+00:00,2024-05-20
2023-08-31,XLI,103.65308380126953,5593400.0,Yahoo Finance,2026-09-21T08:29:09+00:00,2024-05-20
2023-09-01,XLI,104.19898223876953,7034200.0,Yahoo Finance,2026-09-21T08:29:09+00:00,2024-05-20
2023-09-05,XLI,102.44634246826172,8452200.0,Yahoo Finance,2026-09-21T08:29:09+00:00,2024-05-20
2023-09-06,XLI,102.00581359863281,8586600.0,Yahoo Finance,2026-09-21T08:29:09+00:00,2024-05-20
2023-09-07,XLI,101.67062377929688,7561200.0,Yahoo Finance,2026-09-21T08:29:09+00:00,2024-05-20
2023-09-08,XLI,101.16301727294922,6828700.0,Yahoo Finance,2026-09-21T08:29:09+00:00,2024-05-20
2023-09-11,XLI,101.19176483154297,6308000.0,Yahoo Finance,2026-09-21T08:29:09+00:00,2024-05-20
2023-09-12,XLI,100.82782745361328,8099500.0,Yahoo Finance,2026-09-21T08:29:09+00:00,2024-05-20
2023-09-13,XLI,100.15742492675781,10646100.0,Yahoo Finance,2026-09-21T08:29:09+00:00,2024-05-20
2023-09-14,XLI,101.14387512207031,10123900.0,Yahoo Finance,2026-09-21T08:29:09+00:00,2024-05-20
2023-09-15,XLI,100.55966186523438,11446100.0,Yahoo Finance,2026-09-21T08:29:09+00:00,2024-05-20
2023-09-18,XLI,100.67121124267578,6446700.0,Yahoo Finance,2026-09-21T08:29:09+00:00,2024-05-20
2023-09-19,XLI,100.24811553955078,7360600.0,Yahoo Finance,2026-09-21T08:29:09+00:00,2024-05-20
2023-09-20,XLI,99.85383605957031,8286700.0,Yahoo Finance,2026-09-21T08:29:09+00:00,2024-05-20
2023-09-21,XLI,98.21910095214844,8931200.0,Yahoo Finance,2026-09-21T08:29:09+00:00,2024-05-20
2023-09-22,XLI,97.8825454711914,10971200.0,Yahoo Finance,2026-09-21T08:29:09+00:00,2024-05-20
2023-09-25,XLI,98.37297058105469,7355500.0,Yahoo Finance,2026-09-21T08:29:09+00:00,2024-05-20
2023-09-26,XLI,96.87285614013672,11490500.0,Yahoo Finance,2026-09-21T08:29:09+00:00,2024-05-20
2023-09-27,XLI,97.59405517578125,12676700.0,Yahoo Finance,2026-09-21T08:29:09+00:00,2024-05-20
2023-09-28,XLI,98.0075454711914,9804800.0,Yahoo Finance,2026-09-21T08:29:09+00:00,2024-05-20
2023-09-29,XLI,97.48826599121094,11041900.0,Yahoo Finance,2026-09-21T08:29:09+00:00,2024-05-20
2023-10-02,XLI,96.5362777709961,11079200.0,Yahoo Finance,2026-09-21T08:29:09+00:00,2024-05-20
2023-10-03,XLI,95.8631591796875,12055500.0,Yahoo Finance,2026-09-21T08:29:09+00:00,2024-05-20
2023-10-04,XLI,96.17086791992188,11394500.0,Yahoo Finance,2026-09-21T08:29:09+00:00,2024-05-20
2023-10-05,XLI,95.603515625,10336400.0,Yahoo Finance,2026-09-21T08:29:09+00:00,2024-05-20
2023-10-06,XLI,96.91130828857422,13842700.0,Yahoo Finance,2026-09-21T08:29:09+00:00,2024-05-20
2023-10-09,XLI,98.4306640625,11059700.0,Yahoo Finance,2026-09-21T08:29:09+00:00,2024-05-20
2023-10-10,XLI,99.02687072753906,9658200.0,Yahoo Finance,2026-09-21T08:29:09+00:00,2024-05-20
2023-10-11,XLI,99.62306213378906,7806500.0,Yahoo Finance,2026-09-21T08:29:09+00:00,2024-05-20
2023-10-12,XLI,98.71915435791016,8102200.0,Yahoo Finance,2026-09-21T08:29:09+00:00,2024-05-20
2023-10-13,XLI,97.84407806396484,9598000.0,Yahoo Finance,2026-09-21T08:29:09+00:00,2024-05-20
2023-10-16,XLI,98.88262176513672,8344100.0,Yahoo Finance,2026-09-21T08:29:09+00:00,2024-05-20
2023-10-17,XLI,99.19033813476562,10707200.0,Yahoo Finance,2026-09-21T08:29:09+00:00,2024-05-20
2023-10-18,XLI,96.79591369628906,13582700.0,Yahoo Finance,2026-09-21T08:29:09+00:00,2024-05-20
2023-10-19,XLI,95.90162658691406,12535100.0,Yahoo Finance,2026-09-21T08:29:09+00:00,2024-05-20
2023-10-20,XLI,94.9111557006836,13641000.0,Yahoo Finance,2026-09-21T08:29:09+00:00,2024-05-20
2023-10-23,XLI,94.46881866455078,12076800.0,Yahoo Finance,2026-09-21T08:29:09+00:00,2024-05-20
2023-10-24,XLI,95.180419921875,9324300.0,Yahoo Finance,2026-09-21T08:29:09+00:00,2024-05-20
2023-10-25,XLI,93.95915985107422,10996000.0,Yahoo Finance,2026-09-21T08:29:09+00:00,2024-05-20
2023-10-26,XLI,93.5649185180664,15387400.0,Yahoo Finance,2026-09-21T08:29:09+00:00,2024-05-20
2023-10-27,XLI,92.73790740966797,13062000.0,Yahoo Finance,2026-09-21T08:29:09+00:00,2024-05-20
2023-10-30,XLI,93.891845703125,11242700.0,Yahoo Finance,2026-09-21T08:29:09+00:00,2024-05-20
2023-10-31,XLI,94.5842056274414,10540200.0,Yahoo Finance,2026-09-21T08:29:09+00:00,2024-05-20
2023-11-01,XLI,94.8919448852539,14715300.0,Yahoo Finance,2026-09-21T08:29:09+00:00,2024-05-20
2023-11-02,XLI,96.843994140625,10739800.0,Yahoo Finance,2026-09-21T08:29:09+00:00,2024-05-20
2023-11-03,XLI,97.69982147216797,10001200.0,Yahoo Finance,2026-09-21T08:29:09+00:00,2024-05-20
2023-11-06,XLI,97.44019317626953,6899400.0,Yahoo Finance,2026-09-21T08:29:09+00:00,2024-05-20
2023-11-07,XLI,97.19979858398438,7244500.0,Yahoo Finance,2026-09-21T08:29:09+00:00,2024-05-20
2023-11-08,XLI,97.42095947265625,7494200.0,Yahoo Finance,2026-09-21T08:29:09+00:00,2024-05-20
2023-11-09,XLI,97.20940399169922,12232900.0,Yahoo Finance,2026-09-21T08:29:09+00:00,2024-05-20
2023-11-10,XLI,98.61337280273438,9576200.0,Yahoo Finance,2026-09-21T08:29:09+00:00,2024-05-20
2023-11-13,XLI,98.69991302490234,6598000.0,Yahoo Finance,2026-09-21T08:29:09+00:00,2024-05-20
2023-11-14,XLI,100.68081665039062,12873000.0,Yahoo Finance,2026-09-21T08:29:09+00:00,2024-05-20
2023-11-15,XLI,100.89237976074219,8516300.0,Yahoo Finance,2026-09-21T08:29:09+00:00,2024-05-20
2023-11-16,XLI,100.91162109375,8611100.0,Yahoo Finance,2026-09-21T08:29:09+00:00,2024-05-20
2023-11-17,XLI,101.555908203125,8034400.0,Yahoo Finance,2026-09-21T08:29:09+00:00,2024-05-20
2023-11-20,XLI,101.86360168457031,7338700.0,Yahoo Finance,2026-09-21T08:29:09+00:00,2024-05-20
2023-11-21,XLI,101.78668212890625,7676500.0,Yahoo Finance,2026-09-21T08:29:09+00:00,2024-05-20
2023-11-22,XLI,102.00786590576172,9059700.0,Yahoo Finance,2026-09-21T08:29:09+00:00,2024-05-20
2023-11-24,XLI,102.25788116455078,4439200.0,Yahoo Finance,2026-09-21T08:29:09+00:00,2024-05-20
2023-11-27,XLI,101.680908203125,9157900.0,Yahoo Finance,2026-09-21T08:29:09+00:00,2024-05-20
2023-11-28,XLI,101.44050598144531,7976000.0,Yahoo Finance,2026-09-21T08:29:09+00:00,2024-05-20
2023-11-29,XLI,101.82514190673828,9101400.0,Yahoo Finance,2026-09-21T08:29:09+00:00,2024-05-20
2023-11-30,XLI,102.94062805175781,14101600.0,Yahoo Finance,2026-09-21T08:29:09+00:00,2024-05-20
2023-12-01,XLI,104.56574249267578,13279800.0,Yahoo Finance,2026-09-21T08:29:09+00:00,2024-05-20
2023-12-04,XLI,104.73883819580078,11010900.0,Yahoo Finance,2026-09-21T08:29:09+00:00,2024-05-20
2023-12-05,XLI,103.89263153076172,10056300.0,Yahoo Finance,2026-09-21T08:29:09+00:00,2024-05-20
2023-12-06,XLI,104.35420227050781,8336300.0,Yahoo Finance,2026-09-21T08:29:09+00:00,2024-05-20
2023-12-07,XLI,104.45036315917969,8457600.0,Yahoo Finance,2026-09-21T08:29:09+00:00,2024-05-20
2023-12-08,XLI,104.77729797363281,7150000.0,Yahoo Finance,2026-09-21T08:29:09+00:00,2024-05-20
2023-12-11,XLI,105.77737426757812,9380200.0,Yahoo Finance,2026-09-21T08:29:09+00:00,2024-05-20
2023-12-12,XLI,106.25818634033203,6524600.0,Yahoo Finance,2026-09-21T08:29:09+00:00,2024-05-20
2023-12-13,XLI,107.44097137451172,12976800.0,Yahoo Finance,2026-09-21T08:29:09+00:00,2024-05-20
2023-12-14,XLI,108.82569885253906,15473800.0,Yahoo Finance,2026-09-21T08:29:09+00:00,2024-05-20
2023-12-15,XLI,108.68143463134766,13800900.0,Yahoo Finance,2026-09-21T08:29:09+00:00,2024-05-20
2023-12-18,XLI,108.67662048339844,6977200.0,Yahoo Finance,2026-09-21T08:29:09+00:00,2024-05-20
2023-12-19,XLI,109.51778411865234,5249400.0,Yahoo Finance,2026-09-21T08:29:09+00:00,2024-05-20
2023-12-20,XLI,107.74842834472656,8329600.0,Yahoo Finance,2026-09-21T08:29:09+00:00,2024-05-20
2023-12-21,XLI,108.86031341552734,6962100.0,Yahoo Finance,2026-09-21T08:29:09+00:00,2024-05-20
2023-12-22,XLI,109.38243103027344,5500100.0,Yahoo Finance,2026-09-21T08:29:09+00:00,2024-05-20
2023-12-26,XLI,110.15591430664062,5181600.0,Yahoo Finance,2026-09-21T08:29:09+00:00,2024-05-20
2023-12-27,XLI,110.32029724121094,5893900.0,Yahoo Finance,2026-09-21T08:29:09+00:00,2024-05-20
2023-12-28,XLI,110.34930419921875,8240700.0,Yahoo Finance,2026-09-21T08:29:09+00:00,2024-05-20
2023-12-29,XLI,110.21393585205078,7936300.0,Yahoo Finance,2026-09-21T08:29:09+00:00,2024-05-20
2024-01-02,XLI,109.1020278930664,8558700.0,Yahoo Finance,2026-09-21T08:29:09+00:00,2024-05-20
2024-01-03,XLI,107.4776840209961,18631200.0,Yahoo Finance,2026-09-21T08:29:09+00:00,2024-05-20
2024-01-04,XLI,107.61304473876953,10715900.0,Yahoo Finance,2026-09-21T08:29:09+00:00,2024-05-20
2024-01-05,XLI,107.73873901367188,7888100.0,Yahoo Finance,2026-09-21T08:29:09+00:00,2024-05-20
2024-01-08,XLI,108.44456481933594,10855900.0,Yahoo Finance,2026-09-21T08:29:09+00:00,2024-05-20
2024-01-09,XLI,108.1061782836914,8452000.0,Yahoo Finance,2026-09-21T08:29:09+00:00,2024-05-20
2024-01-10,XLI,108.65727233886719,9109100.0,Yahoo Finance,2026-09-21T08:29:09+00:00,2024-05-20
2024-01-11,XLI,108.4058837890625,9081700.0,Yahoo Finance,2026-09-21T08:29:09+00:00,2024-05-20
2024-01-12,XLI,108.3962173461914,6631000.0,Yahoo Finance,2026-09-21T08:29:09+00:00,2024-05-20
2024-01-16,XLI,107.30365753173828,10834200.0,Yahoo Finance,2026-09-21T08:29:09+00:00,2024-05-20
2024-01-17,XLI,106.57850646972656,7604700.0,Yahoo Finance,2026-09-21T08:29:09+00:00,2024-05-20
2024-01-18,XLI,108.0191421508789,9060600.0,Yahoo Finance,2026-09-21T08:29:09+00:00,2024-05-20
2024-01-19,XLI,108.72496032714844,10355700.0,Yahoo Finance,2026-09-21T08:29:09+00:00,2024-05-20
2024-01-22,XLI,109.56612396240234,9912900.0,Yahoo Finance,2026-09-21T08:29:09+00:00,2024-05-20
2024-01-23,XLI,109.47911834716797,10275200.0,Yahoo Finance,2026-09-21T08:29:09+00:00,2024-05-20
2024-01-24,XLI,108.80230712890625,9638600.0,Yahoo Finance,2026-09-21T08:29:09+00:00,2024-05-20
2024-01-25,XLI,109.8465347290039,9898900.0,Yahoo Finance,2026-09-21T08:29:09+00:00,2024-05-20
2024-01-26,XLI,109.67250061035156,7031100.0,Yahoo Finance,2026-09-21T08:29:09+00:00,2024-05-20
2024-01-29,XLI,110.38797760009766,5849900.0,Yahoo Finance,2026-09-21T08:29:09+00:00,2024-05-20
2024-01-30,XLI,110.42665100097656,8300000.0,Yahoo Finance,2026-09-21T08:29:09+00:00,2024-05-20
2024-01-31,XLI,109.150390625,14462300.0,Yahoo Finance,2026-09-21T08:29:09+00:00,2024-05-20
2024-02-01,XLI,111.00677490234375,13946100.0,Yahoo Finance,2026-09-21T08:29:09+00:00,2024-05-20
2024-02-02,XLI,111.75125885009766,12830200.0,Yahoo Finance,2026-09-21T08:29:09+00:00,2024-05-20
2024-02-05,XLI,111.14212799072266,9536700.0,Yahoo Finance,2026-09-21T08:29:09+00:00,2024-05-20
2024-02-06,XLI,112.13803100585938,8722800.0,Yahoo Finance,2026-09-21T08:29:09+00:00,2024-05-20
2024-02-07,XLI,112.88252258300781,7557100.0,Yahoo Finance,2026-09-21T08:29:09+00:00,2024-05-20
2024-02-08,XLI,112.90184783935547,8532300.0,Yahoo Finance,2026-09-21T08:29:09+00:00,2024-05-20
2024-02-09,XLI,113.07589721679688,10106000.0,Yahoo Finance,2026-09-21T08:29:09+00:00,2024-05-20
2024-02-12,XLI,113.2402572631836,8383200.0,Yahoo Finance,2026-09-21T08:29:09+00:00,2024-05-20
2024-02-13,XLI,112.08000946044922,14054200.0,Yahoo Finance,2026-09-21T08:29:09+00:00,2024-05-20
2024-02-14,XLI,113.95574188232422,11889500.0,Yahoo Finance,2026-09-21T08:29:09+00:00,2024-05-20
2024-02-15,XLI,114.80658721923828,11644100.0,Yahoo Finance,2026-09-21T08:29:09+00:00,2024-05-20
2024-02-16,XLI,114.12010955810547,8740900.0,Yahoo Finance,2026-09-21T08:29:09+00:00,2024-05-20
2024-02-20,XLI,113.76237487792969,7392100.0,Yahoo Finance,2026-09-21T08:29:09+00:00,2024-05-20
2024-02-21,XLI,114.216796875,8873000.0,Yahoo Finance,2026-09-21T08:29:09+00:00,2024-05-20
2024-02-22,XLI,115.62842559814453,10604300.0,Yahoo Finance,2026-09-21T08:29:09+00:00,2024-05-20
2024-02-23,XLI,116.2375717163086,8757400.0,Yahoo Finance,2026-09-21T08:29:09+00:00,2024-05-20
2024-02-26,XLI,116.06352233886719,7951300.0,Yahoo Finance,2026-09-21T08:29:09+00:00,2024-05-20
2024-02-27,XLI,116.2375717163086,6275500.0,Yahoo Finance,2026-09-21T08:29:09+00:00,2024-05-20
2024-02-28,XLI,116.63397216796875,8324000.0,Yahoo Finance,2026-09-21T08:29:09+00:00,2024-05-20
2024-02-29,XLI,116.9917221069336,9662100.0,Yahoo Finance,2026-09-21T08:29:09+00:00,2024-05-20
2024-03-01,XLI,117.49449920654297,10782400.0,Yahoo Finance,2026-09-21T08:29:09+00:00,2024-05-20
2024-03-04,XLI,117.91991424560547,11886600.0,Yahoo Finance,2026-09-21T08:29:09+00:00,2024-05-20
2024-03-05,XLI,116.95304870605469,11999000.0,Yahoo Finance,2026-09-21T08:29:09+00:00,2024-05-20
2024-03-06,XLI,117.56217956542969,8644800.0,Yahoo Finance,2026-09-21T08:29:09+00:00,2024-05-20
2024-03-07,XLI,118.50972747802734,7936800.0,Yahoo Finance,2026-09-21T08:29:09+00:00,2024-05-20
2024-03-08,XLI,118.24867248535156,10157100.0,Yahoo Finance,2026-09-21T08:29:09+00:00,2024-05-20
2024-03-11,XLI,117.63954162597656,9179300.0,Yahoo Finance,2026-09-21T08:29:09+00:00,2024-05-20
2024-03-12,XLI,118.16165161132812,9125300.0,Yahoo Finance,2026-09-21T08:29:09+00:00,2024-05-20
2024-03-13,XLI,118.480712890625,8009300.0,Yahoo Finance,2026-09-21T08:29:09+00:00,2024-05-20
2024-03-14,XLI,117.97793579101562,9684800.0,Yahoo Finance,2026-09-21T08:29:09+00:00,2024-05-20
2024-03-15,XLI,117.99728393554688,10739900.0,Yahoo Finance,2026-09-21T08:29:09+00:00,2024-05-20
2024-03-18,XLI,118.2067642211914,7178800.0,Yahoo Finance,2026-09-21T08:29:09+00:00,2024-05-20
2024-03-19,XLI,119.2251205444336,8842400.0,Yahoo Finance,2026-09-21T08:29:09+00:00,2024-05-20
2024-03-20,XLI,120.66053009033203,10400900.0,Yahoo Finance,2026-09-21T08:29:09+00:00,2024-05-20
2024-03-21,XLI,121.85344696044922,9965100.0,Yahoo Finance,2026-09-21T08:29:09+00:00,2024-05-20
2024-03-22,XLI,121.43639373779297,6771100.0,Yahoo Finance,2026-09-21T08:29:09+00:00,2024-05-20
2024-03-25,XLI,120.65081787109375,7658200.0,Yahoo Finance,2026-09-21T08:29:09+00:00,2024-05-20
2024-03-26,XLI,120.21437072753906,7292700.0,Yahoo Finance,2026-09-21T08:29:09+00:00,2024-05-20
2024-03-27,XLI,122.14440155029297,7162900.0,Yahoo Finance,2026-09-21T08:29:09+00:00,2024-05-20
2024-03-28,XLI,122.16380310058594,7287000.0,Yahoo Finance,2026-09-21T08:29:09+00:00,2024-05-20
2024-04-01,XLI,121.22303009033203,6905300.0,Yahoo Finance,2026-09-21T08:29:09+00:00,2024-05-20
2024-04-02,XLI,120.66053009033203,11049400.0,Yahoo Finance,2026-09-21T08:29:09+00:00,2024-05-20
2024-04-03,XLI,121.28123474121094,7589900.0,Yahoo Finance,2026-09-21T08:29:09+00:00,2024-05-20
2024-04-04,XLI,120.21437072753906,10659800.0,Yahoo Finance,2026-09-21T08:29:09+00:00,2024-05-20
2024-04-05,XLI,121.88253784179688,10718600.0,Yahoo Finance,2026-09-21T08:29:09+00:00,2024-05-20
2024-04-08,XLI,121.66917419433594,6096100.0,Yahoo Finance,2026-09-21T08:29:09+00:00,2024-05-20
2024-04-09,XLI,121.38792419433594,9042200.0,Yahoo Finance,2026-09-21T08:29:09+00:00,2024-05-20
2024-04-10,XLI,120.35015869140625,14119500.0,Yahoo Finance,2026-09-21T08:29:09+00:00,2024-05-20
2024-04-11,XLI,120.4859390258789,8228700.0,Yahoo Finance,2026-09-21T08:29:09+00:00,2024-05-20
2024-04-12,XLI,119.1960220336914,11604300.0,Yahoo Finance,2026-09-21T08:29:09+00:00,2024-05-20
2024-04-15,XLI,118.34254455566406,10374500.0,Yahoo Finance,2026-09-21T08:29:09+00:00,2024-05-20
2024-04-16,XLI,118.07099151611328,11046200.0,Yahoo Finance,2026-09-21T08:29:09+00:00,2024-05-20
2024-04-17,XLI,117.4599838256836,11084200.0,Yahoo Finance,2026-09-21T08:29:09+00:00,2024-05-20
2024-04-18,XLI,117.05264282226562,9195800.0,Yahoo Finance,2026-09-21T08:29:09+00:00,2024-05-20
2024-04-19,XLI,116.83927154541016,10832100.0,Yahoo Finance,2026-09-21T08:29:09+00:00,2024-05-20
2024-04-22,XLI,117.7218246459961,10484900.0,Yahoo Finance,2026-09-21T08:29:09+00:00,2024-05-20
2024-04-23,XLI,119.36090850830078,9870000.0,Yahoo Finance,2026-09-21T08:29:09+00:00,2024-05-20
2024-04-24,XLI,118.41043853759766,11063800.0,Yahoo Finance,2026-09-21T08:29:09+00:00,2024-05-20
2024-04-25,XLI,118.76930236816406,10321200.0,Yahoo Finance,2026-09-21T08:29:09+00:00,2024-05-20
2024-04-26,XLI,118.96324920654297,6958100.0,Yahoo Finance,2026-09-21T08:29:09+00:00,2024-05-20
2024-04-29,XLI,119.758544921875,6339800.0,Yahoo Finance,2026-09-21T08:29:09+00:00,2024-05-20
2024-04-30,XLI,117.85761260986328,15475900.0,Yahoo Finance,2026-09-21T08:29:09+00:00,2024-05-20
2024-05-01,XLI,117.56664276123047,15569500.0,Yahoo Finance,2026-09-21T08:29:09+00:00,2024-05-20
2024-05-02,XLI,118.24555206298828,11999600.0,Yahoo Finance,2026-09-21T08:29:09+00:00,2024-05-20
2024-05-03,XLI,119.06993103027344,9068500.0,Yahoo Finance,2026-09-21T08:29:09+00:00,2024-05-20
2024-05-06,XLI,120.27257537841797,7157300.0,Yahoo Finance,2026-09-21T08:29:09+00:00,2024-05-20
2024-05-07,XLI,120.6023178100586,5244200.0,Yahoo Finance,2026-09-21T08:29:09+00:00,2024-05-20
2024-05-08,XLI,120.6023178100586,5062500.0,Yahoo Finance,2026-09-21T08:29:09+00:00,2024-05-20
2024-05-09,XLI,121.8049545288086,6682000.0,Yahoo Finance,2026-09-21T08:29:09+00:00,2024-05-20
2024-05-10,XLI,121.89224243164062,6038500.0,Yahoo Finance,2026-09-21T08:29:09+00:00,2024-05-20
2024-05-13,XLI,121.37821960449219,5946900.0,Yahoo Finance,2026-09-21T08:29:09+00:00,2024-05-20
2024-05-14,XLI,121.34912109375,5105700.0,Yahoo Finance,2026-09-21T08:29:09+00:00,2024-05-20
2024-05-15,XLI,122.14440155029297,8404100.0,Yahoo Finance,2026-09-21T08:29:09+00:00,2024-05-20
2024-05-16,XLI,121.41700744628906,7135900.0,Yahoo Finance,2026-09-21T08:29:09+00:00,2024-05-20
2024-05-17,XLI,121.55278778076172,5714100.0,Yahoo Finance,2026-09-21T08:29:09+00:00,2024-05-20
2024-05-20,XLI,121.78556823730469,4337600.0,Yahoo Finance,2026-09-21T08:29:09+00:00,2024-05-20
2023-04-17,XLK,72.97846221923828,8306000.0,Yahoo Finance,2026-09-21T08:29:09+00:00,2024-05-20
2023-04-18,XLK,73.20348358154297,9212800.0,Yahoo Finance,2026-09-21T08:29:09+00:00,2024-05-20
2023-04-19,XLK,72.99315643310547,8623200.0,Yahoo Finance,2026-09-21T08:29:09+00:00,2024-05-20
2023-04-20,XLK,72.5137710571289,11416200.0,Yahoo Finance,2026-09-21T08:29:09+00:00,2024-05-20
2023-04-21,XLK,72.2789535522461,12237600.0,Yahoo Finance,2026-09-21T08:29:09+00:00,2024-05-20
2023-04-24,XLK,71.96102142333984,9079800.0,Yahoo Finance,2026-09-21T08:29:09+00:00,2024-05-20
2023-04-25,XLK,70.42503356933594,11022600.0,Yahoo Finance,2026-09-21T08:29:09+00:00,2024-05-20
2023-04-26,XLK,71.47185516357422,13603400.0,Yahoo Finance,2026-09-21T08:29:09+00:00,2024-05-20
2023-04-27,XLK,72.9882583618164,12084800.0,Yahoo Finance,2026-09-21T08:29:09+00:00,2024-05-20
2023-04-28,XLK,73.78071594238281,11792000.0,Yahoo Finance,2026-09-21T08:29:09+00:00,2024-05-20
2023-05-01,XLK,73.82473754882812,8194400.0,Yahoo Finance,2026-09-21T08:29:09+00:00,2024-05-20
2023-05-02,XLK,73.13499450683594,12058800.0,Yahoo Finance,2026-09-21T08:29:09+00:00,2024-05-20
2023-05-03,XLK,72.51864624023438,11630200.0,Yahoo Finance,2026-09-21T08:29:09+00:00,2024-05-20
2023-05-04,XLK,72.17134857177734,10861000.0,Yahoo Finance,2026-09-21T08:29:09+00:00,2024-05-20
2023-05-05,XLK,73.98125457763672,12230000.0,Yahoo Finance,2026-09-21T08:29:09+00:00,2024-05-20
2023-05-08,XLK,73.94213104248047,6795600.0,Yahoo Finance,2026-09-21T08:29:09+00:00,2024-05-20
2023-05-09,XLK,73.37469482421875,12473200.0,Yahoo Finance,2026-09-21T08:29:09+00:00,2024-05-20
2023-05-10,XLK,74.2698745727539,10551800.0,Yahoo Finance,2026-09-21T08:29:09+00:00,2024-05-20
2023-05-11,XLK,73.937255859375,8956800.0,Yahoo Finance,2026-09-21T08:29:09+00:00,2024-05-20
2023-05-12,XLK,73.83939361572266,7908000.0,Yahoo Finance,2026-09-21T08:29:09+00:00,2024-05-20
2023-05-15,XLK,74.45086669921875,6796600.0,Yahoo Finance,2026-09-21T08:29:09+00:00,2024-05-20
2023-05-16,XLK,74.52914428710938,9398200.0,Yahoo Finance,2026-09-21T08:29:09+00:00,2024-05-20
2023-05-17,XLK,75.52212524414062,11916600.0,Yahoo Finance,2026-09-21T08:29:09+00:00,2024-05-20
2023-05-18,XLK,77.0678939819336,15491200.0,Yahoo Finance,2026-09-21T08:29:09+00:00,2024-05-20
2023-05-19,XLK,77.03366088867188,9805000.0,Yahoo Finance,2026-09-21T08:29:09+00:00,2024-05-20
2023-05-22,XLK,77.18040466308594,10794200.0,Yahoo Finance,2026-09-21T08:29:09+00:00,2024-05-20
2023-05-23,XLK,76.04063415527344,11691000.0,Yahoo Finance,2026-09-21T08:29:09+00:00,2024-05-20
2023-05-24,XLK,75.48299407958984,10925600.0,Yahoo Finance,2026-09-21T08:29:09+00:00,2024-05-20
2023-05-25,XLK,78.37885284423828,18078000.0,Yahoo Finance,2026-09-21T08:29:09+00:00,2024-05-20
2023-05-26,XLK,80.60455322265625,15160000.0,Yahoo Finance,2026-09-21T08:29:09+00:00,2024-05-20
2023-05-30,XLK,81.03502655029297,18123600.0,Yahoo Finance,2026-09-21T08:29:09+00:00,2024-05-20
2023-05-31,XLK,80.35997009277344,19301000.0,Yahoo Finance,2026-09-21T08:29:09+00:00,2024-05-20
2023-06-01,XLK,81.1768798828125,17419400.0,Yahoo Finance,2026-09-21T08:29:09+00:00,2024-05-20
2023-06-02,XLK,81.6415786743164,14270600.0,Yahoo Finance,2026-09-21T08:29:09+00:00,2024-05-20
2023-06-05,XLK,81.17198181152344,10909000.0,Yahoo Finance,2026-09-21T08:29:09+00:00,2024-05-20
2023-06-06,XLK,81.15240478515625,9975600.0,Yahoo Finance,2026-09-21T08:29:09+00:00,2024-05-20
2023-06-07,XLK,79.9393081665039,13703800.0,Yahoo Finance,2026-09-21T08:29:09+00:00,2024-05-20
2023-06-08,XLK,80.80511474609375,10665200.0,Yahoo Finance,2026-09-21T08:29:09+00:00,2024-05-20
2023-06-09,XLK,81.20622253417969,14413600.0,Yahoo Finance,2026-09-21T08:29:09+00:00,2024-05-20
2023-06-12,XLK,82.97209930419922,13787200.0,Yahoo Finance,2026-09-21T08:29:09+00:00,2024-05-20
2023-06-13,XLK,83.47594451904297,16595800.0,Yahoo Finance,2026-09-21T08:29:09+00:00,2024-05-20
2023-06-14,XLK,84.33686065673828,16769000.0,Yahoo Finance,2026-09-21T08:29:09+00:00,2024-05-20
2023-06-15,XLK,85.42282104492188,17732600.0,Yahoo Finance,2026-09-21T08:29:09+00:00,2024-05-20
2023-06-16,XLK,84.71841430664062,17366600.0,Yahoo Finance,2026-09-21T08:29:09+00:00,2024-05-20
2023-06-20,XLK,84.14588928222656,14137800.0,Yahoo Finance,2026-09-21T08:29:09+00:00,2024-05-20
2023-06-21,XLK,82.90081024169922,12058000.0,Yahoo Finance,2026-09-21T08:29:09+00:00,2024-05-20
2023-06-22,XLK,83.5772705078125,15224200.0,Yahoo Finance,2026-09-21T08:29:09+00:00,2024-05-20
2023-06-23,XLK,82.67041778564453,14729000.0,Yahoo Finance,2026-09-21T08:29:09+00:00,2024-05-20
2023-06-26,XLK,82.0772933959961,10890200.0,Yahoo Finance,2026-09-21T08:29:09+00:00,2024-05-20
2023-06-27,XLK,83.69490814208984,13833000.0,Yahoo Finance,2026-09-21T08:29:09+00:00,2024-05-20
2023-06-28,XLK,83.74392700195312,11371600.0,Yahoo Finance,2026-09-21T08:29:09+00:00,2024-05-20
2023-06-29,XLK,83.8909912109375,9128200.0,Yahoo Finance,2026-09-21T08:29:09+00:00,2024-05-20
2023-06-30,XLK,85.22428894042969,11398400.0,Yahoo Finance,2026-09-21T08:29:09+00:00,2024-05-20
2023-07-03,XLK,85.0429458618164,6182200.0,Yahoo Finance,2026-09-21T08:29:09+00:00,2024-05-20
2023-07-05,XLK,84.51842498779297,9395600.0,Yahoo Finance,2026-09-21T08:29:09+00:00,2024-05-20
2023-07-06,XLK,84.29296112060547,12116400.0,Yahoo Finance,2026-09-21T08:29:09+00:00,2024-05-20
2023-07-07,XLK,83.92529296875,11622200.0,Yahoo Finance,2026-09-21T08:29:09+00:00,2024-05-20
2023-07-10,XLK,84.14588928222656,16877200.0,Yahoo Finance,2026-09-21T08:29:09+00:00,2024-05-20
2023-07-11,XLK,84.32725524902344,9996000.0,Yahoo Finance,2026-09-21T08:29:09+00:00,2024-05-20
2023-07-12,XLK,85.28312683105469,16104400.0,Yahoo Finance,2026-09-21T08:29:09+00:00,2024-05-20
2023-07-13,XLK,86.3958511352539,9349200.0,Yahoo Finance,2026-09-21T08:29:09+00:00,2024-05-20
2023-07-14,XLK,86.2684097290039,11543800.0,Yahoo Finance,2026-09-21T08:29:09+00:00,2024-05-20
2023-07-17,XLK,87.371337890625,11858800.0,Yahoo Finance,2026-09-21T08:29:09+00:00,2024-05-20
2023-07-18,XLK,88.36151123046875,16406000.0,Yahoo Finance,2026-09-21T08:29:09+00:00,2024-05-20
2023-07-19,XLK,88.14093780517578,20990000.0,Yahoo Finance,2026-09-21T08:29:09+00:00,2024-05-20
2023-07-20,XLK,86.38114166259766,24356000.0,Yahoo Finance,2026-09-21T08:29:09+00:00,2024-05-20
2023-07-21,XLK,86.33704376220703,14871400.0,Yahoo Finance,2026-09-21T08:29:09+00:00,2024-05-20
2023-07-24,XLK,86.48899841308594,11308200.0,Yahoo Finance,2026-09-21T08:29:09+00:00,2024-05-20
2023-07-25,XLK,87.47917938232422,10802200.0,Yahoo Finance,2026-09-21T08:29:09+00:00,2024-05-20
2023-07-26,XLK,86.30271911621094,15501600.0,Yahoo Finance,2026-09-21T08:29:09+00:00,2024-05-20
2023-07-27,XLK,86.05272674560547,13857000.0,Yahoo Finance,2026-09-21T08:29:09+00:00,2024-05-20
2023-07-28,XLK,87.22428131103516,11287400.0,Yahoo Finance,2026-09-21T08:29:09+00:00,2024-05-20
2023-07-31,XLK,87.42524719238281,10138400.0,Yahoo Finance,2026-09-21T08:29:09+00:00,2024-05-20
2023-08-01,XLK,87.57229614257812,8845800.0,Yahoo Finance,2026-09-21T08:29:09+00:00,2024-05-20
2023-08-02,XLK,85.40567016601562,15818600.0,Yahoo Finance,2026-09-21T08:29:09+00:00,2024-05-20
2023-08-03,XLK,85.05764770507812,11321000.0,Yahoo Finance,2026-09-21T08:29:09+00:00,2024-05-20
2023-08-04,XLK,83.90079498291016,14431800.0,Yahoo Finance,2026-09-21T08:29:09+00:00,2024-05-20
2023-08-07,XLK,84.1360855102539,9536000.0,Yahoo Finance,2026-09-21T08:29:09+00:00,2024-05-20
2023-08-08,XLK,83.48902130126953,11461800.0,Yahoo Finance,2026-09-21T08:29:09+00:00,2024-05-20
2023-08-09,XLK,82.41060638427734,14301800.0,Yahoo Finance,2026-09-21T08:29:09+00:00,2024-05-20
2023-08-10,XLK,82.42041015625,12731400.0,Yahoo Finance,2026-09-21T08:29:09+00:00,2024-05-20
2023-08-11,XLK,81.81259155273438,10772000.0,Yahoo Finance,2026-09-21T08:29:09+00:00,2024-05-20
2023-08-14,XLK,83.11648559570312,10328000.0,Yahoo Finance,2026-09-21T08:29:09+00:00,2024-05-20
2023-08-15,XLK,82.29788208007812,9366400.0,Yahoo Finance,2026-09-21T08:29:09+00:00,2024-05-20
2023-08-16,XLK,81.51358032226562,9779400.0,Yahoo Finance,2026-09-21T08:29:09+00:00,2024-05-20
2023-08-17,XLK,80.73906707763672,12614800.0,Yahoo Finance,2026-09-21T08:29:09+00:00,2024-05-20
2023-08-18,XLK,80.86164093017578,13658600.0,Yahoo Finance,2026-09-21T08:29:09+00:00,2024-05-20
2023-08-21,XLK,82.40570831298828,13132800.0,Yahoo Finance,2026-09-21T08:29:09+00:00,2024-05-20
2023-08-22,XLK,82.31258392333984,11361800.0,Yahoo Finance,2026-09-21T08:29:09+00:00,2024-05-20
2023-08-23,XLK,83.79784393310547,10113200.0,Yahoo Finance,2026-09-21T08:29:09+00:00,2024-05-20
2023-08-24,XLK,81.86650848388672,13929000.0,Yahoo Finance,2026-09-21T08:29:09+00:00,2024-05-20
2023-08-25,XLK,82.69984436035156,15686600.0,Yahoo Finance,2026-09-21T08:29:09+00:00,2024-05-20
2023-08-28,XLK,83.37627410888672,8963800.0,Yahoo Finance,2026-09-21T08:29:09+00:00,2024-05-20
2023-08-29,XLK,85.0478286743164,13713800.0,Yahoo Finance,2026-09-21T08:29:09+00:00,2024-05-20
2023-08-30,XLK,85.6899642944336,12266600.0,Yahoo Finance,2026-09-21T08:29:09+00:00,2024-05-20
2023-08-31,XLK,86.10664367675781,11963400.0,Yahoo Finance,2026-09-21T08:29:09+00:00,2024-05-20
2023-09-01,XLK,86.371337890625,9244600.0,Yahoo Finance,2026-09-21T08:29:09+00:00,2024-05-20
2023-09-05,XLK,86.68016052246094,10060400.0,Yahoo Finance,2026-09-21T08:29:09+00:00,2024-05-20
2023-09-06,XLK,85.76350402832031,18143200.0,Yahoo Finance,2026-09-21T08:29:09+00:00,2024-05-20
2023-09-07,XLK,84.52332305908203,12513600.0,Yahoo Finance,2026-09-21T08:29:09+00:00,2024-05-20
2023-09-08,XLK,84.69978332519531,8584800.0,Yahoo Finance,2026-09-21T08:29:09+00:00,2024-05-20
2023-09-11,XLK,85.1409683227539,8272800.0,Yahoo Finance,2026-09-21T08:29:09+00:00,2024-05-20
2023-09-12,XLK,83.59686279296875,12243000.0,Yahoo Finance,2026-09-21T08:29:09+00:00,2024-05-20
2023-09-13,XLK,83.80765533447266,10008800.0,Yahoo Finance,2026-09-21T08:29:09+00:00,2024-05-20
2023-09-14,XLK,84.41549682617188,9473200.0,Yahoo Finance,2026-09-21T08:29:09+00:00,2024-05-20
2023-09-15,XLK,82.79296112060547,13116800.0,Yahoo Finance,2026-09-21T08:29:09+00:00,2024-05-20
2023-09-18,XLK,83.19087219238281,9943800.0,Yahoo Finance,2026-09-21T08:29:09+00:00,2024-05-20
2023-09-19,XLK,83.14665985107422,8236600.0,Yahoo Finance,2026-09-21T08:29:09+00:00,2024-05-20
2023-09-20,XLK,81.83997344970703,10760400.0,Yahoo Finance,2026-09-21T08:29:09+00:00,2024-05-20
2023-09-21,XLK,80.59223175048828,14741200.0,Yahoo Finance,2026-09-21T08:29:09+00:00,2024-05-20
2023-09-22,XLK,80.76416015625,12537800.0,Yahoo Finance,2026-09-21T08:29:09+00:00,2024-05-20
2023-09-25,XLK,81.0245132446289,10577400.0,Yahoo Finance,2026-09-21T08:29:09+00:00,2024-05-20
2023-09-26,XLK,79.5655517578125,14926000.0,Yahoo Finance,2026-09-21T08:29:09+00:00,2024-05-20
2023-09-27,XLK,79.6883544921875,11665200.0,Yahoo Finance,2026-09-21T08:29:09+00:00,2024-05-20
2023-09-28,XLK,80.2532730102539,12829400.0,Yahoo Finance,2026-09-21T08:29:09+00:00,2024-05-20
2023-09-29,XLK,80.52835083007812,15883800.0,Yahoo Finance,2026-09-21T08:29:09+00:00,2024-05-20
2023-10-02,XLK,81.39293670654297,13656200.0,Yahoo Finance,2026-09-21T08:29:09+00:00,2024-05-20
2023-10-03,XLK,80.01258087158203,14838800.0,Yahoo Finance,2026-09-21T08:29:09+00:00,2024-05-20
2023-10-04,XLK,81.00977325439453,15194200.0,Yahoo Finance,2026-09-21T08:29:09+00:00,2024-05-20
2023-10-05,XLK,81.11784362792969,12023000.0,Yahoo Finance,2026-09-21T08:29:09+00:00,2024-05-20
2023-10-06,XLK,82.6357650756836,16625600.0,Yahoo Finance,2026-09-21T08:29:09+00:00,2024-05-20
2023-10-09,XLK,83.06314849853516,13139200.0,Yahoo Finance,2026-09-21T08:29:09+00:00,2024-05-20
2023-10-10,XLK,83.19087219238281,20402800.0,Yahoo Finance,2026-09-21T08:29:09+00:00,2024-05-20
2023-10-11,XLK,83.96211242675781,10389200.0,Yahoo Finance,2026-09-21T08:29:09+00:00,2024-05-20
2023-10-12,XLK,84.04071044921875,15405800.0,Yahoo Finance,2026-09-21T08:29:09+00:00,2024-05-20
2023-10-13,XLK,82.8371810913086,15183200.0,Yahoo Finance,2026-09-21T08:29:09+00:00,2024-05-20
2023-10-16,XLK,83.63297271728516,14544200.0,Yahoo Finance,2026-09-21T08:29:09+00:00,2024-05-20
2023-10-17,XLK,83.24490356445312,15317800.0,Yahoo Finance,2026-09-21T08:29:09+00:00,2024-05-20
2023-10-18,XLK,82.39015197753906,12862800.0,Yahoo Finance,2026-09-21T08:29:09+00:00,2024-05-20
2023-10-19,XLK,81.9185562133789,19991800.0,Yahoo Finance,2026-09-21T08:29:09+00:00,2024-05-20
2023-10-20,XLK,80.53328704833984,15350400.0,Yahoo Finance,2026-09-21T08:29:09+00:00,2024-05-20
2023-10-23,XLK,80.62661743164062,15159000.0,Yahoo Finance,2026-09-21T08:29:09+00:00,2024-05-20
2023-10-24,XLK,81.18171691894531,11180400.0,Yahoo Finance,2026-09-21T08:29:09+00:00,2024-05-20
2023-10-25,XLK,80.22379302978516,15529600.0,Yahoo Finance,2026-09-21T08:29:09+00:00,2024-05-20
2023-10-26,XLK,78.69113159179688,20646400.0,Yahoo Finance,2026-09-21T08:29:09+00:00,2024-05-20
2023-10-27,XLK,79.14800262451172,16231600.0,Yahoo Finance,2026-09-21T08:29:09+00:00,2024-05-20
2023-10-30,XLK,79.99783325195312,14180800.0,Yahoo Finance,2026-09-21T08:29:09+00:00,2024-05-20
2023-10-31,XLK,80.56766510009766,10893600.0,Yahoo Finance,2026-09-21T08:29:09+00:00,2024-05-20
2023-11-01,XLK,82.1248779296875,20945800.0,Yahoo Finance,2026-09-21T08:29:09+00:00,2024-05-20
2023-11-02,XLK,83.51508331298828,16192600.0,Yahoo Finance,2026-09-21T08:29:09+00:00,2024-05-20
2023-11-03,XLK,84.3747329711914,15661800.0,Yahoo Finance,2026-09-21T08:29:09+00:00,2024-05-20
2023-11-06,XLK,84.92984008789062,11099200.0,Yahoo Finance,2026-09-21T08:29:09+00:00,2024-05-20
2023-11-07,XLK,85.8582763671875,13029800.0,Yahoo Finance,2026-09-21T08:29:09+00:00,2024-05-20
2023-11-08,XLK,86.34461212158203,10722400.0,Yahoo Finance,2026-09-21T08:29:09+00:00,2024-05-20
2023-11-09,XLK,85.94178771972656,14374600.0,Yahoo Finance,2026-09-21T08:29:09+00:00,2024-05-20
2023-11-10,XLK,88.18673706054688,13346400.0,Yahoo Finance,2026-09-21T08:29:09+00:00,2024-05-20
2023-11-13,XLK,87.67092895507812,11725000.0,Yahoo Finance,2026-09-21T08:29:09+00:00,2024-05-20
2023-11-14,XLK,89.42465209960938,16508400.0,Yahoo Finance,2026-09-21T08:29:09+00:00,2024-05-20
2023-11-15,XLK,89.53764343261719,13147800.0,Yahoo Finance,2026-09-21T08:29:09+00:00,2024-05-20
2023-11-16,XLK,89.98466491699219,11553600.0,Yahoo Finance,2026-09-21T08:29:09+00:00,2024-05-20
2023-11-17,XLK,89.79800415039062,13277800.0,Yahoo Finance,2026-09-21T08:29:09+00:00,2024-05-20
2023-11-20,XLK,91.09976196289062,11116200.0,Yahoo Finance,2026-09-21T08:29:09+00:00,2024-05-20
2023-11-21,XLK,90.3629150390625,13350800.0,Yahoo Finance,2026-09-21T08:29:09+00:00,2024-05-20
2023-11-22,XLK,90.76573181152344,11213400.0,Yahoo Finance,2026-09-21T08:29:09+00:00,2024-05-20
2023-11-24,XLK,90.5888900756836,4193800.0,Yahoo Finance,2026-09-21T08:29:09+00:00,2024-05-20
2023-11-27,XLK,90.58397674560547,8420000.0,Yahoo Finance,2026-09-21T08:29:09+00:00,2024-05-20
2023-11-28,XLK,90.75591278076172,11012400.0,Yahoo Finance,2026-09-21T08:29:09+00:00,2024-05-20
2023-11-29,XLK,90.82469177246094,10765400.0,Yahoo Finance,2026-09-21T08:29:09+00:00,2024-05-20
2023-11-30,XLK,90.95732879638672,13744000.0,Yahoo Finance,2026-09-21T08:29:09+00:00,2024-05-20
2023-12-01,XLK,91.16363525390625,13992200.0,Yahoo Finance,2026-09-21T08:29:09+00:00,2024-05-20
2023-12-04,XLK,90.05343627929688,18221800.0,Yahoo Finance,2026-09-21T08:29:09+00:00,2024-05-20
2023-12-05,XLK,90.59379577636719,10841400.0,Yahoo Finance,2026-09-21T08:29:09+00:00,2024-05-20
2023-12-06,XLK,89.82746887207031,14731400.0,Yahoo Finance,2026-09-21T08:29:09+00:00,2024-05-20
2023-12-07,XLK,90.91800689697266,13928800.0,Yahoo Finance,2026-09-21T08:29:09+00:00,2024-05-20
2023-12-08,XLK,91.69417572021484,12808800.0,Yahoo Finance,2026-09-21T08:29:09+00:00,2024-05-20
2023-12-11,XLK,92.494873046875,37795400.0,Yahoo Finance,2026-09-21T08:29:09+00:00,2024-05-20
2023-12-12,XLK,93.10892486572266,15055400.0,Yahoo Finance,2026-09-21T08:29:09+00:00,2024-05-20
2023-12-13,XLK,93.9292984008789,29395000.0,Yahoo Finance,2026-09-21T08:29:09+00:00,2024-05-20
2023-12-14,XLK,93.69841766357422,15427400.0,Yahoo Finance,2026-09-21T08:29:09+00:00,2024-05-20
2023-12-15,XLK,94.16999053955078,18131200.0,Yahoo Finance,2026-09-21T08:29:09+00:00,2024-05-20
2023-12-18,XLK,94.45160675048828,10138000.0,Yahoo Finance,2026-09-21T08:29:09+00:00,2024-05-20
2023-12-19,XLK,94.81099700927734,9003600.0,Yahoo Finance,2026-09-21T08:29:09+00:00,2024-05-20
2023-12-20,XLK,93.37834930419922,13734800.0,Yahoo Finance,2026-09-21T08:29:09+00:00,2024-05-20
2023-12-21,XLK,94.42698669433594,11336000.0,Yahoo Finance,2026-09-21T08:29:09+00:00,2024-05-20
2023-12-22,XLK,94.55007934570312,10215000.0,Yahoo Finance,2026-09-21T08:29:09+00:00,2024-05-20
2023-12-26,XLK,94.94393157958984,6207600.0,Yahoo Finance,2026-09-21T08:29:09+00:00,2024-05-20
2023-12-27,XLK,94.93900299072266,11764600.0,Yahoo Finance,2026-09-21T08:29:09+00:00,2024-05-20
2023-12-28,XLK,95.05224609375,9615400.0,Yahoo Finance,2026-09-21T08:29:09+00:00,2024-05-20
2023-12-29,XLK,94.76177215576172,12190600.0,Yahoo Finance,2026-09-21T08:29:09+00:00,2024-05-20
2024-01-02,XLK,92.28047943115234,23545400.0,Yahoo Finance,2026-09-21T08:29:09+00:00,2024-05-20
2024-01-03,XLK,91.34014892578125,18190000.0,Yahoo Finance,2026-09-21T08:29:09+00:00,2024-05-20
2024-01-04,XLK,90.67059326171875,12127200.0,Yahoo Finance,2026-09-21T08:29:09+00:00,2024-05-20
2024-01-05,XLK,90.64596557617188,16350600.0,Yahoo Finance,2026-09-21T08:29:09+00:00,2024-05-20
2024-01-08,XLK,92.9205093383789,16434600.0,Yahoo Finance,2026-09-21T08:29:09+00:00,2024-05-20
2024-01-09,XLK,93.06819152832031,10633800.0,Yahoo Finance,2026-09-21T08:29:09+00:00,2024-05-20
2024-01-10,XLK,93.86082458496094,9785400.0,Yahoo Finance,2026-09-21T08:29:09+00:00,2024-05-20
2024-01-11,XLK,94.33837127685547,13296600.0,Yahoo Finance,2026-09-21T08:29:09+00:00,2024-05-20
2024-01-12,XLK,94.64360809326172,8834600.0,Yahoo Finance,2026-09-21T08:29:09+00:00,2024-05-20
2024-01-16,XLK,94.87991333007812,11775600.0,Yahoo Finance,2026-09-21T08:29:09+00:00,2024-05-20
2024-01-17,XLK,94.4122314453125,14109000.0,Yahoo Finance,2026-09-21T08:29:09+00:00,2024-05-20
2024-01-18,XLK,96.32733917236328,18918800.0,Yahoo Finance,2026-09-21T08:29:09+00:00,2024-05-20
2024-01-19,XLK,98.54771423339844,18333200.0,Yahoo Finance,2026-09-21T08:29:09+00:00,2024-05-20
2024-01-22,XLK,98.98094940185547,14969000.0,Yahoo Finance,2026-09-21T08:29:09+00:00,2024-05-20
2024-01-23,XLK,99.37972259521484,13263800.0,Yahoo Finance,2026-09-21T08:29:09+00:00,2024-05-20
2024-01-24,XLK,100.0640640258789,17651200.0,Yahoo Finance,2026-09-21T08:29:09+00:00,2024-05-20
2024-01-25,XLK,100.48252868652344,17071400.0,Yahoo Finance,2026-09-21T08:29:09+00:00,2024-05-20
2024-01-26,XLK,99.32557678222656,10553000.0,Yahoo Finance,2026-09-21T08:29:09+00:00,2024-05-20
2024-01-29,XLK,100.2363510131836,7639600.0,Yahoo Finance,2026-09-21T08:29:09+00:00,2024-05-20
2024-01-30,XLK,99.40926361083984,12251600.0,Yahoo Finance,2026-09-21T08:29:09+00:00,2024-05-20
2024-01-31,XLK,97.32183074951172,16295200.0,Yahoo Finance,2026-09-21T08:29:09+00:00,2024-05-20
2024-02-01,XLK,98.54771423339844,14303400.0,Yahoo Finance,2026-09-21T08:29:09+00:00,2024-05-20
2024-02-02,XLK,99.56681060791016,12872200.0,Yahoo Finance,2026-09-21T08:29:09+00:00,2024-05-20
2024-02-05,XLK,99.79326629638672,10086200.0,Yahoo Finance,2026-09-21T08:29:09+00:00,2024-05-20
2024-02-06,XLK,99.3354263305664,12677200.0,Yahoo Finance,2026-09-21T08:29:09+00:00,2024-05-20
2024-02-07,XLK,100.64993286132812,11365800.0,Yahoo Finance,2026-09-21T08:29:09+00:00,2024-05-20
2024-02-08,XLK,100.96499633789062,9948200.0,Yahoo Finance,2026-09-21T08:29:09+00:00,2024-05-20
2024-02-09,XLK,102.32379913330078,11612200.0,Yahoo Finance,2026-09-21T08:29:09+00:00,2024-05-20
2024-02-12,XLK,101.54592895507812,10753200.0,Yahoo Finance,2026-09-21T08:29:09+00:00,2024-05-20
2024-02-13,XLK,99.82282257080078,19459400.0,Yahoo Finance,2026-09-21T08:29:09+00:00,2024-05-20
2024-02-14,XLK,100.8665542602539,11791600.0,Yahoo Finance,2026-09-21T08:29:09+00:00,2024-05-20
2024-02-15,XLK,100.65484619140625,10796400.0,Yahoo Finance,2026-09-21T08:29:09+00:00,2024-05-20
2024-02-16,XLK,99.72927856445312,11090400.0,Yahoo Finance,2026-09-21T08:29:09+00:00,2024-05-20
2024-02-20,XLK,98.71509552001953,17447600.0,Yahoo Finance,2026-09-21T08:29:09+00:00,2024-05-20
2024-02-21,XLK,98.09477233886719,15954400.0,Yahoo Finance,2026-09-21T08:29:09+00:00,2024-05-20
2024-02-22,XLK,101.30470275878906,18551600.0,Yahoo Finance,2026-09-21T08:29:09+00:00,2024-05-20
2024-02-23,XLK,101.06839752197266,12324000.0,Yahoo Finance,2026-09-21T08:29:09+00:00,2024-05-20
2024-02-26,XLK,101.16685485839844,18248800.0,Yahoo Finance,2026-09-21T08:29:09+00:00,2024-05-20
2024-02-27,XLK,101.2554702758789,9984400.0,Yahoo Finance,2026-09-21T08:29:09+00:00,2024-05-20
2024-02-28,XLK,100.77792358398438,8329000.0,Yahoo Finance,2026-09-21T08:29:09+00:00,2024-05-20
2024-02-29,XLK,101.90040588378906,11986800.0,Yahoo Finance,2026-09-21T08:29:09+00:00,2024-05-20
2024-03-01,XLK,103.76138305664062,13136800.0,Yahoo Finance,2026-09-21T08:29:09+00:00,2024-05-20
2024-03-04,XLK,103.76138305664062,20443800.0,Yahoo Finance,2026-09-21T08:29:09+00:00,2024-05-20
2024-03-05,XLK,101.21116638183594,18042800.0,Yahoo Finance,2026-09-21T08:29:09+00:00,2024-05-20
2024-03-06,XLK,102.0136489868164,14303200.0,Yahoo Finance,2026-09-21T08:29:09+00:00,2024-05-20
2024-03-07,XLK,103.62352752685547,12120800.0,Yahoo Finance,2026-09-21T08:29:09+00:00,2024-05-20
2024-03-08,XLK,102.08257293701172,14912200.0,Yahoo Finance,2026-09-21T08:29:09+00:00,2024-05-20
2024-03-11,XLK,101.80194091796875,15648400.0,Yahoo Finance,2026-09-21T08:29:09+00:00,2024-05-20
2024-03-12,XLK,103.88938903808594,17382800.0,Yahoo Finance,2026-09-21T08:29:09+00:00,2024-05-20
2024-03-13,XLK,102.76689910888672,12815400.0,Yahoo Finance,2026-09-21T08:29:09+00:00,2024-05-20
2024-03-14,XLK,102.7865982055664,16023200.0,Yahoo Finance,2026-09-21T08:29:09+00:00,2024-05-20
2024-03-15,XLK,101.23577880859375,19633400.0,Yahoo Finance,2026-09-21T08:29:09+00:00,2024-05-20
2024-03-18,XLK,101.73335266113281,14176600.0,Yahoo Finance,2026-09-21T08:29:09+00:00,2024-05-20
2024-03-19,XLK,102.26099395751953,13390200.0,Yahoo Finance,2026-09-21T08:29:09+00:00,2024-05-20
2024-03-20,XLK,103.40508270263672,13357400.0,Yahoo Finance,2026-09-21T08:29:09+00:00,2024-05-20
2024-03-21,XLK,103.47903442382812,12312000.0,Yahoo Finance,2026-09-21T08:29:09+00:00,2024-05-20
2024-03-22,XLK,103.51356506347656,11507000.0,Yahoo Finance,2026-09-21T08:29:09+00:00,2024-05-20
2024-03-25,XLK,102.82810974121094,8777800.0,Yahoo Finance,2026-09-21T08:29:09+00:00,2024-05-20
2024-03-26,XLK,102.40399932861328,8538400.0,Yahoo Finance,2026-09-21T08:29:09+00:00,2024-05-20
2024-03-27,XLK,102.9267349243164,12495000.0,Yahoo Finance,2026-09-21T08:29:09+00:00,2024-05-20
2024-03-28,XLK,102.704833984375,8854400.0,Yahoo Finance,2026-09-21T08:29:09+00:00,2024-05-20
2024-04-01,XLK,102.99083709716797,11654800.0,Yahoo Finance,2026-09-21T08:29:09+00:00,2024-05-20
2024-04-02,XLK,101.99964141845703,11418200.0,Yahoo Finance,2026-09-21T08:29:09+00:00,2024-05-20
2024-04-03,XLK,102.27086639404297,10670000.0,Yahoo Finance,2026-09-21T08:29:09+00:00,2024-05-20
2024-04-04,XLK,100.65338897705078,16464800.0,Yahoo Finance,2026-09-21T08:29:09+00:00,2024-05-20
2024-04-05,XLK,101.80732727050781,12808800.0,Yahoo Finance,2026-09-21T08:29:09+00:00,2024-05-20
2024-04-08,XLK,101.68898010253906,8125800.0,Yahoo Finance,2026-09-21T08:29:09+00:00,2024-05-20
2024-04-09,XLK,102.20183563232422,9400800.0,Yahoo Finance,2026-09-21T08:29:09+00:00,2024-05-20
2024-04-10,XLK,100.94927978515625,13836800.0,Yahoo Finance,2026-09-21T08:29:09+00:00,2024-05-20
2024-04-11,XLK,102.96617889404297,10563600.0,Yahoo Finance,2026-09-21T08:29:09+00:00,2024-05-20
2024-04-12,XLK,101.29940032958984,16186800.0,Yahoo Finance,2026-09-21T08:29:09+00:00,2024-05-20
2024-04-15,XLK,99.37617492675781,17189000.0,Yahoo Finance,2026-09-21T08:29:09+00:00,2024-05-20
2024-04-16,XLK,99.4945297241211,14914000.0,Yahoo Finance,2026-09-21T08:29:09+00:00,2024-05-20
2024-04-17,XLK,98.05950927734375,13090400.0,Yahoo Finance,2026-09-21T08:29:09+00:00,2024-05-20
2024-04-18,XLK,96.94009399414062,15280600.0,Yahoo Finance,2026-09-21T08:29:09+00:00,2024-05-20
2024-04-19,XLK,94.94290161132812,21880000.0,Yahoo Finance,2026-09-21T08:29:09+00:00,2024-05-20
2024-04-22,XLK,95.79109954833984,13293400.0,Yahoo Finance,2026-09-21T08:29:09+00:00,2024-05-20
2024-04-23,XLK,97.2113265991211,12151600.0,Yahoo Finance,2026-09-21T08:29:09+00:00,2024-05-20
2024-04-24,XLK,97.65513610839844,9160200.0,Yahoo Finance,2026-09-21T08:29:09+00:00,2024-05-20
2024-04-25,XLK,97.4430923461914,11568000.0,Yahoo Finance,2026-09-21T08:29:09+00:00,2024-05-20
2024-04-26,XLK,98.54278564453125,10104200.0,Yahoo Finance,2026-09-21T08:29:09+00:00,2024-05-20
2024-04-29,XLK,98.96686553955078,7494800.0,Yahoo Finance,2026-09-21T08:29:09+00:00,2024-05-20
2024-04-30,XLK,96.7872314453125,14929000.0,Yahoo Finance,2026-09-21T08:29:09+00:00,2024-05-20
2024-05-01,XLK,95.7960205078125,20453600.0,Yahoo Finance,2026-09-21T08:29:09+00:00,2024-05-20
2024-05-02,XLK,97.17681121826172,13340000.0,Yahoo Finance,2026-09-21T08:29:09+00:00,2024-05-20
2024-05-03,XLK,99.88410186767578,13316400.0,Yahoo Finance,2026-09-21T08:29:09+00:00,2024-05-20
2024-05-06,XLK,101.0577621459961,8021000.0,Yahoo Finance,2026-09-21T08:29:09+00:00,2024-05-20
2024-05-07,XLK,100.72736358642578,10020800.0,Yahoo Finance,2026-09-21T08:29:09+00:00,2024-05-20
2024-05-08,XLK,101.01338195800781,7176000.0,Yahoo Finance,2026-09-21T08:29:09+00:00,2024-05-20
2024-05-09,XLK,100.9837875366211,9589600.0,Yahoo Finance,2026-09-21T08:29:09+00:00,2024-05-20
2024-05-10,XLK,101.35855865478516,8753800.0,Yahoo Finance,2026-09-21T08:29:09+00:00,2024-05-20
2024-05-13,XLK,101.83690643310547,6582000.0,Yahoo Finance,2026-09-21T08:29:09+00:00,2024-05-20
2024-05-14,XLK,102.73933410644531,9825200.0,Yahoo Finance,2026-09-21T08:29:09+00:00,2024-05-20
2024-05-15,XLK,105.05213928222656,14308600.0,Yahoo Finance,2026-09-21T08:29:09+00:00,2024-05-20
2024-05-16,XLK,104.68720245361328,12066600.0,Yahoo Finance,2026-09-21T08:29:09+00:00,2024-05-20
2024-05-17,XLK,104.4554443359375,7616000.0,Yahoo Finance,2026-09-21T08:29:09+00:00,2024-05-20
2024-05-20,XLK,105.683349609375,6276800.0,Yahoo Finance,2026-09-21T08:29:09+00:00,2024-05-20
2023-04-17,XLP,69.24713897705078,9683400.0,Yahoo Finance,2026-09-21T08:29:09+00:00,2024-05-20
2023-04-18,XLP,69.45764923095703,7233100.0,Yahoo Finance,2026-09-21T08:29:09+00:00,2024-05-20
2023-04-19,XLP,69.411865234375,6283600.0,Yahoo Finance,2026-09-21T08:29:09+00:00,2024-05-20
2023-04-20,XLP,69.57661437988281,7329500.0,Yahoo Finance,2026-09-21T08:29:09+00:00,2024-05-20
2023-04-21,XLP,70.07999420166016,10431000.0,Yahoo Finance,2026-09-21T08:29:09+00:00,2024-05-20
2023-04-24,XLP,70.36371612548828,8723100.0,Yahoo Finance,2026-09-21T08:29:09+00:00,2024-05-20
2023-04-25,XLP,70.2721939086914,12179700.0,Yahoo Finance,2026-09-21T08:29:09+00:00,2024-05-20
2023-04-26,XLP,69.72303771972656,8778800.0,Yahoo Finance,2026-09-21T08:29:09+00:00,2024-05-20
2023-04-27,XLP,70.50102233886719,11287800.0,Yahoo Finance,2026-09-21T08:29:09+00:00,2024-05-20
2023-04-28,XLP,70.87626647949219,9757600.0,Yahoo Finance,2026-09-21T08:29:09+00:00,2024-05-20
2023-05-01,XLP,70.9311752319336,10860800.0,Yahoo Finance,2026-09-21T08:29:09+00:00,2024-05-20
2023-05-02,XLP,70.73896789550781,19136000.0,Yahoo Finance,2026-09-21T08:29:09+00:00,2024-05-20
2023-05-03,XLP,70.16236877441406,11656600.0,Yahoo Finance,2026-09-21T08:29:09+00:00,2024-05-20
2023-05-04,XLP,69.98847198486328,11682600.0,Yahoo Finance,2026-09-21T08:29:09+00:00,2024-05-20
2023-05-05,XLP,70.63829040527344,10479400.0,Yahoo Finance,2026-09-21T08:29:09+00:00,2024-05-20
2023-05-08,XLP,70.42778015136719,8069200.0,Yahoo Finance,2026-09-21T08:29:09+00:00,2024-05-20
2023-05-09,XLP,70.2081298828125,6939500.0,Yahoo Finance,2026-09-21T08:29:09+00:00,2024-05-20
2023-05-10,XLP,70.09831237792969,12259100.0,Yahoo Finance,2026-09-21T08:29:09+00:00,2024-05-20
2023-05-11,XLP,70.30879974365234,11790600.0,Yahoo Finance,2026-09-21T08:29:09+00:00,2024-05-20
2023-05-12,XLP,70.58338928222656,7012000.0,Yahoo Finance,2026-09-21T08:29:09+00:00,2024-05-20
2023-05-15,XLP,70.40948486328125,8652200.0,Yahoo Finance,2026-09-21T08:29:09+00:00,2024-05-20
2023-05-16,XLP,69.81455993652344,11310700.0,Yahoo Finance,2026-09-21T08:29:09+00:00,2024-05-20
2023-05-17,XLP,69.77796173095703,10891300.0,Yahoo Finance,2026-09-21T08:29:09+00:00,2024-05-20
2023-05-18,XLP,69.43931579589844,10765300.0,Yahoo Finance,2026-09-21T08:29:09+00:00,2024-05-20
2023-05-19,XLP,69.4850845336914,10457600.0,Yahoo Finance,2026-09-21T08:29:09+00:00,2024-05-20
2023-05-22,XLP,68.43255615234375,14575700.0,Yahoo Finance,2026-09-21T08:29:09+00:00,2024-05-20
2023-05-23,XLP,67.9291763305664,13700400.0,Yahoo Finance,2026-09-21T08:29:09+00:00,2024-05-20
2023-05-24,XLP,67.4898681640625,11901800.0,Yahoo Finance,2026-09-21T08:29:09+00:00,2024-05-20
2023-05-25,XLP,66.97734069824219,17725000.0,Yahoo Finance,2026-09-21T08:29:09+00:00,2024-05-20
2023-05-26,XLP,67.20613861083984,15531000.0,Yahoo Finance,2026-09-21T08:29:09+00:00,2024-05-20
2023-05-30,XLP,66.43733215332031,22766900.0,Yahoo Finance,2026-09-21T08:29:09+00:00,2024-05-20
2023-05-31,XLP,66.51054382324219,22328600.0,Yahoo Finance,2026-09-21T08:29:09+00:00,2024-05-20
2023-06-01,XLP,66.45565032958984,13836100.0,Yahoo Finance,2026-09-21T08:29:09+00:00,2024-05-20
2023-06-02,XLP,67.37088012695312,14719800.0,Yahoo Finance,2026-09-21T08:29:09+00:00,2024-05-20
2023-06-05,XLP,67.12378692626953,9629600.0,Yahoo Finance,2026-09-21T08:29:09+00:00,2024-05-20
2023-06-06,XLP,66.78514099121094,10796900.0,Yahoo Finance,2026-09-21T08:29:09+00:00,2024-05-20
2023-06-07,XLP,66.56548309326172,13595100.0,Yahoo Finance,2026-09-21T08:29:09+00:00,2024-05-20
2023-06-08,XLP,67.02310180664062,8881300.0,Yahoo Finance,2026-09-21T08:29:09+00:00,2024-05-20
2023-06-09,XLP,66.91326141357422,8756200.0,Yahoo Finance,2026-09-21T08:29:09+00:00,2024-05-20
2023-06-12,XLP,66.89495086669922,11357600.0,Yahoo Finance,2026-09-21T08:29:09+00:00,2024-05-20
2023-06-13,XLP,67.1695327758789,8401800.0,Yahoo Finance,2026-09-21T08:29:09+00:00,2024-05-20
2023-06-14,XLP,67.58137512207031,13849900.0,Yahoo Finance,2026-09-21T08:29:09+00:00,2024-05-20
2023-06-15,XLP,68.25865936279297,16251200.0,Yahoo Finance,2026-09-21T08:29:09+00:00,2024-05-20
2023-06-16,XLP,68.34103393554688,12672900.0,Yahoo Finance,2026-09-21T08:29:09+00:00,2024-05-20
2023-06-20,XLP,67.8211669921875,9731800.0,Yahoo Finance,2026-09-21T08:29:09+00:00,2024-05-20
2023-06-21,XLP,68.06082153320312,13633500.0,Yahoo Finance,2026-09-21T08:29:09+00:00,2024-05-20
2023-06-22,XLP,68.45716857910156,17247600.0,Yahoo Finance,2026-09-21T08:29:09+00:00,2024-05-20
2023-06-23,XLP,68.00552368164062,9706900.0,Yahoo Finance,2026-09-21T08:29:09+00:00,2024-05-20
2023-06-26,XLP,68.09770202636719,8955400.0,Yahoo Finance,2026-09-21T08:29:09+00:00,2024-05-20
2023-06-27,XLP,68.30048370361328,8965400.0,Yahoo Finance,2026-09-21T08:29:09+00:00,2024-05-20
2023-06-28,XLP,67.8396224975586,12800400.0,Yahoo Finance,2026-09-21T08:29:09+00:00,2024-05-20
2023-06-29,XLP,67.77508544921875,10018000.0,Yahoo Finance,2026-09-21T08:29:09+00:00,2024-05-20
2023-06-30,XLP,68.36500549316406,14266200.0,Yahoo Finance,2026-09-21T08:29:09+00:00,2024-05-20
2023-07-03,XLP,68.89960479736328,12817100.0,Yahoo Finance,2026-09-21T08:29:09+00:00,2024-05-20
2023-07-05,XLP,68.77978515625,17579200.0,Yahoo Finance,2026-09-21T08:29:09+00:00,2024-05-20
2023-07-06,XLP,68.60465240478516,14881300.0,Yahoo Finance,2026-09-21T08:29:09+00:00,2024-05-20
2023-07-07,XLP,67.71056365966797,16405400.0,Yahoo Finance,2026-09-21T08:29:09+00:00,2024-05-20
2023-07-10,XLP,67.69214630126953,11953600.0,Yahoo Finance,2026-09-21T08:29:09+00:00,2024-05-20
2023-07-11,XLP,67.79352569580078,9812500.0,Yahoo Finance,2026-09-21T08:29:09+00:00,2024-05-20
2023-07-12,XLP,67.95022583007812,12680900.0,Yahoo Finance,2026-09-21T08:29:09+00:00,2024-05-20
2023-07-13,XLP,68.23596954345703,10581500.0,Yahoo Finance,2026-09-21T08:29:09+00:00,2024-05-20
2023-07-14,XLP,68.46639251708984,12475600.0,Yahoo Finance,2026-09-21T08:29:09+00:00,2024-05-20
2023-07-17,XLP,68.26361083984375,9496300.0,Yahoo Finance,2026-09-21T08:29:09+00:00,2024-05-20
2023-07-18,XLP,68.18987274169922,10124100.0,Yahoo Finance,2026-09-21T08:29:09+00:00,2024-05-20
2023-07-19,XLP,68.88117980957031,14718700.0,Yahoo Finance,2026-09-21T08:29:09+00:00,2024-05-20
2023-07-20,XLP,69.47107696533203,16106300.0,Yahoo Finance,2026-09-21T08:29:09+00:00,2024-05-20
2023-07-21,XLP,69.71073913574219,13836800.0,Yahoo Finance,2026-09-21T08:29:09+00:00,2024-05-20
2023-07-24,XLP,69.97803497314453,10692500.0,Yahoo Finance,2026-09-21T08:29:09+00:00,2024-05-20
2023-07-25,XLP,69.95960998535156,8576600.0,Yahoo Finance,2026-09-21T08:29:09+00:00,2024-05-20
2023-07-26,XLP,70.04255676269531,10506500.0,Yahoo Finance,2026-09-21T08:29:09+00:00,2024-05-20
2023-07-27,XLP,69.42500305175781,10008500.0,Yahoo Finance,2026-09-21T08:29:09+00:00,2024-05-20
2023-07-28,XLP,70.1439437866211,9672400.0,Yahoo Finance,2026-09-21T08:29:09+00:00,2024-05-20
2023-07-31,XLP,69.82134246826172,10057100.0,Yahoo Finance,2026-09-21T08:29:09+00:00,2024-05-20
2023-08-01,XLP,69.44343566894531,9376700.0,Yahoo Finance,2026-09-21T08:29:09+00:00,2024-05-20
2023-08-02,XLP,69.69230651855469,11509700.0,Yahoo Finance,2026-09-21T08:29:09+00:00,2024-05-20
2023-08-03,XLP,69.49873352050781,8774900.0,Yahoo Finance,2026-09-21T08:29:09+00:00,2024-05-20
2023-08-04,XLP,68.80744171142578,10022800.0,Yahoo Finance,2026-09-21T08:29:09+00:00,2024-05-20
2023-08-07,XLP,69.36970520019531,8875600.0,Yahoo Finance,2026-09-21T08:29:09+00:00,2024-05-20
2023-08-08,XLP,68.8719482421875,11413600.0,Yahoo Finance,2026-09-21T08:29:09+00:00,2024-05-20
2023-08-09,XLP,68.97335052490234,11912200.0,Yahoo Finance,2026-09-21T08:29:09+00:00,2024-05-20
2023-08-10,XLP,68.8350830078125,10357700.0,Yahoo Finance,2026-09-21T08:29:09+00:00,2024-05-20
2023-08-11,XLP,68.9457015991211,7472500.0,Yahoo Finance,2026-09-21T08:29:09+00:00,2024-05-20
2023-08-14,XLP,68.60465240478516,11483800.0,Yahoo Finance,2026-09-21T08:29:09+00:00,2024-05-20
2023-08-15,XLP,67.86727142333984,13257500.0,Yahoo Finance,2026-09-21T08:29:09+00:00,2024-05-20
2023-08-16,XLP,67.71056365966797,14814900.0,Yahoo Finance,2026-09-21T08:29:09+00:00,2024-05-20
2023-08-17,XLP,67.05613708496094,11798000.0,Yahoo Finance,2026-09-21T08:29:09+00:00,2024-05-20
2023-08-18,XLP,67.30500793457031,12334500.0,Yahoo Finance,2026-09-21T08:29:09+00:00,2024-05-20
2023-08-21,XLP,66.85336303710938,12005400.0,Yahoo Finance,2026-09-21T08:29:09+00:00,2024-05-20
2023-08-22,XLP,66.47543334960938,11496100.0,Yahoo Finance,2026-09-21T08:29:09+00:00,2024-05-20
2023-08-23,XLP,66.91787719726562,10796800.0,Yahoo Finance,2026-09-21T08:29:09+00:00,2024-05-20
2023-08-24,XLP,66.38327026367188,13797500.0,Yahoo Finance,2026-09-21T08:29:09+00:00,2024-05-20
2023-08-25,XLP,66.75198364257812,13088500.0,Yahoo Finance,2026-09-21T08:29:09+00:00,2024-05-20
2023-08-28,XLP,67.05613708496094,6914800.0,Yahoo Finance,2026-09-21T08:29:09+00:00,2024-05-20
2023-08-29,XLP,67.29579162597656,9502800.0,Yahoo Finance,2026-09-21T08:29:09+00:00,2024-05-20
2023-08-30,XLP,67.4063949584961,9679300.0,Yahoo Finance,2026-09-21T08:29:09+00:00,2024-05-20
2023-08-31,XLP,67.06536102294922,7731300.0,Yahoo Finance,2026-09-21T08:29:09+00:00,2024-05-20
2023-09-01,XLP,66.49388122558594,8346400.0,Yahoo Finance,2026-09-21T08:29:09+00:00,2024-05-20
2023-09-05,XLP,65.92239379882812,8634200.0,Yahoo Finance,2026-09-21T08:29:09+00:00,2024-05-20
2023-09-06,XLP,65.84867095947266,9050100.0,Yahoo Finance,2026-09-21T08:29:09+00:00,2024-05-20
2023-09-07,XLP,66.00536346435547,10149000.0,Yahoo Finance,2026-09-21T08:29:09+00:00,2024-05-20
2023-09-08,XLP,66.08830261230469,8323000.0,Yahoo Finance,2026-09-21T08:29:09+00:00,2024-05-20
2023-09-11,XLP,66.65979766845703,8450700.0,Yahoo Finance,2026-09-21T08:29:09+00:00,2024-05-20
2023-09-12,XLP,66.08830261230469,13300200.0,Yahoo Finance,2026-09-21T08:29:09+00:00,2024-05-20
2023-09-13,XLP,66.29109191894531,7863700.0,Yahoo Finance,2026-09-21T08:29:09+00:00,2024-05-20
2023-09-14,XLP,66.96398162841797,9356000.0,Yahoo Finance,2026-09-21T08:29:09+00:00,2024-05-20
2023-09-15,XLP,66.41092681884766,10891600.0,Yahoo Finance,2026-09-21T08:29:09+00:00,2024-05-20
2023-09-18,XLP,66.38773345947266,6841200.0,Yahoo Finance,2026-09-21T08:29:09+00:00,2024-05-20
2023-09-19,XLP,66.22997283935547,7733500.0,Yahoo Finance,2026-09-21T08:29:09+00:00,2024-05-20
2023-09-20,XLP,66.29493713378906,10841700.0,Yahoo Finance,2026-09-21T08:29:09+00:00,2024-05-20
2023-09-21,XLP,65.4411849975586,11869900.0,Yahoo Finance,2026-09-21T08:29:09+00:00,2024-05-20
2023-09-22,XLP,65.08855438232422,12243000.0,Yahoo Finance,2026-09-21T08:29:09+00:00,2024-05-20
2023-09-25,XLP,64.85655975341797,9137600.0,Yahoo Finance,2026-09-21T08:29:09+00:00,2024-05-20
2023-09-26,XLP,64.37401580810547,11541000.0,Yahoo Finance,2026-09-21T08:29:09+00:00,2024-05-20
2023-09-27,XLP,63.84507369995117,14182700.0,Yahoo Finance,2026-09-21T08:29:09+00:00,2024-05-20
2023-09-28,XLP,64.03994750976562,12094400.0,Yahoo Finance,2026-09-21T08:29:09+00:00,2024-05-20
2023-09-29,XLP,63.85434341430664,11797500.0,Yahoo Finance,2026-09-21T08:29:09+00:00,2024-05-20
2023-10-02,XLP,63.41818618774414,12642500.0,Yahoo Finance,2026-09-21T08:29:09+00:00,2024-05-20
2023-10-03,XLP,62.96348571777344,15396200.0,Yahoo Finance,2026-09-21T08:29:09+00:00,2024-05-20
2023-10-04,XLP,63.46459197998047,15125900.0,Yahoo Finance,2026-09-21T08:29:09+00:00,2024-05-20
2023-10-05,XLP,62.211814880371094,15757300.0,Yahoo Finance,2026-09-21T08:29:09+00:00,2024-05-20
2023-10-06,XLP,61.868473052978516,28723400.0,Yahoo Finance,2026-09-21T08:29:09+00:00,2024-05-20
2023-10-09,XLP,61.92414855957031,15662900.0,Yahoo Finance,2026-09-21T08:29:09+00:00,2024-05-20
2023-10-10,XLP,62.55516815185547,18809600.0,Yahoo Finance,2026-09-21T08:29:09+00:00,2024-05-20
2023-10-11,XLP,62.128292083740234,18293200.0,Yahoo Finance,2026-09-21T08:29:09+00:00,2024-05-20
2023-10-12,XLP,61.450870513916016,15185000.0,Yahoo Finance,2026-09-21T08:29:09+00:00,2024-05-20
2023-10-13,XLP,61.98908615112305,15641000.0,Yahoo Finance,2026-09-21T08:29:09+00:00,2024-05-20
2023-10-16,XLP,62.62939453125,16172800.0,Yahoo Finance,2026-09-21T08:29:09+00:00,2024-05-20
2023-10-17,XLP,62.898521423339844,13192200.0,Yahoo Finance,2026-09-21T08:29:09+00:00,2024-05-20
2023-10-18,XLP,63.13050079345703,16617700.0,Yahoo Finance,2026-09-21T08:29:09+00:00,2024-05-20
2023-10-19,XLP,62.66653060913086,18237000.0,Yahoo Finance,2026-09-21T08:29:09+00:00,2024-05-20
2023-10-20,XLP,62.42524337768555,14730500.0,Yahoo Finance,2026-09-21T08:29:09+00:00,2024-05-20
2023-10-23,XLP,62.30461502075195,13777300.0,Yahoo Finance,2026-09-21T08:29:09+00:00,2024-05-20
2023-10-24,XLP,62.83356475830078,12055600.0,Yahoo Finance,2026-09-21T08:29:09+00:00,2024-05-20
2023-10-25,XLP,63.04701614379883,11351100.0,Yahoo Finance,2026-09-21T08:29:09+00:00,2024-05-20
2023-10-26,XLP,62.63868713378906,13662200.0,Yahoo Finance,2026-09-21T08:29:09+00:00,2024-05-20
2023-10-27,XLP,61.78495407104492,17587700.0,Yahoo Finance,2026-09-21T08:29:09+00:00,2024-05-20
2023-10-30,XLP,62.750057220458984,12224000.0,Yahoo Finance,2026-09-21T08:29:09+00:00,2024-05-20
2023-10-31,XLP,62.97276306152344,8586400.0,Yahoo Finance,2026-09-21T08:29:09+00:00,2024-05-20
2023-11-01,XLP,62.907814025878906,18709400.0,Yahoo Finance,2026-09-21T08:29:09+00:00,2024-05-20
2023-11-02,XLP,63.72441864013672,21175900.0,Yahoo Finance,2026-09-21T08:29:09+00:00,2024-05-20
2023-11-03,XLP,63.79866027832031,17201100.0,Yahoo Finance,2026-09-21T08:29:09+00:00,2024-05-20
2023-11-06,XLP,63.900733947753906,14663200.0,Yahoo Finance,2026-09-21T08:29:09+00:00,2024-05-20
2023-11-07,XLP,64.05850219726562,12567700.0,Yahoo Finance,2026-09-21T08:29:09+00:00,2024-05-20
2023-11-08,XLP,63.80794906616211,10481700.0,Yahoo Finance,2026-09-21T08:29:09+00:00,2024-05-20
2023-11-09,XLP,63.54812240600586,10336900.0,Yahoo Finance,2026-09-21T08:29:09+00:00,2024-05-20
2023-11-10,XLP,63.99354553222656,9266200.0,Yahoo Finance,2026-09-21T08:29:09+00:00,2024-05-20
2023-11-13,XLP,64.19769287109375,8540800.0,Yahoo Finance,2026-09-21T08:29:09+00:00,2024-05-20
2023-11-14,XLP,64.85655975341797,13606200.0,Yahoo Finance,2026-09-21T08:29:09+00:00,2024-05-20
2023-11-15,XLP,65.3762435913086,10618900.0,Yahoo Finance,2026-09-21T08:29:09+00:00,2024-05-20
2023-11-16,XLP,64.56889343261719,16536300.0,Yahoo Finance,2026-09-21T08:29:09+00:00,2024-05-20
2023-11-17,XLP,64.48536682128906,10761100.0,Yahoo Finance,2026-09-21T08:29:09+00:00,2024-05-20
2023-11-20,XLP,64.43898010253906,11651300.0,Yahoo Finance,2026-09-21T08:29:09+00:00,2024-05-20
2023-11-21,XLP,64.63385009765625,11681400.0,Yahoo Finance,2026-09-21T08:29:09+00:00,2024-05-20
2023-11-22,XLP,65.09783172607422,8862100.0,Yahoo Finance,2026-09-21T08:29:09+00:00,2024-05-20
2023-11-24,XLP,65.33910369873047,4500800.0,Yahoo Finance,2026-09-21T08:29:09+00:00,2024-05-20
2023-11-27,XLP,65.15351104736328,11746800.0,Yahoo Finance,2026-09-21T08:29:09+00:00,2024-05-20
2023-11-28,XLP,65.45045471191406,8562300.0,Yahoo Finance,2026-09-21T08:29:09+00:00,2024-05-20
2023-11-29,XLP,64.92151641845703,9873800.0,Yahoo Finance,2026-09-21T08:29:09+00:00,2024-05-20
2023-11-30,XLP,65.57110595703125,11803600.0,Yahoo Finance,2026-09-21T08:29:09+00:00,2024-05-20
2023-12-01,XLP,65.8402099609375,13490300.0,Yahoo Finance,2026-09-21T08:29:09+00:00,2024-05-20
2023-12-04,XLP,65.92373657226562,11386300.0,Yahoo Finance,2026-09-21T08:29:09+00:00,2024-05-20
2023-12-05,XLP,65.40406799316406,11565900.0,Yahoo Finance,2026-09-21T08:29:09+00:00,2024-05-20
2023-12-06,XLP,65.2370376586914,11008700.0,Yahoo Finance,2026-09-21T08:29:09+00:00,2024-05-20
2023-12-07,XLP,65.51544189453125,8460000.0,Yahoo Finance,2026-09-21T08:29:09+00:00,2024-05-20
2023-12-08,XLP,65.06071472167969,8191300.0,Yahoo Finance,2026-09-21T08:29:09+00:00,2024-05-20
2023-12-11,XLP,65.68245697021484,16192800.0,Yahoo Finance,2026-09-21T08:29:09+00:00,2024-05-20
2023-12-12,XLP,65.89590454101562,8764500.0,Yahoo Finance,2026-09-21T08:29:09+00:00,2024-05-20
2023-12-13,XLP,67.09300231933594,14052700.0,Yahoo Finance,2026-09-21T08:29:09+00:00,2024-05-20
2023-12-14,XLP,66.10932922363281,16056700.0,Yahoo Finance,2026-09-21T08:29:09+00:00,2024-05-20
2023-12-15,XLP,66.10932922363281,17434600.0,Yahoo Finance,2026-09-21T08:29:09+00:00,2024-05-20
2023-12-18,XLP,66.79751586914062,11816000.0,Yahoo Finance,2026-09-21T08:29:09+00:00,2024-05-20
2023-12-19,XLP,66.92839813232422,8283200.0,Yahoo Finance,2026-09-21T08:29:09+00:00,2024-05-20
2023-12-20,XLP,65.62874603271484,16705400.0,Yahoo Finance,2026-09-21T08:29:09+00:00,2024-05-20
2023-12-21,XLP,66.08689880371094,10971900.0,Yahoo Finance,2026-09-21T08:29:09+00:00,2024-05-20
2023-12-22,XLP,66.59180450439453,7831800.0,Yahoo Finance,2026-09-21T08:29:09+00:00,2024-05-20
2023-12-26,XLP,66.8722915649414,6915800.0,Yahoo Finance,2026-09-21T08:29:09+00:00,2024-05-20
2023-12-27,XLP,67.18086242675781,7566700.0,Yahoo Finance,2026-09-21T08:29:09+00:00,2024-05-20
2023-12-28,XLP,67.20891571044922,6466000.0,Yahoo Finance,2026-09-21T08:29:09+00:00,2024-05-20
2023-12-29,XLP,67.34917449951172,10412700.0,Yahoo Finance,2026-09-21T08:29:09+00:00,2024-05-20
2024-01-02,XLP,68.10652923583984,12912000.0,Yahoo Finance,2026-09-21T08:29:09+00:00,2024-05-20
2024-01-03,XLP,67.57357025146484,13979700.0,Yahoo Finance,2026-09-21T08:29:09+00:00,2024-05-20
2024-01-04,XLP,67.48007202148438,10865000.0,Yahoo Finance,2026-09-21T08:29:09+00:00,2024-05-20
2024-01-05,XLP,67.3304672241211,12802800.0,Yahoo Finance,2026-09-21T08:29:09+00:00,2024-05-20
2024-01-08,XLP,67.8260269165039,9409000.0,Yahoo Finance,2026-09-21T08:29:09+00:00,2024-05-20
2024-01-09,XLP,68.00367736816406,7838600.0,Yahoo Finance,2026-09-21T08:29:09+00:00,2024-05-20
2024-01-10,XLP,67.86343383789062,11113300.0,Yahoo Finance,2026-09-21T08:29:09+00:00,2024-05-20
2024-01-11,XLP,67.85407257080078,9507800.0,Yahoo Finance,2026-09-21T08:29:09+00:00,2024-05-20
2024-01-12,XLP,68.06912994384766,7712800.0,Yahoo Finance,2026-09-21T08:29:09+00:00,2024-05-20
2024-01-16,XLP,67.69512176513672,11566900.0,Yahoo Finance,2026-09-21T08:29:09+00:00,2024-05-20
2024-01-17,XLP,67.64836120605469,9641400.0,Yahoo Finance,2026-09-21T08:29:09+00:00,2024-05-20
2024-01-18,XLP,67.56421661376953,10548800.0,Yahoo Finance,2026-09-21T08:29:09+00:00,2024-05-20
2024-01-19,XLP,67.36786651611328,11309600.0,Yahoo Finance,2026-09-21T08:29:09+00:00,2024-05-20
2024-01-22,XLP,67.04059600830078,15078600.0,Yahoo Finance,2026-09-21T08:29:09+00:00,2024-05-20
2024-01-23,XLP,67.76992797851562,13859600.0,Yahoo Finance,2026-09-21T08:29:09+00:00,2024-05-20
2024-01-24,XLP,66.93775177001953,12290500.0,Yahoo Finance,2026-09-21T08:29:09+00:00,2024-05-20
2024-01-25,XLP,67.5829086303711,12160900.0,Yahoo Finance,2026-09-21T08:29:09+00:00,2024-05-20
2024-01-26,XLP,67.91018676757812,7432800.0,Yahoo Finance,2026-09-21T08:29:09+00:00,2024-05-20
2024-01-29,XLP,68.30287170410156,9321900.0,Yahoo Finance,2026-09-21T08:29:09+00:00,2024-05-20
2024-01-30,XLP,68.68624114990234,11058900.0,Yahoo Finance,2026-09-21T08:29:09+00:00,2024-05-20
2024-01-31,XLP,68.18131256103516,17220600.0,Yahoo Finance,2026-09-21T08:29:09+00:00,2024-05-20
2024-02-01,XLP,69.57450103759766,20588700.0,Yahoo Finance,2026-09-21T08:29:09+00:00,2024-05-20
2024-02-02,XLP,69.35010528564453,23158000.0,Yahoo Finance,2026-09-21T08:29:09+00:00,2024-05-20
2024-02-05,XLP,68.91999816894531,14564700.0,Yahoo Finance,2026-09-21T08:29:09+00:00,2024-05-20
2024-02-06,XLP,69.07894897460938,11224200.0,Yahoo Finance,2026-09-21T08:29:09+00:00,2024-05-20
2024-02-07,XLP,69.01348114013672,7544100.0,Yahoo Finance,2026-09-21T08:29:09+00:00,2024-05-20
2024-02-08,XLP,68.99478912353516,16287600.0,Yahoo Finance,2026-09-21T08:29:09+00:00,2024-05-20
2024-02-09,XLP,68.35897827148438,20698800.0,Yahoo Finance,2026-09-21T08:29:09+00:00,2024-05-20
2024-02-12,XLP,68.84518432617188,13422900.0,Yahoo Finance,2026-09-21T08:29:09+00:00,2024-05-20
2024-02-13,XLP,68.10652923583984,21640600.0,Yahoo Finance,2026-09-21T08:29:09+00:00,2024-05-20
2024-02-14,XLP,67.97562408447266,15191300.0,Yahoo Finance,2026-09-21T08:29:09+00:00,2024-05-20
2024-02-15,XLP,68.41508483886719,14235700.0,Yahoo Finance,2026-09-21T08:29:09+00:00,2024-05-20
2024-02-16,XLP,68.51793670654297,15568300.0,Yahoo Finance,2026-09-21T08:29:09+00:00,2024-05-20
2024-02-20,XLP,69.2378921508789,15388700.0,Yahoo Finance,2026-09-21T08:29:09+00:00,2024-05-20
2024-02-21,XLP,69.49034118652344,13776600.0,Yahoo Finance,2026-09-21T08:29:09+00:00,2024-05-20
2024-02-22,XLP,69.70539855957031,11744900.0,Yahoo Finance,2026-09-21T08:29:09+00:00,2024-05-20
2024-02-23,XLP,69.92045593261719,12548300.0,Yahoo Finance,2026-09-21T08:29:09+00:00,2024-05-20
2024-02-26,XLP,69.63995361328125,11806000.0,Yahoo Finance,2026-09-21T08:29:09+00:00,2024-05-20
2024-02-27,XLP,69.64930725097656,8294300.0,Yahoo Finance,2026-09-21T08:29:09+00:00,2024-05-20
2024-02-28,XLP,69.72409057617188,6768700.0,Yahoo Finance,2026-09-21T08:29:09+00:00,2024-05-20
2024-02-29,XLP,69.61190032958984,14083400.0,Yahoo Finance,2026-09-21T08:29:09+00:00,2024-05-20
2024-03-01,XLP,69.62126159667969,15512500.0,Yahoo Finance,2026-09-21T08:29:09+00:00,2024-05-20
2024-03-04,XLP,69.6773452758789,15912700.0,Yahoo Finance,2026-09-21T08:29:09+00:00,2024-05-20
2024-03-05,XLP,69.84563446044922,15708400.0,Yahoo Finance,2026-09-21T08:29:09+00:00,2024-05-20
2024-03-06,XLP,70.4347152709961,11816200.0,Yahoo Finance,2026-09-21T08:29:09+00:00,2024-05-20
2024-03-07,XLP,70.83677673339844,9174900.0,Yahoo Finance,2026-09-21T08:29:09+00:00,2024-05-20
2024-03-08,XLP,70.27576446533203,13301600.0,Yahoo Finance,2026-09-21T08:29:09+00:00,2024-05-20
2024-03-11,XLP,70.65911865234375,9316500.0,Yahoo Finance,2026-09-21T08:29:09+00:00,2024-05-20
2024-03-12,XLP,71.02376556396484,10454900.0,Yahoo Finance,2026-09-21T08:29:09+00:00,2024-05-20
2024-03-13,XLP,71.20143127441406,9739500.0,Yahoo Finance,2026-09-21T08:29:09+00:00,2024-05-20
2024-03-14,XLP,70.64976501464844,14086100.0,Yahoo Finance,2026-09-21T08:29:09+00:00,2024-05-20
2024-03-15,XLP,70.62171173095703,14248300.0,Yahoo Finance,2026-09-21T08:29:09+00:00,2024-05-20
2024-03-18,XLP,71.07572174072266,10229000.0,Yahoo Finance,2026-09-21T08:29:09+00:00,2024-05-20
2024-03-19,XLP,71.33944702148438,10245900.0,Yahoo Finance,2026-09-21T08:29:09+00:00,2024-05-20
2024-03-20,XLP,71.55609130859375,10986100.0,Yahoo Finance,2026-09-21T08:29:09+00:00,2024-05-20
2024-03-21,XLP,71.59375762939453,8936100.0,Yahoo Finance,2026-09-21T08:29:09+00:00,2024-05-20
2024-03-22,XLP,71.24525451660156,10942300.0,Yahoo Finance,2026-09-21T08:29:09+00:00,2024-05-20
2024-03-25,XLP,71.04745483398438,11003700.0,Yahoo Finance,2026-09-21T08:29:09+00:00,2024-05-20
2024-03-26,XLP,71.08513641357422,7964400.0,Yahoo Finance,2026-09-21T08:29:09+00:00,2024-05-20
2024-03-27,XLP,71.82923126220703,9848100.0,Yahoo Finance,2026-09-21T08:29:09+00:00,2024-05-20
2024-03-28,XLP,71.92343139648438,9172700.0,Yahoo Finance,2026-09-21T08:29:09+00:00,2024-05-20
2024-04-01,XLP,71.348876953125,13205200.0,Yahoo Finance,2026-09-21T08:29:09+00:00,2024-05-20
2024-04-02,XLP,70.98152160644531,16269200.0,Yahoo Finance,2026-09-21T08:29:09+00:00,2024-05-20
2024-04-03,XLP,70.19973754882812,16094700.0,Yahoo Finance,2026-09-21T08:29:09+00:00,2024-05-20
2024-04-04,XLP,69.8983383178711,18289500.0,Yahoo Finance,2026-09-21T08:29:09+00:00,2024-05-20
2024-04-05,XLP,70.01136779785156,11148900.0,Yahoo Finance,2026-09-21T08:29:09+00:00,2024-05-20
2024-04-08,XLP,69.90776062011719,10040700.0,Yahoo Finance,2026-09-21T08:29:09+00:00,2024-05-20
2024-04-09,XLP,70.24684143066406,12629600.0,Yahoo Finance,2026-09-21T08:29:09+00:00,2024-05-20
2024-04-10,XLP,69.9925308227539,15018400.0,Yahoo Finance,2026-09-21T08:29:09+00:00,2024-05-20
2024-04-11,XLP,69.8229751586914,10551900.0,Yahoo Finance,2026-09-21T08:29:09+00:00,2024-05-20
2024-04-12,XLP,69.11656951904297,14605900.0,Yahoo Finance,2026-09-21T08:29:09+00:00,2024-05-20
2024-04-15,XLP,68.83399200439453,12119600.0,Yahoo Finance,2026-09-21T08:29:09+00:00,2024-05-20
2024-04-16,XLP,68.86224365234375,12737600.0,Yahoo Finance,2026-09-21T08:29:09+00:00,2024-05-20
2024-04-17,XLP,69.11656951904297,12731500.0,Yahoo Finance,2026-09-21T08:29:09+00:00,2024-05-20
2024-04-18,XLP,69.43680572509766,11964200.0,Yahoo Finance,2026-09-21T08:29:09+00:00,2024-05-20
2024-04-19,XLP,70.11498260498047,15843100.0,Yahoo Finance,2026-09-21T08:29:09+00:00,2024-05-20
2024-04-22,XLP,70.78372192382812,12181600.0,Yahoo Finance,2026-09-21T08:29:09+00:00,2024-05-20
2024-04-23,XLP,70.98152160644531,12821100.0,Yahoo Finance,2026-09-21T08:29:09+00:00,2024-05-20
2024-04-24,XLP,71.51840209960938,15011000.0,Yahoo Finance,2026-09-21T08:29:09+00:00,2024-05-20
2024-04-25,XLP,71.348876953125,14352600.0,Yahoo Finance,2026-09-21T08:29:09+00:00,2024-05-20
2024-04-26,XLP,71.19815826416016,13488200.0,Yahoo Finance,2026-09-21T08:29:09+00:00,2024-05-20
2024-04-29,XLP,71.4242172241211,9244000.0,Yahoo Finance,2026-09-21T08:29:09+00:00,2024-05-20
2024-04-30,XLP,71.11338806152344,12517400.0,Yahoo Finance,2026-09-21T08:29:09+00:00,2024-05-20
2024-05-01,XLP,70.6612777709961,24867400.0,Yahoo Finance,2026-09-21T08:29:09+00:00,2024-05-20
2024-05-02,XLP,71.25469207763672,22820400.0,Yahoo Finance,2026-09-21T08:29:09+00:00,2024-05-20
2024-05-03,XLP,71.47130584716797,18088200.0,Yahoo Finance,2026-09-21T08:29:09+00:00,2024-05-20
2024-05-06,XLP,71.50897979736328,12508400.0,Yahoo Finance,2026-09-21T08:29:09+00:00,2024-05-20
2024-05-07,XLP,72.29076385498047,14641800.0,Yahoo Finance,2026-09-21T08:29:09+00:00,2024-05-20
2024-05-08,XLP,72.07412719726562,12686000.0,Yahoo Finance,2026-09-21T08:29:09+00:00,2024-05-20
2024-05-09,XLP,72.69578552246094,12851900.0,Yahoo Finance,2026-09-21T08:29:09+00:00,2024-05-20
2024-05-10,XLP,73.11021423339844,10774900.0,Yahoo Finance,2026-09-21T08:29:09+00:00,2024-05-20
2024-05-13,XLP,72.90299987792969,11755400.0,Yahoo Finance,2026-09-21T08:29:09+00:00,2024-05-20
2024-05-14,XLP,72.76170349121094,10117600.0,Yahoo Finance,2026-09-21T08:29:09+00:00,2024-05-20
2024-05-15,XLP,72.80879974365234,18143000.0,Yahoo Finance,2026-09-21T08:29:09+00:00,2024-05-20
2024-05-16,XLP,73.84490966796875,17360400.0,Yahoo Finance,2026-09-21T08:29:09+00:00,2024-05-20
2024-05-17,XLP,73.66593170166016,11265700.0,Yahoo Finance,2026-09-21T08:29:09+00:00,2024-05-20
2024-05-20,XLP,73.15730285644531,9226400.0,Yahoo Finance,2026-09-21T08:29:09+00:00,2024-05-20
2023-04-17,XLRE,33.46575164794922,4601000.0,Yahoo Finance,2026-09-21T08:29:09+00:00,2024-05-20
2023-04-18,XLRE,33.412109375,3479300.0,Yahoo Finance,2026-09-21T08:29:09+00:00,2024-05-20
2023-04-19,XLRE,33.608795166015625,5605700.0,Yahoo Finance,2026-09-21T08:29:09+00:00,2024-05-20
2023-04-20,XLRE,33.20646667480469,4243600.0,Yahoo Finance,2026-09-21T08:29:09+00:00,2024-05-20
2023-04-21,XLRE,33.242225646972656,3252700.0,Yahoo Finance,2026-09-21T08:29:09+00:00,2024-05-20
2023-04-24,XLRE,33.152828216552734,3709700.0,Yahoo Finance,2026-09-21T08:29:09+00:00,2024-05-20
2023-04-25,XLRE,32.84882736206055,3664000.0,Yahoo Finance,2026-09-21T08:29:09+00:00,2024-05-20
2023-04-26,XLRE,32.58060073852539,4446300.0,Yahoo Finance,2026-09-21T08:29:09+00:00,2024-05-20
2023-04-27,XLRE,33.36738967895508,4278800.0,Yahoo Finance,2026-09-21T08:29:09+00:00,2024-05-20
2023-04-28,XLRE,33.75185775756836,5256200.0,Yahoo Finance,2026-09-21T08:29:09+00:00,2024-05-20
2023-05-01,XLRE,33.43893051147461,4381900.0,Yahoo Finance,2026-09-21T08:29:09+00:00,2024-05-20
2023-05-02,XLRE,32.8667106628418,6376400.0,Yahoo Finance,2026-09-21T08:29:09+00:00,2024-05-20
2023-05-03,XLRE,32.66106033325195,6140700.0,Yahoo Finance,2026-09-21T08:29:09+00:00,2024-05-20
2023-05-04,XLRE,32.965057373046875,4887800.0,Yahoo Finance,2026-09-21T08:29:09+00:00,2024-05-20
2023-05-05,XLRE,33.47468566894531,3265600.0,Yahoo Finance,2026-09-21T08:29:09+00:00,2024-05-20
2023-05-08,XLRE,33.242225646972656,3358700.0,Yahoo Finance,2026-09-21T08:29:09+00:00,2024-05-20
2023-05-09,XLRE,33.13493347167969,2995000.0,Yahoo Finance,2026-09-21T08:29:09+00:00,2024-05-20
2023-05-10,XLRE,33.4478645324707,3770000.0,Yahoo Finance,2026-09-21T08:29:09+00:00,2024-05-20
2023-05-11,XLRE,33.09917068481445,3419800.0,Yahoo Finance,2026-09-21T08:29:09+00:00,2024-05-20
2023-05-12,XLRE,33.1617546081543,2950200.0,Yahoo Finance,2026-09-21T08:29:09+00:00,2024-05-20
2023-05-15,XLRE,33.09917068481445,3003600.0,Yahoo Finance,2026-09-21T08:29:09+00:00,2024-05-20
2023-05-16,XLRE,32.214012145996094,3240300.0,Yahoo Finance,2026-09-21T08:29:09+00:00,2024-05-20
2023-05-17,XLRE,32.634239196777344,3220400.0,Yahoo Finance,2026-09-21T08:29:09+00:00,2024-05-20
2023-05-18,XLRE,32.4286003112793,4111000.0,Yahoo Finance,2026-09-21T08:29:09+00:00,2024-05-20
2023-05-19,XLRE,32.37495422363281,4578700.0,Yahoo Finance,2026-09-21T08:29:09+00:00,2024-05-20
2023-05-22,XLRE,32.58954620361328,3943200.0,Yahoo Finance,2026-09-21T08:29:09+00:00,2024-05-20
2023-05-23,XLRE,32.187198638916016,3152000.0,Yahoo Finance,2026-09-21T08:29:09+00:00,2024-05-20
2023-05-24,XLRE,31.480863571166992,3991400.0,Yahoo Finance,2026-09-21T08:29:09+00:00,2024-05-20
2023-05-25,XLRE,31.55239486694336,5230700.0,Yahoo Finance,2026-09-21T08:29:09+00:00,2024-05-20
2023-05-26,XLRE,31.918973922729492,4403100.0,Yahoo Finance,2026-09-21T08:29:09+00:00,2024-05-20
2023-05-30,XLRE,32.017330169677734,4540300.0,Yahoo Finance,2026-09-21T08:29:09+00:00,2024-05-20
2023-05-31,XLRE,32.222957611083984,6945100.0,Yahoo Finance,2026-09-21T08:29:09+00:00,2024-05-20
2023-06-01,XLRE,32.23190689086914,5485000.0,Yahoo Finance,2026-09-21T08:29:09+00:00,2024-05-20
2023-06-02,XLRE,32.911415100097656,4350000.0,Yahoo Finance,2026-09-21T08:29:09+00:00,2024-05-20
2023-06-05,XLRE,32.75941467285156,3970500.0,Yahoo Finance,2026-09-21T08:29:09+00:00,2024-05-20
2023-06-06,XLRE,32.95611572265625,3260600.0,Yahoo Finance,2026-09-21T08:29:09+00:00,2024-05-20
2023-06-07,XLRE,33.5640983581543,4415600.0,Yahoo Finance,2026-09-21T08:29:09+00:00,2024-05-20
2023-06-08,XLRE,33.358455657958984,4027000.0,Yahoo Finance,2026-09-21T08:29:09+00:00,2024-05-20
2023-06-09,XLRE,33.18858337402344,4261700.0,Yahoo Finance,2026-09-21T08:29:09+00:00,2024-05-20
2023-06-12,XLRE,33.17069625854492,3819100.0,Yahoo Finance,2026-09-21T08:29:09+00:00,2024-05-20
2023-06-13,XLRE,33.412109375,4358200.0,Yahoo Finance,2026-09-21T08:29:09+00:00,2024-05-20
2023-06-14,XLRE,33.590919494628906,7845400.0,Yahoo Finance,2026-09-21T08:29:09+00:00,2024-05-20
2023-06-15,XLRE,33.733985900878906,4383300.0,Yahoo Finance,2026-09-21T08:29:09+00:00,2024-05-20
2023-06-16,XLRE,33.698211669921875,6076400.0,Yahoo Finance,2026-09-21T08:29:09+00:00,2024-05-20
2023-06-20,XLRE,33.33623504638672,4026500.0,Yahoo Finance,2026-09-21T08:29:09+00:00,2024-05-20
2023-06-21,XLRE,33.19179916381836,4543300.0,Yahoo Finance,2026-09-21T08:29:09+00:00,2024-05-20
2023-06-22,XLRE,32.722408294677734,5103500.0,Yahoo Finance,2026-09-21T08:29:09+00:00,2024-05-20
2023-06-23,XLRE,32.370365142822266,5414100.0,Yahoo Finance,2026-09-21T08:29:09+00:00,2024-05-20
2023-06-26,XLRE,33.092506408691406,2988900.0,Yahoo Finance,2026-09-21T08:29:09+00:00,2024-05-20
2023-06-27,XLRE,33.45358657836914,4012700.0,Yahoo Finance,2026-09-21T08:29:09+00:00,2024-05-20
2023-06-28,XLRE,33.543853759765625,3963100.0,Yahoo Finance,2026-09-21T08:29:09+00:00,2024-05-20
2023-06-29,XLRE,33.850765228271484,3727400.0,Yahoo Finance,2026-09-21T08:29:09+00:00,2024-05-20
2023-06-30,XLRE,34.02227020263672,6437000.0,Yahoo Finance,2026-09-21T08:29:09+00:00,2024-05-20
2023-07-03,XLRE,34.29308319091797,3628200.0,Yahoo Finance,2026-09-21T08:29:09+00:00,2024-05-20
2023-07-05,XLRE,34.464595794677734,6300600.0,Yahoo Finance,2026-09-21T08:29:09+00:00,2024-05-20
2023-07-06,XLRE,34.27503204345703,5046400.0,Yahoo Finance,2026-09-21T08:29:09+00:00,2024-05-20
2023-07-07,XLRE,34.112552642822266,4617200.0,Yahoo Finance,2026-09-21T08:29:09+00:00,2024-05-20
2023-07-10,XLRE,34.22989273071289,4345300.0,Yahoo Finance,2026-09-21T08:29:09+00:00,2024-05-20
2023-07-11,XLRE,34.61804962158203,4772800.0,Yahoo Finance,2026-09-21T08:29:09+00:00,2024-05-20
2023-07-12,XLRE,34.78053283691406,7247700.0,Yahoo Finance,2026-09-21T08:29:09+00:00,2024-05-20
2023-07-13,XLRE,35.01523208618164,4708100.0,Yahoo Finance,2026-09-21T08:29:09+00:00,2024-05-20
2023-07-14,XLRE,35.01523208618164,3901500.0,Yahoo Finance,2026-09-21T08:29:09+00:00,2024-05-20
2023-07-17,XLRE,34.71733856201172,4556400.0,Yahoo Finance,2026-09-21T08:29:09+00:00,2024-05-20
2023-07-18,XLRE,34.42848587036133,6513800.0,Yahoo Finance,2026-09-21T08:29:09+00:00,2024-05-20
2023-07-19,XLRE,34.807613372802734,6610700.0,Yahoo Finance,2026-09-21T08:29:09+00:00,2024-05-20
2023-07-20,XLRE,34.69025802612305,6665000.0,Yahoo Finance,2026-09-21T08:29:09+00:00,2024-05-20
2023-07-21,XLRE,34.843719482421875,4801800.0,Yahoo Finance,2026-09-21T08:29:09+00:00,2024-05-20
2023-07-24,XLRE,35.17771911621094,5157000.0,Yahoo Finance,2026-09-21T08:29:09+00:00,2024-05-20
2023-07-25,XLRE,34.915931701660156,4383300.0,Yahoo Finance,2026-09-21T08:29:09+00:00,2024-05-20
2023-07-26,XLRE,35.04230880737305,5117900.0,Yahoo Finance,2026-09-21T08:29:09+00:00,2024-05-20
2023-07-27,XLRE,34.30210494995117,7511200.0,Yahoo Finance,2026-09-21T08:29:09+00:00,2024-05-20
2023-07-28,XLRE,34.20280456542969,5870000.0,Yahoo Finance,2026-09-21T08:29:09+00:00,2024-05-20
2023-07-31,XLRE,34.47362518310547,4940900.0,Yahoo Finance,2026-09-21T08:29:09+00:00,2024-05-20
2023-08-01,XLRE,34.410430908203125,6124600.0,Yahoo Finance,2026-09-21T08:29:09+00:00,2024-05-20
2023-08-02,XLRE,34.26599884033203,6503700.0,Yahoo Finance,2026-09-21T08:29:09+00:00,2024-05-20
2023-08-03,XLRE,33.796600341796875,6268000.0,Yahoo Finance,2026-09-21T08:29:09+00:00,2024-05-20
2023-08-04,XLRE,33.46260452270508,5874700.0,Yahoo Finance,2026-09-21T08:29:09+00:00,2024-05-20
2023-08-07,XLRE,33.88687515258789,3606100.0,Yahoo Finance,2026-09-21T08:29:09+00:00,2024-05-20
2023-08-08,XLRE,33.71535873413086,4094200.0,Yahoo Finance,2026-09-21T08:29:09+00:00,2024-05-20
2023-08-09,XLRE,33.796600341796875,5354500.0,Yahoo Finance,2026-09-21T08:29:09+00:00,2024-05-20
2023-08-10,XLRE,33.68828582763672,4901600.0,Yahoo Finance,2026-09-21T08:29:09+00:00,2024-05-20
2023-08-11,XLRE,33.751468658447266,3643000.0,Yahoo Finance,2026-09-21T08:29:09+00:00,2024-05-20
2023-08-14,XLRE,33.5709342956543,3069500.0,Yahoo Finance,2026-09-21T08:29:09+00:00,2024-05-20
2023-08-15,XLRE,33.2279052734375,3931200.0,Yahoo Finance,2026-09-21T08:29:09+00:00,2024-05-20
2023-08-16,XLRE,32.82169723510742,4804500.0,Yahoo Finance,2026-09-21T08:29:09+00:00,2024-05-20
2023-08-17,XLRE,32.57797622680664,5679300.0,Yahoo Finance,2026-09-21T08:29:09+00:00,2024-05-20
2023-08-18,XLRE,32.66823959350586,4503900.0,Yahoo Finance,2026-09-21T08:29:09+00:00,2024-05-20
2023-08-21,XLRE,32.3884162902832,3958300.0,Yahoo Finance,2026-09-21T08:29:09+00:00,2024-05-20
2023-08-22,XLRE,32.48771286010742,5446600.0,Yahoo Finance,2026-09-21T08:29:09+00:00,2024-05-20
2023-08-23,XLRE,32.966129302978516,5105800.0,Yahoo Finance,2026-09-21T08:29:09+00:00,2024-05-20
2023-08-24,XLRE,32.81267547607422,5086900.0,Yahoo Finance,2026-09-21T08:29:09+00:00,2024-05-20
2023-08-25,XLRE,32.90293884277344,4985900.0,Yahoo Finance,2026-09-21T08:29:09+00:00,2024-05-20
2023-08-28,XLRE,33.16472244262695,4212900.0,Yahoo Finance,2026-09-21T08:29:09+00:00,2024-05-20
2023-08-29,XLRE,33.543853759765625,3808200.0,Yahoo Finance,2026-09-21T08:29:09+00:00,2024-05-20
2023-08-30,XLRE,33.66119384765625,3051300.0,Yahoo Finance,2026-09-21T08:29:09+00:00,2024-05-20
2023-08-31,XLRE,33.41747283935547,4084700.0,Yahoo Finance,2026-09-21T08:29:09+00:00,2024-05-20
2023-09-01,XLRE,33.39942169189453,3927600.0,Yahoo Finance,2026-09-21T08:29:09+00:00,2024-05-20
2023-09-05,XLRE,33.06542205810547,5000000.0,Yahoo Finance,2026-09-21T08:29:09+00:00,2024-05-20
2023-09-06,XLRE,33.00224304199219,3974900.0,Yahoo Finance,2026-09-21T08:29:09+00:00,2024-05-20
2023-09-07,XLRE,33.273040771484375,3861000.0,Yahoo Finance,2026-09-21T08:29:09+00:00,2024-05-20
2023-09-08,XLRE,33.05640411376953,4369000.0,Yahoo Finance,2026-09-21T08:29:09+00:00,2024-05-20
2023-09-11,XLRE,33.0744514465332,3336700.0,Yahoo Finance,2026-09-21T08:29:09+00:00,2024-05-20
2023-09-12,XLRE,33.0744514465332,3225000.0,Yahoo Finance,2026-09-21T08:29:09+00:00,2024-05-20
2023-09-13,XLRE,32.740455627441406,4274000.0,Yahoo Finance,2026-09-21T08:29:09+00:00,2024-05-20
2023-09-14,XLRE,33.33623504638672,3686900.0,Yahoo Finance,2026-09-21T08:29:09+00:00,2024-05-20
2023-09-15,XLRE,33.209861755371094,4755300.0,Yahoo Finance,2026-09-21T08:29:09+00:00,2024-05-20
2023-09-18,XLRE,32.91960525512695,3812000.0,Yahoo Finance,2026-09-21T08:29:09+00:00,2024-05-20
2023-09-19,XLRE,32.746734619140625,3937100.0,Yahoo Finance,2026-09-21T08:29:09+00:00,2024-05-20
2023-09-20,XLRE,32.81041717529297,3873400.0,Yahoo Finance,2026-09-21T08:29:09+00:00,2024-05-20
2023-09-21,XLRE,31.673065185546875,5749900.0,Yahoo Finance,2026-09-21T08:29:09+00:00,2024-05-20
2023-09-22,XLRE,31.454694747924805,8497400.0,Yahoo Finance,2026-09-21T08:29:09+00:00,2024-05-20
2023-09-25,XLRE,31.400094985961914,5017200.0,Yahoo Finance,2026-09-21T08:29:09+00:00,2024-05-20
2023-09-26,XLRE,30.84507179260254,7143100.0,Yahoo Finance,2026-09-21T08:29:09+00:00,2024-05-20
2023-09-27,XLRE,30.57210350036621,9007100.0,Yahoo Finance,2026-09-21T08:29:09+00:00,2024-05-20
2023-09-28,XLRE,30.89056396484375,7431500.0,Yahoo Finance,2026-09-21T08:29:09+00:00,2024-05-20
2023-09-29,XLRE,30.999752044677734,7305700.0,Yahoo Finance,2026-09-21T08:29:09+00:00,2024-05-20
2023-10-02,XLRE,30.435623168945312,8673300.0,Yahoo Finance,2026-09-21T08:29:09+00:00,2024-05-20
2023-10-03,XLRE,29.88059425354004,9197900.0,Yahoo Finance,2026-09-21T08:29:09+00:00,2024-05-20
2023-10-04,XLRE,30.19904899597168,9241000.0,Yahoo Finance,2026-09-21T08:29:09+00:00,2024-05-20
2023-10-05,XLRE,30.417423248291016,7857600.0,Yahoo Finance,2026-09-21T08:29:09+00:00,2024-05-20
2023-10-06,XLRE,30.53571128845215,10218500.0,Yahoo Finance,2026-09-21T08:29:09+00:00,2024-05-20
2023-10-09,XLRE,30.936054229736328,6258000.0,Yahoo Finance,2026-09-21T08:29:09+00:00,2024-05-20
2023-10-10,XLRE,31.045236587524414,4979700.0,Yahoo Finance,2026-09-21T08:29:09+00:00,2024-05-20
2023-10-11,XLRE,31.673065185546875,5178300.0,Yahoo Finance,2026-09-21T08:29:09+00:00,2024-05-20
2023-10-12,XLRE,31.2545166015625,5970000.0,Yahoo Finance,2026-09-21T08:29:09+00:00,2024-05-20
2023-10-13,XLRE,31.24542236328125,5688400.0,Yahoo Finance,2026-09-21T08:29:09+00:00,2024-05-20
2023-10-16,XLRE,31.563873291015625,7719300.0,Yahoo Finance,2026-09-21T08:29:09+00:00,2024-05-20
2023-10-17,XLRE,31.400094985961914,7239500.0,Yahoo Finance,2026-09-21T08:29:09+00:00,2024-05-20
2023-10-18,XLRE,30.708581924438477,8313200.0,Yahoo Finance,2026-09-21T08:29:09+00:00,2024-05-20
2023-10-19,XLRE,29.953384399414062,10377000.0,Yahoo Finance,2026-09-21T08:29:09+00:00,2024-05-20
2023-10-20,XLRE,29.798704147338867,8556300.0,Yahoo Finance,2026-09-21T08:29:09+00:00,2024-05-20
2023-10-23,XLRE,29.543933868408203,6709100.0,Yahoo Finance,2026-09-21T08:29:09+00:00,2024-05-20
2023-10-24,XLRE,29.91698455810547,5749200.0,Yahoo Finance,2026-09-21T08:29:09+00:00,2024-05-20
2023-10-25,XLRE,29.289165496826172,8454400.0,Yahoo Finance,2026-09-21T08:29:09+00:00,2024-05-20
2023-10-26,XLRE,29.907888412475586,10663200.0,Yahoo Finance,2026-09-21T08:29:09+00:00,2024-05-20
2023-10-27,XLRE,29.43474578857422,10350600.0,Yahoo Finance,2026-09-21T08:29:09+00:00,2024-05-20
2023-10-30,XLRE,29.525737762451172,7071900.0,Yahoo Finance,2026-09-21T08:29:09+00:00,2024-05-20
2023-10-31,XLRE,30.117156982421875,8490800.0,Yahoo Finance,2026-09-21T08:29:09+00:00,2024-05-20
2023-11-01,XLRE,30.27184295654297,8343100.0,Yahoo Finance,2026-09-21T08:29:09+00:00,2024-05-20
2023-11-02,XLRE,31.209028244018555,8882200.0,Yahoo Finance,2026-09-21T08:29:09+00:00,2024-05-20
2023-11-03,XLRE,31.946029663085938,8575200.0,Yahoo Finance,2026-09-21T08:29:09+00:00,2024-05-20
2023-11-06,XLRE,31.509286880493164,7431300.0,Yahoo Finance,2026-09-21T08:29:09+00:00,2024-05-20
2023-11-07,XLRE,31.24542236328125,6579300.0,Yahoo Finance,2026-09-21T08:29:09+00:00,2024-05-20
2023-11-08,XLRE,31.42739486694336,7298000.0,Yahoo Finance,2026-09-21T08:29:09+00:00,2024-05-20
2023-11-09,XLRE,30.945148468017578,7336200.0,Yahoo Finance,2026-09-21T08:29:09+00:00,2024-05-20
2023-11-10,XLRE,31.29091453552246,5969000.0,Yahoo Finance,2026-09-21T08:29:09+00:00,2024-05-20
2023-11-13,XLRE,31.02704620361328,4313800.0,Yahoo Finance,2026-09-21T08:29:09+00:00,2024-05-20
2023-11-14,XLRE,32.70122528076172,10526900.0,Yahoo Finance,2026-09-21T08:29:09+00:00,2024-05-20
2023-11-15,XLRE,32.77402877807617,7168900.0,Yahoo Finance,2026-09-21T08:29:09+00:00,2024-05-20
2023-11-16,XLRE,32.76492691040039,5026800.0,Yahoo Finance,2026-09-21T08:29:09+00:00,2024-05-20
2023-11-17,XLRE,32.72853088378906,4417300.0,Yahoo Finance,2026-09-21T08:29:09+00:00,2024-05-20
2023-11-20,XLRE,32.983299255371094,4228100.0,Yahoo Finance,2026-09-21T08:29:09+00:00,2024-05-20
2023-11-21,XLRE,32.81951904296875,3300600.0,Yahoo Finance,2026-09-21T08:29:09+00:00,2024-05-20
2023-11-22,XLRE,32.91960525512695,4951400.0,Yahoo Finance,2026-09-21T08:29:09+00:00,2024-05-20
2023-11-24,XLRE,33.0469856262207,2620300.0,Yahoo Finance,2026-09-21T08:29:09+00:00,2024-05-20
2023-11-27,XLRE,33.1652717590332,4648900.0,Yahoo Finance,2026-09-21T08:29:09+00:00,2024-05-20
2023-11-28,XLRE,33.347251892089844,6450900.0,Yahoo Finance,2026-09-21T08:29:09+00:00,2024-05-20
2023-11-29,XLRE,33.602020263671875,7941600.0,Yahoo Finance,2026-09-21T08:29:09+00:00,2024-05-20
2023-11-30,XLRE,33.87498092651367,5804100.0,Yahoo Finance,2026-09-21T08:29:09+00:00,2024-05-20
2023-12-01,XLRE,34.584693908691406,7274200.0,Yahoo Finance,2026-09-21T08:29:09+00:00,2024-05-20
2023-12-04,XLRE,34.77576446533203,10359500.0,Yahoo Finance,2026-09-21T08:29:09+00:00,2024-05-20
2023-12-05,XLRE,34.630191802978516,7758300.0,Yahoo Finance,2026-09-21T08:29:09+00:00,2024-05-20
2023-12-06,XLRE,34.511905670166016,4832200.0,Yahoo Finance,2026-09-21T08:29:09+00:00,2024-05-20
2023-12-07,XLRE,34.55739212036133,5663100.0,Yahoo Finance,2026-09-21T08:29:09+00:00,2024-05-20
2023-12-08,XLRE,34.48460006713867,4873800.0,Yahoo Finance,2026-09-21T08:29:09+00:00,2024-05-20
2023-12-11,XLRE,34.60289001464844,4871000.0,Yahoo Finance,2026-09-21T08:29:09+00:00,2024-05-20
2023-12-12,XLRE,34.59379196166992,5580500.0,Yahoo Finance,2026-09-21T08:29:09+00:00,2024-05-20
2023-12-13,XLRE,35.84943771362305,7112400.0,Yahoo Finance,2026-09-21T08:29:09+00:00,2024-05-20
2023-12-14,XLRE,36.84120559692383,8647400.0,Yahoo Finance,2026-09-21T08:29:09+00:00,2024-05-20
2023-12-15,XLRE,36.395362854003906,8011100.0,Yahoo Finance,2026-09-21T08:29:09+00:00,2024-05-20
2023-12-18,XLRE,36.29512405395508,6638700.0,Yahoo Finance,2026-09-21T08:29:09+00:00,2024-05-20
2023-12-19,XLRE,36.54341125488281,4681400.0,Yahoo Finance,2026-09-21T08:29:09+00:00,2024-05-20
2023-12-20,XLRE,36.08363342285156,6513500.0,Yahoo Finance,2026-09-21T08:29:09+00:00,2024-05-20
2023-12-21,XLRE,36.387081146240234,6684700.0,Yahoo Finance,2026-09-21T08:29:09+00:00,2024-05-20
2023-12-22,XLRE,36.53421401977539,4929100.0,Yahoo Finance,2026-09-21T08:29:09+00:00,2024-05-20
2023-12-26,XLRE,36.80088806152344,2537600.0,Yahoo Finance,2026-09-21T08:29:09+00:00,2024-05-20
2023-12-27,XLRE,37.01238250732422,4006300.0,Yahoo Finance,2026-09-21T08:29:09+00:00,2024-05-20
2023-12-28,XLRE,37.24227523803711,3764800.0,Yahoo Finance,2026-09-21T08:29:09+00:00,2024-05-20
2023-12-29,XLRE,36.83767318725586,5777300.0,Yahoo Finance,2026-09-21T08:29:09+00:00,2024-05-20
2024-01-02,XLRE,37.17790985107422,6591500.0,Yahoo Finance,2026-09-21T08:29:09+00:00,2024-05-20
2024-01-03,XLRE,36.29512405395508,7424500.0,Yahoo Finance,2026-09-21T08:29:09+00:00,2024-05-20
2024-01-04,XLRE,36.20317459106445,7180300.0,Yahoo Finance,2026-09-21T08:29:09+00:00,2024-05-20
2024-01-05,XLRE,36.12960433959961,5770300.0,Yahoo Finance,2026-09-21T08:29:09+00:00,2024-05-20
2024-01-08,XLRE,36.62617111206055,4812700.0,Yahoo Finance,2026-09-21T08:29:09+00:00,2024-05-20
2024-01-09,XLRE,36.368690490722656,4134500.0,Yahoo Finance,2026-09-21T08:29:09+00:00,2024-05-20
2024-01-10,XLRE,36.42387008666992,4498600.0,Yahoo Finance,2026-09-21T08:29:09+00:00,2024-05-20
2024-01-11,XLRE,36.08363342285156,5151900.0,Yahoo Finance,2026-09-21T08:29:09+00:00,2024-05-20
2024-01-12,XLRE,36.359500885009766,4393500.0,Yahoo Finance,2026-09-21T08:29:09+00:00,2024-05-20
2024-01-16,XLRE,36.138797760009766,11100100.0,Yahoo Finance,2026-09-21T08:29:09+00:00,2024-05-20
2024-01-17,XLRE,35.47671890258789,9752000.0,Yahoo Finance,2026-09-21T08:29:09+00:00,2024-05-20
2024-01-18,XLRE,35.246822357177734,6142100.0,Yahoo Finance,2026-09-21T08:29:09+00:00,2024-05-20
2024-01-19,XLRE,35.587066650390625,7967800.0,Yahoo Finance,2026-09-21T08:29:09+00:00,2024-05-20
2024-01-22,XLRE,35.75259017944336,5850600.0,Yahoo Finance,2026-09-21T08:29:09+00:00,2024-05-20
2024-01-23,XLRE,35.55948257446289,4549800.0,Yahoo Finance,2026-09-21T08:29:09+00:00,2024-05-20
2024-01-24,XLRE,35.072113037109375,7349500.0,Yahoo Finance,2026-09-21T08:29:09+00:00,2024-05-20
2024-01-25,XLRE,35.550289154052734,6601700.0,Yahoo Finance,2026-09-21T08:29:09+00:00,2024-05-20
2024-01-26,XLRE,35.39396286010742,4398000.0,Yahoo Finance,2026-09-21T08:29:09+00:00,2024-05-20
2024-01-29,XLRE,35.651432037353516,5724200.0,Yahoo Finance,2026-09-21T08:29:09+00:00,2024-05-20
2024-01-30,XLRE,35.32040023803711,6931500.0,Yahoo Finance,2026-09-21T08:29:09+00:00,2024-05-20
2024-01-31,XLRE,35.06291198730469,11580700.0,Yahoo Finance,2026-09-21T08:29:09+00:00,2024-05-20
2024-02-01,XLRE,35.679019927978516,10887000.0,Yahoo Finance,2026-09-21T08:29:09+00:00,2024-05-20
2024-02-02,XLRE,35.22843933105469,12844000.0,Yahoo Finance,2026-09-21T08:29:09+00:00,2024-05-20
2024-02-05,XLRE,34.52956771850586,8668200.0,Yahoo Finance,2026-09-21T08:29:09+00:00,2024-05-20
2024-02-06,XLRE,35.05371856689453,7866800.0,Yahoo Finance,2026-09-21T08:29:09+00:00,2024-05-20
2024-02-07,XLRE,35.03532409667969,6679000.0,Yahoo Finance,2026-09-21T08:29:09+00:00,2024-05-20
2024-02-08,XLRE,35.22843933105469,4517700.0,Yahoo Finance,2026-09-21T08:29:09+00:00,2024-05-20
2024-02-09,XLRE,35.32040023803711,5515700.0,Yahoo Finance,2026-09-21T08:29:09+00:00,2024-05-20
2024-02-12,XLRE,35.21004867553711,5376400.0,Yahoo Finance,2026-09-21T08:29:09+00:00,2024-05-20
2024-02-13,XLRE,34.566349029541016,21419000.0,Yahoo Finance,2026-09-21T08:29:09+00:00,2024-05-20
2024-02-14,XLRE,34.79624557495117,14186400.0,Yahoo Finance,2026-09-21T08:29:09+00:00,2024-05-20
2024-02-15,XLRE,35.633052825927734,8637600.0,Yahoo Finance,2026-09-21T08:29:09+00:00,2024-05-20
2024-02-16,XLRE,35.26521682739258,7683100.0,Yahoo Finance,2026-09-21T08:29:09+00:00,2024-05-20
2024-02-20,XLRE,35.21004867553711,6929300.0,Yahoo Finance,2026-09-21T08:29:09+00:00,2024-05-20
2024-02-21,XLRE,35.46752166748047,5653100.0,Yahoo Finance,2026-09-21T08:29:09+00:00,2024-05-20
2024-02-22,XLRE,35.55948257446289,6144400.0,Yahoo Finance,2026-09-21T08:29:09+00:00,2024-05-20
2024-02-23,XLRE,35.605464935302734,5263400.0,Yahoo Finance,2026-09-21T08:29:09+00:00,2024-05-20
2024-02-26,XLRE,35.20085144042969,6427800.0,Yahoo Finance,2026-09-21T08:29:09+00:00,2024-05-20
2024-02-27,XLRE,35.22843933105469,9466100.0,Yahoo Finance,2026-09-21T08:29:09+00:00,2024-05-20
2024-02-28,XLRE,35.679019927978516,7497600.0,Yahoo Finance,2026-09-21T08:29:09+00:00,2024-05-20
2024-02-29,XLRE,35.964080810546875,12860800.0,Yahoo Finance,2026-09-21T08:29:09+00:00,2024-05-20
2024-03-01,XLRE,36.359500885009766,9655500.0,Yahoo Finance,2026-09-21T08:29:09+00:00,2024-05-20
2024-03-04,XLRE,36.77330017089844,8697600.0,Yahoo Finance,2026-09-21T08:29:09+00:00,2024-05-20
2024-03-05,XLRE,36.3043212890625,6913800.0,Yahoo Finance,2026-09-21T08:29:09+00:00,2024-05-20
2024-03-06,XLRE,36.506629943847656,5483600.0,Yahoo Finance,2026-09-21T08:29:09+00:00,2024-05-20
2024-03-07,XLRE,36.506629943847656,5077000.0,Yahoo Finance,2026-09-21T08:29:09+00:00,2024-05-20
2024-03-08,XLRE,36.93882369995117,7551200.0,Yahoo Finance,2026-09-21T08:29:09+00:00,2024-05-20
2024-03-11,XLRE,36.754913330078125,4594600.0,Yahoo Finance,2026-09-21T08:29:09+00:00,2024-05-20
2024-03-12,XLRE,36.66295623779297,5669000.0,Yahoo Finance,2026-09-21T08:29:09+00:00,2024-05-20
2024-03-13,XLRE,36.43306350708008,6245300.0,Yahoo Finance,2026-09-21T08:29:09+00:00,2024-05-20
2024-03-14,XLRE,35.91810607910156,10442800.0,Yahoo Finance,2026-09-21T08:29:09+00:00,2024-05-20
2024-03-15,XLRE,35.89971160888672,9639600.0,Yahoo Finance,2026-09-21T08:29:09+00:00,2024-05-20
2024-03-18,XLRE,35.8941650390625,4971000.0,Yahoo Finance,2026-09-21T08:29:09+00:00,2024-05-20
2024-03-19,XLRE,35.8941650390625,5255100.0,Yahoo Finance,2026-09-21T08:29:09+00:00,2024-05-20
2024-03-20,XLRE,36.042293548583984,8678200.0,Yahoo Finance,2026-09-21T08:29:09+00:00,2024-05-20
2024-03-21,XLRE,36.18117141723633,6263500.0,Yahoo Finance,2026-09-21T08:29:09+00:00,2024-05-20
2024-03-22,XLRE,35.75529479980469,4402500.0,Yahoo Finance,2026-09-21T08:29:09+00:00,2024-05-20
2024-03-25,XLRE,35.61641311645508,5661600.0,Yahoo Finance,2026-09-21T08:29:09+00:00,2024-05-20
2024-03-26,XLRE,35.468284606933594,6160300.0,Yahoo Finance,2026-09-21T08:29:09+00:00,2024-05-20
2024-03-27,XLRE,36.3663330078125,6711000.0,Yahoo Finance,2026-09-21T08:29:09+00:00,2024-05-20
2024-03-28,XLRE,36.59778594970703,5695400.0,Yahoo Finance,2026-09-21T08:29:09+00:00,2024-05-20
2024-04-01,XLRE,35.95896911621094,8064400.0,Yahoo Finance,2026-09-21T08:29:09+00:00,2024-05-20
2024-04-02,XLRE,35.56087112426758,7393500.0,Yahoo Finance,2026-09-21T08:29:09+00:00,2024-05-20
2024-04-03,XLRE,35.579383850097656,5392200.0,Yahoo Finance,2026-09-21T08:29:09+00:00,2024-05-20
2024-04-04,XLRE,35.301631927490234,6667800.0,Yahoo Finance,2026-09-21T08:29:09+00:00,2024-05-20
2024-04-05,XLRE,35.533084869384766,6055700.0,Yahoo Finance,2026-09-21T08:29:09+00:00,2024-05-20
2024-04-08,XLRE,35.8386116027832,5588500.0,Yahoo Finance,2026-09-21T08:29:09+00:00,2024-05-20
2024-04-09,XLRE,36.29226303100586,7565200.0,Yahoo Finance,2026-09-21T08:29:09+00:00,2024-05-20
2024-04-10,XLRE,34.80168914794922,14873300.0,Yahoo Finance,2026-09-21T08:29:09+00:00,2024-05-20
2024-04-11,XLRE,34.83872604370117,9441800.0,Yahoo Finance,2026-09-21T08:29:09+00:00,2024-05-20
2024-04-12,XLRE,34.47765350341797,9246200.0,Yahoo Finance,2026-09-21T08:29:09+00:00,2024-05-20
2024-04-15,XLRE,33.8758659362793,7757100.0,Yahoo Finance,2026-09-21T08:29:09+00:00,2024-05-20
2024-04-16,XLRE,33.35740661621094,11776100.0,Yahoo Finance,2026-09-21T08:29:09+00:00,2024-05-20
2024-04-17,XLRE,33.07965850830078,11722700.0,Yahoo Finance,2026-09-21T08:29:09+00:00,2024-05-20
2024-04-18,XLRE,33.08891677856445,10327600.0,Yahoo Finance,2026-09-21T08:29:09+00:00,2024-05-20
2024-04-19,XLRE,33.21853256225586,10629100.0,Yahoo Finance,2026-09-21T08:29:09+00:00,2024-05-20
2024-04-22,XLRE,33.48701858520508,7762900.0,Yahoo Finance,2026-09-21T08:29:09+00:00,2024-05-20
2024-04-23,XLRE,33.79254150390625,10804900.0,Yahoo Finance,2026-09-21T08:29:09+00:00,2024-05-20
2024-04-24,XLRE,33.92215347290039,10758500.0,Yahoo Finance,2026-09-21T08:29:09+00:00,2024-05-20
2024-04-25,XLRE,33.72773361206055,8374300.0,Yahoo Finance,2026-09-21T08:29:09+00:00,2024-05-20
2024-04-26,XLRE,33.75551223754883,6950900.0,Yahoo Finance,2026-09-21T08:29:09+00:00,2024-05-20
2024-04-29,XLRE,34.13509750366211,6987400.0,Yahoo Finance,2026-09-21T08:29:09+00:00,2024-05-20
2024-04-30,XLRE,33.505531311035156,9796800.0,Yahoo Finance,2026-09-21T08:29:09+00:00,2024-05-20
2024-05-01,XLRE,33.524051666259766,15601300.0,Yahoo Finance,2026-09-21T08:29:09+00:00,2024-05-20
2024-05-02,XLRE,34.00547790527344,13264300.0,Yahoo Finance,2026-09-21T08:29:09+00:00,2024-05-20
2024-05-03,XLRE,34.27397155761719,11887700.0,Yahoo Finance,2026-09-21T08:29:09+00:00,2024-05-20
2024-05-06,XLRE,34.283226013183594,9739000.0,Yahoo Finance,2026-09-21T08:29:09+00:00,2024-05-20
2024-05-07,XLRE,34.64429473876953,13276100.0,Yahoo Finance,2026-09-21T08:29:09+00:00,2024-05-20
2024-05-08,XLRE,34.32026290893555,8182100.0,Yahoo Finance,2026-09-21T08:29:09+00:00,2024-05-20
2024-05-09,XLRE,35.13499069213867,8914600.0,Yahoo Finance,2026-09-21T08:29:09+00:00,2024-05-20
2024-05-10,XLRE,35.005367279052734,6882900.0,Yahoo Finance,2026-09-21T08:29:09+00:00,2024-05-20
2024-05-13,XLRE,35.09794998168945,6846500.0,Yahoo Finance,2026-09-21T08:29:09+00:00,2024-05-20
2024-05-14,XLRE,35.34792709350586,9703800.0,Yahoo Finance,2026-09-21T08:29:09+00:00,2024-05-20
2024-05-15,XLRE,35.949710845947266,10083500.0,Yahoo Finance,2026-09-21T08:29:09+00:00,2024-05-20
2024-05-16,XLRE,35.88490676879883,7195600.0,Yahoo Finance,2026-09-21T08:29:09+00:00,2024-05-20
2024-05-17,XLRE,35.88490676879883,6153000.0,Yahoo Finance,2026-09-21T08:29:09+00:00,2024-05-20
2024-05-20,XLRE,35.66270446777344,4067100.0,Yahoo Finance,2026-09-21T08:29:09+00:00,2024-05-20
2023-04-17,XLU,31.394960403442383,15613800.0,Yahoo Finance,2026-09-21T08:29:09+00:00,2024-05-20
2023-04-18,XLU,31.2318058013916,15566200.0,Yahoo Finance,2026-09-21T08:29:09+00:00,2024-05-20
2023-04-19,XLU,31.472015380859375,20634600.0,Yahoo Finance,2026-09-21T08:29:09+00:00,2024-05-20
2023-04-20,XLU,31.462947845458984,14737400.0,Yahoo Finance,2026-09-21T08:29:09+00:00,2024-05-20
2023-04-21,XLU,31.553598403930664,14075600.0,Yahoo Finance,2026-09-21T08:29:09+00:00,2024-05-20
2023-04-24,XLU,31.712217330932617,13579000.0,Yahoo Finance,2026-09-21T08:29:09+00:00,2024-05-20
2023-04-25,XLU,31.680496215820312,20503200.0,Yahoo Finance,2026-09-21T08:29:09+00:00,2024-05-20
2023-04-26,XLU,30.937204360961914,29513800.0,Yahoo Finance,2026-09-21T08:29:09+00:00,2024-05-20
2023-04-27,XLU,31.30885124206543,24933400.0,Yahoo Finance,2026-09-21T08:29:09+00:00,2024-05-20
2023-04-28,XLU,31.263530731201172,24246800.0,Yahoo Finance,2026-09-21T08:29:09+00:00,2024-05-20
2023-05-01,XLU,31.31791114807129,21016200.0,Yahoo Finance,2026-09-21T08:29:09+00:00,2024-05-20
2023-05-02,XLU,30.937204360961914,22931000.0,Yahoo Finance,2026-09-21T08:29:09+00:00,2024-05-20
2023-05-03,XLU,30.851089477539062,23714400.0,Yahoo Finance,2026-09-21T08:29:09+00:00,2024-05-20
2023-05-04,XLU,31.086774826049805,29262200.0,Yahoo Finance,2026-09-21T08:29:09+00:00,2024-05-20
2023-05-05,XLU,31.28618812561035,22833200.0,Yahoo Finance,2026-09-21T08:29:09+00:00,2024-05-20
2023-05-08,XLU,31.191017150878906,16573400.0,Yahoo Finance,2026-09-21T08:29:09+00:00,2024-05-20
2023-05-09,XLU,31.15022850036621,20562200.0,Yahoo Finance,2026-09-21T08:29:09+00:00,2024-05-20
2023-05-10,XLU,31.435758590698242,21416600.0,Yahoo Finance,2026-09-21T08:29:09+00:00,2024-05-20
2023-05-11,XLU,31.113962173461914,29748200.0,Yahoo Finance,2026-09-21T08:29:09+00:00,2024-05-20
2023-05-12,XLU,31.28618812561035,23748200.0,Yahoo Finance,2026-09-21T08:29:09+00:00,2024-05-20
2023-05-15,XLU,30.891883850097656,26370200.0,Yahoo Finance,2026-09-21T08:29:09+00:00,2024-05-20
2023-05-16,XLU,30.20751190185547,28008000.0,Yahoo Finance,2026-09-21T08:29:09+00:00,2024-05-20
2023-05-17,XLU,30.09874153137207,34176600.0,Yahoo Finance,2026-09-21T08:29:09+00:00,2024-05-20
2023-05-18,XLU,30.008094787597656,32335600.0,Yahoo Finance,2026-09-21T08:29:09+00:00,2024-05-20
2023-05-19,XLU,29.9627742767334,24945000.0,Yahoo Finance,2026-09-21T08:29:09+00:00,2024-05-20
2023-05-22,XLU,29.971837997436523,18989400.0,Yahoo Finance,2026-09-21T08:29:09+00:00,2024-05-20
2023-05-23,XLU,29.86759376525879,24128000.0,Yahoo Finance,2026-09-21T08:29:09+00:00,2024-05-20
2023-05-24,XLU,29.672700881958008,23127600.0,Yahoo Finance,2026-09-21T08:29:09+00:00,2024-05-20
2023-05-25,XLU,29.273862838745117,32252200.0,Yahoo Finance,2026-09-21T08:29:09+00:00,2024-05-20
2023-05-26,XLU,29.273862838745117,33187800.0,Yahoo Finance,2026-09-21T08:29:09+00:00,2024-05-20
2023-05-30,XLU,29.160558700561523,31165800.0,Yahoo Finance,2026-09-21T08:29:09+00:00,2024-05-20
2023-05-31,XLU,29.427961349487305,34266200.0,Yahoo Finance,2026-09-21T08:29:09+00:00,2024-05-20
2023-06-01,XLU,29.210412979125977,37306400.0,Yahoo Finance,2026-09-21T08:29:09+00:00,2024-05-20
2023-06-02,XLU,29.514074325561523,46091600.0,Yahoo Finance,2026-09-21T08:29:09+00:00,2024-05-20
2023-06-05,XLU,29.654577255249023,24089000.0,Yahoo Finance,2026-09-21T08:29:09+00:00,2024-05-20
2023-06-06,XLU,29.63191795349121,25723200.0,Yahoo Finance,2026-09-21T08:29:09+00:00,2024-05-20
2023-06-07,XLU,30.13499641418457,38529600.0,Yahoo Finance,2026-09-21T08:29:09+00:00,2024-05-20
2023-06-08,XLU,30.26643180847168,29318200.0,Yahoo Finance,2026-09-21T08:29:09+00:00,2024-05-20
2023-06-09,XLU,30.089670181274414,26632600.0,Yahoo Finance,2026-09-21T08:29:09+00:00,2024-05-20
2023-06-12,XLU,30.035280227661133,22967400.0,Yahoo Finance,2026-09-21T08:29:09+00:00,2024-05-20
2023-06-13,XLU,30.03075408935547,23737200.0,Yahoo Finance,2026-09-21T08:29:09+00:00,2024-05-20
2023-06-14,XLU,30.012622833251953,28047200.0,Yahoo Finance,2026-09-21T08:29:09+00:00,2024-05-20
2023-06-15,XLU,30.338943481445312,27402400.0,Yahoo Finance,2026-09-21T08:29:09+00:00,2024-05-20
2023-06-16,XLU,30.502107620239258,27370800.0,Yahoo Finance,2026-09-21T08:29:09+00:00,2024-05-20
2023-06-20,XLU,30.144384384155273,25850800.0,Yahoo Finance,2026-09-21T08:29:09+00:00,2024-05-20
2023-06-21,XLU,30.386524200439453,21445400.0,Yahoo Finance,2026-09-21T08:29:09+00:00,2024-05-20
2023-06-22,XLU,30.153514862060547,20000800.0,Yahoo Finance,2026-09-21T08:29:09+00:00,2024-05-20
2023-06-23,XLU,29.710350036621094,25439200.0,Yahoo Finance,2026-09-21T08:29:09+00:00,2024-05-20
2023-06-26,XLU,30.00275230407715,20535200.0,Yahoo Finance,2026-09-21T08:29:09+00:00,2024-05-20
2023-06-27,XLU,30.011886596679688,17020800.0,Yahoo Finance,2026-09-21T08:29:09+00:00,2024-05-20
2023-06-28,XLU,29.568721771240234,29447600.0,Yahoo Finance,2026-09-21T08:29:09+00:00,2024-05-20
2023-06-29,XLU,29.568721771240234,29307800.0,Yahoo Finance,2026-09-21T08:29:09+00:00,2024-05-20
2023-06-30,XLU,29.897672653198242,27858600.0,Yahoo Finance,2026-09-21T08:29:09+00:00,2024-05-20
2023-07-03,XLU,30.121536254882812,16329200.0,Yahoo Finance,2026-09-21T08:29:09+00:00,2024-05-20
2023-07-05,XLU,30.464189529418945,38338000.0,Yahoo Finance,2026-09-21T08:29:09+00:00,2024-05-20
2023-07-06,XLU,30.094125747680664,30845600.0,Yahoo Finance,2026-09-21T08:29:09+00:00,2024-05-20
2023-07-07,XLU,29.874828338623047,25787600.0,Yahoo Finance,2026-09-21T08:29:09+00:00,2024-05-20
2023-07-10,XLU,29.74690055847168,24820200.0,Yahoo Finance,2026-09-21T08:29:09+00:00,2024-05-20
2023-07-11,XLU,30.116966247558594,22871800.0,Yahoo Finance,2026-09-21T08:29:09+00:00,2024-05-20
2023-07-12,XLU,30.555564880371094,26655000.0,Yahoo Finance,2026-09-21T08:29:09+00:00,2024-05-20
2023-07-13,XLU,30.660646438598633,19835400.0,Yahoo Finance,2026-09-21T08:29:09+00:00,2024-05-20
2023-07-14,XLU,30.541854858398438,20285600.0,Yahoo Finance,2026-09-21T08:29:09+00:00,2024-05-20
2023-07-17,XLU,30.1900691986084,21260800.0,Yahoo Finance,2026-09-21T08:29:09+00:00,2024-05-20
2023-07-18,XLU,29.957061767578125,36264600.0,Yahoo Finance,2026-09-21T08:29:09+00:00,2024-05-20
2023-07-19,XLU,30.263164520263672,27154000.0,Yahoo Finance,2026-09-21T08:29:09+00:00,2024-05-20
2023-07-20,XLU,30.81597900390625,33329000.0,Yahoo Finance,2026-09-21T08:29:09+00:00,2024-05-20
2023-07-21,XLU,31.277423858642578,36746000.0,Yahoo Finance,2026-09-21T08:29:09+00:00,2024-05-20
2023-07-24,XLU,31.1951847076416,26484600.0,Yahoo Finance,2026-09-21T08:29:09+00:00,2024-05-20
2023-07-25,XLU,31.25000762939453,16701600.0,Yahoo Finance,2026-09-21T08:29:09+00:00,2024-05-20
2023-07-26,XLU,31.25000762939453,23158200.0,Yahoo Finance,2026-09-21T08:29:09+00:00,2024-05-20
2023-07-27,XLU,30.697193145751953,32130200.0,Yahoo Finance,2026-09-21T08:29:09+00:00,2024-05-20
2023-07-28,XLU,30.628662109375,26432200.0,Yahoo Finance,2026-09-21T08:29:09+00:00,2024-05-20
2023-07-31,XLU,30.642370223999023,25047000.0,Yahoo Finance,2026-09-21T08:29:09+00:00,2024-05-20
2023-08-01,XLU,30.26773452758789,26919600.0,Yahoo Finance,2026-09-21T08:29:09+00:00,2024-05-20
2023-08-02,XLU,30.26773452758789,30335000.0,Yahoo Finance,2026-09-21T08:29:09+00:00,2024-05-20
2023-08-03,XLU,29.577857971191406,41266400.0,Yahoo Finance,2026-09-21T08:29:09+00:00,2024-05-20
2023-08-04,XLU,29.235204696655273,36497800.0,Yahoo Finance,2026-09-21T08:29:09+00:00,2024-05-20
2023-08-07,XLU,29.230634689331055,25131800.0,Yahoo Finance,2026-09-21T08:29:09+00:00,2024-05-20
2023-08-08,XLU,29.367694854736328,30350200.0,Yahoo Finance,2026-09-21T08:29:09+00:00,2024-05-20
2023-08-09,XLU,29.43166160583496,26387400.0,Yahoo Finance,2026-09-21T08:29:09+00:00,2024-05-20
2023-08-10,XLU,29.340286254882812,27384400.0,Yahoo Finance,2026-09-21T08:29:09+00:00,2024-05-20
2023-08-11,XLU,29.50018882751465,24336200.0,Yahoo Finance,2026-09-21T08:29:09+00:00,2024-05-20
2023-08-14,XLU,29.267183303833008,21549600.0,Yahoo Finance,2026-09-21T08:29:09+00:00,2024-05-20
2023-08-15,XLU,28.792037963867188,30379000.0,Yahoo Finance,2026-09-21T08:29:09+00:00,2024-05-20
2023-08-16,XLU,28.919967651367188,25028400.0,Yahoo Finance,2026-09-21T08:29:09+00:00,2024-05-20
2023-08-17,XLU,28.855998992919922,23752800.0,Yahoo Finance,2026-09-21T08:29:09+00:00,2024-05-20
2023-08-18,XLU,29.00676918029785,25675600.0,Yahoo Finance,2026-09-21T08:29:09+00:00,2024-05-20
2023-08-21,XLU,28.824020385742188,24162000.0,Yahoo Finance,2026-09-21T08:29:09+00:00,2024-05-20
2023-08-22,XLU,28.90625762939453,27057800.0,Yahoo Finance,2026-09-21T08:29:09+00:00,2024-05-20
2023-08-23,XLU,29.020475387573242,26772000.0,Yahoo Finance,2026-09-21T08:29:09+00:00,2024-05-20
2023-08-24,XLU,28.85143280029297,25933800.0,Yahoo Finance,2026-09-21T08:29:09+00:00,2024-05-20
2023-08-25,XLU,29.07073402404785,24981000.0,Yahoo Finance,2026-09-21T08:29:09+00:00,2024-05-20
2023-08-28,XLU,29.066164016723633,17326400.0,Yahoo Finance,2026-09-21T08:29:09+00:00,2024-05-20
2023-08-29,XLU,29.175813674926758,23746200.0,Yahoo Finance,2026-09-21T08:29:09+00:00,2024-05-20
2023-08-30,XLU,29.043317794799805,22480800.0,Yahoo Finance,2026-09-21T08:29:09+00:00,2024-05-20
2023-08-31,XLU,28.76462745666504,27542200.0,Yahoo Finance,2026-09-21T08:29:09+00:00,2024-05-20
2023-09-01,XLU,28.618425369262695,28775400.0,Yahoo Finance,2026-09-21T08:29:09+00:00,2024-05-20
2023-09-05,XLU,28.17983055114746,37650600.0,Yahoo Finance,2026-09-21T08:29:09+00:00,2024-05-20
2023-09-06,XLU,28.243797302246094,38940200.0,Yahoo Finance,2026-09-21T08:29:09+00:00,2024-05-20
2023-09-07,XLU,28.613862991333008,33748600.0,Yahoo Finance,2026-09-21T08:29:09+00:00,2024-05-20
2023-09-08,XLU,28.865137100219727,32521400.0,Yahoo Finance,2026-09-21T08:29:09+00:00,2024-05-20
2023-09-11,XLU,28.983922958374023,27023600.0,Yahoo Finance,2026-09-21T08:29:09+00:00,2024-05-20
2023-09-12,XLU,29.020475387573242,22094800.0,Yahoo Finance,2026-09-21T08:29:09+00:00,2024-05-20
2023-09-13,XLU,29.367694854736328,30120800.0,Yahoo Finance,2026-09-21T08:29:09+00:00,2024-05-20
2023-09-14,XLU,29.79715919494629,26201000.0,Yahoo Finance,2026-09-21T08:29:09+00:00,2024-05-20
2023-09-15,XLU,29.66923713684082,34802000.0,Yahoo Finance,2026-09-21T08:29:09+00:00,2024-05-20
2023-09-18,XLU,29.647127151489258,19135000.0,Yahoo Finance,2026-09-21T08:29:09+00:00,2024-05-20
2023-09-19,XLU,29.48592185974121,24889000.0,Yahoo Finance,2026-09-21T08:29:09+00:00,2024-05-20
2023-09-20,XLU,29.513561248779297,18736000.0,Yahoo Finance,2026-09-21T08:29:09+00:00,2024-05-20
2023-09-21,XLU,29.204973220825195,25628600.0,Yahoo Finance,2026-09-21T08:29:09+00:00,2024-05-20
2023-09-22,XLU,29.14970588684082,24595400.0,Yahoo Finance,2026-09-21T08:29:09+00:00,2024-05-20
2023-09-25,XLU,29.108253479003906,24729800.0,Yahoo Finance,2026-09-21T08:29:09+00:00,2024-05-20
2023-09-26,XLU,28.237770080566406,46833400.0,Yahoo Finance,2026-09-21T08:29:09+00:00,2024-05-20
2023-09-27,XLU,27.694293975830078,52042200.0,Yahoo Finance,2026-09-21T08:29:09+00:00,2024-05-20
2023-09-28,XLU,27.095544815063477,77189800.0,Yahoo Finance,2026-09-21T08:29:09+00:00,2024-05-20
2023-09-29,XLU,27.141603469848633,45737800.0,Yahoo Finance,2026-09-21T08:29:09+00:00,2024-05-20
2023-10-02,XLU,25.879629135131836,111645400.0,Yahoo Finance,2026-09-21T08:29:09+00:00,2024-05-20
2023-10-03,XLU,26.179004669189453,115236400.0,Yahoo Finance,2026-09-21T08:29:09+00:00,2024-05-20
2023-10-04,XLU,26.151371002197266,58997200.0,Yahoo Finance,2026-09-21T08:29:09+00:00,2024-05-20
2023-10-05,XLU,25.999378204345703,56290000.0,Yahoo Finance,2026-09-21T08:29:09+00:00,2024-05-20
2023-10-06,XLU,26.367839813232422,68207400.0,Yahoo Finance,2026-09-21T08:29:09+00:00,2024-05-20
2023-10-09,XLU,26.630367279052734,40487600.0,Yahoo Finance,2026-09-21T08:29:09+00:00,2024-05-20
2023-10-10,XLU,26.994218826293945,61414400.0,Yahoo Finance,2026-09-21T08:29:09+00:00,2024-05-20
2023-10-11,XLU,27.431766510009766,53347400.0,Yahoo Finance,2026-09-21T08:29:09+00:00,2024-05-20
2023-10-12,XLU,27.008037567138672,55086600.0,Yahoo Finance,2026-09-21T08:29:09+00:00,2024-05-20
2023-10-13,XLU,27.312015533447266,39568800.0,Yahoo Finance,2026-09-21T08:29:09+00:00,2024-05-20
2023-10-16,XLU,27.592966079711914,39554800.0,Yahoo Finance,2026-09-21T08:29:09+00:00,2024-05-20
2023-10-17,XLU,27.51927375793457,36960400.0,Yahoo Finance,2026-09-21T08:29:09+00:00,2024-05-20
2023-10-18,XLU,27.27977752685547,46727000.0,Yahoo Finance,2026-09-21T08:29:09+00:00,2024-05-20
2023-10-19,XLU,27.008037567138672,39363800.0,Yahoo Finance,2026-09-21T08:29:09+00:00,2024-05-20
2023-10-20,XLU,26.727088928222656,40044800.0,Yahoo Finance,2026-09-21T08:29:09+00:00,2024-05-20
2023-10-23,XLU,26.501407623291016,41041200.0,Yahoo Finance,2026-09-21T08:29:09+00:00,2024-05-20
2023-10-24,XLU,27.18305778503418,47194400.0,Yahoo Finance,2026-09-21T08:29:09+00:00,2024-05-20
2023-10-25,XLU,27.335044860839844,41309400.0,Yahoo Finance,2026-09-21T08:29:09+00:00,2024-05-20
2023-10-26,XLU,27.569936752319336,47174600.0,Yahoo Finance,2026-09-21T08:29:09+00:00,2024-05-20
2023-10-27,XLU,27.049489974975586,40502400.0,Yahoo Finance,2026-09-21T08:29:09+00:00,2024-05-20
2023-10-30,XLU,27.25674819946289,28539200.0,Yahoo Finance,2026-09-21T08:29:09+00:00,2024-05-20
2023-10-31,XLU,27.49163818359375,21364600.0,Yahoo Finance,2026-09-21T08:29:09+00:00,2024-05-20
2023-11-01,XLU,27.80483055114746,46523000.0,Yahoo Finance,2026-09-21T08:29:09+00:00,2024-05-20
2023-11-02,XLU,28.32527732849121,51100200.0,Yahoo Finance,2026-09-21T08:29:09+00:00,2024-05-20
2023-11-03,XLU,28.4910888671875,45147200.0,Yahoo Finance,2026-09-21T08:29:09+00:00,2024-05-20
2023-11-06,XLU,28.417390823364258,38240000.0,Yahoo Finance,2026-09-21T08:29:09+00:00,2024-05-20
2023-11-07,XLU,28.21013641357422,37684600.0,Yahoo Finance,2026-09-21T08:29:09+00:00,2024-05-20
2023-11-08,XLU,28.00287628173828,43295600.0,Yahoo Finance,2026-09-21T08:29:09+00:00,2024-05-20
2023-11-09,XLU,27.63442039489746,32195600.0,Yahoo Finance,2026-09-21T08:29:09+00:00,2024-05-20
2023-11-10,XLU,27.78179931640625,28030200.0,Yahoo Finance,2026-09-21T08:29:09+00:00,2024-05-20
2023-11-13,XLU,27.45018768310547,31159600.0,Yahoo Finance,2026-09-21T08:29:09+00:00,2024-05-20
2023-11-14,XLU,28.546350479125977,57318200.0,Yahoo Finance,2026-09-21T08:29:09+00:00,2024-05-20
2023-11-15,XLU,28.458845138549805,49662800.0,Yahoo Finance,2026-09-21T08:29:09+00:00,2024-05-20
2023-11-16,XLU,28.61083221435547,34650400.0,Yahoo Finance,2026-09-21T08:29:09+00:00,2024-05-20
2023-11-17,XLU,28.68913459777832,23879000.0,Yahoo Finance,2026-09-21T08:29:09+00:00,2024-05-20
2023-11-20,XLU,28.601621627807617,28316600.0,Yahoo Finance,2026-09-21T08:29:09+00:00,2024-05-20
2023-11-21,XLU,28.6614990234375,20288400.0,Yahoo Finance,2026-09-21T08:29:09+00:00,2024-05-20
2023-11-22,XLU,28.79966926574707,17919600.0,Yahoo Finance,2026-09-21T08:29:09+00:00,2024-05-20
2023-11-24,XLU,28.87335968017578,9798600.0,Yahoo Finance,2026-09-21T08:29:09+00:00,2024-05-20
2023-11-27,XLU,28.91942024230957,24833200.0,Yahoo Finance,2026-09-21T08:29:09+00:00,2024-05-20
2023-11-28,XLU,29.011531829833984,29415200.0,Yahoo Finance,2026-09-21T08:29:09+00:00,2024-05-20
2023-11-29,XLU,28.781248092651367,35806400.0,Yahoo Finance,2026-09-21T08:29:09+00:00,2024-05-20
2023-11-30,XLU,28.905601501464844,30483600.0,Yahoo Finance,2026-09-21T08:29:09+00:00,2024-05-20
2023-12-01,XLU,29.26024055480957,29342800.0,Yahoo Finance,2026-09-21T08:29:09+00:00,2024-05-20
2023-12-04,XLU,29.145099639892578,30515800.0,Yahoo Finance,2026-09-21T08:29:09+00:00,2024-05-20
2023-12-05,XLU,28.937843322753906,22536600.0,Yahoo Finance,2026-09-21T08:29:09+00:00,2024-05-20
2023-12-06,XLU,29.324722290039062,26817800.0,Yahoo Finance,2026-09-21T08:29:09+00:00,2024-05-20
2023-12-07,XLU,29.26024055480957,21876600.0,Yahoo Finance,2026-09-21T08:29:09+00:00,2024-05-20
2023-12-08,XLU,29.204973220825195,24002800.0,Yahoo Finance,2026-09-21T08:29:09+00:00,2024-05-20
2023-12-11,XLU,29.393810272216797,22448800.0,Yahoo Finance,2026-09-21T08:29:09+00:00,2024-05-20
2023-12-12,XLU,29.274059295654297,21768200.0,Yahoo Finance,2026-09-21T08:29:09+00:00,2024-05-20
2023-12-13,XLU,30.379436492919922,43452000.0,Yahoo Finance,2026-09-21T08:29:09+00:00,2024-05-20
2023-12-14,XLU,29.983341217041016,64968200.0,Yahoo Finance,2026-09-21T08:29:09+00:00,2024-05-20
2023-12-15,XLU,29.4628963470459,53129000.0,Yahoo Finance,2026-09-21T08:29:09+00:00,2024-05-20
2023-12-18,XLU,29.396411895751953,32507000.0,Yahoo Finance,2026-09-21T08:29:09+00:00,2024-05-20
2023-12-19,XLU,29.563779830932617,25377800.0,Yahoo Finance,2026-09-21T08:29:09+00:00,2024-05-20
2023-12-20,XLU,28.964040756225586,36651800.0,Yahoo Finance,2026-09-21T08:29:09+00:00,2024-05-20
2023-12-21,XLU,29.01518440246582,31753600.0,Yahoo Finance,2026-09-21T08:29:09+00:00,2024-05-20
2023-12-22,XLU,29.112815856933594,26447400.0,Yahoo Finance,2026-09-21T08:29:09+00:00,2024-05-20
2023-12-26,XLU,29.28948211669922,19075000.0,Yahoo Finance,2026-09-21T08:29:09+00:00,2024-05-20
2023-12-27,XLU,29.270885467529297,18984400.0,Yahoo Finance,2026-09-21T08:29:09+00:00,2024-05-20
2023-12-28,XLU,29.48009490966797,17346400.0,Yahoo Finance,2026-09-21T08:29:09+00:00,2024-05-20
2023-12-29,XLU,29.44290542602539,22478000.0,Yahoo Finance,2026-09-21T08:29:09+00:00,2024-05-20
2024-01-02,XLU,29.870624542236328,30758600.0,Yahoo Finance,2026-09-21T08:29:09+00:00,2024-05-20
2024-01-03,XLU,29.982200622558594,32866400.0,Yahoo Finance,2026-09-21T08:29:09+00:00,2024-05-20
2024-01-04,XLU,29.88922119140625,26622400.0,Yahoo Finance,2026-09-21T08:29:09+00:00,2024-05-20
2024-01-05,XLU,30.000797271728516,27190400.0,Yahoo Finance,2026-09-21T08:29:09+00:00,2024-05-20
2024-01-08,XLU,30.21930694580078,23434400.0,Yahoo Finance,2026-09-21T08:29:09+00:00,2024-05-20
2024-01-09,XLU,29.972902297973633,28805400.0,Yahoo Finance,2026-09-21T08:29:09+00:00,2024-05-20
2024-01-10,XLU,29.96825408935547,21853800.0,Yahoo Finance,2026-09-21T08:29:09+00:00,2024-05-20
2024-01-11,XLU,29.270885467529297,44353600.0,Yahoo Finance,2026-09-21T08:29:09+00:00,2024-05-20
2024-01-12,XLU,29.438257217407227,19537400.0,Yahoo Finance,2026-09-21T08:29:09+00:00,2024-05-20
2024-01-16,XLU,29.117467880249023,30454000.0,Yahoo Finance,2026-09-21T08:29:09+00:00,2024-05-20
2024-01-17,XLU,28.694393157958984,39178000.0,Yahoo Finance,2026-09-21T08:29:09+00:00,2024-05-20
2024-01-18,XLU,28.387550354003906,39464000.0,Yahoo Finance,2026-09-21T08:29:09+00:00,2024-05-20
2024-01-19,XLU,28.350357055664062,28257600.0,Yahoo Finance,2026-09-21T08:29:09+00:00,2024-05-20
2024-01-22,XLU,28.20623779296875,41676200.0,Yahoo Finance,2026-09-21T08:29:09+00:00,2024-05-20
2024-01-23,XLU,28.257375717163086,41100200.0,Yahoo Finance,2026-09-21T08:29:09+00:00,2024-05-20
2024-01-24,XLU,27.871498107910156,50878200.0,Yahoo Finance,2026-09-21T08:29:09+00:00,2024-05-20
2024-01-25,XLU,28.37360382080078,50516800.0,Yahoo Finance,2026-09-21T08:29:09+00:00,2024-05-20
2024-01-26,XLU,28.45728874206543,36653200.0,Yahoo Finance,2026-09-21T08:29:09+00:00,2024-05-20
2024-01-29,XLU,28.63860321044922,26054400.0,Yahoo Finance,2026-09-21T08:29:09+00:00,2024-05-20
2024-01-30,XLU,28.629310607910156,36109000.0,Yahoo Finance,2026-09-21T08:29:09+00:00,2024-05-20
2024-01-31,XLU,28.568866729736328,59642400.0,Yahoo Finance,2026-09-21T08:29:09+00:00,2024-05-20
2024-02-01,XLU,29.112815856933594,51507200.0,Yahoo Finance,2026-09-21T08:29:09+00:00,2024-05-20
2024-02-02,XLU,28.587465286254883,51839600.0,Yahoo Finance,2026-09-21T08:29:09+00:00,2024-05-20
2024-02-05,XLU,27.992380142211914,39895000.0,Yahoo Finance,2026-09-21T08:29:09+00:00,2024-05-20
2024-02-06,XLU,28.094655990600586,27557000.0,Yahoo Finance,2026-09-21T08:29:09+00:00,2024-05-20
2024-02-07,XLU,28.11325454711914,23748600.0,Yahoo Finance,2026-09-21T08:29:09+00:00,2024-05-20
2024-02-08,XLU,27.913341522216797,41755400.0,Yahoo Finance,2026-09-21T08:29:09+00:00,2024-05-20
2024-02-09,XLU,28.02027130126953,29647800.0,Yahoo Finance,2026-09-21T08:29:09+00:00,2024-05-20
2024-02-12,XLU,28.345712661743164,25219000.0,Yahoo Finance,2026-09-21T08:29:09+00:00,2024-05-20
2024-02-13,XLU,27.876150131225586,45402200.0,Yahoo Finance,2026-09-21T08:29:09+00:00,2024-05-20
2024-02-14,XLU,28.029569625854492,34871800.0,Yahoo Finance,2026-09-21T08:29:09+00:00,2024-05-20
2024-02-15,XLU,28.499130249023438,34680800.0,Yahoo Finance,2026-09-21T08:29:09+00:00,2024-05-20
2024-02-16,XLU,28.466585159301758,29914200.0,Yahoo Finance,2026-09-21T08:29:09+00:00,2024-05-20
2024-02-20,XLU,28.44799041748047,22764000.0,Yahoo Finance,2026-09-21T08:29:09+00:00,2024-05-20
2024-02-21,XLU,28.824567794799805,31565000.0,Yahoo Finance,2026-09-21T08:29:09+00:00,2024-05-20
2024-02-22,XLU,28.601411819458008,31841600.0,Yahoo Finance,2026-09-21T08:29:09+00:00,2024-05-20
2024-02-23,XLU,28.80596923828125,24572800.0,Yahoo Finance,2026-09-21T08:29:09+00:00,2024-05-20
2024-02-26,XLU,28.238779067993164,25587000.0,Yahoo Finance,2026-09-21T08:29:09+00:00,2024-05-20
2024-02-27,XLU,28.7734317779541,27487600.0,Yahoo Finance,2026-09-21T08:29:09+00:00,2024-05-20
2024-02-28,XLU,28.861764907836914,22983600.0,Yahoo Finance,2026-09-21T08:29:09+00:00,2024-05-20
2024-02-29,XLU,28.87105941772461,30675400.0,Yahoo Finance,2026-09-21T08:29:09+00:00,2024-05-20
2024-03-01,XLU,28.694393157958984,42511000.0,Yahoo Finance,2026-09-21T08:29:09+00:00,2024-05-20
2024-03-04,XLU,29.17790412902832,33020800.0,Yahoo Finance,2026-09-21T08:29:09+00:00,2024-05-20
2024-03-05,XLU,29.094219207763672,49602800.0,Yahoo Finance,2026-09-21T08:29:09+00:00,2024-05-20
2024-03-06,XLU,29.373167037963867,32652200.0,Yahoo Finance,2026-09-21T08:29:09+00:00,2024-05-20
2024-03-07,XLU,29.563779830932617,21384200.0,Yahoo Finance,2026-09-21T08:29:09+00:00,2024-05-20
2024-03-08,XLU,29.638166427612305,27511600.0,Yahoo Finance,2026-09-21T08:29:09+00:00,2024-05-20
2024-03-11,XLU,29.786937713623047,20968200.0,Yahoo Finance,2026-09-21T08:29:09+00:00,2024-05-20
2024-03-12,XLU,29.498693466186523,29489000.0,Yahoo Finance,2026-09-21T08:29:09+00:00,2024-05-20
2024-03-13,XLU,29.698606491088867,25877800.0,Yahoo Finance,2026-09-21T08:29:09+00:00,2024-05-20
2024-03-14,XLU,29.461502075195312,31869800.0,Yahoo Finance,2026-09-21T08:29:09+00:00,2024-05-20
2024-03-15,XLU,29.503337860107422,35445000.0,Yahoo Finance,2026-09-21T08:29:09+00:00,2024-05-20
2024-03-18,XLU,29.639280319213867,26843800.0,Yahoo Finance,2026-09-21T08:29:09+00:00,2024-05-20
2024-03-19,XLU,29.901782989501953,19985400.0,Yahoo Finance,2026-09-21T08:29:09+00:00,2024-05-20
2024-03-20,XLU,29.939281463623047,32620800.0,Yahoo Finance,2026-09-21T08:29:09+00:00,2024-05-20
2024-03-21,XLU,29.892406463623047,40327800.0,Yahoo Finance,2026-09-21T08:29:09+00:00,2024-05-20
2024-03-22,XLU,29.934593200683594,21059400.0,Yahoo Finance,2026-09-21T08:29:09+00:00,2024-05-20
2024-03-25,XLU,30.075223922729492,23194200.0,Yahoo Finance,2026-09-21T08:29:09+00:00,2024-05-20
2024-03-26,XLU,29.733030319213867,29830400.0,Yahoo Finance,2026-09-21T08:29:09+00:00,2024-05-20
2024-03-27,XLU,30.56272315979004,34600400.0,Yahoo Finance,2026-09-21T08:29:09+00:00,2024-05-20
2024-03-28,XLU,30.773664474487305,27492200.0,Yahoo Finance,2026-09-21T08:29:09+00:00,2024-05-20
2024-04-01,XLU,30.586162567138672,22702600.0,Yahoo Finance,2026-09-21T08:29:09+00:00,2024-05-20
2024-04-02,XLU,30.637725830078125,30212400.0,Yahoo Finance,2026-09-21T08:29:09+00:00,2024-05-20
2024-04-03,XLU,30.515846252441406,26574200.0,Yahoo Finance,2026-09-21T08:29:09+00:00,2024-05-20
2024-04-04,XLU,30.45491600036621,29356800.0,Yahoo Finance,2026-09-21T08:29:09+00:00,2024-05-20
2024-04-05,XLU,30.543975830078125,32322400.0,Yahoo Finance,2026-09-21T08:29:09+00:00,2024-05-20
2024-04-08,XLU,30.74553871154785,20142600.0,Yahoo Finance,2026-09-21T08:29:09+00:00,2024-05-20
2024-04-09,XLU,30.914283752441406,24024200.0,Yahoo Finance,2026-09-21T08:29:09+00:00,2024-05-20
2024-04-10,XLU,30.384601593017578,38280600.0,Yahoo Finance,2026-09-21T08:29:09+00:00,2024-05-20
2024-04-11,XLU,30.323659896850586,25621200.0,Yahoo Finance,2026-09-21T08:29:09+00:00,2024-05-20
2024-04-12,XLU,30.09396743774414,39844800.0,Yahoo Finance,2026-09-21T08:29:09+00:00,2024-05-20
2024-04-15,XLU,29.81740379333496,29407800.0,Yahoo Finance,2026-09-21T08:29:09+00:00,2024-05-20
2024-04-16,XLU,29.42365264892578,32907600.0,Yahoo Finance,2026-09-21T08:29:09+00:00,2024-05-20
2024-04-17,XLU,30.037721633911133,28152800.0,Yahoo Finance,2026-09-21T08:29:09+00:00,2024-05-20
2024-04-18,XLU,30.20647430419922,22288600.0,Yahoo Finance,2026-09-21T08:29:09+00:00,2024-05-20
2024-04-19,XLU,30.6705379486084,37004600.0,Yahoo Finance,2026-09-21T08:29:09+00:00,2024-05-20
2024-04-22,XLU,30.95178985595703,23458600.0,Yahoo Finance,2026-09-21T08:29:09+00:00,2024-05-20
2024-04-23,XLU,31.09710121154785,22338000.0,Yahoo Finance,2026-09-21T08:29:09+00:00,2024-05-20
2024-04-24,XLU,31.28460693359375,26127000.0,Yahoo Finance,2026-09-21T08:29:09+00:00,2024-05-20
2024-04-25,XLU,31.368980407714844,31562400.0,Yahoo Finance,2026-09-21T08:29:09+00:00,2024-05-20
2024-04-26,XLU,31.026792526245117,24547400.0,Yahoo Finance,2026-09-21T08:29:09+00:00,2024-05-20
2024-04-29,XLU,31.44866943359375,29368200.0,Yahoo Finance,2026-09-21T08:29:09+00:00,2024-05-20
2024-04-30,XLU,31.28460693359375,29724800.0,Yahoo Finance,2026-09-21T08:29:09+00:00,2024-05-20
2024-05-01,XLU,31.645545959472656,42371800.0,Yahoo Finance,2026-09-21T08:29:09+00:00,2024-05-20
2024-05-02,XLU,31.814292907714844,28609400.0,Yahoo Finance,2026-09-21T08:29:09+00:00,2024-05-20
2024-05-03,XLU,32.067420959472656,29817000.0,Yahoo Finance,2026-09-21T08:29:09+00:00,2024-05-20
2024-05-06,XLU,32.23149108886719,21221400.0,Yahoo Finance,2026-09-21T08:29:09+00:00,2024-05-20
2024-05-07,XLU,32.59711456298828,28808200.0,Yahoo Finance,2026-09-21T08:29:09+00:00,2024-05-20
2024-05-08,XLU,32.939300537109375,27708200.0,Yahoo Finance,2026-09-21T08:29:09+00:00,2024-05-20
2024-05-09,XLU,33.44086837768555,48549200.0,Yahoo Finance,2026-09-21T08:29:09+00:00,2024-05-20
2024-05-10,XLU,33.40805435180664,39129200.0,Yahoo Finance,2026-09-21T08:29:09+00:00,2024-05-20
2024-05-13,XLU,33.40805435180664,21219200.0,Yahoo Finance,2026-09-21T08:29:09+00:00,2024-05-20
2024-05-14,XLU,33.497127532958984,23566400.0,Yahoo Finance,2026-09-21T08:29:09+00:00,2024-05-20
2024-05-15,XLU,33.99869155883789,29176600.0,Yahoo Finance,2026-09-21T08:29:09+00:00,2024-05-20
2024-05-16,XLU,33.881500244140625,25322400.0,Yahoo Finance,2026-09-21T08:29:09+00:00,2024-05-20
2024-05-17,XLU,33.90962219238281,21715600.0,Yahoo Finance,2026-09-21T08:29:09+00:00,2024-05-20
2024-05-20,XLU,33.85337448120117,13830400.0,Yahoo Finance,2026-09-21T08:29:09+00:00,2024-05-20
2023-04-17,XLV,127.345458984375,7187000.0,Yahoo Finance,2026-09-21T08:29:09+00:00,2024-05-20
2023-04-18,XLV,126.4741439819336,7194200.0,Yahoo Finance,2026-09-21T08:29:09+00:00,2024-05-20
2023-04-19,XLV,126.86243438720703,7048100.0,Yahoo Finance,2026-09-21T08:29:09+00:00,2024-05-20
2023-04-20,XLV,126.34152221679688,6672000.0,Yahoo Finance,2026-09-21T08:29:09+00:00,2024-05-20
2023-04-21,XLV,127.19392395019531,6535900.0,Yahoo Finance,2026-09-21T08:29:09+00:00,2024-05-20
2023-04-24,XLV,127.90421295166016,6299800.0,Yahoo Finance,2026-09-21T08:29:09+00:00,2024-05-20
2023-04-25,XLV,126.54043579101562,7752000.0,Yahoo Finance,2026-09-21T08:29:09+00:00,2024-05-20
2023-04-26,XLV,124.740966796875,10128800.0,Yahoo Finance,2026-09-21T08:29:09+00:00,2024-05-20
2023-04-27,XLV,125.39444732666016,10008900.0,Yahoo Finance,2026-09-21T08:29:09+00:00,2024-05-20
2023-04-28,XLV,126.46467590332031,7917300.0,Yahoo Finance,2026-09-21T08:29:09+00:00,2024-05-20
2023-05-01,XLV,127.1181640625,6793900.0,Yahoo Finance,2026-09-21T08:29:09+00:00,2024-05-20
2023-05-02,XLV,126.5688247680664,14365800.0,Yahoo Finance,2026-09-21T08:29:09+00:00,2024-05-20
2023-05-03,XLV,126.39836120605469,8961500.0,Yahoo Finance,2026-09-21T08:29:09+00:00,2024-05-20
2023-05-04,XLV,125.39444732666016,9625300.0,Yahoo Finance,2026-09-21T08:29:09+00:00,2024-05-20
2023-05-05,XLV,126.52146911621094,7650300.0,Yahoo Finance,2026-09-21T08:29:09+00:00,2024-05-20
2023-05-08,XLV,126.24684143066406,5305700.0,Yahoo Finance,2026-09-21T08:29:09+00:00,2024-05-20
2023-05-09,XLV,125.4039306640625,6452700.0,Yahoo Finance,2026-09-21T08:29:09+00:00,2024-05-20
2023-05-10,XLV,125.75434875488281,6556600.0,Yahoo Finance,2026-09-21T08:29:09+00:00,2024-05-20
2023-05-11,XLV,125.36603546142578,8764800.0,Yahoo Finance,2026-09-21T08:29:09+00:00,2024-05-20
2023-05-12,XLV,125.19558715820312,6626800.0,Yahoo Finance,2026-09-21T08:29:09+00:00,2024-05-20
2023-05-15,XLV,124.97774505615234,5725600.0,Yahoo Finance,2026-09-21T08:29:09+00:00,2024-05-20
2023-05-16,XLV,123.93594360351562,7106000.0,Yahoo Finance,2026-09-21T08:29:09+00:00,2024-05-20
2023-05-17,XLV,124.08746337890625,15512700.0,Yahoo Finance,2026-09-21T08:29:09+00:00,2024-05-20
2023-05-18,XLV,123.7844009399414,12196900.0,Yahoo Finance,2026-09-21T08:29:09+00:00,2024-05-20
2023-05-19,XLV,124.36212921142578,9277000.0,Yahoo Finance,2026-09-21T08:29:09+00:00,2024-05-20
2023-05-22,XLV,124.48524475097656,12856100.0,Yahoo Finance,2026-09-21T08:29:09+00:00,2024-05-20
2023-05-23,XLV,123.1214599609375,8723100.0,Yahoo Finance,2026-09-21T08:29:09+00:00,2024-05-20
2023-05-24,XLV,122.27854919433594,7952900.0,Yahoo Finance,2026-09-21T08:29:09+00:00,2024-05-20
2023-05-25,XLV,121.02837371826172,13737000.0,Yahoo Finance,2026-09-21T08:29:09+00:00,2024-05-20
2023-05-26,XLV,120.78213500976562,8794900.0,Yahoo Finance,2026-09-21T08:29:09+00:00,2024-05-20
2023-05-30,XLV,120.03392791748047,12114500.0,Yahoo Finance,2026-09-21T08:29:09+00:00,2024-05-20
2023-05-31,XLV,121.0662612915039,15099100.0,Yahoo Finance,2026-09-21T08:29:09+00:00,2024-05-20
2023-06-01,XLV,121.86180114746094,9751900.0,Yahoo Finance,2026-09-21T08:29:09+00:00,2024-05-20
2023-06-02,XLV,123.42450714111328,10293000.0,Yahoo Finance,2026-09-21T08:29:09+00:00,2024-05-20
2023-06-05,XLV,123.86962890625,7880200.0,Yahoo Finance,2026-09-21T08:29:09+00:00,2024-05-20
2023-06-06,XLV,122.83731842041016,9413500.0,Yahoo Finance,2026-09-21T08:29:09+00:00,2024-05-20
2023-06-07,XLV,122.35430145263672,7519600.0,Yahoo Finance,2026-09-21T08:29:09+00:00,2024-05-20
2023-06-08,XLV,123.1404037475586,6583100.0,Yahoo Finance,2026-09-21T08:29:09+00:00,2024-05-20
2023-06-09,XLV,123.51921081542969,10446100.0,Yahoo Finance,2026-09-21T08:29:09+00:00,2024-05-20
2023-06-12,XLV,123.96434783935547,7321100.0,Yahoo Finance,2026-09-21T08:29:09+00:00,2024-05-20
2023-06-13,XLV,124.58944702148438,8362700.0,Yahoo Finance,2026-09-21T08:29:09+00:00,2024-05-20
2023-06-14,XLV,123.31086730957031,12401600.0,Yahoo Finance,2026-09-21T08:29:09+00:00,2024-05-20
2023-06-15,XLV,125.22399139404297,10598600.0,Yahoo Finance,2026-09-21T08:29:09+00:00,2024-05-20
2023-06-16,XLV,125.21452331542969,10535000.0,Yahoo Finance,2026-09-21T08:29:09+00:00,2024-05-20
2023-06-20,XLV,125.07377624511719,8585100.0,Yahoo Finance,2026-09-21T08:29:09+00:00,2024-05-20
2023-06-21,XLV,125.09278106689453,9444800.0,Yahoo Finance,2026-09-21T08:29:09+00:00,2024-05-20
2023-06-22,XLV,125.94866180419922,8036400.0,Yahoo Finance,2026-09-21T08:29:09+00:00,2024-05-20
2023-06-23,XLV,125.53023529052734,8096500.0,Yahoo Finance,2026-09-21T08:29:09+00:00,2024-05-20
2023-06-26,XLV,124.81700134277344,7092800.0,Yahoo Finance,2026-09-21T08:29:09+00:00,2024-05-20
2023-06-27,XLV,124.5317153930664,8578200.0,Yahoo Finance,2026-09-21T08:29:09+00:00,2024-05-20
2023-06-28,XLV,124.13229370117188,10897800.0,Yahoo Finance,2026-09-21T08:29:09+00:00,2024-05-20
2023-06-29,XLV,124.94062805175781,7843300.0,Yahoo Finance,2026-09-21T08:29:09+00:00,2024-05-20
2023-06-30,XLV,126.22447204589844,8260900.0,Yahoo Finance,2026-09-21T08:29:09+00:00,2024-05-20
2023-07-03,XLV,125.18789672851562,5240300.0,Yahoo Finance,2026-09-21T08:29:09+00:00,2024-05-20
2023-07-05,XLV,125.1213150024414,7942100.0,Yahoo Finance,2026-09-21T08:29:09+00:00,2024-05-20
2023-07-06,XLV,124.12278747558594,8213100.0,Yahoo Finance,2026-09-21T08:29:09+00:00,2024-05-20
2023-07-07,XLV,122.6772689819336,8749700.0,Yahoo Finance,2026-09-21T08:29:09+00:00,2024-05-20
2023-07-10,XLV,123.64730834960938,7476500.0,Yahoo Finance,2026-09-21T08:29:09+00:00,2024-05-20
2023-07-11,XLV,123.67582702636719,7278300.0,Yahoo Finance,2026-09-21T08:29:09+00:00,2024-05-20
2023-07-12,XLV,123.34296417236328,11900400.0,Yahoo Finance,2026-09-21T08:29:09+00:00,2024-05-20
2023-07-13,XLV,123.3905258178711,7526200.0,Yahoo Finance,2026-09-21T08:29:09+00:00,2024-05-20
2023-07-14,XLV,125.24495697021484,13298600.0,Yahoo Finance,2026-09-21T08:29:09+00:00,2024-05-20
2023-07-17,XLV,124.67435455322266,7905000.0,Yahoo Finance,2026-09-21T08:29:09+00:00,2024-05-20
2023-07-18,XLV,125.59680938720703,8130300.0,Yahoo Finance,2026-09-21T08:29:09+00:00,2024-05-20
2023-07-19,XLV,126.1769027709961,12484000.0,Yahoo Finance,2026-09-21T08:29:09+00:00,2024-05-20
2023-07-20,XLV,128.26910400390625,12650200.0,Yahoo Finance,2026-09-21T08:29:09+00:00,2024-05-20
2023-07-21,XLV,129.56243896484375,11308900.0,Yahoo Finance,2026-09-21T08:29:09+00:00,2024-05-20
2023-07-24,XLV,129.27713012695312,12034000.0,Yahoo Finance,2026-09-21T08:29:09+00:00,2024-05-20
2023-07-25,XLV,129.2200927734375,7802900.0,Yahoo Finance,2026-09-21T08:29:09+00:00,2024-05-20
2023-07-26,XLV,129.13446044921875,8205300.0,Yahoo Finance,2026-09-21T08:29:09+00:00,2024-05-20
2023-07-27,XLV,128.18350219726562,8800800.0,Yahoo Finance,2026-09-21T08:29:09+00:00,2024-05-20
2023-07-28,XLV,128.56387329101562,6897600.0,Yahoo Finance,2026-09-21T08:29:09+00:00,2024-05-20
2023-07-31,XLV,127.5748519897461,9735900.0,Yahoo Finance,2026-09-21T08:29:09+00:00,2024-05-20
2023-08-01,XLV,126.90918731689453,10555300.0,Yahoo Finance,2026-09-21T08:29:09+00:00,2024-05-20
2023-08-02,XLV,126.99475860595703,13873000.0,Yahoo Finance,2026-09-21T08:29:09+00:00,2024-05-20
2023-08-03,XLV,126.35755920410156,11863400.0,Yahoo Finance,2026-09-21T08:29:09+00:00,2024-05-20
2023-08-04,XLV,125.9106216430664,12631200.0,Yahoo Finance,2026-09-21T08:29:09+00:00,2024-05-20
2023-08-07,XLV,127.36560821533203,8165600.0,Yahoo Finance,2026-09-21T08:29:09+00:00,2024-05-20
2023-08-08,XLV,128.3451385498047,12601200.0,Yahoo Finance,2026-09-21T08:29:09+00:00,2024-05-20
2023-08-09,XLV,128.30709838867188,9833600.0,Yahoo Finance,2026-09-21T08:29:09+00:00,2024-05-20
2023-08-10,XLV,128.2215576171875,9541700.0,Yahoo Finance,2026-09-21T08:29:09+00:00,2024-05-20
2023-08-11,XLV,129.02037048339844,7674400.0,Yahoo Finance,2026-09-21T08:29:09+00:00,2024-05-20
2023-08-14,XLV,129.41026306152344,8723300.0,Yahoo Finance,2026-09-21T08:29:09+00:00,2024-05-20
2023-08-15,XLV,128.9347686767578,9118500.0,Yahoo Finance,2026-09-21T08:29:09+00:00,2024-05-20
2023-08-16,XLV,127.95526885986328,9462400.0,Yahoo Finance,2026-09-21T08:29:09+00:00,2024-05-20
2023-08-17,XLV,126.93767547607422,11163800.0,Yahoo Finance,2026-09-21T08:29:09+00:00,2024-05-20
2023-08-18,XLV,126.98526000976562,9463000.0,Yahoo Finance,2026-09-21T08:29:09+00:00,2024-05-20
2023-08-21,XLV,127.1183853149414,6872400.0,Yahoo Finance,2026-09-21T08:29:09+00:00,2024-05-20
2023-08-22,XLV,126.67140197753906,6939400.0,Yahoo Finance,2026-09-21T08:29:09+00:00,2024-05-20
2023-08-23,XLV,127.05183410644531,7276800.0,Yahoo Finance,2026-09-21T08:29:09+00:00,2024-05-20
2023-08-24,XLV,125.94866180419922,10241700.0,Yahoo Finance,2026-09-21T08:29:09+00:00,2024-05-20
2023-08-25,XLV,126.87113952636719,8509100.0,Yahoo Finance,2026-09-21T08:29:09+00:00,2024-05-20
2023-08-28,XLV,127.16593170166016,6768400.0,Yahoo Finance,2026-09-21T08:29:09+00:00,2024-05-20
2023-08-29,XLV,128.30709838867188,10737000.0,Yahoo Finance,2026-09-21T08:29:09+00:00,2024-05-20
2023-08-30,XLV,128.21202087402344,7892700.0,Yahoo Finance,2026-09-21T08:29:09+00:00,2024-05-20
2023-08-31,XLV,126.68093872070312,7540200.0,Yahoo Finance,2026-09-21T08:29:09+00:00,2024-05-20
2023-09-01,XLV,127.02328491210938,10183900.0,Yahoo Finance,2026-09-21T08:29:09+00:00,2024-05-20
2023-09-05,XLV,125.71094512939453,11042600.0,Yahoo Finance,2026-09-21T08:29:09+00:00,2024-05-20
2023-09-06,XLV,125.02620697021484,12840000.0,Yahoo Finance,2026-09-21T08:29:09+00:00,2024-05-20
2023-09-07,XLV,125.58729553222656,11055700.0,Yahoo Finance,2026-09-21T08:29:09+00:00,2024-05-20
2023-09-08,XLV,125.58729553222656,8716900.0,Yahoo Finance,2026-09-21T08:29:09+00:00,2024-05-20
2023-09-11,XLV,126.45267486572266,7179000.0,Yahoo Finance,2026-09-21T08:29:09+00:00,2024-05-20
2023-09-12,XLV,126.2910385131836,6941700.0,Yahoo Finance,2026-09-21T08:29:09+00:00,2024-05-20
2023-09-13,XLV,126.31004333496094,6430300.0,Yahoo Finance,2026-09-21T08:29:09+00:00,2024-05-20
2023-09-14,XLV,126.70948028564453,6433300.0,Yahoo Finance,2026-09-21T08:29:09+00:00,2024-05-20
2023-09-15,XLV,125.71094512939453,9611900.0,Yahoo Finance,2026-09-21T08:29:09+00:00,2024-05-20
2023-09-18,XLV,125.51993560791016,6559400.0,Yahoo Finance,2026-09-21T08:29:09+00:00,2024-05-20
2023-09-19,XLV,125.62498474121094,6252400.0,Yahoo Finance,2026-09-21T08:29:09+00:00,2024-05-20
2023-09-20,XLV,125.634521484375,6350700.0,Yahoo Finance,2026-09-21T08:29:09+00:00,2024-05-20
2023-09-21,XLV,124.5363998413086,7979500.0,Yahoo Finance,2026-09-21T08:29:09+00:00,2024-05-20
2023-09-22,XLV,124.27857208251953,7790300.0,Yahoo Finance,2026-09-21T08:29:09+00:00,2024-05-20
2023-09-25,XLV,124.9565658569336,6826300.0,Yahoo Finance,2026-09-21T08:29:09+00:00,2024-05-20
2023-09-26,XLV,123.89665222167969,8200700.0,Yahoo Finance,2026-09-21T08:29:09+00:00,2024-05-20
2023-09-27,XLV,123.27596282958984,9888600.0,Yahoo Finance,2026-09-21T08:29:09+00:00,2024-05-20
2023-09-28,XLV,123.86798095703125,9129000.0,Yahoo Finance,2026-09-21T08:29:09+00:00,2024-05-20
2023-09-29,XLV,122.93219757080078,12692700.0,Yahoo Finance,2026-09-21T08:29:09+00:00,2024-05-20
2023-10-02,XLV,122.76031494140625,16035100.0,Yahoo Finance,2026-09-21T08:29:09+00:00,2024-05-20
2023-10-03,XLV,121.6717529296875,11971100.0,Yahoo Finance,2026-09-21T08:29:09+00:00,2024-05-20
2023-10-04,XLV,122.18739318847656,10064300.0,Yahoo Finance,2026-09-21T08:29:09+00:00,2024-05-20
2023-10-05,XLV,122.8558120727539,9609700.0,Yahoo Finance,2026-09-21T08:29:09+00:00,2024-05-20
2023-10-06,XLV,124.14490509033203,10692400.0,Yahoo Finance,2026-09-21T08:29:09+00:00,2024-05-20
2023-10-09,XLV,124.57462310791016,8047600.0,Yahoo Finance,2026-09-21T08:29:09+00:00,2024-05-20
2023-10-10,XLV,125.1666488647461,8154900.0,Yahoo Finance,2026-09-21T08:29:09+00:00,2024-05-20
2023-10-11,XLV,124.61280822753906,9591800.0,Yahoo Finance,2026-09-21T08:29:09+00:00,2024-05-20
2023-10-12,XLV,123.54335021972656,10927700.0,Yahoo Finance,2026-09-21T08:29:09+00:00,2024-05-20
2023-10-13,XLV,124.31680297851562,11383800.0,Yahoo Finance,2026-09-21T08:29:09+00:00,2024-05-20
2023-10-16,XLV,125.25257873535156,10545000.0,Yahoo Finance,2026-09-21T08:29:09+00:00,2024-05-20
2023-10-17,XLV,125.0806884765625,9149900.0,Yahoo Finance,2026-09-21T08:29:09+00:00,2024-05-20
2023-10-18,XLV,123.99212646484375,10085700.0,Yahoo Finance,2026-09-21T08:29:09+00:00,2024-05-20
2023-10-19,XLV,122.7698745727539,15492500.0,Yahoo Finance,2026-09-21T08:29:09+00:00,2024-05-20
2023-10-20,XLV,122.28288269042969,12296800.0,Yahoo Finance,2026-09-21T08:29:09+00:00,2024-05-20
2023-10-23,XLV,121.51897430419922,12344200.0,Yahoo Finance,2026-09-21T08:29:09+00:00,2024-05-20
2023-10-24,XLV,121.8913803100586,9375900.0,Yahoo Finance,2026-09-21T08:29:09+00:00,2024-05-20
2023-10-25,XLV,120.80281066894531,11427000.0,Yahoo Finance,2026-09-21T08:29:09+00:00,2024-05-20
2023-10-26,XLV,119.60919952392578,14699100.0,Yahoo Finance,2026-09-21T08:29:09+00:00,2024-05-20
2023-10-27,XLV,117.58483123779297,13566100.0,Yahoo Finance,2026-09-21T08:29:09+00:00,2024-05-20
2023-10-30,XLV,118.24371337890625,15224500.0,Yahoo Finance,2026-09-21T08:29:09+00:00,2024-05-20
2023-10-31,XLV,118.92168426513672,13917400.0,Yahoo Finance,2026-09-21T08:29:09+00:00,2024-05-20
2023-11-01,XLV,119.1699447631836,13802600.0,Yahoo Finance,2026-09-21T08:29:09+00:00,2024-05-20
2023-11-02,XLV,121.06063079833984,11894000.0,Yahoo Finance,2026-09-21T08:29:09+00:00,2024-05-20
2023-11-03,XLV,121.66220092773438,11635600.0,Yahoo Finance,2026-09-21T08:29:09+00:00,2024-05-20
2023-11-06,XLV,122.47383117675781,8425100.0,Yahoo Finance,2026-09-21T08:29:09+00:00,2024-05-20
2023-11-07,XLV,122.55979919433594,8241900.0,Yahoo Finance,2026-09-21T08:29:09+00:00,2024-05-20
2023-11-08,XLV,122.3879165649414,10021100.0,Yahoo Finance,2026-09-21T08:29:09+00:00,2024-05-20
2023-11-09,XLV,119.85745239257812,13905500.0,Yahoo Finance,2026-09-21T08:29:09+00:00,2024-05-20
2023-11-10,XLV,120.57362365722656,10401300.0,Yahoo Finance,2026-09-21T08:29:09+00:00,2024-05-20
2023-11-13,XLV,121.27068328857422,11373800.0,Yahoo Finance,2026-09-21T08:29:09+00:00,2024-05-20
2023-11-14,XLV,122.0918960571289,11216900.0,Yahoo Finance,2026-09-21T08:29:09+00:00,2024-05-20
2023-11-15,XLV,122.18739318847656,9262700.0,Yahoo Finance,2026-09-21T08:29:09+00:00,2024-05-20
2023-11-16,XLV,122.71257019042969,7665900.0,Yahoo Finance,2026-09-21T08:29:09+00:00,2024-05-20
2023-11-17,XLV,122.46430969238281,6766100.0,Yahoo Finance,2026-09-21T08:29:09+00:00,2024-05-20
2023-11-20,XLV,123.20911407470703,6910000.0,Yahoo Finance,2026-09-21T08:29:09+00:00,2024-05-20
2023-11-21,XLV,123.95393371582031,8373000.0,Yahoo Finance,2026-09-21T08:29:09+00:00,2024-05-20
2023-11-22,XLV,124.54596710205078,6737700.0,Yahoo Finance,2026-09-21T08:29:09+00:00,2024-05-20
2023-11-24,XLV,125.21440124511719,3708800.0,Yahoo Finance,2026-09-21T08:29:09+00:00,2024-05-20
2023-11-27,XLV,124.43135833740234,10530200.0,Yahoo Finance,2026-09-21T08:29:09+00:00,2024-05-20
2023-11-28,XLV,123.79161071777344,6261300.0,Yahoo Finance,2026-09-21T08:29:09+00:00,2024-05-20
2023-11-29,XLV,123.82977294921875,6979000.0,Yahoo Finance,2026-09-21T08:29:09+00:00,2024-05-20
2023-11-30,XLV,125.38626098632812,7743100.0,Yahoo Finance,2026-09-21T08:29:09+00:00,2024-05-20
2023-12-01,XLV,125.88280487060547,9370900.0,Yahoo Finance,2026-09-21T08:29:09+00:00,2024-05-20
2023-12-04,XLV,126.12152862548828,6943900.0,Yahoo Finance,2026-09-21T08:29:09+00:00,2024-05-20
2023-12-05,XLV,125.9592056274414,6581000.0,Yahoo Finance,2026-09-21T08:29:09+00:00,2024-05-20
2023-12-06,XLV,126.05467224121094,6210400.0,Yahoo Finance,2026-09-21T08:29:09+00:00,2024-05-20
2023-12-07,XLV,125.90190887451172,6396700.0,Yahoo Finance,2026-09-21T08:29:09+00:00,2024-05-20
2023-12-08,XLV,126.11197662353516,6007600.0,Yahoo Finance,2026-09-21T08:29:09+00:00,2024-05-20
2023-12-11,XLV,126.9427261352539,9016800.0,Yahoo Finance,2026-09-21T08:29:09+00:00,2024-05-20
2023-12-12,XLV,127.48699951171875,6779000.0,Yahoo Finance,2026-09-21T08:29:09+00:00,2024-05-20
2023-12-13,XLV,129.83604431152344,9074300.0,Yahoo Finance,2026-09-21T08:29:09+00:00,2024-05-20
2023-12-14,XLV,129.205810546875,10098700.0,Yahoo Finance,2026-09-21T08:29:09+00:00,2024-05-20
2023-12-15,XLV,128.10768127441406,8296600.0,Yahoo Finance,2026-09-21T08:29:09+00:00,2024-05-20
2023-12-18,XLV,128.31680297851562,5944300.0,Yahoo Finance,2026-09-21T08:29:09+00:00,2024-05-20
2023-12-19,XLV,129.18003845214844,6358200.0,Yahoo Finance,2026-09-21T08:29:09+00:00,2024-05-20
2023-12-20,XLV,127.3096694946289,7299000.0,Yahoo Finance,2026-09-21T08:29:09+00:00,2024-05-20
2023-12-21,XLV,128.86351013183594,5606800.0,Yahoo Finance,2026-09-21T08:29:09+00:00,2024-05-20
2023-12-22,XLV,129.50616455078125,5355100.0,Yahoo Finance,2026-09-21T08:29:09+00:00,2024-05-20
2023-12-26,XLV,129.7938995361328,3688600.0,Yahoo Finance,2026-09-21T08:29:09+00:00,2024-05-20
2023-12-27,XLV,130.3406219482422,5444100.0,Yahoo Finance,2026-09-21T08:29:09+00:00,2024-05-20
2023-12-28,XLV,130.67633056640625,5800200.0,Yahoo Finance,2026-09-21T08:29:09+00:00,2024-05-20
2023-12-29,XLV,130.81060791015625,5590000.0,Yahoo Finance,2026-09-21T08:29:09+00:00,2024-05-20
2024-01-02,XLV,133.1125946044922,11785900.0,Yahoo Finance,2026-09-21T08:29:09+00:00,2024-05-20
2024-01-03,XLV,132.89199829101562,9585000.0,Yahoo Finance,2026-09-21T08:29:09+00:00,2024-05-20
2024-01-04,XLV,133.55381774902344,11649200.0,Yahoo Finance,2026-09-21T08:29:09+00:00,2024-05-20
2024-01-05,XLV,133.43869018554688,9437700.0,Yahoo Finance,2026-09-21T08:29:09+00:00,2024-05-20
2024-01-08,XLV,134.61849975585938,7999400.0,Yahoo Finance,2026-09-21T08:29:09+00:00,2024-05-20
2024-01-09,XLV,134.5993194580078,9201300.0,Yahoo Finance,2026-09-21T08:29:09+00:00,2024-05-20
2024-01-10,XLV,135.2131805419922,9773300.0,Yahoo Finance,2026-09-21T08:29:09+00:00,2024-05-20
2024-01-11,XLV,135.1172332763672,7182300.0,Yahoo Finance,2026-09-21T08:29:09+00:00,2024-05-20
2024-01-12,XLV,134.78152465820312,8026400.0,Yahoo Finance,2026-09-21T08:29:09+00:00,2024-05-20
2024-01-16,XLV,133.97586059570312,7426900.0,Yahoo Finance,2026-09-21T08:29:09+00:00,2024-05-20
2024-01-17,XLV,133.70726013183594,8337200.0,Yahoo Finance,2026-09-21T08:29:09+00:00,2024-05-20
2024-01-18,XLV,133.6881103515625,8929300.0,Yahoo Finance,2026-09-21T08:29:09+00:00,2024-05-20
2024-01-19,XLV,133.76483154296875,8842000.0,Yahoo Finance,2026-09-21T08:29:09+00:00,2024-05-20
2024-01-22,XLV,134.3498992919922,7831400.0,Yahoo Finance,2026-09-21T08:29:09+00:00,2024-05-20
2024-01-23,XLV,134.25401306152344,6407400.0,Yahoo Finance,2026-09-21T08:29:09+00:00,2024-05-20
2024-01-24,XLV,133.02626037597656,9104900.0,Yahoo Finance,2026-09-21T08:29:09+00:00,2024-05-20
2024-01-25,XLV,132.8248291015625,10050200.0,Yahoo Finance,2026-09-21T08:29:09+00:00,2024-05-20
2024-01-26,XLV,133.5825958251953,5759100.0,Yahoo Finance,2026-09-21T08:29:09+00:00,2024-05-20
2024-01-29,XLV,134.52256774902344,6229600.0,Yahoo Finance,2026-09-21T08:29:09+00:00,2024-05-20
2024-01-30,XLV,134.82949829101562,5940300.0,Yahoo Finance,2026-09-21T08:29:09+00:00,2024-05-20
2024-01-31,XLV,134.6472625732422,10223100.0,Yahoo Finance,2026-09-21T08:29:09+00:00,2024-05-20
2024-02-01,XLV,136.39292907714844,8503600.0,Yahoo Finance,2026-09-21T08:29:09+00:00,2024-05-20
2024-02-02,XLV,136.1914825439453,10629200.0,Yahoo Finance,2026-09-21T08:29:09+00:00,2024-05-20
2024-02-05,XLV,136.613525390625,9631700.0,Yahoo Finance,2026-09-21T08:29:09+00:00,2024-05-20
2024-02-06,XLV,138.10025024414062,10159000.0,Yahoo Finance,2026-09-21T08:29:09+00:00,2024-05-20
2024-02-07,XLV,138.4743194580078,7884600.0,Yahoo Finance,2026-09-21T08:29:09+00:00,2024-05-20
2024-02-08,XLV,138.23452758789062,6672400.0,Yahoo Finance,2026-09-21T08:29:09+00:00,2024-05-20
2024-02-09,XLV,138.12901306152344,7447800.0,Yahoo Finance,2026-09-21T08:29:09+00:00,2024-05-20
2024-02-12,XLV,138.31124877929688,6645500.0,Yahoo Finance,2026-09-21T08:29:09+00:00,2024-05-20
2024-02-13,XLV,137.02597045898438,11170000.0,Yahoo Finance,2026-09-21T08:29:09+00:00,2024-05-20
2024-02-14,XLV,138.21534729003906,9701100.0,Yahoo Finance,2026-09-21T08:29:09+00:00,2024-05-20
2024-02-15,XLV,139.22244262695312,9294800.0,Yahoo Finance,2026-09-21T08:29:09+00:00,2024-05-20
2024-02-16,XLV,139.67324829101562,8424100.0,Yahoo Finance,2026-09-21T08:29:09+00:00,2024-05-20
2024-02-20,XLV,139.20326232910156,9120400.0,Yahoo Finance,2026-09-21T08:29:09+00:00,2024-05-20
2024-02-21,XLV,139.5102081298828,7213500.0,Yahoo Finance,2026-09-21T08:29:09+00:00,2024-05-20
2024-02-22,XLV,141.150390625,9130000.0,Yahoo Finance,2026-09-21T08:29:09+00:00,2024-05-20
2024-02-23,XLV,141.82179260253906,9194600.0,Yahoo Finance,2026-09-21T08:29:09+00:00,2024-05-20
2024-02-26,XLV,141.0928192138672,7248300.0,Yahoo Finance,2026-09-21T08:29:09+00:00,2024-05-20
2024-02-27,XLV,140.74752807617188,7374000.0,Yahoo Finance,2026-09-21T08:29:09+00:00,2024-05-20
2024-02-28,XLV,140.04734802246094,8038800.0,Yahoo Finance,2026-09-21T08:29:09+00:00,2024-05-20
2024-02-29,XLV,138.9059295654297,9435600.0,Yahoo Finance,2026-09-21T08:29:09+00:00,2024-05-20
2024-03-01,XLV,140.36387634277344,8741400.0,Yahoo Finance,2026-09-21T08:29:09+00:00,2024-05-20
2024-03-04,XLV,140.15284729003906,10657800.0,Yahoo Finance,2026-09-21T08:29:09+00:00,2024-05-20
2024-03-05,XLV,139.1073760986328,9743400.0,Yahoo Finance,2026-09-21T08:29:09+00:00,2024-05-20
2024-03-06,XLV,140.05694580078125,8085300.0,Yahoo Finance,2026-09-21T08:29:09+00:00,2024-05-20
2024-03-07,XLV,140.70916748046875,6438300.0,Yahoo Finance,2026-09-21T08:29:09+00:00,2024-05-20
2024-03-08,XLV,140.45018005371094,7802500.0,Yahoo Finance,2026-09-21T08:29:09+00:00,2024-05-20
2024-03-11,XLV,140.37347412109375,7723800.0,Yahoo Finance,2026-09-21T08:29:09+00:00,2024-05-20
2024-03-12,XLV,141.02569580078125,7143700.0,Yahoo Finance,2026-09-21T08:29:09+00:00,2024-05-20
2024-03-13,XLV,140.47897338867188,7874200.0,Yahoo Finance,2026-09-21T08:29:09+00:00,2024-05-20
2024-03-14,XLV,139.980224609375,9605700.0,Yahoo Finance,2026-09-21T08:29:09+00:00,2024-05-20
2024-03-15,XLV,139.4239044189453,10570500.0,Yahoo Finance,2026-09-21T08:29:09+00:00,2024-05-20
2024-03-18,XLV,139.4075164794922,6407000.0,Yahoo Finance,2026-09-21T08:29:09+00:00,2024-05-20
2024-03-19,XLV,140.33163452148438,5240200.0,Yahoo Finance,2026-09-21T08:29:09+00:00,2024-05-20
2024-03-20,XLV,140.0139617919922,8268200.0,Yahoo Finance,2026-09-21T08:29:09+00:00,2024-05-20
2024-03-21,XLV,140.19688415527344,8865300.0,Yahoo Finance,2026-09-21T08:29:09+00:00,2024-05-20
2024-03-22,XLV,140.00436401367188,5537200.0,Yahoo Finance,2026-09-21T08:29:09+00:00,2024-05-20
2024-03-25,XLV,139.81185913085938,5253000.0,Yahoo Finance,2026-09-21T08:29:09+00:00,2024-05-20
2024-03-26,XLV,140.32200622558594,6942400.0,Yahoo Finance,2026-09-21T08:29:09+00:00,2024-05-20
2024-03-27,XLV,142.18951416015625,8797400.0,Yahoo Finance,2026-09-21T08:29:09+00:00,2024-05-20
2024-03-28,XLV,142.20877075195312,8090200.0,Yahoo Finance,2026-09-21T08:29:09+00:00,2024-05-20
2024-04-01,XLV,140.995849609375,7378300.0,Yahoo Finance,2026-09-21T08:29:09+00:00,2024-05-20
2024-04-02,XLV,138.80105590820312,10776400.0,Yahoo Finance,2026-09-21T08:29:09+00:00,2024-05-20
2024-04-03,XLV,138.6470489501953,8453400.0,Yahoo Finance,2026-09-21T08:29:09+00:00,2024-05-20
2024-04-04,XLV,136.644775390625,12685700.0,Yahoo Finance,2026-09-21T08:29:09+00:00,2024-05-20
2024-04-05,XLV,137.86732482910156,9073100.0,Yahoo Finance,2026-09-21T08:29:09+00:00,2024-05-20
2024-04-08,XLV,137.4245147705078,9128200.0,Yahoo Finance,2026-09-21T08:29:09+00:00,2024-05-20
2024-04-09,XLV,137.9154815673828,10534400.0,Yahoo Finance,2026-09-21T08:29:09+00:00,2024-05-20
2024-04-10,XLV,136.29824829101562,13052700.0,Yahoo Finance,2026-09-21T08:29:09+00:00,2024-05-20
2024-04-11,XLV,135.7399139404297,8153900.0,Yahoo Finance,2026-09-21T08:29:09+00:00,2024-05-20
2024-04-12,XLV,133.71839904785156,13799400.0,Yahoo Finance,2026-09-21T08:29:09+00:00,2024-05-20
2024-04-15,XLV,133.44886779785156,10383600.0,Yahoo Finance,2026-09-21T08:29:09+00:00,2024-05-20
2024-04-16,XLV,133.4969940185547,10170500.0,Yahoo Finance,2026-09-21T08:29:09+00:00,2024-05-20
2024-04-17,XLV,133.2659912109375,8480100.0,Yahoo Finance,2026-09-21T08:29:09+00:00,2024-05-20
2024-04-18,XLV,133.25633239746094,8105800.0,Yahoo Finance,2026-09-21T08:29:09+00:00,2024-05-20
2024-04-19,XLV,133.75689697265625,9668400.0,Yahoo Finance,2026-09-21T08:29:09+00:00,2024-05-20
2024-04-22,XLV,134.26710510253906,8531300.0,Yahoo Finance,2026-09-21T08:29:09+00:00,2024-05-20
2024-04-23,XLV,136.01907348632812,8615500.0,Yahoo Finance,2026-09-21T08:29:09+00:00,2024-05-20
2024-04-24,XLV,135.59552001953125,7378600.0,Yahoo Finance,2026-09-21T08:29:09+00:00,2024-05-20
2024-04-25,XLV,134.69065856933594,9693300.0,Yahoo Finance,2026-09-21T08:29:09+00:00,2024-05-20
2024-04-26,XLV,134.72914123535156,6013800.0,Yahoo Finance,2026-09-21T08:29:09+00:00,2024-05-20
2024-04-29,XLV,135.1815948486328,6388600.0,Yahoo Finance,2026-09-21T08:29:09+00:00,2024-05-20
2024-04-30,XLV,135.08535766601562,9677700.0,Yahoo Finance,2026-09-21T08:29:09+00:00,2024-05-20
2024-05-01,XLV,135.3260040283203,10710200.0,Yahoo Finance,2026-09-21T08:29:09+00:00,2024-05-20
2024-05-02,XLV,135.22970581054688,8425500.0,Yahoo Finance,2026-09-21T08:29:09+00:00,2024-05-20
2024-05-03,XLV,135.56663513183594,8539300.0,Yahoo Finance,2026-09-21T08:29:09+00:00,2024-05-20
2024-05-06,XLV,136.11532592773438,5605100.0,Yahoo Finance,2026-09-21T08:29:09+00:00,2024-05-20
2024-05-07,XLV,137.2416229248047,7720600.0,Yahoo Finance,2026-09-21T08:29:09+00:00,2024-05-20
2024-05-08,XLV,136.7699432373047,5461100.0,Yahoo Finance,2026-09-21T08:29:09+00:00,2024-05-20
2024-05-09,XLV,137.9443359375,6821800.0,Yahoo Finance,2026-09-21T08:29:09+00:00,2024-05-20
2024-05-10,XLV,138.22349548339844,6324900.0,Yahoo Finance,2026-09-21T08:29:09+00:00,2024-05-20
2024-05-13,XLV,138.08871459960938,5351500.0,Yahoo Finance,2026-09-21T08:29:09+00:00,2024-05-20
2024-05-14,XLV,138.67593383789062,6198700.0,Yahoo Finance,2026-09-21T08:29:09+00:00,2024-05-20
2024-05-15,XLV,140.7359619140625,8433700.0,Yahoo Finance,2026-09-21T08:29:09+00:00,2024-05-20
2024-05-16,XLV,140.57229614257812,6740800.0,Yahoo Finance,2026-09-21T08:29:09+00:00,2024-05-20
2024-05-17,XLV,140.84182739257812,7071600.0,Yahoo Finance,2026-09-21T08:29:09+00:00,2024-05-20
2024-05-20,XLV,140.54342651367188,3890000.0,Yahoo Finance,2026-09-21T08:29:09+00:00,2024-05-20
2023-04-17,XLY,72.03804016113281,9102400.0,Yahoo Finance,2026-09-21T08:29:09+00:00,2024-05-20
2023-04-18,XLY,72.1549072265625,9058800.0,Yahoo Finance,2026-09-21T08:29:09+00:00,2024-05-20
2023-04-19,XLY,72.08673858642578,7600400.0,Yahoo Finance,2026-09-21T08:29:09+00:00,2024-05-20
2023-04-20,XLY,70.97651672363281,8287000.0,Yahoo Finance,2026-09-21T08:29:09+00:00,2024-05-20
2023-04-21,XLY,71.76046752929688,8870200.0,Yahoo Finance,2026-09-21T08:29:09+00:00,2024-05-20
2023-04-24,XLY,71.75074005126953,7750000.0,Yahoo Finance,2026-09-21T08:29:09+00:00,2024-05-20
2023-04-25,XLY,70.328857421875,8494400.0,Yahoo Finance,2026-09-21T08:29:09+00:00,2024-05-20
2023-04-26,XLY,69.9685287475586,7706000.0,Yahoo Finance,2026-09-21T08:29:09+00:00,2024-05-20
2023-04-27,XLY,71.81404113769531,9630800.0,Yahoo Finance,2026-09-21T08:29:09+00:00,2024-05-20
2023-04-28,XLY,71.99909210205078,8271000.0,Yahoo Finance,2026-09-21T08:29:09+00:00,2024-05-20
2023-05-01,XLY,71.28813171386719,8547800.0,Yahoo Finance,2026-09-21T08:29:09+00:00,2024-05-20
2023-05-02,XLY,71.3611831665039,9217200.0,Yahoo Finance,2026-09-21T08:29:09+00:00,2024-05-20
2023-05-03,XLY,70.79632568359375,8512000.0,Yahoo Finance,2026-09-21T08:29:09+00:00,2024-05-20
2023-05-04,XLY,70.25096893310547,10663000.0,Yahoo Finance,2026-09-21T08:29:09+00:00,2024-05-20
2023-05-05,XLY,71.6728286743164,7371800.0,Yahoo Finance,2026-09-21T08:29:09+00:00,2024-05-20
2023-05-08,XLY,71.91630554199219,6850000.0,Yahoo Finance,2026-09-21T08:29:09+00:00,2024-05-20
2023-05-09,XLY,71.89682006835938,8465000.0,Yahoo Finance,2026-09-21T08:29:09+00:00,2024-05-20
2023-05-10,XLY,72.26200103759766,9028000.0,Yahoo Finance,2026-09-21T08:29:09+00:00,2024-05-20
2023-05-11,XLY,72.59803009033203,8288600.0,Yahoo Finance,2026-09-21T08:29:09+00:00,2024-05-20
2023-05-12,XLY,71.9844741821289,7557800.0,Yahoo Finance,2026-09-21T08:29:09+00:00,2024-05-20
2023-05-15,XLY,72.07698822021484,6412000.0,Yahoo Finance,2026-09-21T08:29:09+00:00,2024-05-20
2023-05-16,XLY,71.7848129272461,6948800.0,Yahoo Finance,2026-09-21T08:29:09+00:00,2024-05-20
2023-05-17,XLY,73.27973937988281,9331800.0,Yahoo Finance,2026-09-21T08:29:09+00:00,2024-05-20
2023-05-18,XLY,74.41918182373047,8606600.0,Yahoo Finance,2026-09-21T08:29:09+00:00,2024-05-20
2023-05-19,XLY,73.7958984375,7150200.0,Yahoo Finance,2026-09-21T08:29:09+00:00,2024-05-20
2023-05-22,XLY,73.56702423095703,7120000.0,Yahoo Finance,2026-09-21T08:29:09+00:00,2024-05-20
2023-05-23,XLY,72.8950424194336,8583200.0,Yahoo Finance,2026-09-21T08:29:09+00:00,2024-05-20
2023-05-24,XLY,72.62722778320312,6952400.0,Yahoo Finance,2026-09-21T08:29:09+00:00,2024-05-20
2023-05-25,XLY,72.30097198486328,7997800.0,Yahoo Finance,2026-09-21T08:29:09+00:00,2024-05-20
2023-05-26,XLY,74.00040435791016,10410200.0,Yahoo Finance,2026-09-21T08:29:09+00:00,2024-05-20
2023-05-30,XLY,74.49708557128906,10981400.0,Yahoo Finance,2026-09-21T08:29:09+00:00,2024-05-20
2023-05-31,XLY,73.82510375976562,12489800.0,Yahoo Finance,2026-09-21T08:29:09+00:00,2024-05-20
2023-06-01,XLY,74.69671630859375,10168800.0,Yahoo Finance,2026-09-21T08:29:09+00:00,2024-05-20
2023-06-02,XLY,76.44972229003906,10824600.0,Yahoo Finance,2026-09-21T08:29:09+00:00,2024-05-20
2023-06-05,XLY,76.67858123779297,7854800.0,Yahoo Finance,2026-09-21T08:29:09+00:00,2024-05-20
2023-06-06,XLY,77.47716522216797,9799200.0,Yahoo Finance,2026-09-21T08:29:09+00:00,2024-05-20
2023-06-07,XLY,76.95126342773438,9206400.0,Yahoo Finance,2026-09-21T08:29:09+00:00,2024-05-20
2023-06-08,XLY,78.09071350097656,6720000.0,Yahoo Finance,2026-09-21T08:29:09+00:00,2024-05-20
2023-06-09,XLY,78.494873046875,11579000.0,Yahoo Finance,2026-09-21T08:29:09+00:00,2024-05-20
2023-06-12,XLY,79.84367370605469,9410800.0,Yahoo Finance,2026-09-21T08:29:09+00:00,2024-05-20
2023-06-13,XLY,80.67150115966797,10836400.0,Yahoo Finance,2026-09-21T08:29:09+00:00,2024-05-20
2023-06-14,XLY,80.6130599975586,13420200.0,Yahoo Finance,2026-09-21T08:29:09+00:00,2024-05-20
2023-06-15,XLY,81.13895416259766,10713600.0,Yahoo Finance,2026-09-21T08:29:09+00:00,2024-05-20
2023-06-16,XLY,81.01722717285156,13295000.0,Yahoo Finance,2026-09-21T08:29:09+00:00,2024-05-20
2023-06-20,XLY,81.62418365478516,10973400.0,Yahoo Finance,2026-09-21T08:29:09+00:00,2024-05-20
2023-06-21,XLY,80.64347076416016,10916000.0,Yahoo Finance,2026-09-21T08:29:09+00:00,2024-05-20
2023-06-22,XLY,81.6729965209961,10753000.0,Yahoo Finance,2026-09-21T08:29:09+00:00,2024-05-20
2023-06-23,XLY,80.72640991210938,11690400.0,Yahoo Finance,2026-09-21T08:29:09+00:00,2024-05-20
2023-06-26,XLY,79.69203186035156,8673400.0,Yahoo Finance,2026-09-21T08:29:09+00:00,2024-05-20
2023-06-27,XLY,81.40462493896484,10957000.0,Yahoo Finance,2026-09-21T08:29:09+00:00,2024-05-20
2023-06-28,XLY,81.72665405273438,8715400.0,Yahoo Finance,2026-09-21T08:29:09+00:00,2024-05-20
2023-06-29,XLY,81.81446075439453,7752600.0,Yahoo Finance,2026-09-21T08:29:09+00:00,2024-05-20
2023-06-30,XLY,82.853759765625,9479000.0,Yahoo Finance,2026-09-21T08:29:09+00:00,2024-05-20
2023-07-03,XLY,83.8539810180664,9303200.0,Yahoo Finance,2026-09-21T08:29:09+00:00,2024-05-20
2023-07-05,XLY,83.88814544677734,14528600.0,Yahoo Finance,2026-09-21T08:29:09+00:00,2024-05-20
2023-07-06,XLY,82.53661346435547,11474400.0,Yahoo Finance,2026-09-21T08:29:09+00:00,2024-05-20
2023-07-07,XLY,82.6390609741211,10563600.0,Yahoo Finance,2026-09-21T08:29:09+00:00,2024-05-20
2023-07-10,XLY,82.89277648925781,10638800.0,Yahoo Finance,2026-09-21T08:29:09+00:00,2024-05-20
2023-07-11,XLY,83.58562469482422,9633200.0,Yahoo Finance,2026-09-21T08:29:09+00:00,2024-05-20
2023-07-12,XLY,84.33704376220703,10131800.0,Yahoo Finance,2026-09-21T08:29:09+00:00,2024-05-20
2023-07-13,XLY,85.12745666503906,7390000.0,Yahoo Finance,2026-09-21T08:29:09+00:00,2024-05-20
2023-07-14,XLY,85.34703063964844,7919800.0,Yahoo Finance,2026-09-21T08:29:09+00:00,2024-05-20
2023-07-17,XLY,85.69345092773438,8363400.0,Yahoo Finance,2026-09-21T08:29:09+00:00,2024-05-20
2023-07-18,XLY,86.04475402832031,9365200.0,Yahoo Finance,2026-09-21T08:29:09+00:00,2024-05-20
2023-07-19,XLY,86.34727478027344,13090400.0,Yahoo Finance,2026-09-21T08:29:09+00:00,2024-05-20
2023-07-20,XLY,83.40510559082031,19470600.0,Yahoo Finance,2026-09-21T08:29:09+00:00,2024-05-20
2023-07-21,XLY,83.42462158203125,10484000.0,Yahoo Finance,2026-09-21T08:29:09+00:00,2024-05-20
2023-07-24,XLY,83.97107696533203,9651200.0,Yahoo Finance,2026-09-21T08:29:09+00:00,2024-05-20
2023-07-25,XLY,83.77591705322266,6483600.0,Yahoo Finance,2026-09-21T08:29:09+00:00,2024-05-20
2023-07-26,XLY,83.75640869140625,8834600.0,Yahoo Finance,2026-09-21T08:29:09+00:00,2024-05-20
2023-07-27,XLY,82.88792419433594,9464000.0,Yahoo Finance,2026-09-21T08:29:09+00:00,2024-05-20
2023-07-28,XLY,84.29312133789062,7943000.0,Yahoo Finance,2026-09-21T08:29:09+00:00,2024-05-20
2023-07-31,XLY,84.77128601074219,6943600.0,Yahoo Finance,2026-09-21T08:29:09+00:00,2024-05-20
2023-08-01,XLY,83.81007385253906,6900200.0,Yahoo Finance,2026-09-21T08:29:09+00:00,2024-05-20
2023-08-02,XLY,82.30730438232422,9707000.0,Yahoo Finance,2026-09-21T08:29:09+00:00,2024-05-20
2023-08-03,XLY,82.50245666503906,8049600.0,Yahoo Finance,2026-09-21T08:29:09+00:00,2024-05-20
2023-08-04,XLY,83.70274353027344,13507200.0,Yahoo Finance,2026-09-21T08:29:09+00:00,2024-05-20
2023-08-07,XLY,84.56147003173828,7369000.0,Yahoo Finance,2026-09-21T08:29:09+00:00,2024-05-20
2023-08-08,XLY,83.88814544677734,7255400.0,Yahoo Finance,2026-09-21T08:29:09+00:00,2024-05-20
2023-08-09,XLY,82.89277648925781,9045000.0,Yahoo Finance,2026-09-21T08:29:09+00:00,2024-05-20
2023-08-10,XLY,83.09284210205078,8723000.0,Yahoo Finance,2026-09-21T08:29:09+00:00,2024-05-20
2023-08-11,XLY,82.80984497070312,6302200.0,Yahoo Finance,2026-09-21T08:29:09+00:00,2024-05-20
2023-08-14,XLY,83.06356048583984,5639400.0,Yahoo Finance,2026-09-21T08:29:09+00:00,2024-05-20
2023-08-15,XLY,81.93157958984375,6628600.0,Yahoo Finance,2026-09-21T08:29:09+00:00,2024-05-20
2023-08-16,XLY,80.91671752929688,6715400.0,Yahoo Finance,2026-09-21T08:29:09+00:00,2024-05-20
2023-08-17,XLY,79.545654296875,8709200.0,Yahoo Finance,2026-09-21T08:29:09+00:00,2024-05-20
2023-08-18,XLY,79.36511993408203,8249000.0,Yahoo Finance,2026-09-21T08:29:09+00:00,2024-05-20
2023-08-21,XLY,80.27754211425781,6645200.0,Yahoo Finance,2026-09-21T08:29:09+00:00,2024-05-20
2023-08-22,XLY,80.39463806152344,8006600.0,Yahoo Finance,2026-09-21T08:29:09+00:00,2024-05-20
2023-08-23,XLY,81.03868865966797,7728600.0,Yahoo Finance,2026-09-21T08:29:09+00:00,2024-05-20
2023-08-24,XLY,79.45294952392578,7949000.0,Yahoo Finance,2026-09-21T08:29:09+00:00,2024-05-20
2023-08-25,XLY,80.3409652709961,10093000.0,Yahoo Finance,2026-09-21T08:29:09+00:00,2024-05-20
2023-08-28,XLY,80.66299438476562,5962800.0,Yahoo Finance,2026-09-21T08:29:09+00:00,2024-05-20
2023-08-29,XLY,82.67810821533203,8913800.0,Yahoo Finance,2026-09-21T08:29:09+00:00,2024-05-20
2023-08-30,XLY,83.03428649902344,7289000.0,Yahoo Finance,2026-09-21T08:29:09+00:00,2024-05-20
2023-08-31,XLY,83.29288482666016,7872600.0,Yahoo Finance,2026-09-21T08:29:09+00:00,2024-05-20
2023-09-01,XLY,82.78545379638672,10618400.0,Yahoo Finance,2026-09-21T08:29:09+00:00,2024-05-20
2023-09-05,XLY,82.84400939941406,9426200.0,Yahoo Finance,2026-09-21T08:29:09+00:00,2024-05-20
2023-09-06,XLY,82.10723114013672,11155000.0,Yahoo Finance,2026-09-21T08:29:09+00:00,2024-05-20
2023-09-07,XLY,82.33655548095703,10439400.0,Yahoo Finance,2026-09-21T08:29:09+00:00,2024-05-20
2023-09-08,XLY,82.33655548095703,5709400.0,Yahoo Finance,2026-09-21T08:29:09+00:00,2024-05-20
2023-09-11,XLY,84.55171203613281,10648600.0,Yahoo Finance,2026-09-21T08:29:09+00:00,2024-05-20
2023-09-12,XLY,83.78567504882812,9908200.0,Yahoo Finance,2026-09-21T08:29:09+00:00,2024-05-20
2023-09-13,XLY,84.44925689697266,7984800.0,Yahoo Finance,2026-09-21T08:29:09+00:00,2024-05-20
2023-09-14,XLY,85.27872467041016,9777000.0,Yahoo Finance,2026-09-21T08:29:09+00:00,2024-05-20
2023-09-15,XLY,83.81983184814453,11981600.0,Yahoo Finance,2026-09-21T08:29:09+00:00,2024-05-20
2023-09-18,XLY,82.90824890136719,7442400.0,Yahoo Finance,2026-09-21T08:29:09+00:00,2024-05-20
2023-09-19,XLY,82.49276733398438,8324000.0,Yahoo Finance,2026-09-21T08:29:09+00:00,2024-05-20
2023-09-20,XLY,81.67162322998047,8857400.0,Yahoo Finance,2026-09-21T08:29:09+00:00,2024-05-20
2023-09-21,XLY,79.44274139404297,12236000.0,Yahoo Finance,2026-09-21T08:29:09+00:00,2024-05-20
2023-09-22,XLY,78.66068267822266,14209400.0,Yahoo Finance,2026-09-21T08:29:09+00:00,2024-05-20
2023-09-25,XLY,79.14457702636719,9486800.0,Yahoo Finance,2026-09-21T08:29:09+00:00,2024-05-20
2023-09-26,XLY,77.70264434814453,11667000.0,Yahoo Finance,2026-09-21T08:29:09+00:00,2024-05-20
2023-09-27,XLY,77.40448760986328,12485000.0,Yahoo Finance,2026-09-21T08:29:09+00:00,2024-05-20
2023-09-28,XLY,78.26963806152344,10291800.0,Yahoo Finance,2026-09-21T08:29:09+00:00,2024-05-20
2023-09-29,XLY,78.68511962890625,13116600.0,Yahoo Finance,2026-09-21T08:29:09+00:00,2024-05-20
2023-10-02,XLY,78.74866485595703,14663600.0,Yahoo Finance,2026-09-21T08:29:09+00:00,2024-05-20
2023-10-03,XLY,76.83261108398438,14613800.0,Yahoo Finance,2026-09-21T08:29:09+00:00,2024-05-20
2023-10-04,XLY,78.34785461425781,15340600.0,Yahoo Finance,2026-09-21T08:29:09+00:00,2024-05-20
2023-10-05,XLY,77.95684051513672,13922000.0,Yahoo Finance,2026-09-21T08:29:09+00:00,2024-05-20
2023-10-06,XLY,78.50426483154297,15265000.0,Yahoo Finance,2026-09-21T08:29:09+00:00,2024-05-20
2023-10-09,XLY,78.5873794555664,10496000.0,Yahoo Finance,2026-09-21T08:29:09+00:00,2024-05-20
2023-10-10,XLY,79.4476318359375,13458600.0,Yahoo Finance,2026-09-21T08:29:09+00:00,2024-05-20
2023-10-11,XLY,79.73113250732422,7974400.0,Yahoo Finance,2026-09-21T08:29:09+00:00,2024-05-20
2023-10-12,XLY,78.861083984375,9181200.0,Yahoo Finance,2026-09-21T08:29:09+00:00,2024-05-20
2023-10-13,XLY,77.70264434814453,11327000.0,Yahoo Finance,2026-09-21T08:29:09+00:00,2024-05-20
2023-10-16,XLY,78.95884704589844,11071400.0,Yahoo Finance,2026-09-21T08:29:09+00:00,2024-05-20
2023-10-17,XLY,79.14457702636719,13419800.0,Yahoo Finance,2026-09-21T08:29:09+00:00,2024-05-20
2023-10-18,XLY,77.28717803955078,10414600.0,Yahoo Finance,2026-09-21T08:29:09+00:00,2024-05-20
2023-10-19,XLY,75.31249237060547,21134800.0,Yahoo Finance,2026-09-21T08:29:09+00:00,2024-05-20
2023-10-20,XLY,74.144287109375,13357800.0,Yahoo Finance,2026-09-21T08:29:09+00:00,2024-05-20
2023-10-23,XLY,74.23225402832031,15707200.0,Yahoo Finance,2026-09-21T08:29:09+00:00,2024-05-20
2023-10-24,XLY,75.02409362792969,9960400.0,Yahoo Finance,2026-09-21T08:29:09+00:00,2024-05-20
2023-10-25,XLY,73.50885009765625,11201000.0,Yahoo Finance,2026-09-21T08:29:09+00:00,2024-05-20
2023-10-26,XLY,72.3602066040039,16921600.0,Yahoo Finance,2026-09-21T08:29:09+00:00,2024-05-20
2023-10-27,XLY,73.11784362792969,15226600.0,Yahoo Finance,2026-09-21T08:29:09+00:00,2024-05-20
2023-10-30,XLY,73.78746032714844,13858000.0,Yahoo Finance,2026-09-21T08:29:09+00:00,2024-05-20
2023-10-31,XLY,74.34468078613281,10168600.0,Yahoo Finance,2026-09-21T08:29:09+00:00,2024-05-20
2023-11-01,XLY,75.26360321044922,21669800.0,Yahoo Finance,2026-09-21T08:29:09+00:00,2024-05-20
2023-11-02,XLY,77.22852325439453,20069600.0,Yahoo Finance,2026-09-21T08:29:09+00:00,2024-05-20
2023-11-03,XLY,78.31364440917969,13727200.0,Yahoo Finance,2026-09-21T08:29:09+00:00,2024-05-20
2023-11-06,XLY,78.41139221191406,11280600.0,Yahoo Finance,2026-09-21T08:29:09+00:00,2024-05-20
2023-11-07,XLY,79.28633117675781,8773600.0,Yahoo Finance,2026-09-21T08:29:09+00:00,2024-05-20
2023-11-08,XLY,79.0761489868164,8334600.0,Yahoo Finance,2026-09-21T08:29:09+00:00,2024-05-20
2023-11-09,XLY,77.59999084472656,11497200.0,Yahoo Finance,2026-09-21T08:29:09+00:00,2024-05-20
2023-11-10,XLY,78.89039611816406,10312200.0,Yahoo Finance,2026-09-21T08:29:09+00:00,2024-05-20
2023-11-13,XLY,79.22767639160156,9880000.0,Yahoo Finance,2026-09-21T08:29:09+00:00,2024-05-20
2023-11-14,XLY,81.89645385742188,15258400.0,Yahoo Finance,2026-09-21T08:29:09+00:00,2024-05-20
2023-11-15,XLY,81.99420928955078,12388800.0,Yahoo Finance,2026-09-21T08:29:09+00:00,2024-05-20
2023-11-16,XLY,81.15349578857422,12287400.0,Yahoo Finance,2026-09-21T08:29:09+00:00,2024-05-20
2023-11-17,XLY,81.696044921875,8921000.0,Yahoo Finance,2026-09-21T08:29:09+00:00,2024-05-20
2023-11-20,XLY,82.11642456054688,9285000.0,Yahoo Finance,2026-09-21T08:29:09+00:00,2024-05-20
2023-11-21,XLY,81.9062271118164,7603600.0,Yahoo Finance,2026-09-21T08:29:09+00:00,2024-05-20
2023-11-22,XLY,82.155517578125,8963400.0,Yahoo Finance,2026-09-21T08:29:09+00:00,2024-05-20
2023-11-24,XLY,82.23372650146484,3483000.0,Yahoo Finance,2026-09-21T08:29:09+00:00,2024-05-20
2023-11-27,XLY,82.36568450927734,7299600.0,Yahoo Finance,2026-09-21T08:29:09+00:00,2024-05-20
2023-11-28,XLY,82.8398208618164,11974000.0,Yahoo Finance,2026-09-21T08:29:09+00:00,2024-05-20
2023-11-29,XLY,82.6149673461914,7659400.0,Yahoo Finance,2026-09-21T08:29:09+00:00,2024-05-20
2023-11-30,XLY,82.49766540527344,13023000.0,Yahoo Finance,2026-09-21T08:29:09+00:00,2024-05-20
2023-12-01,XLY,83.62677001953125,14955800.0,Yahoo Finance,2026-09-21T08:29:09+00:00,2024-05-20
2023-12-04,XLY,83.3090591430664,18477600.0,Yahoo Finance,2026-09-21T08:29:09+00:00,2024-05-20
2023-12-05,XLY,83.45570373535156,7822600.0,Yahoo Finance,2026-09-21T08:29:09+00:00,2024-05-20
2023-12-06,XLY,83.57788848876953,12228000.0,Yahoo Finance,2026-09-21T08:29:09+00:00,2024-05-20
2023-12-07,XLY,84.26708221435547,7380200.0,Yahoo Finance,2026-09-21T08:29:09+00:00,2024-05-20
2023-12-08,XLY,84.6532211303711,8096400.0,Yahoo Finance,2026-09-21T08:29:09+00:00,2024-05-20
2023-12-11,XLY,84.87804412841797,18892400.0,Yahoo Finance,2026-09-21T08:29:09+00:00,2024-05-20
2023-12-12,XLY,85.14201354980469,7411400.0,Yahoo Finance,2026-09-21T08:29:09+00:00,2024-05-20
2023-12-13,XLY,86.25643920898438,10898400.0,Yahoo Finance,2026-09-21T08:29:09+00:00,2024-05-20
2023-12-14,XLY,87.41487884521484,15288800.0,Yahoo Finance,2026-09-21T08:29:09+00:00,2024-05-20
2023-12-15,XLY,87.59571838378906,11258200.0,Yahoo Finance,2026-09-21T08:29:09+00:00,2024-05-20
2023-12-18,XLY,88.13925170898438,7719400.0,Yahoo Finance,2026-09-21T08:29:09+00:00,2024-05-20
2023-12-19,XLY,88.82966613769531,7194000.0,Yahoo Finance,2026-09-21T08:29:09+00:00,2024-05-20
2023-12-20,XLY,87.20889282226562,8621600.0,Yahoo Finance,2026-09-21T08:29:09+00:00,2024-05-20
2023-12-21,XLY,88.53587341308594,7855000.0,Yahoo Finance,2026-09-21T08:29:09+00:00,2024-05-20
2023-12-22,XLY,87.8846206665039,8522800.0,Yahoo Finance,2026-09-21T08:29:09+00:00,2024-05-20
2023-12-26,XLY,88.25678253173828,5480800.0,Yahoo Finance,2026-09-21T08:29:09+00:00,2024-05-20
2023-12-27,XLY,88.56036376953125,7495800.0,Yahoo Finance,2026-09-21T08:29:09+00:00,2024-05-20
2023-12-28,XLY,88.10009002685547,5608800.0,Yahoo Finance,2026-09-21T08:29:09+00:00,2024-05-20
2023-12-29,XLY,87.55654907226562,8268600.0,Yahoo Finance,2026-09-21T08:29:09+00:00,2024-05-20
2024-01-02,XLY,86.74372100830078,15369600.0,Yahoo Finance,2026-09-21T08:29:09+00:00,2024-05-20
2024-01-03,XLY,84.99073791503906,15522800.0,Yahoo Finance,2026-09-21T08:29:09+00:00,2024-05-20
2024-01-04,XLY,84.3933334350586,11915000.0,Yahoo Finance,2026-09-21T08:29:09+00:00,2024-05-20
2024-01-05,XLY,84.52554321289062,12084400.0,Yahoo Finance,2026-09-21T08:29:09+00:00,2024-05-20
2024-01-08,XLY,85.96515655517578,8142600.0,Yahoo Finance,2026-09-21T08:29:09+00:00,2024-05-20
2024-01-09,XLY,85.64686584472656,8330000.0,Yahoo Finance,2026-09-21T08:29:09+00:00,2024-05-20
2024-01-10,XLY,86.3323974609375,7624400.0,Yahoo Finance,2026-09-21T08:29:09+00:00,2024-05-20
2024-01-11,XLY,86.21977233886719,8592000.0,Yahoo Finance,2026-09-21T08:29:09+00:00,2024-05-20
2024-01-12,XLY,85.18170166015625,7444400.0,Yahoo Finance,2026-09-21T08:29:09+00:00,2024-05-20
2024-01-16,XLY,85.08377075195312,8976200.0,Yahoo Finance,2026-09-21T08:29:09+00:00,2024-05-20
2024-01-17,XLY,84.3394775390625,7961800.0,Yahoo Finance,2026-09-21T08:29:09+00:00,2024-05-20
2024-01-18,XLY,84.81935119628906,9926000.0,Yahoo Finance,2026-09-21T08:29:09+00:00,2024-05-20
2024-01-19,XLY,85.6370849609375,9782800.0,Yahoo Finance,2026-09-21T08:29:09+00:00,2024-05-20
2024-01-22,XLY,85.26004028320312,11184200.0,Yahoo Finance,2026-09-21T08:29:09+00:00,2024-05-20
2024-01-23,XLY,85.05436706542969,7107200.0,Yahoo Finance,2026-09-21T08:29:09+00:00,2024-05-20
2024-01-24,XLY,84.73120880126953,8622200.0,Yahoo Finance,2026-09-21T08:29:09+00:00,2024-05-20
2024-01-25,XLY,83.68331909179688,11092800.0,Yahoo Finance,2026-09-21T08:29:09+00:00,2024-05-20
2024-01-26,XLY,84.06525421142578,6977800.0,Yahoo Finance,2026-09-21T08:29:09+00:00,2024-05-20
2024-01-29,XLY,85.29431915283203,7381200.0,Yahoo Finance,2026-09-21T08:29:09+00:00,2024-05-20
2024-01-30,XLY,85.24534606933594,6274400.0,Yahoo Finance,2026-09-21T08:29:09+00:00,2024-05-20
2024-01-31,XLY,83.693115234375,13663800.0,Yahoo Finance,2026-09-21T08:29:09+00:00,2024-05-20
2024-02-01,XLY,85.30411529541016,14682200.0,Yahoo Finance,2026-09-21T08:29:09+00:00,2024-05-20
2024-02-02,XLY,86.82696533203125,20763800.0,Yahoo Finance,2026-09-21T08:29:09+00:00,2024-05-20
2024-02-05,XLY,85.6028060913086,13346200.0,Yahoo Finance,2026-09-21T08:29:09+00:00,2024-05-20
2024-02-06,XLY,86.1218490600586,9373600.0,Yahoo Finance,2026-09-21T08:29:09+00:00,2024-05-20
2024-02-07,XLY,87.08648681640625,7796400.0,Yahoo Finance,2026-09-21T08:29:09+00:00,2024-05-20
2024-02-08,XLY,87.46842193603516,8100000.0,Yahoo Finance,2026-09-21T08:29:09+00:00,2024-05-20
2024-02-09,XLY,88.09027099609375,9584800.0,Yahoo Finance,2026-09-21T08:29:09+00:00,2024-05-20
2024-02-12,XLY,88.01683044433594,6040200.0,Yahoo Finance,2026-09-21T08:29:09+00:00,2024-05-20
2024-02-13,XLY,86.26384735107422,14801400.0,Yahoo Finance,2026-09-21T08:29:09+00:00,2024-05-20
2024-02-14,XLY,87.17461395263672,11561000.0,Yahoo Finance,2026-09-21T08:29:09+00:00,2024-05-20
2024-02-15,XLY,88.18331909179688,10567600.0,Yahoo Finance,2026-09-21T08:29:09+00:00,2024-05-20
2024-02-16,XLY,87.65938568115234,8512200.0,Yahoo Finance,2026-09-21T08:29:09+00:00,2024-05-20
2024-02-20,XLY,86.83185577392578,8756400.0,Yahoo Finance,2026-09-21T08:29:09+00:00,2024-05-20
2024-02-21,XLY,87.47331237792969,8886200.0,Yahoo Finance,2026-09-21T08:29:09+00:00,2024-05-20
2024-02-22,XLY,89.17243957519531,8800000.0,Yahoo Finance,2026-09-21T08:29:09+00:00,2024-05-20
2024-02-23,XLY,88.77091979980469,7575800.0,Yahoo Finance,2026-09-21T08:29:09+00:00,2024-05-20
2024-02-26,XLY,89.04513549804688,7051600.0,Yahoo Finance,2026-09-21T08:29:09+00:00,2024-05-20
2024-02-27,XLY,89.33892059326172,5852400.0,Yahoo Finance,2026-09-21T08:29:09+00:00,2024-05-20
2024-02-28,XLY,89.69149017333984,7408800.0,Yahoo Finance,2026-09-21T08:29:09+00:00,2024-05-20
2024-02-29,XLY,90.29867553710938,8270400.0,Yahoo Finance,2026-09-21T08:29:09+00:00,2024-05-20
2024-03-01,XLY,90.59735870361328,11065800.0,Yahoo Finance,2026-09-21T08:29:09+00:00,2024-05-20
2024-03-04,XLY,89.37320709228516,11336800.0,Yahoo Finance,2026-09-21T08:29:09+00:00,2024-05-20
2024-03-05,XLY,88.26166534423828,12941800.0,Yahoo Finance,2026-09-21T08:29:09+00:00,2024-05-20
2024-03-06,XLY,87.94828033447266,9299600.0,Yahoo Finance,2026-09-21T08:29:09+00:00,2024-05-20
2024-03-07,XLY,88.61913299560547,6713400.0,Yahoo Finance,2026-09-21T08:29:09+00:00,2024-05-20
2024-03-08,XLY,88.29105377197266,12463600.0,Yahoo Finance,2026-09-21T08:29:09+00:00,2024-05-20
2024-03-11,XLY,88.0511245727539,8306400.0,Yahoo Finance,2026-09-21T08:29:09+00:00,2024-05-20
2024-03-12,XLY,88.81009674072266,7906400.0,Yahoo Finance,2026-09-21T08:29:09+00:00,2024-05-20
2024-03-13,XLY,88.62403106689453,5717000.0,Yahoo Finance,2026-09-21T08:29:09+00:00,2024-05-20
2024-03-14,XLY,88.06090545654297,10810400.0,Yahoo Finance,2026-09-21T08:29:09+00:00,2024-05-20
2024-03-15,XLY,87.18441009521484,9868800.0,Yahoo Finance,2026-09-21T08:29:09+00:00,2024-05-20
2024-03-18,XLY,87.85033416748047,8512800.0,Yahoo Finance,2026-09-21T08:29:09+00:00,2024-05-20
2024-03-19,XLY,88.61095428466797,7624200.0,Yahoo Finance,2026-09-21T08:29:09+00:00,2024-05-20
2024-03-20,XLY,89.9310302734375,8497400.0,Yahoo Finance,2026-09-21T08:29:09+00:00,2024-05-20
2024-03-21,XLY,90.45610809326172,7146400.0,Yahoo Finance,2026-09-21T08:29:09+00:00,2024-05-20
2024-03-22,XLY,89.66604614257812,5718600.0,Yahoo Finance,2026-09-21T08:29:09+00:00,2024-05-20
2024-03-25,XLY,89.37158966064453,5664600.0,Yahoo Finance,2026-09-21T08:29:09+00:00,2024-05-20
2024-03-26,XLY,89.48445892333984,5387800.0,Yahoo Finance,2026-09-21T08:29:09+00:00,2024-05-20
2024-03-27,XLY,90.51990509033203,5812000.0,Yahoo Finance,2026-09-21T08:29:09+00:00,2024-05-20
2024-03-28,XLY,90.24018859863281,5958200.0,Yahoo Finance,2026-09-21T08:29:09+00:00,2024-05-20
2024-04-01,XLY,89.56788635253906,9941800.0,Yahoo Finance,2026-09-21T08:29:09+00:00,2024-05-20
2024-04-02,XLY,88.24781799316406,12270400.0,Yahoo Finance,2026-09-21T08:29:09+00:00,2024-05-20
2024-04-03,XLY,88.31160736083984,10165200.0,Yahoo Finance,2026-09-21T08:29:09+00:00,2024-05-20
2024-04-04,XLY,87.27618408203125,9650600.0,Yahoo Finance,2026-09-21T08:29:09+00:00,2024-05-20
2024-04-05,XLY,87.76200103759766,10081800.0,Yahoo Finance,2026-09-21T08:29:09+00:00,2024-05-20
2024-04-08,XLY,88.59624481201172,8295800.0,Yahoo Finance,2026-09-21T08:29:09+00:00,2024-05-20
2024-04-09,XLY,89.01335144042969,8559800.0,Yahoo Finance,2026-09-21T08:29:09+00:00,2024-05-20
2024-04-10,XLY,87.63931274414062,10806000.0,Yahoo Finance,2026-09-21T08:29:09+00:00,2024-05-20
2024-04-11,XLY,88.34596252441406,8433400.0,Yahoo Finance,2026-09-21T08:29:09+00:00,2024-05-20
2024-04-12,XLY,86.91304016113281,10729000.0,Yahoo Finance,2026-09-21T08:29:09+00:00,2024-05-20
2024-04-15,XLY,85.46539306640625,11136800.0,Yahoo Finance,2026-09-21T08:29:09+00:00,2024-05-20
2024-04-16,XLY,84.97957611083984,12870800.0,Yahoo Finance,2026-09-21T08:29:09+00:00,2024-05-20
2024-04-17,XLY,84.5673599243164,12416800.0,Yahoo Finance,2026-09-21T08:29:09+00:00,2024-05-20
2024-04-18,XLY,84.04226684570312,9411800.0,Yahoo Finance,2026-09-21T08:29:09+00:00,2024-05-20
2024-04-19,XLY,83.30618286132812,13580800.0,Yahoo Finance,2026-09-21T08:29:09+00:00,2024-05-20
2024-04-22,XLY,83.67423248291016,8950200.0,Yahoo Finance,2026-09-21T08:29:09+00:00,2024-05-20
2024-04-23,XLY,84.67040252685547,7889400.0,Yahoo Finance,2026-09-21T08:29:09+00:00,2024-05-20
2024-04-24,XLY,85.48011779785156,8948600.0,Yahoo Finance,2026-09-21T08:29:09+00:00,2024-05-20
2024-04-25,XLY,85.55372619628906,10701200.0,Yahoo Finance,2026-09-21T08:29:09+00:00,2024-05-20
2024-04-26,XLY,86.32416534423828,6665800.0,Yahoo Finance,2026-09-21T08:29:09+00:00,2024-05-20
2024-04-29,XLY,88.33124542236328,10308400.0,Yahoo Finance,2026-09-21T08:29:09+00:00,2024-05-20
2024-04-30,XLY,86.1818618774414,7218400.0,Yahoo Finance,2026-09-21T08:29:09+00:00,2024-05-20
2024-05-01,XLY,85.64204406738281,14336800.0,Yahoo Finance,2026-09-21T08:29:09+00:00,2024-05-20
2024-05-02,XLY,86.7216567993164,8238600.0,Yahoo Finance,2026-09-21T08:29:09+00:00,2024-05-20
2024-05-03,XLY,87.30562591552734,9013000.0,Yahoo Finance,2026-09-21T08:29:09+00:00,2024-05-20
2024-05-06,XLY,88.2380142211914,6229000.0,Yahoo Finance,2026-09-21T08:29:09+00:00,2024-05-20
2024-05-07,XLY,87.60497283935547,6300600.0,Yahoo Finance,2026-09-21T08:29:09+00:00,2024-05-20
2024-05-08,XLY,87.27618408203125,5763200.0,Yahoo Finance,2026-09-21T08:29:09+00:00,2024-05-20
2024-05-09,XLY,87.86995697021484,5046000.0,Yahoo Finance,2026-09-21T08:29:09+00:00,2024-05-20
2024-05-10,XLY,87.39887237548828,5654400.0,Yahoo Finance,2026-09-21T08:29:09+00:00,2024-05-20
2024-05-13,XLY,87.28597259521484,8142800.0,Yahoo Finance,2026-09-21T08:29:09+00:00,2024-05-20
2024-05-14,XLY,87.68347930908203,6044600.0,Yahoo Finance,2026-09-21T08:29:09+00:00,2024-05-20
2024-05-15,XLY,87.81597900390625,7182800.0,Yahoo Finance,2026-09-21T08:29:09+00:00,2024-05-20
2024-05-16,XLY,87.24674987792969,6589200.0,Yahoo Finance,2026-09-21T08:29:09+00:00,2024-05-20
2024-05-17,XLY,87.69329071044922,5577400.0,Yahoo Finance,2026-09-21T08:29:09+00:00,2024-05-20
2024-05-20,XLY,87.04061889648438,4002000.0,Yahoo Finance,2026-09-21T08:29:09+00:00,2024-05-20
2023-04-17,XOM,102.20337677001953,13260400.0,Yahoo Finance,2026-09-21T08:29:09+00:00,2024-05-20
2023-04-18,XOM,104.1993408203125,17436100.0,Yahoo Finance,2026-09-21T08:29:09+00:00,2024-05-20
2023-04-19,XOM,103.86963653564453,10682600.0,Yahoo Finance,2026-09-21T08:29:09+00:00,2024-05-20
2023-04-20,XOM,103.04097747802734,17038700.0,Yahoo Finance,2026-09-21T08:29:09+00:00,2024-05-20
2023-04-21,XOM,103.37065887451172,14315300.0,Yahoo Finance,2026-09-21T08:29:09+00:00,2024-05-20
2023-04-24,XOM,105.32205200195312,15831300.0,Yahoo Finance,2026-09-21T08:29:09+00:00,2024-05-20
2023-04-25,XOM,103.82508087158203,12179800.0,Yahoo Finance,2026-09-21T08:29:09+00:00,2024-05-20
2023-04-26,XOM,102.87167358398438,15566100.0,Yahoo Finance,2026-09-21T08:29:09+00:00,2024-05-20
2023-04-27,XOM,104.10131072998047,16279200.0,Yahoo Finance,2026-09-21T08:29:09+00:00,2024-05-20
2023-04-28,XOM,105.4468002319336,24381900.0,Yahoo Finance,2026-09-21T08:29:09+00:00,2024-05-20
2023-05-01,XOM,102.17665100097656,17355000.0,Yahoo Finance,2026-09-21T08:29:09+00:00,2024-05-20
2023-05-02,XOM,98.10455322265625,24324100.0,Yahoo Finance,2026-09-21T08:29:09+00:00,2024-05-20
2023-05-03,XOM,96.17098999023438,16212300.0,Yahoo Finance,2026-09-21T08:29:09+00:00,2024-05-20
2023-05-04,XOM,94.48690795898438,17177200.0,Yahoo Finance,2026-09-21T08:29:09+00:00,2024-05-20
2023-05-05,XOM,96.83927917480469,14968200.0,Yahoo Finance,2026-09-21T08:29:09+00:00,2024-05-20
2023-05-08,XOM,97.2224349975586,11187800.0,Yahoo Finance,2026-09-21T08:29:09+00:00,2024-05-20
2023-05-09,XOM,97.24915313720703,11370800.0,Yahoo Finance,2026-09-21T08:29:09+00:00,2024-05-20
2023-05-10,XOM,96.00167846679688,14884800.0,Yahoo Finance,2026-09-21T08:29:09+00:00,2024-05-20
2023-05-11,XOM,94.26412963867188,17165900.0,Yahoo Finance,2026-09-21T08:29:09+00:00,2024-05-20
2023-05-12,XOM,94.2552261352539,12613300.0,Yahoo Finance,2026-09-21T08:29:09+00:00,2024-05-20
2023-05-15,XOM,94.43496704101562,13715600.0,Yahoo Finance,2026-09-21T08:29:09+00:00,2024-05-20
2023-05-16,XOM,92.1430892944336,14795200.0,Yahoo Finance,2026-09-21T08:29:09+00:00,2024-05-20
2023-05-17,XOM,94.21026611328125,14064700.0,Yahoo Finance,2026-09-21T08:29:09+00:00,2024-05-20
2023-05-18,XOM,95.06412506103516,12005600.0,Yahoo Finance,2026-09-21T08:29:09+00:00,2024-05-20
2023-05-19,XOM,95.50452423095703,13359600.0,Yahoo Finance,2026-09-21T08:29:09+00:00,2024-05-20
2023-05-22,XOM,94.34510803222656,12882000.0,Yahoo Finance,2026-09-21T08:29:09+00:00,2024-05-20
2023-05-23,XOM,95.63036346435547,14394400.0,Yahoo Finance,2026-09-21T08:29:09+00:00,2024-05-20
2023-05-24,XOM,96.69989776611328,16340300.0,Yahoo Finance,2026-09-21T08:29:09+00:00,2024-05-20
2023-05-25,XOM,94.96526336669922,14316500.0,Yahoo Finance,2026-09-21T08:29:09+00:00,2024-05-20
2023-05-26,XOM,94.34510803222656,12370300.0,Yahoo Finance,2026-09-21T08:29:09+00:00,2024-05-20
2023-05-30,XOM,93.50923156738281,11938000.0,Yahoo Finance,2026-09-21T08:29:09+00:00,2024-05-20
2023-05-31,XOM,91.8375015258789,24926100.0,Yahoo Finance,2026-09-21T08:29:09+00:00,2024-05-20
2023-06-01,XOM,92.8980712890625,13551900.0,Yahoo Finance,2026-09-21T08:29:09+00:00,2024-05-20
2023-06-02,XOM,95.0551528930664,14112000.0,Yahoo Finance,2026-09-21T08:29:09+00:00,2024-05-20
2023-06-05,XOM,94.6327133178711,10628000.0,Yahoo Finance,2026-09-21T08:29:09+00:00,2024-05-20
2023-06-06,XOM,95.40567016601562,12209800.0,Yahoo Finance,2026-09-21T08:29:09+00:00,2024-05-20
2023-06-07,XOM,97.54476165771484,16027100.0,Yahoo Finance,2026-09-21T08:29:09+00:00,2024-05-20
2023-06-08,XOM,97.23919677734375,13517100.0,Yahoo Finance,2026-09-21T08:29:09+00:00,2024-05-20
2023-06-09,XOM,96.52015686035156,12251600.0,Yahoo Finance,2026-09-21T08:29:09+00:00,2024-05-20
2023-06-12,XOM,95.64833068847656,14112000.0,Yahoo Finance,2026-09-21T08:29:09+00:00,2024-05-20
2023-06-13,XOM,95.66630554199219,13533800.0,Yahoo Finance,2026-09-21T08:29:09+00:00,2024-05-20
2023-06-14,XOM,94.515869140625,16627700.0,Yahoo Finance,2026-09-21T08:29:09+00:00,2024-05-20
2023-06-15,XOM,95.17198181152344,16224100.0,Yahoo Finance,2026-09-21T08:29:09+00:00,2024-05-20
2023-06-16,XOM,94.48890686035156,43128900.0,Yahoo Finance,2026-09-21T08:29:09+00:00,2024-05-20
2023-06-20,XOM,92.32283020019531,17514100.0,Yahoo Finance,2026-09-21T08:29:09+00:00,2024-05-20
2023-06-21,XOM,93.35643768310547,13285700.0,Yahoo Finance,2026-09-21T08:29:09+00:00,2024-05-20
2023-06-22,XOM,92.84414672851562,12455300.0,Yahoo Finance,2026-09-21T08:29:09+00:00,2024-05-20
2023-06-23,XOM,92.03522491455078,17933600.0,Yahoo Finance,2026-09-21T08:29:09+00:00,2024-05-20
2023-06-26,XOM,93.73394012451172,14283400.0,Yahoo Finance,2026-09-21T08:29:09+00:00,2024-05-20
2023-06-27,XOM,93.96762084960938,13227500.0,Yahoo Finance,2026-09-21T08:29:09+00:00,2024-05-20
2023-06-28,XOM,94.73157501220703,13084100.0,Yahoo Finance,2026-09-21T08:29:09+00:00,2024-05-20
2023-06-29,XOM,95.89998626708984,11364400.0,Yahoo Finance,2026-09-21T08:29:09+00:00,2024-05-20
2023-06-30,XOM,96.39431762695312,13544700.0,Yahoo Finance,2026-09-21T08:29:09+00:00,2024-05-20
2023-07-03,XOM,96.58306884765625,7397000.0,Yahoo Finance,2026-09-21T08:29:09+00:00,2024-05-20
2023-07-05,XOM,96.08873748779297,12491200.0,Yahoo Finance,2026-09-21T08:29:09+00:00,2024-05-20
2023-07-06,XOM,92.5025863647461,17961400.0,Yahoo Finance,2026-09-21T08:29:09+00:00,2024-05-20
2023-07-07,XOM,92.71830749511719,21929200.0,Yahoo Finance,2026-09-21T08:29:09+00:00,2024-05-20
2023-07-10,XOM,94.09343719482422,14877600.0,Yahoo Finance,2026-09-21T08:29:09+00:00,2024-05-20
2023-07-11,XOM,95.24388122558594,12576500.0,Yahoo Finance,2026-09-21T08:29:09+00:00,2024-05-20
2023-07-12,XOM,95.71123504638672,13238200.0,Yahoo Finance,2026-09-21T08:29:09+00:00,2024-05-20
2023-07-13,XOM,93.95862579345703,26826800.0,Yahoo Finance,2026-09-21T08:29:09+00:00,2024-05-20
2023-07-14,XOM,90.72300720214844,28181900.0,Yahoo Finance,2026-09-21T08:29:09+00:00,2024-05-20
2023-07-17,XOM,91.11846160888672,18051300.0,Yahoo Finance,2026-09-21T08:29:09+00:00,2024-05-20
2023-07-18,XOM,90.70503234863281,24617800.0,Yahoo Finance,2026-09-21T08:29:09+00:00,2024-05-20
2023-07-19,XOM,91.33419036865234,15556500.0,Yahoo Finance,2026-09-21T08:29:09+00:00,2024-05-20
2023-07-20,XOM,92.94300842285156,15740200.0,Yahoo Finance,2026-09-21T08:29:09+00:00,2024-05-20
2023-07-21,XOM,93.37442016601562,17121500.0,Yahoo Finance,2026-09-21T08:29:09+00:00,2024-05-20
2023-07-24,XOM,94.83942413330078,15090900.0,Yahoo Finance,2026-09-21T08:29:09+00:00,2024-05-20
2023-07-25,XOM,94.98323822021484,14116100.0,Yahoo Finance,2026-09-21T08:29:09+00:00,2024-05-20
2023-07-26,XOM,94.45295715332031,15159600.0,Yahoo Finance,2026-09-21T08:29:09+00:00,2024-05-20
2023-07-27,XOM,94.74954223632812,17677900.0,Yahoo Finance,2026-09-21T08:29:09+00:00,2024-05-20
2023-07-28,XOM,93.6170883178711,17566400.0,Yahoo Finance,2026-09-21T08:29:09+00:00,2024-05-20
2023-07-31,XOM,96.38534545898438,24197000.0,Yahoo Finance,2026-09-21T08:29:09+00:00,2024-05-20
2023-08-01,XOM,95.82809448242188,14177400.0,Yahoo Finance,2026-09-21T08:29:09+00:00,2024-05-20
2023-08-02,XOM,94.6327133178711,13484100.0,Yahoo Finance,2026-09-21T08:29:09+00:00,2024-05-20
2023-08-03,XOM,96.2774887084961,16280400.0,Yahoo Finance,2026-09-21T08:29:09+00:00,2024-05-20
2023-08-04,XOM,96.54711151123047,14279600.0,Yahoo Finance,2026-09-21T08:29:09+00:00,2024-05-20
2023-08-07,XOM,96.34937286376953,12410800.0,Yahoo Finance,2026-09-21T08:29:09+00:00,2024-05-20
2023-08-08,XOM,96.82573699951172,14065600.0,Yahoo Finance,2026-09-21T08:29:09+00:00,2024-05-20
2023-08-09,XOM,98.47050476074219,19919600.0,Yahoo Finance,2026-09-21T08:29:09+00:00,2024-05-20
2023-08-10,XOM,98.97382354736328,15837200.0,Yahoo Finance,2026-09-21T08:29:09+00:00,2024-05-20
2023-08-11,XOM,100.51072692871094,14047000.0,Yahoo Finance,2026-09-21T08:29:09+00:00,2024-05-20
2023-08-14,XOM,100.59163665771484,12973400.0,Yahoo Finance,2026-09-21T08:29:09+00:00,2024-05-20
2023-08-15,XOM,98.00910186767578,14909600.0,Yahoo Finance,2026-09-21T08:29:09+00:00,2024-05-20
2023-08-16,XOM,96.35992431640625,13695100.0,Yahoo Finance,2026-09-21T08:29:09+00:00,2024-05-20
2023-08-17,XOM,98.22659301757812,16709500.0,Yahoo Finance,2026-09-21T08:29:09+00:00,2024-05-20
2023-08-18,XOM,99.71266174316406,16224000.0,Yahoo Finance,2026-09-21T08:29:09+00:00,2024-05-20
2023-08-21,XOM,98.50749969482422,11092400.0,Yahoo Finance,2026-09-21T08:29:09+00:00,2024-05-20
2023-08-22,XOM,97.9547348022461,10518800.0,Yahoo Finance,2026-09-21T08:29:09+00:00,2024-05-20
2023-08-23,XOM,97.09387969970703,11435600.0,Yahoo Finance,2026-09-21T08:29:09+00:00,2024-05-20
2023-08-24,XOM,96.36897277832031,10818500.0,Yahoo Finance,2026-09-21T08:29:09+00:00,2024-05-20
2023-08-25,XOM,98.09065246582031,13579300.0,Yahoo Finance,2026-09-21T08:29:09+00:00,2024-05-20
2023-08-28,XOM,98.91525268554688,10382100.0,Yahoo Finance,2026-09-21T08:29:09+00:00,2024-05-20
2023-08-29,XOM,99.5042495727539,9665000.0,Yahoo Finance,2026-09-21T08:29:09+00:00,2024-05-20
2023-08-30,XOM,100.47383880615234,11922100.0,Yahoo Finance,2026-09-21T08:29:09+00:00,2024-05-20
2023-08-31,XOM,100.7547378540039,17479800.0,Yahoo Finance,2026-09-21T08:29:09+00:00,2024-05-20
2023-09-01,XOM,102.86605834960938,14843500.0,Yahoo Finance,2026-09-21T08:29:09+00:00,2024-05-20
2023-09-05,XOM,102.87512969970703,18304000.0,Yahoo Finance,2026-09-21T08:29:09+00:00,2024-05-20
2023-09-06,XOM,103.76315307617188,13325500.0,Yahoo Finance,2026-09-21T08:29:09+00:00,2024-05-20
2023-09-07,XOM,103.25568389892578,13248500.0,Yahoo Finance,2026-09-21T08:29:09+00:00,2024-05-20
2023-09-08,XOM,104.75991821289062,14283200.0,Yahoo Finance,2026-09-21T08:29:09+00:00,2024-05-20
2023-09-11,XOM,103.44600677490234,14383600.0,Yahoo Finance,2026-09-21T08:29:09+00:00,2024-05-20
2023-09-12,XOM,106.46347045898438,20145800.0,Yahoo Finance,2026-09-21T08:29:09+00:00,2024-05-20
2023-09-13,XOM,105.51201629638672,13472800.0,Yahoo Finance,2026-09-21T08:29:09+00:00,2024-05-20
2023-09-14,XOM,107.39682006835938,15210700.0,Yahoo Finance,2026-09-21T08:29:09+00:00,2024-05-20
2023-09-15,XOM,105.74760437011719,34568400.0,Yahoo Finance,2026-09-21T08:29:09+00:00,2024-05-20
2023-09-18,XOM,106.59940338134766,14045300.0,Yahoo Finance,2026-09-21T08:29:09+00:00,2024-05-20
2023-09-19,XOM,106.31848907470703,12562900.0,Yahoo Finance,2026-09-21T08:29:09+00:00,2024-05-20
2023-09-20,XOM,105.47577667236328,11879900.0,Yahoo Finance,2026-09-21T08:29:09+00:00,2024-05-20
2023-09-21,XOM,103.98968505859375,14400600.0,Yahoo Finance,2026-09-21T08:29:09+00:00,2024-05-20
2023-09-22,XOM,104.15280151367188,13197300.0,Yahoo Finance,2026-09-21T08:29:09+00:00,2024-05-20
2023-09-25,XOM,105.32173156738281,11316000.0,Yahoo Finance,2026-09-21T08:29:09+00:00,2024-05-20
2023-09-26,XOM,105.4848403930664,11805400.0,Yahoo Finance,2026-09-21T08:29:09+00:00,2024-05-20
2023-09-27,XOM,108.91913604736328,23976200.0,Yahoo Finance,2026-09-21T08:29:09+00:00,2024-05-20
2023-09-28,XOM,108.25765991210938,16808100.0,Yahoo Finance,2026-09-21T08:29:09+00:00,2024-05-20
2023-09-29,XOM,106.54502868652344,18813600.0,Yahoo Finance,2026-09-21T08:29:09+00:00,2024-05-20
2023-10-02,XOM,104.77804565429688,14395000.0,Yahoo Finance,2026-09-21T08:29:09+00:00,2024-05-20
2023-10-03,XOM,104.95926666259766,13297100.0,Yahoo Finance,2026-09-21T08:29:09+00:00,2024-05-20
2023-10-04,XOM,101.03564453125,19622200.0,Yahoo Finance,2026-09-21T08:29:09+00:00,2024-05-20
2023-10-05,XOM,98.76119232177734,20128800.0,Yahoo Finance,2026-09-21T08:29:09+00:00,2024-05-20
2023-10-06,XOM,97.11201477050781,25367500.0,Yahoo Finance,2026-09-21T08:29:09+00:00,2024-05-20
2023-10-09,XOM,100.51007080078125,22369900.0,Yahoo Finance,2026-09-21T08:29:09+00:00,2024-05-20
2023-10-10,XOM,100.08417510986328,13892000.0,Yahoo Finance,2026-09-21T08:29:09+00:00,2024-05-20
2023-10-11,XOM,96.49583435058594,57939000.0,Yahoo Finance,2026-09-21T08:29:09+00:00,2024-05-20
2023-10-12,XOM,96.47770690917969,31183000.0,Yahoo Finance,2026-09-21T08:29:09+00:00,2024-05-20
2023-10-13,XOM,99.5586166381836,30276500.0,Yahoo Finance,2026-09-21T08:29:09+00:00,2024-05-20
2023-10-16,XOM,99.631103515625,18452000.0,Yahoo Finance,2026-09-21T08:29:09+00:00,2024-05-20
2023-10-17,XOM,100.93596649169922,19775400.0,Yahoo Finance,2026-09-21T08:29:09+00:00,2024-05-20
2023-10-18,XOM,102.34954833984375,23380300.0,Yahoo Finance,2026-09-21T08:29:09+00:00,2024-05-20
2023-10-19,XOM,102.41299438476562,20972500.0,Yahoo Finance,2026-09-21T08:29:09+00:00,2024-05-20
2023-10-20,XOM,100.6550521850586,22445300.0,Yahoo Finance,2026-09-21T08:29:09+00:00,2024-05-20
2023-10-23,XOM,99.17803192138672,18185000.0,Yahoo Finance,2026-09-21T08:29:09+00:00,2024-05-20
2023-10-24,XOM,98.21751403808594,16786100.0,Yahoo Finance,2026-09-21T08:29:09+00:00,2024-05-20
2023-10-25,XOM,98.39873504638672,22047300.0,Yahoo Finance,2026-09-21T08:29:09+00:00,2024-05-20
2023-10-26,XOM,97.50165557861328,18768300.0,Yahoo Finance,2026-09-21T08:29:09+00:00,2024-05-20
2023-10-27,XOM,95.64405822753906,23092000.0,Yahoo Finance,2026-09-21T08:29:09+00:00,2024-05-20
2023-10-30,XOM,95.94307708740234,19379900.0,Yahoo Finance,2026-09-21T08:29:09+00:00,2024-05-20
2023-10-31,XOM,95.91590118408203,22185200.0,Yahoo Finance,2026-09-21T08:29:09+00:00,2024-05-20
2023-11-01,XOM,95.72562408447266,28984900.0,Yahoo Finance,2026-09-21T08:29:09+00:00,2024-05-20
2023-11-02,XOM,98.86995697021484,25212700.0,Yahoo Finance,2026-09-21T08:29:09+00:00,2024-05-20
2023-11-03,XOM,97.66476440429688,30555600.0,Yahoo Finance,2026-09-21T08:29:09+00:00,2024-05-20
2023-11-06,XOM,95.93403625488281,19097300.0,Yahoo Finance,2026-09-21T08:29:09+00:00,2024-05-20
2023-11-07,XOM,94.42981719970703,20272500.0,Yahoo Finance,2026-09-21T08:29:09+00:00,2024-05-20
2023-11-08,XOM,93.26995086669922,19184100.0,Yahoo Finance,2026-09-21T08:29:09+00:00,2024-05-20
2023-11-09,XOM,93.29713439941406,18380500.0,Yahoo Finance,2026-09-21T08:29:09+00:00,2024-05-20
2023-11-10,XOM,94.01299285888672,17825500.0,Yahoo Finance,2026-09-21T08:29:09+00:00,2024-05-20
2023-11-13,XOM,95.00067138671875,15308400.0,Yahoo Finance,2026-09-21T08:29:09+00:00,2024-05-20
2023-11-14,XOM,95.36646270751953,18260500.0,Yahoo Finance,2026-09-21T08:29:09+00:00,2024-05-20
2023-11-15,XOM,94.7903823852539,20137600.0,Yahoo Finance,2026-09-21T08:29:09+00:00,2024-05-20
2023-11-16,XOM,93.69304656982422,22469100.0,Yahoo Finance,2026-09-21T08:29:09+00:00,2024-05-20
2023-11-17,XOM,95.97914123535156,22984900.0,Yahoo Finance,2026-09-21T08:29:09+00:00,2024-05-20
2023-11-20,XOM,95.55850219726562,17458800.0,Yahoo Finance,2026-09-21T08:29:09+00:00,2024-05-20
2023-11-21,XOM,95.52191925048828,14989000.0,Yahoo Finance,2026-09-21T08:29:09+00:00,2024-05-20
2023-11-22,XOM,95.11042785644531,18072000.0,Yahoo Finance,2026-09-21T08:29:09+00:00,2024-05-20
2023-11-24,XOM,95.62251281738281,9480800.0,Yahoo Finance,2026-09-21T08:29:09+00:00,2024-05-20
2023-11-27,XOM,95.06470489501953,18013500.0,Yahoo Finance,2026-09-21T08:29:09+00:00,2024-05-20
2023-11-28,XOM,95.00984191894531,20629500.0,Yahoo Finance,2026-09-21T08:29:09+00:00,2024-05-20
2023-11-29,XOM,93.58332061767578,26802100.0,Yahoo Finance,2026-09-21T08:29:09+00:00,2024-05-20
2023-11-30,XOM,93.94908905029297,29254700.0,Yahoo Finance,2026-09-21T08:29:09+00:00,2024-05-20
2023-12-01,XOM,94.17770385742188,17845300.0,Yahoo Finance,2026-09-21T08:29:09+00:00,2024-05-20
2023-12-04,XOM,93.66561126708984,21523900.0,Yahoo Finance,2026-09-21T08:29:09+00:00,2024-05-20
2023-12-05,XOM,91.84590148925781,22250300.0,Yahoo Finance,2026-09-21T08:29:09+00:00,2024-05-20
2023-12-06,XOM,90.62968444824219,31154800.0,Yahoo Finance,2026-09-21T08:29:09+00:00,2024-05-20
2023-12-07,XOM,89.99873352050781,29990700.0,Yahoo Finance,2026-09-21T08:29:09+00:00,2024-05-20
2023-12-08,XOM,91.03204345703125,22074900.0,Yahoo Finance,2026-09-21T08:29:09+00:00,2024-05-20
2023-12-11,XOM,91.09603881835938,22252300.0,Yahoo Finance,2026-09-21T08:29:09+00:00,2024-05-20
2023-12-12,XOM,89.66039276123047,26084000.0,Yahoo Finance,2026-09-21T08:29:09+00:00,2024-05-20
2023-12-13,XOM,90.45594024658203,19915400.0,Yahoo Finance,2026-09-21T08:29:09+00:00,2024-05-20
2023-12-14,XOM,92.88834381103516,26165700.0,Yahoo Finance,2026-09-21T08:29:09+00:00,2024-05-20
2023-12-15,XOM,92.26652526855469,55527000.0,Yahoo Finance,2026-09-21T08:29:09+00:00,2024-05-20
2023-12-18,XOM,92.95235443115234,21610400.0,Yahoo Finance,2026-09-21T08:29:09+00:00,2024-05-20
2023-12-19,XOM,94.17770385742188,18904700.0,Yahoo Finance,2026-09-21T08:29:09+00:00,2024-05-20
2023-12-20,XOM,92.60486602783203,20988900.0,Yahoo Finance,2026-09-21T08:29:09+00:00,2024-05-20
2023-12-21,XOM,93.02552795410156,19250900.0,Yahoo Finance,2026-09-21T08:29:09+00:00,2024-05-20
2023-12-22,XOM,93.19011688232422,12927800.0,Yahoo Finance,2026-09-21T08:29:09+00:00,2024-05-20
2023-12-26,XOM,93.40043640136719,16835100.0,Yahoo Finance,2026-09-21T08:29:09+00:00,2024-05-20
2023-12-27,XOM,92.96150207519531,14558800.0,Yahoo Finance,2026-09-21T08:29:09+00:00,2024-05-20
2023-12-28,XOM,91.61727905273438,16329300.0,Yahoo Finance,2026-09-21T08:29:09+00:00,2024-05-20
2023-12-29,XOM,91.42524719238281,17746400.0,Yahoo Finance,2026-09-21T08:29:09+00:00,2024-05-20
2024-01-02,XOM,93.60159301757812,23483000.0,Yahoo Finance,2026-09-21T08:29:09+00:00,2024-05-20
2024-01-03,XOM,94.38802337646484,23490800.0,Yahoo Finance,2026-09-21T08:29:09+00:00,2024-05-20
2024-01-04,XOM,93.56501770019531,19395200.0,Yahoo Finance,2026-09-21T08:29:09+00:00,2024-05-20
2024-01-05,XOM,93.84849548339844,15827400.0,Yahoo Finance,2026-09-21T08:29:09+00:00,2024-05-20
2024-01-08,XOM,92.2848129272461,23370100.0,Yahoo Finance,2026-09-21T08:29:09+00:00,2024-05-20
2024-01-09,XOM,91.14176940917969,19496600.0,Yahoo Finance,2026-09-21T08:29:09+00:00,2024-05-20
2024-01-10,XOM,90.24563598632812,18206100.0,Yahoo Finance,2026-09-21T08:29:09+00:00,2024-05-20
2024-01-11,XOM,90.22734069824219,15833400.0,Yahoo Finance,2026-09-21T08:29:09+00:00,2024-05-20
2024-01-12,XOM,91.3978042602539,18041700.0,Yahoo Finance,2026-09-21T08:29:09+00:00,2024-05-20
2024-01-16,XOM,89.33119201660156,20235700.0,Yahoo Finance,2026-09-21T08:29:09+00:00,2024-05-20
2024-01-17,XOM,88.68194580078125,18384000.0,Yahoo Finance,2026-09-21T08:29:09+00:00,2024-05-20
2024-01-18,XOM,88.51734924316406,20940300.0,Yahoo Finance,2026-09-21T08:29:09+00:00,2024-05-20
2024-01-19,XOM,88.65450286865234,20088400.0,Yahoo Finance,2026-09-21T08:29:09+00:00,2024-05-20
2024-01-22,XOM,88.53563690185547,19955900.0,Yahoo Finance,2026-09-21T08:29:09+00:00,2024-05-20
2024-01-23,XOM,89.53236389160156,15863400.0,Yahoo Finance,2026-09-21T08:29:09+00:00,2024-05-20
2024-01-24,XOM,91.0777587890625,17330600.0,Yahoo Finance,2026-09-21T08:29:09+00:00,2024-05-20
2024-01-25,XOM,93.39128112792969,22089500.0,Yahoo Finance,2026-09-21T08:29:09+00:00,2024-05-20
2024-01-26,XOM,94.18683624267578,20817200.0,Yahoo Finance,2026-09-21T08:29:09+00:00,2024-05-20
2024-01-29,XOM,94.30573272705078,18317500.0,Yahoo Finance,2026-09-21T08:29:09+00:00,2024-05-20
2024-01-30,XOM,95.87854766845703,19610900.0,Yahoo Finance,2026-09-21T08:29:09+00:00,2024-05-20
2024-01-31,XOM,94.01309967041016,22415300.0,Yahoo Finance,2026-09-21T08:29:09+00:00,2024-05-20
2024-02-01,XOM,93.62904357910156,19240700.0,Yahoo Finance,2026-09-21T08:29:09+00:00,2024-05-20
2024-02-02,XOM,93.2449722290039,21973400.0,Yahoo Finance,2026-09-21T08:29:09+00:00,2024-05-20
2024-02-05,XOM,92.86091613769531,17190900.0,Yahoo Finance,2026-09-21T08:29:09+00:00,2024-05-20
2024-02-06,XOM,93.50102996826172,13347900.0,Yahoo Finance,2026-09-21T08:29:09+00:00,2024-05-20
2024-02-07,XOM,93.47358703613281,13826800.0,Yahoo Finance,2026-09-21T08:29:09+00:00,2024-05-20
2024-02-08,XOM,95.07384490966797,19636900.0,Yahoo Finance,2026-09-21T08:29:09+00:00,2024-05-20
2024-02-09,XOM,93.06209564208984,20410500.0,Yahoo Finance,2026-09-21T08:29:09+00:00,2024-05-20
2024-02-12,XOM,94.34229278564453,18173100.0,Yahoo Finance,2026-09-21T08:29:09+00:00,2024-05-20
2024-02-13,XOM,93.53012084960938,18917400.0,Yahoo Finance,2026-09-21T08:29:09+00:00,2024-05-20
2024-02-14,XOM,93.06864929199219,17651300.0,Yahoo Finance,2026-09-21T08:29:09+00:00,2024-05-20
2024-02-15,XOM,95.73592376708984,23196300.0,Yahoo Finance,2026-09-21T08:29:09+00:00,2024-05-20
2024-02-16,XOM,95.73592376708984,20151400.0,Yahoo Finance,2026-09-21T08:29:09+00:00,2024-05-20
2024-02-20,XOM,94.8314437866211,17650000.0,Yahoo Finance,2026-09-21T08:29:09+00:00,2024-05-20
2024-02-21,XOM,96.76961517333984,20991300.0,Yahoo Finance,2026-09-21T08:29:09+00:00,2024-05-20
2024-02-22,XOM,96.6865463256836,20470700.0,Yahoo Finance,2026-09-21T08:29:09+00:00,2024-05-20
2024-02-23,XOM,95.83743286132812,15975900.0,Yahoo Finance,2026-09-21T08:29:09+00:00,2024-05-20
2024-02-26,XOM,96.21585845947266,13360800.0,Yahoo Finance,2026-09-21T08:29:09+00:00,2024-05-20
2024-02-27,XOM,96.01280212402344,16360000.0,Yahoo Finance,2026-09-21T08:29:09+00:00,2024-05-20
2024-02-28,XOM,96.28045654296875,14810500.0,Yahoo Finance,2026-09-21T08:29:09+00:00,2024-05-20
2024-02-29,XOM,96.46503448486328,17566100.0,Yahoo Finance,2026-09-21T08:29:09+00:00,2024-05-20
2024-03-01,XOM,97.68330383300781,18460100.0,Yahoo Finance,2026-09-21T08:29:09+00:00,2024-05-20
2024-03-04,XOM,96.31737518310547,18138000.0,Yahoo Finance,2026-09-21T08:29:09+00:00,2024-05-20
2024-03-05,XOM,97.49871063232422,19952700.0,Yahoo Finance,2026-09-21T08:29:09+00:00,2024-05-20
2024-03-06,XOM,98.54164123535156,20472800.0,Yahoo Finance,2026-09-21T08:29:09+00:00,2024-05-20
2024-03-07,XOM,99.09541320800781,15195400.0,Yahoo Finance,2026-09-21T08:29:09+00:00,2024-05-20
2024-03-08,XOM,100.0275650024414,16281500.0,Yahoo Finance,2026-09-21T08:29:09+00:00,2024-05-20
2024-03-11,XOM,100.61824798583984,17577300.0,Yahoo Finance,2026-09-21T08:29:09+00:00,2024-05-20
2024-03-12,XOM,99.97218322753906,14957200.0,Yahoo Finance,2026-09-21T08:29:09+00:00,2024-05-20
2024-03-13,XOM,101.08892822265625,17122200.0,Yahoo Finance,2026-09-21T08:29:09+00:00,2024-05-20
2024-03-14,XOM,102.87943267822266,22121000.0,Yahoo Finance,2026-09-21T08:29:09+00:00,2024-05-20
2024-03-15,XOM,102.69483947753906,38264400.0,Yahoo Finance,2026-09-21T08:29:09+00:00,2024-05-20
2024-03-18,XOM,103.64546203613281,16770500.0,Yahoo Finance,2026-09-21T08:29:09+00:00,2024-05-20
2024-03-19,XOM,104.37458801269531,14878800.0,Yahoo Finance,2026-09-21T08:29:09+00:00,2024-05-20
2024-03-20,XOM,104.28229522705078,16119700.0,Yahoo Finance,2026-09-21T08:29:09+00:00,2024-05-20
2024-03-21,XOM,104.74376678466797,14878000.0,Yahoo Finance,2026-09-21T08:29:09+00:00,2024-05-20
2024-03-22,XOM,104.74376678466797,14701900.0,Yahoo Finance,2026-09-21T08:29:09+00:00,2024-05-20
2024-03-25,XOM,105.81436157226562,14011700.0,Yahoo Finance,2026-09-21T08:29:09+00:00,2024-05-20
2024-03-26,XOM,105.02064514160156,13152300.0,Yahoo Finance,2026-09-21T08:29:09+00:00,2024-05-20
2024-03-27,XOM,106.10970306396484,12415700.0,Yahoo Finance,2026-09-21T08:29:09+00:00,2024-05-20
2024-03-28,XOM,107.28182983398438,18482100.0,Yahoo Finance,2026-09-21T08:29:09+00:00,2024-05-20
2024-04-01,XOM,107.97402954101562,13817000.0,Yahoo Finance,2026-09-21T08:29:09+00:00,2024-05-20
2024-04-02,XOM,110.0875473022461,19919600.0,Yahoo Finance,2026-09-21T08:29:09+00:00,2024-05-20
2024-04-03,XOM,110.10601043701172,16504300.0,Yahoo Finance,2026-09-21T08:29:09+00:00,2024-05-20
2024-04-04,XOM,110.49364471435547,18467400.0,Yahoo Finance,2026-09-21T08:29:09+00:00,2024-05-20
2024-04-05,XOM,112.01648712158203,21720600.0,Yahoo Finance,2026-09-21T08:29:09+00:00,2024-05-20
2024-04-08,XOM,111.25967407226562,17513900.0,Yahoo Finance,2026-09-21T08:29:09+00:00,2024-05-20
2024-04-09,XOM,111.84112548828125,14132300.0,Yahoo Finance,2026-09-21T08:29:09+00:00,2024-05-20
2024-04-10,XOM,112.78250885009766,17409200.0,Yahoo Finance,2026-09-21T08:29:09+00:00,2024-05-20
2024-04-11,XOM,112.40410614013672,17555900.0,Yahoo Finance,2026-09-21T08:29:09+00:00,2024-05-20
2024-04-12,XOM,111.09354400634766,21556200.0,Yahoo Finance,2026-09-21T08:29:09+00:00,2024-05-20
2024-04-15,XOM,110.45672607421875,15029500.0,Yahoo Finance,2026-09-21T08:29:09+00:00,2024-05-20
2024-04-16,XOM,109.54302215576172,18082200.0,Yahoo Finance,2026-09-21T08:29:09+00:00,2024-05-20
2024-04-17,XOM,109.48764038085938,14538600.0,Yahoo Finance,2026-09-21T08:29:09+00:00,2024-05-20
2024-04-18,XOM,109.38611602783203,13821400.0,Yahoo Finance,2026-09-21T08:29:09+00:00,2024-05-20
2024-04-19,XOM,110.64131164550781,21572400.0,Yahoo Finance,2026-09-21T08:29:09+00:00,2024-05-20
2024-04-22,XOM,111.26890563964844,16340700.0,Yahoo Finance,2026-09-21T08:29:09+00:00,2024-05-20
2024-04-23,XOM,111.70269775390625,13929800.0,Yahoo Finance,2026-09-21T08:29:09+00:00,2024-05-20
2024-04-24,XOM,111.72113800048828,12101200.0,Yahoo Finance,2026-09-21T08:29:09+00:00,2024-05-20
2024-04-25,XOM,111.97955322265625,16041000.0,Yahoo Finance,2026-09-21T08:29:09+00:00,2024-05-20
2024-04-26,XOM,108.86927795410156,27289500.0,Yahoo Finance,2026-09-21T08:29:09+00:00,2024-05-20
2024-04-29,XOM,110.4197998046875,17309900.0,Yahoo Finance,2026-09-21T08:29:09+00:00,2024-05-20
2024-04-30,XOM,109.15538024902344,21083300.0,Yahoo Finance,2026-09-21T08:29:09+00:00,2024-05-20
2024-05-01,XOM,107.0880126953125,27777700.0,Yahoo Finance,2026-09-21T08:29:09+00:00,2024-05-20
2024-05-02,XOM,107.28182983398438,25513600.0,Yahoo Finance,2026-09-21T08:29:09+00:00,2024-05-20
2024-05-03,XOM,107.0603256225586,28023300.0,Yahoo Finance,2026-09-21T08:29:09+00:00,2024-05-20
2024-05-06,XOM,107.75252532958984,31401300.0,Yahoo Finance,2026-09-21T08:29:09+00:00,2024-05-20
2024-05-07,XOM,107.21723175048828,30122000.0,Yahoo Finance,2026-09-21T08:29:09+00:00,2024-05-20
2024-05-08,XOM,107.19876861572266,18957200.0,Yahoo Finance,2026-09-21T08:29:09+00:00,2024-05-20
2024-05-09,XOM,109.3122787475586,17564000.0,Yahoo Finance,2026-09-21T08:29:09+00:00,2024-05-20
2024-05-10,XOM,108.86927795410156,13648100.0,Yahoo Finance,2026-09-21T08:29:09+00:00,2024-05-20
2024-05-13,XOM,108.82312774658203,15060600.0,Yahoo Finance,2026-09-21T08:29:09+00:00,2024-05-20
2024-05-14,XOM,109.48373413085938,15079100.0,Yahoo Finance,2026-09-21T08:29:09+00:00,2024-05-20
2024-05-15,XOM,110.33043670654297,18244300.0,Yahoo Finance,2026-09-21T08:29:09+00:00,2024-05-20
2024-05-16,XOM,109.6698226928711,15745200.0,Yahoo Finance,2026-09-21T08:29:09+00:00,2024-05-20
2024-05-17,XOM,111.31668090820312,15104500.0,Yahoo Finance,2026-09-21T08:29:09+00:00,2024-05-20
2024-05-20,XOM,110.41416931152344,11551300.0,Yahoo Finance,2026-09-21T08:29:09+00:00,2024-05-20
2023-04-17,^FCHI,7498.18017578125,67745800.0,Yahoo Finance,2026-09-21T08:29:09+00:00,2024-05-20
2023-04-18,^FCHI,7533.6298828125,67638400.0,Yahoo Finance,2026-09-21T08:29:09+00:00,2024-05-20
2023-04-19,^FCHI,7549.43994140625,0.0,Yahoo Finance,2026-09-21T08:29:09+00:00,2024-05-20
2023-04-20,^FCHI,7538.7099609375,72892900.0,Yahoo Finance,2026-09-21T08:29:09+00:00,2024-05-20
2023-04-21,^FCHI,7577.0,73188400.0,Yahoo Finance,2026-09-21T08:29:09+00:00,2024-05-20
2023-04-24,^FCHI,7573.85986328125,63568000.0,Yahoo Finance,2026-09-21T08:29:09+00:00,2024-05-20
2023-04-25,^FCHI,7531.60986328125,73945200.0,Yahoo Finance,2026-09-21T08:29:09+00:00,2024-05-20
2023-04-26,^FCHI,7466.66015625,91913500.0,Yahoo Finance,2026-09-21T08:29:09+00:00,2024-05-20
2023-04-27,^FCHI,7483.83984375,78104400.0,Yahoo Finance,2026-09-21T08:29:09+00:00,2024-05-20
2023-04-28,^FCHI,7491.5,87006000.0,Yahoo Finance,2026-09-21T08:29:09+00:00,2024-05-20
2023-05-02,^FCHI,7383.2001953125,83037300.0,Yahoo Finance,2026-09-21T08:29:09+00:00,2024-05-20
2023-05-03,^FCHI,7403.830078125,61108100.0,Yahoo Finance,2026-09-21T08:29:09+00:00,2024-05-20
2023-05-04,^FCHI,7340.77001953125,79974300.0,Yahoo Finance,2026-09-21T08:29:09+00:00,2024-05-20
2023-05-05,^FCHI,7432.93017578125,70692800.0,Yahoo Finance,2026-09-21T08:29:09+00:00,2024-05-20
2023-05-08,^FCHI,7440.91015625,46786900.0,Yahoo Finance,2026-09-21T08:29:09+00:00,2024-05-20
2023-05-09,^FCHI,7397.169921875,63457500.0,Yahoo Finance,2026-09-21T08:29:09+00:00,2024-05-20
2023-05-10,^FCHI,7361.2001953125,75389600.0,Yahoo Finance,2026-09-21T08:29:09+00:00,2024-05-20
2023-05-11,^FCHI,7381.77978515625,0.0,Yahoo Finance,2026-09-21T08:29:09+00:00,2024-05-20
2023-05-12,^FCHI,7414.85009765625,58340400.0,Yahoo Finance,2026-09-21T08:29:09+00:00,2024-05-20
2023-05-15,^FCHI,7418.2099609375,48638700.0,Yahoo Finance,2026-09-21T08:29:09+00:00,2024-05-20
2023-05-16,^FCHI,7406.009765625,61261800.0,Yahoo Finance,2026-09-21T08:29:09+00:00,2024-05-20
2023-05-17,^FCHI,7399.43994140625,57783800.0,Yahoo Finance,2026-09-21T08:29:09+00:00,2024-05-20
2023-05-18,^FCHI,7446.89013671875,59991600.0,Yahoo Finance,2026-09-21T08:29:09+00:00,2024-05-20
2023-05-19,^FCHI,7491.9599609375,67973200.0,Yahoo Finance,2026-09-21T08:29:09+00:00,2024-05-20
2023-05-22,^FCHI,7478.16015625,57439200.0,Yahoo Finance,2026-09-21T08:29:09+00:00,2024-05-20
2023-05-23,^FCHI,7378.7099609375,65786700.0,Yahoo Finance,2026-09-21T08:29:09+00:00,2024-05-20
2023-05-24,^FCHI,7253.4599609375,77511200.0,Yahoo Finance,2026-09-21T08:29:09+00:00,2024-05-20
2023-05-25,^FCHI,7229.27001953125,59437600.0,Yahoo Finance,2026-09-21T08:29:09+00:00,2024-05-20
2023-05-26,^FCHI,7319.18017578125,58221500.0,Yahoo Finance,2026-09-21T08:29:09+00:00,2024-05-20
2023-05-29,^FCHI,7303.81005859375,33459400.0,Yahoo Finance,2026-09-21T08:29:09+00:00,2024-05-20
2023-05-30,^FCHI,7209.75,69222900.0,Yahoo Finance,2026-09-21T08:29:09+00:00,2024-05-20
2023-05-31,^FCHI,7098.7001953125,214675800.0,Yahoo Finance,2026-09-21T08:29:09+00:00,2024-05-20
2023-06-01,^FCHI,7137.43017578125,58144900.0,Yahoo Finance,2026-09-21T08:29:09+00:00,2024-05-20
2023-06-02,^FCHI,7270.68994140625,71138500.0,Yahoo Finance,2026-09-21T08:29:09+00:00,2024-05-20
2023-06-05,^FCHI,7200.91015625,54498100.0,Yahoo Finance,2026-09-21T08:29:09+00:00,2024-05-20
2023-06-06,^FCHI,7209.0,53479000.0,Yahoo Finance,2026-09-21T08:29:09+00:00,2024-05-20
2023-06-07,^FCHI,7202.7900390625,50824500.0,Yahoo Finance,2026-09-21T08:29:09+00:00,2024-05-20
2023-06-08,^FCHI,7222.14990234375,51059700.0,Yahoo Finance,2026-09-21T08:29:09+00:00,2024-05-20
2023-06-09,^FCHI,7213.14013671875,57292200.0,Yahoo Finance,2026-09-21T08:29:09+00:00,2024-05-20
2023-06-12,^FCHI,7250.35009765625,56911400.0,Yahoo Finance,2026-09-21T08:29:09+00:00,2024-05-20
2023-06-13,^FCHI,7290.7998046875,65501800.0,Yahoo Finance,2026-09-21T08:29:09+00:00,2024-05-20
2023-06-14,^FCHI,7328.52978515625,66153600.0,Yahoo Finance,2026-09-21T08:29:09+00:00,2024-05-20
2023-06-15,^FCHI,7290.91015625,60422800.0,Yahoo Finance,2026-09-21T08:29:09+00:00,2024-05-20
2023-06-16,^FCHI,7388.64990234375,170731900.0,Yahoo Finance,2026-09-21T08:29:09+00:00,2024-05-20
2023-06-19,^FCHI,7314.0498046875,0.0,Yahoo Finance,2026-09-21T08:29:09+00:00,2024-05-20
2023-06-20,^FCHI,7294.169921875,55853400.0,Yahoo Finance,2026-09-21T08:29:09+00:00,2024-05-20
2023-06-21,^FCHI,7260.97021484375,48414000.0,Yahoo Finance,2026-09-21T08:29:09+00:00,2024-05-20
2023-06-22,^FCHI,7203.27978515625,53704500.0,Yahoo Finance,2026-09-21T08:29:09+00:00,2024-05-20
2023-06-23,^FCHI,7163.419921875,51938700.0,Yahoo Finance,2026-09-21T08:29:09+00:00,2024-05-20
2023-06-26,^FCHI,7184.35009765625,52606600.0,Yahoo Finance,2026-09-21T08:29:09+00:00,2024-05-20
2023-06-27,^FCHI,7215.580078125,49886400.0,Yahoo Finance,2026-09-21T08:29:09+00:00,2024-05-20
2023-06-28,^FCHI,7286.31982421875,53588400.0,Yahoo Finance,2026-09-21T08:29:09+00:00,2024-05-20
2023-06-29,^FCHI,7312.72998046875,60930900.0,Yahoo Finance,2026-09-21T08:29:09+00:00,2024-05-20
2023-06-30,^FCHI,7400.06005859375,84279200.0,Yahoo Finance,2026-09-21T08:29:09+00:00,2024-05-20
2023-07-03,^FCHI,7386.7001953125,46756600.0,Yahoo Finance,2026-09-21T08:29:09+00:00,2024-05-20
2023-07-04,^FCHI,7369.93017578125,38120100.0,Yahoo Finance,2026-09-21T08:29:09+00:00,2024-05-20
2023-07-05,^FCHI,7310.81005859375,60271900.0,Yahoo Finance,2026-09-21T08:29:09+00:00,2024-05-20
2023-07-06,^FCHI,7082.2900390625,83220200.0,Yahoo Finance,2026-09-21T08:29:09+00:00,2024-05-20
2023-07-07,^FCHI,7111.8798828125,55691900.0,Yahoo Finance,2026-09-21T08:29:09+00:00,2024-05-20
2023-07-10,^FCHI,7143.68994140625,41303800.0,Yahoo Finance,2026-09-21T08:29:09+00:00,2024-05-20
2023-07-11,^FCHI,7220.009765625,43936800.0,Yahoo Finance,2026-09-21T08:29:09+00:00,2024-05-20
2023-07-12,^FCHI,7333.009765625,60353600.0,Yahoo Finance,2026-09-21T08:29:09+00:00,2024-05-20
2023-07-13,^FCHI,7369.7998046875,53762900.0,Yahoo Finance,2026-09-21T08:29:09+00:00,2024-05-20
2023-07-14,^FCHI,7374.5400390625,38957900.0,Yahoo Finance,2026-09-21T08:29:09+00:00,2024-05-20
2023-07-17,^FCHI,7291.66015625,35648100.0,Yahoo Finance,2026-09-21T08:29:09+00:00,2024-05-20
2023-07-18,^FCHI,7319.18017578125,36847300.0,Yahoo Finance,2026-09-21T08:29:09+00:00,2024-05-20
2023-07-19,^FCHI,7326.93994140625,44834900.0,Yahoo Finance,2026-09-21T08:29:09+00:00,2024-05-20
2023-07-20,^FCHI,7384.91015625,52025800.0,Yahoo Finance,2026-09-21T08:29:09+00:00,2024-05-20
2023-07-21,^FCHI,7432.77001953125,50212100.0,Yahoo Finance,2026-09-21T08:29:09+00:00,2024-05-20
2023-07-24,^FCHI,7427.31005859375,0.0,Yahoo Finance,2026-09-21T08:29:09+00:00,2024-05-20
2023-07-25,^FCHI,7415.4501953125,46585200.0,Yahoo Finance,2026-09-21T08:29:09+00:00,2024-05-20
2023-07-26,^FCHI,7315.06982421875,61674900.0,Yahoo Finance,2026-09-21T08:29:09+00:00,2024-05-20
2023-07-27,^FCHI,7465.240234375,81038100.0,Yahoo Finance,2026-09-21T08:29:09+00:00,2024-05-20
2023-07-28,^FCHI,7476.47021484375,68278600.0,Yahoo Finance,2026-09-21T08:29:09+00:00,2024-05-20
2023-07-31,^FCHI,7497.77978515625,60786100.0,Yahoo Finance,2026-09-21T08:29:09+00:00,2024-05-20
2023-08-01,^FCHI,7406.080078125,53827600.0,Yahoo Finance,2026-09-21T08:29:09+00:00,2024-05-20
2023-08-02,^FCHI,7312.83984375,66100000.0,Yahoo Finance,2026-09-21T08:29:09+00:00,2024-05-20
2023-08-03,^FCHI,7260.52978515625,70017100.0,Yahoo Finance,2026-09-21T08:29:09+00:00,2024-05-20
2023-08-04,^FCHI,7315.06982421875,67381300.0,Yahoo Finance,2026-09-21T08:29:09+00:00,2024-05-20
2023-08-07,^FCHI,7319.759765625,40392600.0,Yahoo Finance,2026-09-21T08:29:09+00:00,2024-05-20
2023-08-08,^FCHI,7269.47021484375,59934000.0,Yahoo Finance,2026-09-21T08:29:09+00:00,2024-05-20
2023-08-09,^FCHI,7322.0400390625,49539900.0,Yahoo Finance,2026-09-21T08:29:09+00:00,2024-05-20
2023-08-10,^FCHI,7433.6201171875,55462200.0,Yahoo Finance,2026-09-21T08:29:09+00:00,2024-05-20
2023-08-11,^FCHI,7340.18994140625,45994600.0,Yahoo Finance,2026-09-21T08:29:09+00:00,2024-05-20
2023-08-14,^FCHI,7348.83984375,37852500.0,Yahoo Finance,2026-09-21T08:29:09+00:00,2024-05-20
2023-08-15,^FCHI,7267.7001953125,36007600.0,Yahoo Finance,2026-09-21T08:29:09+00:00,2024-05-20
2023-08-16,^FCHI,7260.25,35669800.0,Yahoo Finance,2026-09-21T08:29:09+00:00,2024-05-20
2023-08-17,^FCHI,7191.740234375,44487100.0,Yahoo Finance,2026-09-21T08:29:09+00:00,2024-05-20
2023-08-18,^FCHI,7164.10986328125,49419000.0,Yahoo Finance,2026-09-21T08:29:09+00:00,2024-05-20
2023-08-21,^FCHI,7198.06005859375,39845700.0,Yahoo Finance,2026-09-21T08:29:09+00:00,2024-05-20
2023-08-22,^FCHI,7240.8798828125,0.0,Yahoo Finance,2026-09-21T08:29:09+00:00,2024-05-20
2023-08-23,^FCHI,7246.6201171875,39128000.0,Yahoo Finance,2026-09-21T08:29:09+00:00,2024-05-20
2023-08-24,^FCHI,7214.4599609375,37453800.0,Yahoo Finance,2026-09-21T08:29:09+00:00,2024-05-20
2023-08-25,^FCHI,7229.60009765625,32957800.0,Yahoo Finance,2026-09-21T08:29:09+00:00,2024-05-20
2023-08-28,^FCHI,7324.7099609375,35231600.0,Yahoo Finance,2026-09-21T08:29:09+00:00,2024-05-20
2023-08-29,^FCHI,7373.43017578125,47511000.0,Yahoo Finance,2026-09-21T08:29:09+00:00,2024-05-20
2023-08-30,^FCHI,7364.39990234375,37841600.0,Yahoo Finance,2026-09-21T08:29:09+00:00,2024-05-20
2023-08-31,^FCHI,7316.7001953125,97985800.0,Yahoo Finance,2026-09-21T08:29:09+00:00,2024-05-20
2023-09-01,^FCHI,7296.77001953125,45903600.0,Yahoo Finance,2026-09-21T08:29:09+00:00,2024-05-20
2023-09-04,^FCHI,7279.509765625,34351600.0,Yahoo Finance,2026-09-21T08:29:09+00:00,2024-05-20
2023-09-05,^FCHI,7254.72021484375,51494100.0,Yahoo Finance,2026-09-21T08:29:09+00:00,2024-05-20
2023-09-06,^FCHI,7194.08984375,50998000.0,Yahoo Finance,2026-09-21T08:29:09+00:00,2024-05-20
2023-09-07,^FCHI,7196.10009765625,50965400.0,Yahoo Finance,2026-09-21T08:29:09+00:00,2024-05-20
2023-09-08,^FCHI,7240.77001953125,45098500.0,Yahoo Finance,2026-09-21T08:29:09+00:00,2024-05-20
2023-09-11,^FCHI,7278.27001953125,45367500.0,Yahoo Finance,2026-09-21T08:29:09+00:00,2024-05-20
2023-09-12,^FCHI,7252.8798828125,49023200.0,Yahoo Finance,2026-09-21T08:29:09+00:00,2024-05-20
2023-09-13,^FCHI,7222.56982421875,53756100.0,Yahoo Finance,2026-09-21T08:29:09+00:00,2024-05-20
2023-09-14,^FCHI,7308.669921875,68698900.0,Yahoo Finance,2026-09-21T08:29:09+00:00,2024-05-20
2023-09-15,^FCHI,7378.81982421875,154925000.0,Yahoo Finance,2026-09-21T08:29:09+00:00,2024-05-20
2023-09-18,^FCHI,7276.14013671875,73474400.0,Yahoo Finance,2026-09-21T08:29:09+00:00,2024-05-20
2023-09-19,^FCHI,7282.1201171875,53260300.0,Yahoo Finance,2026-09-21T08:29:09+00:00,2024-05-20
2023-09-20,^FCHI,7330.7900390625,58755900.0,Yahoo Finance,2026-09-21T08:29:09+00:00,2024-05-20
2023-09-21,^FCHI,7213.89990234375,60321000.0,Yahoo Finance,2026-09-21T08:29:09+00:00,2024-05-20
2023-09-22,^FCHI,7184.81982421875,53604800.0,Yahoo Finance,2026-09-21T08:29:09+00:00,2024-05-20
2023-09-25,^FCHI,7123.8798828125,50383800.0,Yahoo Finance,2026-09-21T08:29:09+00:00,2024-05-20
2023-09-26,^FCHI,7074.02001953125,49374400.0,Yahoo Finance,2026-09-21T08:29:09+00:00,2024-05-20
2023-09-27,^FCHI,7071.7900390625,52633000.0,Yahoo Finance,2026-09-21T08:29:09+00:00,2024-05-20
2023-09-28,^FCHI,7116.240234375,53878800.0,Yahoo Finance,2026-09-21T08:29:09+00:00,2024-05-20
2023-09-29,^FCHI,7135.06005859375,62306100.0,Yahoo Finance,2026-09-21T08:29:09+00:00,2024-05-20
2023-10-02,^FCHI,7068.16015625,0.0,Yahoo Finance,2026-09-21T08:29:09+00:00,2024-05-20
2023-10-03,^FCHI,6997.0498046875,60270400.0,Yahoo Finance,2026-09-21T08:29:09+00:00,2024-05-20
2023-10-04,^FCHI,6996.72998046875,53552300.0,Yahoo Finance,2026-09-21T08:29:09+00:00,2024-05-20
2023-10-05,^FCHI,6998.25,62848100.0,Yahoo Finance,2026-09-21T08:29:09+00:00,2024-05-20
2023-10-06,^FCHI,7060.14990234375,60655400.0,Yahoo Finance,2026-09-21T08:29:09+00:00,2024-05-20
2023-10-09,^FCHI,7021.39990234375,52188000.0,Yahoo Finance,2026-09-21T08:29:09+00:00,2024-05-20
2023-10-10,^FCHI,7162.43017578125,62230600.0,Yahoo Finance,2026-09-21T08:29:09+00:00,2024-05-20
2023-10-11,^FCHI,7131.2099609375,59889100.0,Yahoo Finance,2026-09-21T08:29:09+00:00,2024-05-20
2023-10-12,^FCHI,7104.52978515625,51297700.0,Yahoo Finance,2026-09-21T08:29:09+00:00,2024-05-20
2023-10-13,^FCHI,7003.52978515625,67408900.0,Yahoo Finance,2026-09-21T08:29:09+00:00,2024-05-20
2023-10-16,^FCHI,7022.18994140625,51422100.0,Yahoo Finance,2026-09-21T08:29:09+00:00,2024-05-20
2023-10-17,^FCHI,7029.7001953125,44928500.0,Yahoo Finance,2026-09-21T08:29:09+00:00,2024-05-20
2023-10-18,^FCHI,6965.990234375,49961000.0,Yahoo Finance,2026-09-21T08:29:09+00:00,2024-05-20
2023-10-19,^FCHI,6921.3701171875,62442600.0,Yahoo Finance,2026-09-21T08:29:09+00:00,2024-05-20
2023-10-20,^FCHI,6816.22021484375,79130900.0,Yahoo Finance,2026-09-21T08:29:09+00:00,2024-05-20
2023-10-23,^FCHI,6850.47021484375,53038700.0,Yahoo Finance,2026-09-21T08:29:09+00:00,2024-05-20
2023-10-24,^FCHI,6893.64990234375,58807000.0,Yahoo Finance,2026-09-21T08:29:09+00:00,2024-05-20
2023-10-25,^FCHI,6915.06982421875,69113800.0,Yahoo Finance,2026-09-21T08:29:09+00:00,2024-05-20
2023-10-26,^FCHI,6888.9599609375,71582200.0,Yahoo Finance,2026-09-21T08:29:09+00:00,2024-05-20
2023-10-27,^FCHI,6795.3798828125,68755200.0,Yahoo Finance,2026-09-21T08:29:09+00:00,2024-05-20
2023-10-30,^FCHI,6825.06982421875,59561000.0,Yahoo Finance,2026-09-21T08:29:09+00:00,2024-05-20
2023-10-31,^FCHI,6885.64990234375,66344100.0,Yahoo Finance,2026-09-21T08:29:09+00:00,2024-05-20
2023-11-01,^FCHI,6932.6298828125,50434500.0,Yahoo Finance,2026-09-21T08:29:09+00:00,2024-05-20
2023-11-02,^FCHI,7060.68994140625,67508200.0,Yahoo Finance,2026-09-21T08:29:09+00:00,2024-05-20
2023-11-03,^FCHI,7047.5,67586800.0,Yahoo Finance,2026-09-21T08:29:09+00:00,2024-05-20
2023-11-06,^FCHI,7013.72998046875,49088200.0,Yahoo Finance,2026-09-21T08:29:09+00:00,2024-05-20
2023-11-07,^FCHI,6986.22998046875,55272500.0,Yahoo Finance,2026-09-21T08:29:09+00:00,2024-05-20
2023-11-08,^FCHI,7034.16015625,52404100.0,Yahoo Finance,2026-09-21T08:29:09+00:00,2024-05-20
2023-11-09,^FCHI,7113.66015625,54999000.0,Yahoo Finance,2026-09-21T08:29:09+00:00,2024-05-20
2023-11-10,^FCHI,7045.0400390625,0.0,Yahoo Finance,2026-09-21T08:29:09+00:00,2024-05-20
2023-11-13,^FCHI,7087.06005859375,48080100.0,Yahoo Finance,2026-09-21T08:29:09+00:00,2024-05-20
2023-11-14,^FCHI,7185.68017578125,65725700.0,Yahoo Finance,2026-09-21T08:29:09+00:00,2024-05-20
2023-11-15,^FCHI,7209.60986328125,73269900.0,Yahoo Finance,2026-09-21T08:29:09+00:00,2024-05-20
2023-11-16,^FCHI,7168.39990234375,53810200.0,Yahoo Finance,2026-09-21T08:29:09+00:00,2024-05-20
2023-11-17,^FCHI,7233.91015625,63665900.0,Yahoo Finance,2026-09-21T08:29:09+00:00,2024-05-20
2023-11-20,^FCHI,7246.93017578125,41813900.0,Yahoo Finance,2026-09-21T08:29:09+00:00,2024-05-20
2023-11-21,^FCHI,7229.4501953125,39932500.0,Yahoo Finance,2026-09-21T08:29:09+00:00,2024-05-20
2023-11-22,^FCHI,7260.72998046875,40263400.0,Yahoo Finance,2026-09-21T08:29:09+00:00,2024-05-20
2023-11-23,^FCHI,7277.93017578125,31465600.0,Yahoo Finance,2026-09-21T08:29:09+00:00,2024-05-20
2023-11-24,^FCHI,7292.7998046875,37987800.0,Yahoo Finance,2026-09-21T08:29:09+00:00,2024-05-20
2023-11-27,^FCHI,7265.490234375,38503700.0,Yahoo Finance,2026-09-21T08:29:09+00:00,2024-05-20
2023-11-28,^FCHI,7250.1298828125,42470600.0,Yahoo Finance,2026-09-21T08:29:09+00:00,2024-05-20
2023-11-29,^FCHI,7267.64013671875,53866700.0,Yahoo Finance,2026-09-21T08:29:09+00:00,2024-05-20
2023-11-30,^FCHI,7310.77001953125,126882100.0,Yahoo Finance,2026-09-21T08:29:09+00:00,2024-05-20
2023-12-01,^FCHI,7346.14990234375,53497400.0,Yahoo Finance,2026-09-21T08:29:09+00:00,2024-05-20
2023-12-04,^FCHI,7332.58984375,46578000.0,Yahoo Finance,2026-09-21T08:29:09+00:00,2024-05-20
2023-12-05,^FCHI,7386.990234375,57280900.0,Yahoo Finance,2026-09-21T08:29:09+00:00,2024-05-20
2023-12-06,^FCHI,7435.990234375,60289800.0,Yahoo Finance,2026-09-21T08:29:09+00:00,2024-05-20
2023-12-07,^FCHI,7428.52001953125,52251300.0,Yahoo Finance,2026-09-21T08:29:09+00:00,2024-05-20
2023-12-08,^FCHI,7526.5498046875,59298200.0,Yahoo Finance,2026-09-21T08:29:09+00:00,2024-05-20
2023-12-11,^FCHI,7551.52978515625,50140300.0,Yahoo Finance,2026-09-21T08:29:09+00:00,2024-05-20
2023-12-12,^FCHI,7543.5498046875,51465600.0,Yahoo Finance,2026-09-21T08:29:09+00:00,2024-05-20
2023-12-13,^FCHI,7531.22021484375,62227400.0,Yahoo Finance,2026-09-21T08:29:09+00:00,2024-05-20
2023-12-14,^FCHI,7575.85009765625,91147700.0,Yahoo Finance,2026-09-21T08:29:09+00:00,2024-05-20
2023-12-15,^FCHI,7596.91015625,134492900.0,Yahoo Finance,2026-09-21T08:29:09+00:00,2024-05-20
2023-12-18,^FCHI,7568.85986328125,53706600.0,Yahoo Finance,2026-09-21T08:29:09+00:00,2024-05-20
2023-12-19,^FCHI,7574.669921875,48691300.0,Yahoo Finance,2026-09-21T08:29:09+00:00,2024-05-20
2023-12-20,^FCHI,7583.43017578125,43864700.0,Yahoo Finance,2026-09-21T08:29:09+00:00,2024-05-20
2023-12-21,^FCHI,7571.39990234375,36202800.0,Yahoo Finance,2026-09-21T08:29:09+00:00,2024-05-20
2023-12-22,^FCHI,7568.81982421875,31755700.0,Yahoo Finance,2026-09-21T08:29:09+00:00,2024-05-20
2023-12-27,^FCHI,7571.81982421875,31599200.0,Yahoo Finance,2026-09-21T08:29:09+00:00,2024-05-20
2023-12-28,^FCHI,7535.16015625,31277400.0,Yahoo Finance,2026-09-21T08:29:09+00:00,2024-05-20
2023-12-29,^FCHI,7543.18017578125,27796000.0,Yahoo Finance,2026-09-21T08:29:09+00:00,2024-05-20
2024-01-02,^FCHI,7530.85986328125,43443100.0,Yahoo Finance,2026-09-21T08:29:09+00:00,2024-05-20
2024-01-03,^FCHI,7411.85986328125,63685500.0,Yahoo Finance,2026-09-21T08:29:09+00:00,2024-05-20
2024-01-04,^FCHI,7450.6298828125,51878000.0,Yahoo Finance,2026-09-21T08:29:09+00:00,2024-05-20
2024-01-05,^FCHI,7420.68994140625,43819900.0,Yahoo Finance,2026-09-21T08:29:09+00:00,2024-05-20
2024-01-08,^FCHI,7450.240234375,37426500.0,Yahoo Finance,2026-09-21T08:29:09+00:00,2024-05-20
2024-01-09,^FCHI,7426.6201171875,45159400.0,Yahoo Finance,2026-09-21T08:29:09+00:00,2024-05-20
2024-01-10,^FCHI,7426.080078125,43697000.0,Yahoo Finance,2026-09-21T08:29:09+00:00,2024-05-20
2024-01-11,^FCHI,7387.6201171875,57821000.0,Yahoo Finance,2026-09-21T08:29:09+00:00,2024-05-20
2024-01-12,^FCHI,7465.14013671875,50299100.0,Yahoo Finance,2026-09-21T08:29:09+00:00,2024-05-20
2024-01-15,^FCHI,7411.68017578125,40568900.0,Yahoo Finance,2026-09-21T08:29:09+00:00,2024-05-20
2024-01-16,^FCHI,7398.0,49822800.0,Yahoo Finance,2026-09-21T08:29:09+00:00,2024-05-20
2024-01-17,^FCHI,7318.68994140625,59431200.0,Yahoo Finance,2026-09-21T08:29:09+00:00,2024-05-20
2024-01-18,^FCHI,7401.35009765625,51151100.0,Yahoo Finance,2026-09-21T08:29:09+00:00,2024-05-20
2024-01-19,^FCHI,7371.64013671875,51572100.0,Yahoo Finance,2026-09-21T08:29:09+00:00,2024-05-20
2024-01-22,^FCHI,7413.25,47900000.0,Yahoo Finance,2026-09-21T08:29:09+00:00,2024-05-20
2024-01-23,^FCHI,7388.0400390625,50061200.0,Yahoo Finance,2026-09-21T08:29:09+00:00,2024-05-20
2024-01-24,^FCHI,7455.64013671875,58529300.0,Yahoo Finance,2026-09-21T08:29:09+00:00,2024-05-20
2024-01-25,^FCHI,7464.2001953125,48432800.0,Yahoo Finance,2026-09-21T08:29:09+00:00,2024-05-20
2024-01-26,^FCHI,7634.14013671875,67454400.0,Yahoo Finance,2026-09-21T08:29:09+00:00,2024-05-20
2024-01-29,^FCHI,7640.81005859375,55590300.0,Yahoo Finance,2026-09-21T08:29:09+00:00,2024-05-20
2024-01-30,^FCHI,7677.47021484375,49655300.0,Yahoo Finance,2026-09-21T08:29:09+00:00,2024-05-20
2024-01-31,^FCHI,7656.75,66991100.0,Yahoo Finance,2026-09-21T08:29:09+00:00,2024-05-20
2024-02-01,^FCHI,7588.75,73997400.0,Yahoo Finance,2026-09-21T08:29:09+00:00,2024-05-20
2024-02-02,^FCHI,7592.259765625,54022500.0,Yahoo Finance,2026-09-21T08:29:09+00:00,2024-05-20
2024-02-05,^FCHI,7589.9599609375,51727200.0,Yahoo Finance,2026-09-21T08:29:09+00:00,2024-05-20
2024-02-06,^FCHI,7638.97021484375,56890100.0,Yahoo Finance,2026-09-21T08:29:09+00:00,2024-05-20
2024-02-07,^FCHI,7611.259765625,62951100.0,Yahoo Finance,2026-09-21T08:29:09+00:00,2024-05-20
2024-02-08,^FCHI,7665.6298828125,76648600.0,Yahoo Finance,2026-09-21T08:29:09+00:00,2024-05-20
2024-02-09,^FCHI,7647.52001953125,65846200.0,Yahoo Finance,2026-09-21T08:29:09+00:00,2024-05-20
2024-02-12,^FCHI,7689.7998046875,54098400.0,Yahoo Finance,2026-09-21T08:29:09+00:00,2024-05-20
2024-02-13,^FCHI,7625.31005859375,61423400.0,Yahoo Finance,2026-09-21T08:29:09+00:00,2024-05-20
2024-02-14,^FCHI,7677.35009765625,53510400.0,Yahoo Finance,2026-09-21T08:29:09+00:00,2024-05-20
2024-02-15,^FCHI,7743.419921875,70689400.0,Yahoo Finance,2026-09-21T08:29:09+00:00,2024-05-20
2024-02-16,^FCHI,7768.18017578125,62292000.0,Yahoo Finance,2026-09-21T08:29:09+00:00,2024-05-20
2024-02-19,^FCHI,7768.5498046875,40789600.0,Yahoo Finance,2026-09-21T08:29:09+00:00,2024-05-20
2024-02-20,^FCHI,7795.22021484375,58213500.0,Yahoo Finance,2026-09-21T08:29:09+00:00,2024-05-20
2024-02-21,^FCHI,7812.08984375,56413900.0,Yahoo Finance,2026-09-21T08:29:09+00:00,2024-05-20
2024-02-22,^FCHI,7911.60009765625,69989500.0,Yahoo Finance,2026-09-21T08:29:09+00:00,2024-05-20
2024-02-23,^FCHI,7966.68017578125,56243600.0,Yahoo Finance,2026-09-21T08:29:09+00:00,2024-05-20
2024-02-26,^FCHI,7929.81982421875,50915600.0,Yahoo Finance,2026-09-21T08:29:09+00:00,2024-05-20
2024-02-27,^FCHI,7948.39990234375,50397300.0,Yahoo Finance,2026-09-21T08:29:09+00:00,2024-05-20
2024-02-28,^FCHI,7954.39013671875,52757500.0,Yahoo Finance,2026-09-21T08:29:09+00:00,2024-05-20
2024-02-29,^FCHI,7927.43017578125,108526900.0,Yahoo Finance,2026-09-21T08:29:09+00:00,2024-05-20
2024-03-01,^FCHI,7934.169921875,51109100.0,Yahoo Finance,2026-09-21T08:29:09+00:00,2024-05-20
2024-03-04,^FCHI,7956.41015625,44552100.0,Yahoo Finance,2026-09-21T08:29:09+00:00,2024-05-20
2024-03-05,^FCHI,7932.81982421875,49947000.0,Yahoo Finance,2026-09-21T08:29:09+00:00,2024-05-20
2024-03-06,^FCHI,7954.740234375,53369000.0,Yahoo Finance,2026-09-21T08:29:09+00:00,2024-05-20
2024-03-07,^FCHI,8016.22021484375,63194300.0,Yahoo Finance,2026-09-21T08:29:09+00:00,2024-05-20
2024-03-08,^FCHI,8028.009765625,50762700.0,Yahoo Finance,2026-09-21T08:29:09+00:00,2024-05-20
2024-03-11,^FCHI,8019.72998046875,50594200.0,Yahoo Finance,2026-09-21T08:29:09+00:00,2024-05-20
2024-03-12,^FCHI,8087.47998046875,68922600.0,Yahoo Finance,2026-09-21T08:29:09+00:00,2024-05-20
2024-03-13,^FCHI,8137.580078125,63153200.0,Yahoo Finance,2026-09-21T08:29:09+00:00,2024-05-20
2024-03-14,^FCHI,8161.419921875,62287100.0,Yahoo Finance,2026-09-21T08:29:09+00:00,2024-05-20
2024-03-15,^FCHI,8164.35009765625,151117200.0,Yahoo Finance,2026-09-21T08:29:09+00:00,2024-05-20
2024-03-18,^FCHI,8148.14013671875,44608500.0,Yahoo Finance,2026-09-21T08:29:09+00:00,2024-05-20
2024-03-19,^FCHI,8201.0498046875,51448700.0,Yahoo Finance,2026-09-21T08:29:09+00:00,2024-05-20
2024-03-20,^FCHI,8161.41015625,44956100.0,Yahoo Finance,2026-09-21T08:29:09+00:00,2024-05-20
2024-03-21,^FCHI,8179.72021484375,60104600.0,Yahoo Finance,2026-09-21T08:29:09+00:00,2024-05-20
2024-03-22,^FCHI,8151.919921875,50219300.0,Yahoo Finance,2026-09-21T08:29:09+00:00,2024-05-20
2024-03-25,^FCHI,8151.60009765625,45329300.0,Yahoo Finance,2026-09-21T08:29:09+00:00,2024-05-20
2024-03-26,^FCHI,8184.75,54983800.0,Yahoo Finance,2026-09-21T08:29:09+00:00,2024-05-20
2024-03-27,^FCHI,8204.8095703125,49550700.0,Yahoo Finance,2026-09-21T08:29:09+00:00,2024-05-20
2024-03-28,^FCHI,8205.8095703125,63579600.0,Yahoo Finance,2026-09-21T08:29:09+00:00,2024-05-20
2024-04-02,^FCHI,8130.0498046875,71702800.0,Yahoo Finance,2026-09-21T08:29:09+00:00,2024-05-20
2024-04-03,^FCHI,8153.22998046875,63544700.0,Yahoo Finance,2026-09-21T08:29:09+00:00,2024-05-20
2024-04-04,^FCHI,8151.5498046875,49450700.0,Yahoo Finance,2026-09-21T08:29:09+00:00,2024-05-20
2024-04-05,^FCHI,8061.31005859375,65166400.0,Yahoo Finance,2026-09-21T08:29:09+00:00,2024-05-20
2024-04-08,^FCHI,8119.2998046875,49226900.0,Yahoo Finance,2026-09-21T08:29:09+00:00,2024-05-20
2024-04-09,^FCHI,8049.169921875,52222200.0,Yahoo Finance,2026-09-21T08:29:09+00:00,2024-05-20
2024-04-10,^FCHI,8045.3798828125,56907100.0,Yahoo Finance,2026-09-21T08:29:09+00:00,2024-05-20
2024-04-11,^FCHI,8023.740234375,62259400.0,Yahoo Finance,2026-09-21T08:29:09+00:00,2024-05-20
2024-04-12,^FCHI,8010.830078125,59193000.0,Yahoo Finance,2026-09-21T08:29:09+00:00,2024-05-20
2024-04-15,^FCHI,8045.10986328125,53987200.0,Yahoo Finance,2026-09-21T08:29:09+00:00,2024-05-20
2024-04-16,^FCHI,7932.60986328125,73138700.0,Yahoo Finance,2026-09-21T08:29:09+00:00,2024-05-20
2024-04-17,^FCHI,7981.509765625,59951900.0,Yahoo Finance,2026-09-21T08:29:09+00:00,2024-05-20
2024-04-18,^FCHI,8023.259765625,57583000.0,Yahoo Finance,2026-09-21T08:29:09+00:00,2024-05-20
2024-04-19,^FCHI,8022.41015625,65692000.0,Yahoo Finance,2026-09-21T08:29:09+00:00,2024-05-20
2024-04-22,^FCHI,8040.35986328125,56900500.0,Yahoo Finance,2026-09-21T08:29:09+00:00,2024-05-20
2024-04-23,^FCHI,8105.77978515625,64048300.0,Yahoo Finance,2026-09-21T08:29:09+00:00,2024-05-20
2024-04-24,^FCHI,8091.85986328125,69590900.0,Yahoo Finance,2026-09-21T08:29:09+00:00,2024-05-20
2024-04-25,^FCHI,8016.64990234375,70130400.0,Yahoo Finance,2026-09-21T08:29:09+00:00,2024-05-20
2024-04-26,^FCHI,8088.240234375,65898300.0,Yahoo Finance,2026-09-21T08:29:09+00:00,2024-05-20
2024-04-29,^FCHI,8065.14990234375,55164400.0,Yahoo Finance,2026-09-21T08:29:09+00:00,2024-05-20
2024-04-30,^FCHI,7984.93017578125,76456900.0,Yahoo Finance,2026-09-21T08:29:09+00:00,2024-05-20
2024-05-02,^FCHI,7914.64990234375,75730100.0,Yahoo Finance,2026-09-21T08:29:09+00:00,2024-05-20
2024-05-03,^FCHI,7957.56982421875,69643700.0,Yahoo Finance,2026-09-21T08:29:09+00:00,2024-05-20
2024-05-06,^FCHI,7996.64013671875,43781100.0,Yahoo Finance,2026-09-21T08:29:09+00:00,2024-05-20
2024-05-07,^FCHI,8075.68017578125,58688300.0,Yahoo Finance,2026-09-21T08:29:09+00:00,2024-05-20
2024-05-08,^FCHI,8131.41015625,53988400.0,Yahoo Finance,2026-09-21T08:29:09+00:00,2024-05-20
2024-05-09,^FCHI,8187.64990234375,39071500.0,Yahoo Finance,2026-09-21T08:29:09+00:00,2024-05-20
2024-05-10,^FCHI,8219.1396484375,57091000.0,Yahoo Finance,2026-09-21T08:29:09+00:00,2024-05-20
2024-05-13,^FCHI,8209.2802734375,48113100.0,Yahoo Finance,2026-09-21T08:29:09+00:00,2024-05-20
2024-05-14,^FCHI,8225.7998046875,51519900.0,Yahoo Finance,2026-09-21T08:29:09+00:00,2024-05-20
2024-05-15,^FCHI,8239.990234375,54875300.0,Yahoo Finance,2026-09-21T08:29:09+00:00,2024-05-20
2024-05-16,^FCHI,8188.490234375,50655300.0,Yahoo Finance,2026-09-21T08:29:09+00:00,2024-05-20
2024-05-17,^FCHI,8167.5,63196600.0,Yahoo Finance,2026-09-21T08:29:09+00:00,2024-05-20
2024-05-20,^FCHI,8195.9697265625,34697000.0,Yahoo Finance,2026-09-21T08:29:09+00:00,2024-05-20
2023-04-17,^FTSE,7879.5,665446000.0,Yahoo Finance,2026-09-21T08:29:09+00:00,2024-05-20
2023-04-18,^FTSE,7909.39990234375,531338200.0,Yahoo Finance,2026-09-21T08:29:09+00:00,2024-05-20
2023-04-19,^FTSE,7898.7998046875,506763800.0,Yahoo Finance,2026-09-21T08:29:09+00:00,2024-05-20
2023-04-20,^FTSE,7902.60009765625,918927800.0,Yahoo Finance,2026-09-21T08:29:09+00:00,2024-05-20
2023-04-21,^FTSE,7914.10009765625,631165500.0,Yahoo Finance,2026-09-21T08:29:09+00:00,2024-05-20
2023-04-24,^FTSE,7912.2001953125,724845900.0,Yahoo Finance,2026-09-21T08:29:09+00:00,2024-05-20
2023-04-25,^FTSE,7891.10009765625,657900800.0,Yahoo Finance,2026-09-21T08:29:09+00:00,2024-05-20
2023-04-26,^FTSE,7852.60009765625,902747300.0,Yahoo Finance,2026-09-21T08:29:09+00:00,2024-05-20
2023-04-27,^FTSE,7831.60009765625,669734300.0,Yahoo Finance,2026-09-21T08:29:09+00:00,2024-05-20
2023-04-28,^FTSE,7870.60009765625,945273500.0,Yahoo Finance,2026-09-21T08:29:09+00:00,2024-05-20
2023-05-02,^FTSE,7773.0,1020657900.0,Yahoo Finance,2026-09-21T08:29:09+00:00,2024-05-20
2023-05-03,^FTSE,7788.39990234375,967192800.0,Yahoo Finance,2026-09-21T08:29:09+00:00,2024-05-20
2023-05-04,^FTSE,7702.60009765625,776321800.0,Yahoo Finance,2026-09-21T08:29:09+00:00,2024-05-20
2023-05-05,^FTSE,7778.39990234375,608277200.0,Yahoo Finance,2026-09-21T08:29:09+00:00,2024-05-20
2023-05-09,^FTSE,7764.10009765625,951320100.0,Yahoo Finance,2026-09-21T08:29:09+00:00,2024-05-20
2023-05-10,^FTSE,7741.2998046875,712870600.0,Yahoo Finance,2026-09-21T08:29:09+00:00,2024-05-20
2023-05-11,^FTSE,7730.60009765625,883996400.0,Yahoo Finance,2026-09-21T08:29:09+00:00,2024-05-20
2023-05-12,^FTSE,7754.60009765625,748114500.0,Yahoo Finance,2026-09-21T08:29:09+00:00,2024-05-20
2023-05-15,^FTSE,7777.7001953125,735218600.0,Yahoo Finance,2026-09-21T08:29:09+00:00,2024-05-20
2023-05-16,^FTSE,7751.10009765625,1082316100.0,Yahoo Finance,2026-09-21T08:29:09+00:00,2024-05-20
2023-05-17,^FTSE,7723.2001953125,701763700.0,Yahoo Finance,2026-09-21T08:29:09+00:00,2024-05-20
2023-05-18,^FTSE,7742.2998046875,757218800.0,Yahoo Finance,2026-09-21T08:29:09+00:00,2024-05-20
2023-05-19,^FTSE,7756.89990234375,631941000.0,Yahoo Finance,2026-09-21T08:29:09+00:00,2024-05-20
2023-05-22,^FTSE,7771.0,1205325000.0,Yahoo Finance,2026-09-21T08:29:09+00:00,2024-05-20
2023-05-23,^FTSE,7763.0,698476000.0,Yahoo Finance,2026-09-21T08:29:09+00:00,2024-05-20
2023-05-24,^FTSE,7627.10009765625,989739200.0,Yahoo Finance,2026-09-21T08:29:09+00:00,2024-05-20
2023-05-25,^FTSE,7570.89990234375,725330600.0,Yahoo Finance,2026-09-21T08:29:09+00:00,2024-05-20
2023-05-26,^FTSE,7627.2001953125,817609400.0,Yahoo Finance,2026-09-21T08:29:09+00:00,2024-05-20
2023-05-30,^FTSE,7522.10009765625,856682400.0,Yahoo Finance,2026-09-21T08:29:09+00:00,2024-05-20
2023-05-31,^FTSE,7446.10009765625,2295618500.0,Yahoo Finance,2026-09-21T08:29:09+00:00,2024-05-20
2023-06-01,^FTSE,7490.2998046875,967347300.0,Yahoo Finance,2026-09-21T08:29:09+00:00,2024-05-20
2023-06-02,^FTSE,7607.2998046875,638696900.0,Yahoo Finance,2026-09-21T08:29:09+00:00,2024-05-20
2023-06-05,^FTSE,7600.0,548992900.0,Yahoo Finance,2026-09-21T08:29:09+00:00,2024-05-20
2023-06-06,^FTSE,7628.10009765625,686044700.0,Yahoo Finance,2026-09-21T08:29:09+00:00,2024-05-20
2023-06-07,^FTSE,7624.2998046875,617864100.0,Yahoo Finance,2026-09-21T08:29:09+00:00,2024-05-20
2023-06-08,^FTSE,7599.7001953125,531758500.0,Yahoo Finance,2026-09-21T08:29:09+00:00,2024-05-20
2023-06-09,^FTSE,7562.39990234375,564539300.0,Yahoo Finance,2026-09-21T08:29:09+00:00,2024-05-20
2023-06-12,^FTSE,7570.7001953125,542917600.0,Yahoo Finance,2026-09-21T08:29:09+00:00,2024-05-20
2023-06-13,^FTSE,7594.7998046875,1003241900.0,Yahoo Finance,2026-09-21T08:29:09+00:00,2024-05-20
2023-06-14,^FTSE,7602.7001953125,698184100.0,Yahoo Finance,2026-09-21T08:29:09+00:00,2024-05-20
2023-06-15,^FTSE,7628.2998046875,837993200.0,Yahoo Finance,2026-09-21T08:29:09+00:00,2024-05-20
2023-06-16,^FTSE,7642.7001953125,2009880700.0,Yahoo Finance,2026-09-21T08:29:09+00:00,2024-05-20
2023-06-19,^FTSE,7588.5,439722500.0,Yahoo Finance,2026-09-21T08:29:09+00:00,2024-05-20
2023-06-20,^FTSE,7569.2998046875,584448300.0,Yahoo Finance,2026-09-21T08:29:09+00:00,2024-05-20
2023-06-21,^FTSE,7559.2001953125,611718700.0,Yahoo Finance,2026-09-21T08:29:09+00:00,2024-05-20
2023-06-22,^FTSE,7502.0,677771300.0,Yahoo Finance,2026-09-21T08:29:09+00:00,2024-05-20
2023-06-23,^FTSE,7461.89990234375,621489600.0,Yahoo Finance,2026-09-21T08:29:09+00:00,2024-05-20
2023-06-26,^FTSE,7453.60009765625,850546800.0,Yahoo Finance,2026-09-21T08:29:09+00:00,2024-05-20
2023-06-27,^FTSE,7461.5,674737200.0,Yahoo Finance,2026-09-21T08:29:09+00:00,2024-05-20
2023-06-28,^FTSE,7500.5,642762300.0,Yahoo Finance,2026-09-21T08:29:09+00:00,2024-05-20
2023-06-29,^FTSE,7471.7001953125,609425000.0,Yahoo Finance,2026-09-21T08:29:09+00:00,2024-05-20
2023-06-30,^FTSE,7531.5,729525300.0,Yahoo Finance,2026-09-21T08:29:09+00:00,2024-05-20
2023-07-03,^FTSE,7527.2998046875,533889900.0,Yahoo Finance,2026-09-21T08:29:09+00:00,2024-05-20
2023-07-04,^FTSE,7519.7001953125,664948700.0,Yahoo Finance,2026-09-21T08:29:09+00:00,2024-05-20
2023-07-05,^FTSE,7442.10009765625,765061200.0,Yahoo Finance,2026-09-21T08:29:09+00:00,2024-05-20
2023-07-06,^FTSE,7280.5,744552600.0,Yahoo Finance,2026-09-21T08:29:09+00:00,2024-05-20
2023-07-07,^FTSE,7256.89990234375,494690600.0,Yahoo Finance,2026-09-21T08:29:09+00:00,2024-05-20
2023-07-10,^FTSE,7273.7998046875,428066100.0,Yahoo Finance,2026-09-21T08:29:09+00:00,2024-05-20
2023-07-11,^FTSE,7282.5,790355100.0,Yahoo Finance,2026-09-21T08:29:09+00:00,2024-05-20
2023-07-12,^FTSE,7416.10009765625,994258000.0,Yahoo Finance,2026-09-21T08:29:09+00:00,2024-05-20
2023-07-13,^FTSE,7440.2001953125,584537900.0,Yahoo Finance,2026-09-21T08:29:09+00:00,2024-05-20
2023-07-14,^FTSE,7434.60009765625,620458500.0,Yahoo Finance,2026-09-21T08:29:09+00:00,2024-05-20
2023-07-17,^FTSE,7406.39990234375,439714200.0,Yahoo Finance,2026-09-21T08:29:09+00:00,2024-05-20
2023-07-18,^FTSE,7453.7001953125,464666400.0,Yahoo Finance,2026-09-21T08:29:09+00:00,2024-05-20
2023-07-19,^FTSE,7588.2001953125,888485400.0,Yahoo Finance,2026-09-21T08:29:09+00:00,2024-05-20
2023-07-20,^FTSE,7646.10009765625,637548700.0,Yahoo Finance,2026-09-21T08:29:09+00:00,2024-05-20
2023-07-21,^FTSE,7663.7001953125,506950300.0,Yahoo Finance,2026-09-21T08:29:09+00:00,2024-05-20
2023-07-24,^FTSE,7678.60009765625,521826500.0,Yahoo Finance,2026-09-21T08:29:09+00:00,2024-05-20
2023-07-25,^FTSE,7691.7998046875,444691500.0,Yahoo Finance,2026-09-21T08:29:09+00:00,2024-05-20
2023-07-26,^FTSE,7676.89990234375,807357200.0,Yahoo Finance,2026-09-21T08:29:09+00:00,2024-05-20
2023-07-27,^FTSE,7692.7998046875,963946300.0,Yahoo Finance,2026-09-21T08:29:09+00:00,2024-05-20
2023-07-28,^FTSE,7694.2998046875,713370800.0,Yahoo Finance,2026-09-21T08:29:09+00:00,2024-05-20
2023-07-31,^FTSE,7699.39990234375,594121300.0,Yahoo Finance,2026-09-21T08:29:09+00:00,2024-05-20
2023-08-01,^FTSE,7666.2998046875,557045700.0,Yahoo Finance,2026-09-21T08:29:09+00:00,2024-05-20
2023-08-02,^FTSE,7561.60009765625,746909700.0,Yahoo Finance,2026-09-21T08:29:09+00:00,2024-05-20
2023-08-03,^FTSE,7529.2001953125,1245242400.0,Yahoo Finance,2026-09-21T08:29:09+00:00,2024-05-20
2023-08-04,^FTSE,7564.39990234375,524386200.0,Yahoo Finance,2026-09-21T08:29:09+00:00,2024-05-20
2023-08-07,^FTSE,7554.5,487016200.0,Yahoo Finance,2026-09-21T08:29:09+00:00,2024-05-20
2023-08-08,^FTSE,7527.39990234375,862447700.0,Yahoo Finance,2026-09-21T08:29:09+00:00,2024-05-20
2023-08-09,^FTSE,7587.2998046875,1098862000.0,Yahoo Finance,2026-09-21T08:29:09+00:00,2024-05-20
2023-08-10,^FTSE,7618.60009765625,636901200.0,Yahoo Finance,2026-09-21T08:29:09+00:00,2024-05-20
2023-08-11,^FTSE,7524.2001953125,494679400.0,Yahoo Finance,2026-09-21T08:29:09+00:00,2024-05-20
2023-08-14,^FTSE,7507.2001953125,1154816600.0,Yahoo Finance,2026-09-21T08:29:09+00:00,2024-05-20
2023-08-15,^FTSE,7389.60009765625,463377300.0,Yahoo Finance,2026-09-21T08:29:09+00:00,2024-05-20
2023-08-16,^FTSE,7356.89990234375,687073100.0,Yahoo Finance,2026-09-21T08:29:09+00:00,2024-05-20
2023-08-17,^FTSE,7310.2001953125,438920000.0,Yahoo Finance,2026-09-21T08:29:09+00:00,2024-05-20
2023-08-18,^FTSE,7262.39990234375,571961300.0,Yahoo Finance,2026-09-21T08:29:09+00:00,2024-05-20
2023-08-21,^FTSE,7257.7998046875,469504000.0,Yahoo Finance,2026-09-21T08:29:09+00:00,2024-05-20
2023-08-22,^FTSE,7270.7998046875,747925500.0,Yahoo Finance,2026-09-21T08:29:09+00:00,2024-05-20
2023-08-23,^FTSE,7320.5,909639000.0,Yahoo Finance,2026-09-21T08:29:09+00:00,2024-05-20
2023-08-24,^FTSE,7333.60009765625,377395800.0,Yahoo Finance,2026-09-21T08:29:09+00:00,2024-05-20
2023-08-25,^FTSE,7338.60009765625,372649700.0,Yahoo Finance,2026-09-21T08:29:09+00:00,2024-05-20
2023-08-29,^FTSE,7465.0,1139311100.0,Yahoo Finance,2026-09-21T08:29:09+00:00,2024-05-20
2023-08-30,^FTSE,7473.7001953125,536689700.0,Yahoo Finance,2026-09-21T08:29:09+00:00,2024-05-20
2023-08-31,^FTSE,7439.10009765625,1143207100.0,Yahoo Finance,2026-09-21T08:29:09+00:00,2024-05-20
2023-09-01,^FTSE,7464.5,683056600.0,Yahoo Finance,2026-09-21T08:29:09+00:00,2024-05-20
2023-09-04,^FTSE,7452.7998046875,391662300.0,Yahoo Finance,2026-09-21T08:29:09+00:00,2024-05-20
2023-09-05,^FTSE,7437.89990234375,484546800.0,Yahoo Finance,2026-09-21T08:29:09+00:00,2024-05-20
2023-09-06,^FTSE,7426.10009765625,448751100.0,Yahoo Finance,2026-09-21T08:29:09+00:00,2024-05-20
2023-09-07,^FTSE,7441.7001953125,456225400.0,Yahoo Finance,2026-09-21T08:29:09+00:00,2024-05-20
2023-09-08,^FTSE,7478.2001953125,651366100.0,Yahoo Finance,2026-09-21T08:29:09+00:00,2024-05-20
2023-09-11,^FTSE,7496.89990234375,568717300.0,Yahoo Finance,2026-09-21T08:29:09+00:00,2024-05-20
2023-09-12,^FTSE,7527.5,670632100.0,Yahoo Finance,2026-09-21T08:29:09+00:00,2024-05-20
2023-09-13,^FTSE,7526.0,684595300.0,Yahoo Finance,2026-09-21T08:29:09+00:00,2024-05-20
2023-09-14,^FTSE,7673.10009765625,746569800.0,Yahoo Finance,2026-09-21T08:29:09+00:00,2024-05-20
2023-09-15,^FTSE,7711.39990234375,1804599000.0,Yahoo Finance,2026-09-21T08:29:09+00:00,2024-05-20
2023-09-18,^FTSE,7652.89990234375,463379300.0,Yahoo Finance,2026-09-21T08:29:09+00:00,2024-05-20
2023-09-19,^FTSE,7660.2001953125,595546000.0,Yahoo Finance,2026-09-21T08:29:09+00:00,2024-05-20
2023-09-20,^FTSE,7731.7001953125,806482700.0,Yahoo Finance,2026-09-21T08:29:09+00:00,2024-05-20
2023-09-21,^FTSE,7678.60009765625,1000693700.0,Yahoo Finance,2026-09-21T08:29:09+00:00,2024-05-20
2023-09-22,^FTSE,7683.89990234375,989687600.0,Yahoo Finance,2026-09-21T08:29:09+00:00,2024-05-20
2023-09-25,^FTSE,7624.0,541205000.0,Yahoo Finance,2026-09-21T08:29:09+00:00,2024-05-20
2023-09-26,^FTSE,7625.7001953125,546325000.0,Yahoo Finance,2026-09-21T08:29:09+00:00,2024-05-20
2023-09-27,^FTSE,7593.2001953125,711885200.0,Yahoo Finance,2026-09-21T08:29:09+00:00,2024-05-20
2023-09-28,^FTSE,7601.89990234375,642160800.0,Yahoo Finance,2026-09-21T08:29:09+00:00,2024-05-20
2023-09-29,^FTSE,7608.10009765625,634751900.0,Yahoo Finance,2026-09-21T08:29:09+00:00,2024-05-20
2023-10-02,^FTSE,7510.7001953125,570804100.0,Yahoo Finance,2026-09-21T08:29:09+00:00,2024-05-20
2023-10-03,^FTSE,7470.2001953125,540181100.0,Yahoo Finance,2026-09-21T08:29:09+00:00,2024-05-20
2023-10-04,^FTSE,7412.5,1085406900.0,Yahoo Finance,2026-09-21T08:29:09+00:00,2024-05-20
2023-10-05,^FTSE,7451.5,615457100.0,Yahoo Finance,2026-09-21T08:29:09+00:00,2024-05-20
2023-10-06,^FTSE,7494.60009765625,613195400.0,Yahoo Finance,2026-09-21T08:29:09+00:00,2024-05-20
2023-10-09,^FTSE,7492.2001953125,738697000.0,Yahoo Finance,2026-09-21T08:29:09+00:00,2024-05-20
2023-10-10,^FTSE,7628.2001953125,719653800.0,Yahoo Finance,2026-09-21T08:29:09+00:00,2024-05-20
2023-10-11,^FTSE,7620.0,630293300.0,Yahoo Finance,2026-09-21T08:29:09+00:00,2024-05-20
2023-10-12,^FTSE,7644.7998046875,668028900.0,Yahoo Finance,2026-09-21T08:29:09+00:00,2024-05-20
2023-10-13,^FTSE,7599.60009765625,567783300.0,Yahoo Finance,2026-09-21T08:29:09+00:00,2024-05-20
2023-10-16,^FTSE,7630.60009765625,558336100.0,Yahoo Finance,2026-09-21T08:29:09+00:00,2024-05-20
2023-10-17,^FTSE,7675.2001953125,668852200.0,Yahoo Finance,2026-09-21T08:29:09+00:00,2024-05-20
2023-10-18,^FTSE,7588.0,613430800.0,Yahoo Finance,2026-09-21T08:29:09+00:00,2024-05-20
2023-10-19,^FTSE,7499.5,727252500.0,Yahoo Finance,2026-09-21T08:29:09+00:00,2024-05-20
2023-10-20,^FTSE,7402.10009765625,832451800.0,Yahoo Finance,2026-09-21T08:29:09+00:00,2024-05-20
2023-10-23,^FTSE,7374.7998046875,502765900.0,Yahoo Finance,2026-09-21T08:29:09+00:00,2024-05-20
2023-10-24,^FTSE,7389.7001953125,699266600.0,Yahoo Finance,2026-09-21T08:29:09+00:00,2024-05-20
2023-10-25,^FTSE,7414.2998046875,681751000.0,Yahoo Finance,2026-09-21T08:29:09+00:00,2024-05-20
2023-10-26,^FTSE,7354.60009765625,796762900.0,Yahoo Finance,2026-09-21T08:29:09+00:00,2024-05-20
2023-10-27,^FTSE,7291.2998046875,642603800.0,Yahoo Finance,2026-09-21T08:29:09+00:00,2024-05-20
2023-10-30,^FTSE,7327.39990234375,1011063900.0,Yahoo Finance,2026-09-21T08:29:09+00:00,2024-05-20
2023-10-31,^FTSE,7321.7001953125,809030400.0,Yahoo Finance,2026-09-21T08:29:09+00:00,2024-05-20
2023-11-01,^FTSE,7342.39990234375,764584800.0,Yahoo Finance,2026-09-21T08:29:09+00:00,2024-05-20
2023-11-02,^FTSE,7446.5,978092600.0,Yahoo Finance,2026-09-21T08:29:09+00:00,2024-05-20
2023-11-03,^FTSE,7417.7001953125,750991900.0,Yahoo Finance,2026-09-21T08:29:09+00:00,2024-05-20
2023-11-06,^FTSE,7417.7998046875,781306000.0,Yahoo Finance,2026-09-21T08:29:09+00:00,2024-05-20
2023-11-07,^FTSE,7410.0,592558500.0,Yahoo Finance,2026-09-21T08:29:09+00:00,2024-05-20
2023-11-08,^FTSE,7401.7001953125,686578900.0,Yahoo Finance,2026-09-21T08:29:09+00:00,2024-05-20
2023-11-09,^FTSE,7455.7001953125,657728700.0,Yahoo Finance,2026-09-21T08:29:09+00:00,2024-05-20
2023-11-10,^FTSE,7360.60009765625,837842200.0,Yahoo Finance,2026-09-21T08:29:09+00:00,2024-05-20
2023-11-13,^FTSE,7425.7998046875,649108100.0,Yahoo Finance,2026-09-21T08:29:09+00:00,2024-05-20
2023-11-14,^FTSE,7440.5,934829500.0,Yahoo Finance,2026-09-21T08:29:09+00:00,2024-05-20
2023-11-15,^FTSE,7486.89990234375,741908600.0,Yahoo Finance,2026-09-21T08:29:09+00:00,2024-05-20
2023-11-16,^FTSE,7411.0,798697800.0,Yahoo Finance,2026-09-21T08:29:09+00:00,2024-05-20
2023-11-17,^FTSE,7504.2998046875,668943200.0,Yahoo Finance,2026-09-21T08:29:09+00:00,2024-05-20
2023-11-20,^FTSE,7496.39990234375,466773500.0,Yahoo Finance,2026-09-21T08:29:09+00:00,2024-05-20
2023-11-21,^FTSE,7482.0,533104500.0,Yahoo Finance,2026-09-21T08:29:09+00:00,2024-05-20
2023-11-22,^FTSE,7469.5,637243500.0,Yahoo Finance,2026-09-21T08:29:09+00:00,2024-05-20
2023-11-23,^FTSE,7483.60009765625,610558000.0,Yahoo Finance,2026-09-21T08:29:09+00:00,2024-05-20
2023-11-24,^FTSE,7488.2001953125,530714100.0,Yahoo Finance,2026-09-21T08:29:09+00:00,2024-05-20
2023-11-27,^FTSE,7460.7001953125,399628100.0,Yahoo Finance,2026-09-21T08:29:09+00:00,2024-05-20
2023-11-28,^FTSE,7455.2001953125,610114900.0,Yahoo Finance,2026-09-21T08:29:09+00:00,2024-05-20
2023-11-29,^FTSE,7423.5,532425900.0,Yahoo Finance,2026-09-21T08:29:09+00:00,2024-05-20
2023-11-30,^FTSE,7453.7998046875,1276856800.0,Yahoo Finance,2026-09-21T08:29:09+00:00,2024-05-20
2023-12-01,^FTSE,7529.39990234375,549661500.0,Yahoo Finance,2026-09-21T08:29:09+00:00,2024-05-20
2023-12-04,^FTSE,7513.0,851332900.0,Yahoo Finance,2026-09-21T08:29:09+00:00,2024-05-20
2023-12-05,^FTSE,7489.7998046875,689771600.0,Yahoo Finance,2026-09-21T08:29:09+00:00,2024-05-20
2023-12-06,^FTSE,7515.39990234375,1489645900.0,Yahoo Finance,2026-09-21T08:29:09+00:00,2024-05-20
2023-12-07,^FTSE,7513.7001953125,811058900.0,Yahoo Finance,2026-09-21T08:29:09+00:00,2024-05-20
2023-12-08,^FTSE,7554.5,863626100.0,Yahoo Finance,2026-09-21T08:29:09+00:00,2024-05-20
2023-12-11,^FTSE,7544.89990234375,872408400.0,Yahoo Finance,2026-09-21T08:29:09+00:00,2024-05-20
2023-12-12,^FTSE,7542.7998046875,812300300.0,Yahoo Finance,2026-09-21T08:29:09+00:00,2024-05-20
2023-12-13,^FTSE,7548.39990234375,998797500.0,Yahoo Finance,2026-09-21T08:29:09+00:00,2024-05-20
2023-12-14,^FTSE,7649.0,1517185300.0,Yahoo Finance,2026-09-21T08:29:09+00:00,2024-05-20
2023-12-15,^FTSE,7576.39990234375,1645000000.0,Yahoo Finance,2026-09-21T08:29:09+00:00,2024-05-20
2023-12-18,^FTSE,7614.5,710048700.0,Yahoo Finance,2026-09-21T08:29:09+00:00,2024-05-20
2023-12-19,^FTSE,7638.0,961867300.0,Yahoo Finance,2026-09-21T08:29:09+00:00,2024-05-20
2023-12-20,^FTSE,7715.7001953125,980983700.0,Yahoo Finance,2026-09-21T08:29:09+00:00,2024-05-20
2023-12-21,^FTSE,7694.7001953125,603350200.0,Yahoo Finance,2026-09-21T08:29:09+00:00,2024-05-20
2023-12-22,^FTSE,7697.5,329604400.0,Yahoo Finance,2026-09-21T08:29:09+00:00,2024-05-20
2023-12-27,^FTSE,7725.0,432594200.0,Yahoo Finance,2026-09-21T08:29:09+00:00,2024-05-20
2023-12-28,^FTSE,7722.7001953125,327536200.0,Yahoo Finance,2026-09-21T08:29:09+00:00,2024-05-20
2023-12-29,^FTSE,7733.2001953125,235460600.0,Yahoo Finance,2026-09-21T08:29:09+00:00,2024-05-20
2024-01-02,^FTSE,7721.5,678041300.0,Yahoo Finance,2026-09-21T08:29:09+00:00,2024-05-20
2024-01-03,^FTSE,7682.2998046875,857615300.0,Yahoo Finance,2026-09-21T08:29:09+00:00,2024-05-20
2024-01-04,^FTSE,7723.10009765625,963235800.0,Yahoo Finance,2026-09-21T08:29:09+00:00,2024-05-20
2024-01-05,^FTSE,7689.60009765625,701524000.0,Yahoo Finance,2026-09-21T08:29:09+00:00,2024-05-20
2024-01-08,^FTSE,7694.2001953125,1055586300.0,Yahoo Finance,2026-09-21T08:29:09+00:00,2024-05-20
2024-01-09,^FTSE,7684.0,703141300.0,Yahoo Finance,2026-09-21T08:29:09+00:00,2024-05-20
2024-01-10,^FTSE,7651.7998046875,668838800.0,Yahoo Finance,2026-09-21T08:29:09+00:00,2024-05-20
2024-01-11,^FTSE,7576.60009765625,1306895000.0,Yahoo Finance,2026-09-21T08:29:09+00:00,2024-05-20
2024-01-12,^FTSE,7624.89990234375,794125500.0,Yahoo Finance,2026-09-21T08:29:09+00:00,2024-05-20
2024-01-15,^FTSE,7594.89990234375,740769500.0,Yahoo Finance,2026-09-21T08:29:09+00:00,2024-05-20
2024-01-16,^FTSE,7558.2998046875,1128049600.0,Yahoo Finance,2026-09-21T08:29:09+00:00,2024-05-20
2024-01-17,^FTSE,7446.2998046875,838880100.0,Yahoo Finance,2026-09-21T08:29:09+00:00,2024-05-20
2024-01-18,^FTSE,7459.10009765625,883212400.0,Yahoo Finance,2026-09-21T08:29:09+00:00,2024-05-20
2024-01-19,^FTSE,7461.89990234375,1242202400.0,Yahoo Finance,2026-09-21T08:29:09+00:00,2024-05-20
2024-01-22,^FTSE,7487.7001953125,787927500.0,Yahoo Finance,2026-09-21T08:29:09+00:00,2024-05-20
2024-01-23,^FTSE,7485.7001953125,1048392200.0,Yahoo Finance,2026-09-21T08:29:09+00:00,2024-05-20
2024-01-24,^FTSE,7527.7001953125,869218500.0,Yahoo Finance,2026-09-21T08:29:09+00:00,2024-05-20
2024-01-25,^FTSE,7529.7001953125,735927500.0,Yahoo Finance,2026-09-21T08:29:09+00:00,2024-05-20
2024-01-26,^FTSE,7635.10009765625,1046240900.0,Yahoo Finance,2026-09-21T08:29:09+00:00,2024-05-20
2024-01-29,^FTSE,7632.7001953125,636218800.0,Yahoo Finance,2026-09-21T08:29:09+00:00,2024-05-20
2024-01-30,^FTSE,7666.2998046875,748149200.0,Yahoo Finance,2026-09-21T08:29:09+00:00,2024-05-20
2024-01-31,^FTSE,7630.60009765625,952428700.0,Yahoo Finance,2026-09-21T08:29:09+00:00,2024-05-20
2024-02-01,^FTSE,7622.2001953125,936217800.0,Yahoo Finance,2026-09-21T08:29:09+00:00,2024-05-20
2024-02-02,^FTSE,7615.5,859451400.0,Yahoo Finance,2026-09-21T08:29:09+00:00,2024-05-20
2024-02-05,^FTSE,7612.89990234375,1350635500.0,Yahoo Finance,2026-09-21T08:29:09+00:00,2024-05-20
2024-02-06,^FTSE,7681.0,1499137700.0,Yahoo Finance,2026-09-21T08:29:09+00:00,2024-05-20
2024-02-07,^FTSE,7628.7998046875,985234500.0,Yahoo Finance,2026-09-21T08:29:09+00:00,2024-05-20
2024-02-08,^FTSE,7595.5,709573100.0,Yahoo Finance,2026-09-21T08:29:09+00:00,2024-05-20
2024-02-09,^FTSE,7572.60009765625,1091499500.0,Yahoo Finance,2026-09-21T08:29:09+00:00,2024-05-20
2024-02-12,^FTSE,7573.7001953125,839183300.0,Yahoo Finance,2026-09-21T08:29:09+00:00,2024-05-20
2024-02-13,^FTSE,7512.2998046875,1188999800.0,Yahoo Finance,2026-09-21T08:29:09+00:00,2024-05-20
2024-02-14,^FTSE,7568.39990234375,1209576400.0,Yahoo Finance,2026-09-21T08:29:09+00:00,2024-05-20
2024-02-15,^FTSE,7597.5,850537300.0,Yahoo Finance,2026-09-21T08:29:09+00:00,2024-05-20
2024-02-16,^FTSE,7711.7001953125,1074369500.0,Yahoo Finance,2026-09-21T08:29:09+00:00,2024-05-20
2024-02-19,^FTSE,7728.5,619639600.0,Yahoo Finance,2026-09-21T08:29:09+00:00,2024-05-20
2024-02-20,^FTSE,7719.2001953125,889469600.0,Yahoo Finance,2026-09-21T08:29:09+00:00,2024-05-20
2024-02-21,^FTSE,7662.5,1271802800.0,Yahoo Finance,2026-09-21T08:29:09+00:00,2024-05-20
2024-02-22,^FTSE,7684.5,1408725800.0,Yahoo Finance,2026-09-21T08:29:09+00:00,2024-05-20
2024-02-23,^FTSE,7706.2998046875,1080901500.0,Yahoo Finance,2026-09-21T08:29:09+00:00,2024-05-20
2024-02-26,^FTSE,7684.2998046875,1210391900.0,Yahoo Finance,2026-09-21T08:29:09+00:00,2024-05-20
2024-02-27,^FTSE,7683.0,1132154000.0,Yahoo Finance,2026-09-21T08:29:09+00:00,2024-05-20
2024-02-28,^FTSE,7625.0,1227847900.0,Yahoo Finance,2026-09-21T08:29:09+00:00,2024-05-20
2024-02-29,^FTSE,7630.0,2026489200.0,Yahoo Finance,2026-09-21T08:29:09+00:00,2024-05-20
2024-03-01,^FTSE,7682.5,1307043500.0,Yahoo Finance,2026-09-21T08:29:09+00:00,2024-05-20
2024-03-04,^FTSE,7640.2998046875,1075053400.0,Yahoo Finance,2026-09-21T08:29:09+00:00,2024-05-20
2024-03-05,^FTSE,7646.2001953125,906735400.0,Yahoo Finance,2026-09-21T08:29:09+00:00,2024-05-20
2024-03-06,^FTSE,7679.2998046875,1392688900.0,Yahoo Finance,2026-09-21T08:29:09+00:00,2024-05-20
2024-03-07,^FTSE,7692.5,1470190800.0,Yahoo Finance,2026-09-21T08:29:09+00:00,2024-05-20
2024-03-08,^FTSE,7659.7001953125,927297500.0,Yahoo Finance,2026-09-21T08:29:09+00:00,2024-05-20
2024-03-11,^FTSE,7669.2001953125,1203377500.0,Yahoo Finance,2026-09-21T08:29:09+00:00,2024-05-20
2024-03-12,^FTSE,7747.7998046875,1136566100.0,Yahoo Finance,2026-09-21T08:29:09+00:00,2024-05-20
2024-03-13,^FTSE,7772.2001953125,1336746300.0,Yahoo Finance,2026-09-21T08:29:09+00:00,2024-05-20
2024-03-14,^FTSE,7743.2001953125,973121100.0,Yahoo Finance,2026-09-21T08:29:09+00:00,2024-05-20
2024-03-15,^FTSE,7727.39990234375,2813498300.0,Yahoo Finance,2026-09-21T08:29:09+00:00,2024-05-20
2024-03-18,^FTSE,7722.60009765625,1034442400.0,Yahoo Finance,2026-09-21T08:29:09+00:00,2024-05-20
2024-03-19,^FTSE,7738.2998046875,1085005200.0,Yahoo Finance,2026-09-21T08:29:09+00:00,2024-05-20
2024-03-20,^FTSE,7737.39990234375,1032409800.0,Yahoo Finance,2026-09-21T08:29:09+00:00,2024-05-20
2024-03-21,^FTSE,7882.60009765625,1352537800.0,Yahoo Finance,2026-09-21T08:29:09+00:00,2024-05-20
2024-03-22,^FTSE,7930.89990234375,1056237300.0,Yahoo Finance,2026-09-21T08:29:09+00:00,2024-05-20
2024-03-25,^FTSE,7917.60009765625,1070739800.0,Yahoo Finance,2026-09-21T08:29:09+00:00,2024-05-20
2024-03-26,^FTSE,7931.0,1278455500.0,Yahoo Finance,2026-09-21T08:29:09+00:00,2024-05-20
2024-03-27,^FTSE,7932.0,1017867800.0,Yahoo Finance,2026-09-21T08:29:09+00:00,2024-05-20
2024-03-28,^FTSE,7952.60009765625,1051189700.0,Yahoo Finance,2026-09-21T08:29:09+00:00,2024-05-20
2024-04-02,^FTSE,7935.10009765625,1126449500.0,Yahoo Finance,2026-09-21T08:29:09+00:00,2024-05-20
2024-04-03,^FTSE,7937.39990234375,1131676800.0,Yahoo Finance,2026-09-21T08:29:09+00:00,2024-05-20
2024-04-04,^FTSE,7975.89990234375,1138495500.0,Yahoo Finance,2026-09-21T08:29:09+00:00,2024-05-20
2024-04-05,^FTSE,7911.2001953125,951509100.0,Yahoo Finance,2026-09-21T08:29:09+00:00,2024-05-20
2024-04-08,^FTSE,7943.5,847327700.0,Yahoo Finance,2026-09-21T08:29:09+00:00,2024-05-20
2024-04-09,^FTSE,7934.7998046875,1000931200.0,Yahoo Finance,2026-09-21T08:29:09+00:00,2024-05-20
2024-04-10,^FTSE,7961.2001953125,1207706000.0,Yahoo Finance,2026-09-21T08:29:09+00:00,2024-05-20
2024-04-11,^FTSE,7923.7998046875,1197883800.0,Yahoo Finance,2026-09-21T08:29:09+00:00,2024-05-20
2024-04-12,^FTSE,7995.60009765625,937766700.0,Yahoo Finance,2026-09-21T08:29:09+00:00,2024-05-20
2024-04-15,^FTSE,7965.5,820441500.0,Yahoo Finance,2026-09-21T08:29:09+00:00,2024-05-20
2024-04-16,^FTSE,7820.39990234375,1058250300.0,Yahoo Finance,2026-09-21T08:29:09+00:00,2024-05-20
2024-04-17,^FTSE,7848.0,939573900.0,Yahoo Finance,2026-09-21T08:29:09+00:00,2024-05-20
2024-04-18,^FTSE,7877.10009765625,1222486300.0,Yahoo Finance,2026-09-21T08:29:09+00:00,2024-05-20
2024-04-19,^FTSE,7895.89990234375,982567400.0,Yahoo Finance,2026-09-21T08:29:09+00:00,2024-05-20
2024-04-22,^FTSE,8023.89990234375,1085332800.0,Yahoo Finance,2026-09-21T08:29:09+00:00,2024-05-20
2024-04-23,^FTSE,8044.7998046875,1082600700.0,Yahoo Finance,2026-09-21T08:29:09+00:00,2024-05-20
2024-04-24,^FTSE,8040.39990234375,1420290700.0,Yahoo Finance,2026-09-21T08:29:09+00:00,2024-05-20
2024-04-25,^FTSE,8078.89990234375,1224259900.0,Yahoo Finance,2026-09-21T08:29:09+00:00,2024-05-20
2024-04-26,^FTSE,8139.7998046875,904872200.0,Yahoo Finance,2026-09-21T08:29:09+00:00,2024-05-20
2024-04-29,^FTSE,8147.0,759963000.0,Yahoo Finance,2026-09-21T08:29:09+00:00,2024-05-20
2024-04-30,^FTSE,8144.10009765625,868339500.0,Yahoo Finance,2026-09-21T08:29:09+00:00,2024-05-20
2024-05-01,^FTSE,8121.2001953125,562235500.0,Yahoo Finance,2026-09-21T08:29:09+00:00,2024-05-20
2024-05-02,^FTSE,8172.2001953125,919730600.0,Yahoo Finance,2026-09-21T08:29:09+00:00,2024-05-20
2024-05-03,^FTSE,8213.5,658456400.0,Yahoo Finance,2026-09-21T08:29:09+00:00,2024-05-20
2024-05-07,^FTSE,8313.7001953125,1220562500.0,Yahoo Finance,2026-09-21T08:29:09+00:00,2024-05-20
2024-05-08,^FTSE,8354.099609375,1272316300.0,Yahoo Finance,2026-09-21T08:29:09+00:00,2024-05-20
2024-05-09,^FTSE,8381.400390625,1079046000.0,Yahoo Finance,2026-09-21T08:29:09+00:00,2024-05-20
2024-05-10,^FTSE,8433.7998046875,698222200.0,Yahoo Finance,2026-09-21T08:29:09+00:00,2024-05-20
2024-05-13,^FTSE,8415.0,974791500.0,Yahoo Finance,2026-09-21T08:29:09+00:00,2024-05-20
2024-05-14,^FTSE,8428.099609375,1160778700.0,Yahoo Finance,2026-09-21T08:29:09+00:00,2024-05-20
2024-05-15,^FTSE,8445.7998046875,1112620600.0,Yahoo Finance,2026-09-21T08:29:09+00:00,2024-05-20
2024-05-16,^FTSE,8438.7001953125,889766900.0,Yahoo Finance,2026-09-21T08:29:09+00:00,2024-05-20
2024-05-17,^FTSE,8420.2998046875,1034395100.0,Yahoo Finance,2026-09-21T08:29:09+00:00,2024-05-20
2024-05-20,^FTSE,8424.2001953125,739021000.0,Yahoo Finance,2026-09-21T08:29:09+00:00,2024-05-20
2023-04-17,^GDAXI,15789.5302734375,60200000.0,Yahoo Finance,2026-09-21T08:29:09+00:00,2024-05-20
2023-04-18,^GDAXI,15882.669921875,63384400.0,Yahoo Finance,2026-09-21T08:29:09+00:00,2024-05-20
2023-04-19,^GDAXI,15895.2001953125,55122300.0,Yahoo Finance,2026-09-21T08:29:09+00:00,2024-05-20
2023-04-20,^GDAXI,15795.9697265625,74754500.0,Yahoo Finance,2026-09-21T08:29:09+00:00,2024-05-20
2023-04-21,^GDAXI,15881.66015625,77403200.0,Yahoo Finance,2026-09-21T08:29:09+00:00,2024-05-20
2023-04-24,^GDAXI,15863.9501953125,50552200.0,Yahoo Finance,2026-09-21T08:29:09+00:00,2024-05-20
2023-04-25,^GDAXI,15872.1298828125,66489300.0,Yahoo Finance,2026-09-21T08:29:09+00:00,2024-05-20
2023-04-26,^GDAXI,15795.73046875,74374600.0,Yahoo Finance,2026-09-21T08:29:09+00:00,2024-05-20
2023-04-27,^GDAXI,15800.4501953125,79622200.0,Yahoo Finance,2026-09-21T08:29:09+00:00,2024-05-20
2023-04-28,^GDAXI,15922.3798828125,91511200.0,Yahoo Finance,2026-09-21T08:29:09+00:00,2024-05-20
2023-05-02,^GDAXI,15726.9404296875,80224800.0,Yahoo Finance,2026-09-21T08:29:09+00:00,2024-05-20
2023-05-03,^GDAXI,15815.0595703125,61988400.0,Yahoo Finance,2026-09-21T08:29:09+00:00,2024-05-20
2023-05-04,^GDAXI,15734.240234375,81687600.0,Yahoo Finance,2026-09-21T08:29:09+00:00,2024-05-20
2023-05-05,^GDAXI,15961.01953125,69955200.0,Yahoo Finance,2026-09-21T08:29:09+00:00,2024-05-20
2023-05-08,^GDAXI,15952.830078125,40927300.0,Yahoo Finance,2026-09-21T08:29:09+00:00,2024-05-20
2023-05-09,^GDAXI,15955.48046875,60426400.0,Yahoo Finance,2026-09-21T08:29:09+00:00,2024-05-20
2023-05-10,^GDAXI,15896.23046875,67473800.0,Yahoo Finance,2026-09-21T08:29:09+00:00,2024-05-20
2023-05-11,^GDAXI,15834.91015625,67890500.0,Yahoo Finance,2026-09-21T08:29:09+00:00,2024-05-20
2023-05-12,^GDAXI,15913.8203125,62915400.0,Yahoo Finance,2026-09-21T08:29:09+00:00,2024-05-20
2023-05-15,^GDAXI,15917.240234375,53099400.0,Yahoo Finance,2026-09-21T08:29:09+00:00,2024-05-20
2023-05-16,^GDAXI,15897.9296875,63874300.0,Yahoo Finance,2026-09-21T08:29:09+00:00,2024-05-20
2023-05-17,^GDAXI,15951.2998046875,89827900.0,Yahoo Finance,2026-09-21T08:29:09+00:00,2024-05-20
2023-05-18,^GDAXI,16163.3603515625,73640100.0,Yahoo Finance,2026-09-21T08:29:09+00:00,2024-05-20
2023-05-19,^GDAXI,16275.3798828125,90102600.0,Yahoo Finance,2026-09-21T08:29:09+00:00,2024-05-20
2023-05-22,^GDAXI,16223.990234375,54200300.0,Yahoo Finance,2026-09-21T08:29:09+00:00,2024-05-20
2023-05-23,^GDAXI,16152.8603515625,56755000.0,Yahoo Finance,2026-09-21T08:29:09+00:00,2024-05-20
2023-05-24,^GDAXI,15842.1298828125,65922900.0,Yahoo Finance,2026-09-21T08:29:09+00:00,2024-05-20
2023-05-25,^GDAXI,15793.7998046875,66145400.0,Yahoo Finance,2026-09-21T08:29:09+00:00,2024-05-20
2023-05-26,^GDAXI,15983.9697265625,57308100.0,Yahoo Finance,2026-09-21T08:29:09+00:00,2024-05-20
2023-05-29,^GDAXI,15952.73046875,24247000.0,Yahoo Finance,2026-09-21T08:29:09+00:00,2024-05-20
2023-05-30,^GDAXI,15908.91015625,54563500.0,Yahoo Finance,2026-09-21T08:29:09+00:00,2024-05-20
2023-05-31,^GDAXI,15664.01953125,172555100.0,Yahoo Finance,2026-09-21T08:29:09+00:00,2024-05-20
2023-06-01,^GDAXI,15853.66015625,55198400.0,Yahoo Finance,2026-09-21T08:29:09+00:00,2024-05-20
2023-06-02,^GDAXI,16051.23046875,96604000.0,Yahoo Finance,2026-09-21T08:29:09+00:00,2024-05-20
2023-06-05,^GDAXI,15963.8896484375,63777600.0,Yahoo Finance,2026-09-21T08:29:09+00:00,2024-05-20
2023-06-06,^GDAXI,15992.4404296875,52413000.0,Yahoo Finance,2026-09-21T08:29:09+00:00,2024-05-20
2023-06-07,^GDAXI,15960.5595703125,67870200.0,Yahoo Finance,2026-09-21T08:29:09+00:00,2024-05-20
2023-06-08,^GDAXI,15989.9599609375,59532100.0,Yahoo Finance,2026-09-21T08:29:09+00:00,2024-05-20
2023-06-09,^GDAXI,15949.83984375,58242200.0,Yahoo Finance,2026-09-21T08:29:09+00:00,2024-05-20
2023-06-12,^GDAXI,16097.8701171875,61393600.0,Yahoo Finance,2026-09-21T08:29:09+00:00,2024-05-20
2023-06-13,^GDAXI,16230.6796875,72345000.0,Yahoo Finance,2026-09-21T08:29:09+00:00,2024-05-20
2023-06-14,^GDAXI,16310.7900390625,75755600.0,Yahoo Finance,2026-09-21T08:29:09+00:00,2024-05-20
2023-06-15,^GDAXI,16290.1201171875,80150500.0,Yahoo Finance,2026-09-21T08:29:09+00:00,2024-05-20
2023-06-16,^GDAXI,16357.6298828125,211233000.0,Yahoo Finance,2026-09-21T08:29:09+00:00,2024-05-20
2023-06-19,^GDAXI,16201.2001953125,52459700.0,Yahoo Finance,2026-09-21T08:29:09+00:00,2024-05-20
2023-06-20,^GDAXI,16111.3203125,68396400.0,Yahoo Finance,2026-09-21T08:29:09+00:00,2024-05-20
2023-06-21,^GDAXI,16023.1298828125,62212100.0,Yahoo Finance,2026-09-21T08:29:09+00:00,2024-05-20
2023-06-22,^GDAXI,15988.16015625,65000700.0,Yahoo Finance,2026-09-21T08:29:09+00:00,2024-05-20
2023-06-23,^GDAXI,15829.9404296875,108856500.0,Yahoo Finance,2026-09-21T08:29:09+00:00,2024-05-20
2023-06-26,^GDAXI,15813.0595703125,72427600.0,Yahoo Finance,2026-09-21T08:29:09+00:00,2024-05-20
2023-06-27,^GDAXI,15846.8603515625,63273400.0,Yahoo Finance,2026-09-21T08:29:09+00:00,2024-05-20
2023-06-28,^GDAXI,15949.0,69914300.0,Yahoo Finance,2026-09-21T08:29:09+00:00,2024-05-20
2023-06-29,^GDAXI,15946.7197265625,54568800.0,Yahoo Finance,2026-09-21T08:29:09+00:00,2024-05-20
2023-06-30,^GDAXI,16147.900390625,85583300.0,Yahoo Finance,2026-09-21T08:29:09+00:00,2024-05-20
2023-07-03,^GDAXI,16081.0400390625,52047600.0,Yahoo Finance,2026-09-21T08:29:09+00:00,2024-05-20
2023-07-04,^GDAXI,16039.169921875,42493900.0,Yahoo Finance,2026-09-21T08:29:09+00:00,2024-05-20
2023-07-05,^GDAXI,15937.580078125,66456400.0,Yahoo Finance,2026-09-21T08:29:09+00:00,2024-05-20
2023-07-06,^GDAXI,15528.5400390625,80363000.0,Yahoo Finance,2026-09-21T08:29:09+00:00,2024-05-20
2023-07-07,^GDAXI,15603.400390625,67259700.0,Yahoo Finance,2026-09-21T08:29:09+00:00,2024-05-20
2023-07-10,^GDAXI,15673.16015625,53384600.0,Yahoo Finance,2026-09-21T08:29:09+00:00,2024-05-20
2023-07-11,^GDAXI,15790.33984375,60828200.0,Yahoo Finance,2026-09-21T08:29:09+00:00,2024-05-20
2023-07-12,^GDAXI,16023.0,72341400.0,Yahoo Finance,2026-09-21T08:29:09+00:00,2024-05-20
2023-07-13,^GDAXI,16141.0302734375,64992600.0,Yahoo Finance,2026-09-21T08:29:09+00:00,2024-05-20
2023-07-14,^GDAXI,16105.0703125,61718900.0,Yahoo Finance,2026-09-21T08:29:09+00:00,2024-05-20
2023-07-17,^GDAXI,16068.650390625,45553500.0,Yahoo Finance,2026-09-21T08:29:09+00:00,2024-05-20
2023-07-18,^GDAXI,16125.490234375,56765300.0,Yahoo Finance,2026-09-21T08:29:09+00:00,2024-05-20
2023-07-19,^GDAXI,16108.9296875,62950200.0,Yahoo Finance,2026-09-21T08:29:09+00:00,2024-05-20
2023-07-20,^GDAXI,16204.2197265625,66295300.0,Yahoo Finance,2026-09-21T08:29:09+00:00,2024-05-20
2023-07-21,^GDAXI,16177.2197265625,69913700.0,Yahoo Finance,2026-09-21T08:29:09+00:00,2024-05-20
2023-07-24,^GDAXI,16190.9501953125,51532000.0,Yahoo Finance,2026-09-21T08:29:09+00:00,2024-05-20
2023-07-25,^GDAXI,16211.58984375,56468900.0,Yahoo Finance,2026-09-21T08:29:09+00:00,2024-05-20
2023-07-26,^GDAXI,16131.4599609375,76242600.0,Yahoo Finance,2026-09-21T08:29:09+00:00,2024-05-20
2023-07-27,^GDAXI,16406.029296875,96512200.0,Yahoo Finance,2026-09-21T08:29:09+00:00,2024-05-20
2023-07-28,^GDAXI,16469.75,70297300.0,Yahoo Finance,2026-09-21T08:29:09+00:00,2024-05-20
2023-07-31,^GDAXI,16446.830078125,60748100.0,Yahoo Finance,2026-09-21T08:29:09+00:00,2024-05-20
2023-08-01,^GDAXI,16240.400390625,63456600.0,Yahoo Finance,2026-09-21T08:29:09+00:00,2024-05-20
2023-08-02,^GDAXI,16020.01953125,74404800.0,Yahoo Finance,2026-09-21T08:29:09+00:00,2024-05-20
2023-08-03,^GDAXI,15893.3798828125,82642000.0,Yahoo Finance,2026-09-21T08:29:09+00:00,2024-05-20
2023-08-04,^GDAXI,15951.8603515625,77046600.0,Yahoo Finance,2026-09-21T08:29:09+00:00,2024-05-20
2023-08-07,^GDAXI,15950.759765625,68246900.0,Yahoo Finance,2026-09-21T08:29:09+00:00,2024-05-20
2023-08-08,^GDAXI,15774.9296875,80939300.0,Yahoo Finance,2026-09-21T08:29:09+00:00,2024-05-20
2023-08-09,^GDAXI,15852.580078125,65516200.0,Yahoo Finance,2026-09-21T08:29:09+00:00,2024-05-20
2023-08-10,^GDAXI,15996.51953125,74907500.0,Yahoo Finance,2026-09-21T08:29:09+00:00,2024-05-20
2023-08-11,^GDAXI,15832.169921875,60296700.0,Yahoo Finance,2026-09-21T08:29:09+00:00,2024-05-20
2023-08-14,^GDAXI,15904.25,43608500.0,Yahoo Finance,2026-09-21T08:29:09+00:00,2024-05-20
2023-08-15,^GDAXI,15767.2802734375,45352200.0,Yahoo Finance,2026-09-21T08:29:09+00:00,2024-05-20
2023-08-16,^GDAXI,15789.4501953125,39651700.0,Yahoo Finance,2026-09-21T08:29:09+00:00,2024-05-20
2023-08-17,^GDAXI,15676.900390625,48603400.0,Yahoo Finance,2026-09-21T08:29:09+00:00,2024-05-20
2023-08-18,^GDAXI,15574.259765625,59909500.0,Yahoo Finance,2026-09-21T08:29:09+00:00,2024-05-20
2023-08-21,^GDAXI,15603.2802734375,45251100.0,Yahoo Finance,2026-09-21T08:29:09+00:00,2024-05-20
2023-08-22,^GDAXI,15705.6201171875,42807400.0,Yahoo Finance,2026-09-21T08:29:09+00:00,2024-05-20
2023-08-23,^GDAXI,15728.41015625,53425400.0,Yahoo Finance,2026-09-21T08:29:09+00:00,2024-05-20
2023-08-24,^GDAXI,15621.490234375,48251600.0,Yahoo Finance,2026-09-21T08:29:09+00:00,2024-05-20
2023-08-25,^GDAXI,15631.8203125,44315200.0,Yahoo Finance,2026-09-21T08:29:09+00:00,2024-05-20
2023-08-28,^GDAXI,15792.6103515625,43473300.0,Yahoo Finance,2026-09-21T08:29:09+00:00,2024-05-20
2023-08-29,^GDAXI,15930.8798828125,49760000.0,Yahoo Finance,2026-09-21T08:29:09+00:00,2024-05-20
2023-08-30,^GDAXI,15891.9296875,49478600.0,Yahoo Finance,2026-09-21T08:29:09+00:00,2024-05-20
2023-08-31,^GDAXI,15947.080078125,92766900.0,Yahoo Finance,2026-09-21T08:29:09+00:00,2024-05-20
2023-09-01,^GDAXI,15840.33984375,54045200.0,Yahoo Finance,2026-09-21T08:29:09+00:00,2024-05-20
2023-09-04,^GDAXI,15824.849609375,34752500.0,Yahoo Finance,2026-09-21T08:29:09+00:00,2024-05-20
2023-09-05,^GDAXI,15771.7099609375,73334000.0,Yahoo Finance,2026-09-21T08:29:09+00:00,2024-05-20
2023-09-06,^GDAXI,15741.3701171875,63047100.0,Yahoo Finance,2026-09-21T08:29:09+00:00,2024-05-20
2023-09-07,^GDAXI,15718.66015625,59410800.0,Yahoo Finance,2026-09-21T08:29:09+00:00,2024-05-20
2023-09-08,^GDAXI,15740.2998046875,63810400.0,Yahoo Finance,2026-09-21T08:29:09+00:00,2024-05-20
2023-09-11,^GDAXI,15800.990234375,65431300.0,Yahoo Finance,2026-09-21T08:29:09+00:00,2024-05-20
2023-09-12,^GDAXI,15715.5302734375,58026400.0,Yahoo Finance,2026-09-21T08:29:09+00:00,2024-05-20
2023-09-13,^GDAXI,15654.0302734375,68861200.0,Yahoo Finance,2026-09-21T08:29:09+00:00,2024-05-20
2023-09-14,^GDAXI,15805.2900390625,77633300.0,Yahoo Finance,2026-09-21T08:29:09+00:00,2024-05-20
2023-09-15,^GDAXI,15893.5302734375,179829200.0,Yahoo Finance,2026-09-21T08:29:09+00:00,2024-05-20
2023-09-18,^GDAXI,15727.1201171875,58899600.0,Yahoo Finance,2026-09-21T08:29:09+00:00,2024-05-20
2023-09-19,^GDAXI,15664.48046875,53581800.0,Yahoo Finance,2026-09-21T08:29:09+00:00,2024-05-20
2023-09-20,^GDAXI,15781.58984375,54733100.0,Yahoo Finance,2026-09-21T08:29:09+00:00,2024-05-20
2023-09-21,^GDAXI,15571.8603515625,65995100.0,Yahoo Finance,2026-09-21T08:29:09+00:00,2024-05-20
2023-09-22,^GDAXI,15557.2900390625,70200200.0,Yahoo Finance,2026-09-21T08:29:09+00:00,2024-05-20
2023-09-25,^GDAXI,15405.490234375,64522900.0,Yahoo Finance,2026-09-21T08:29:09+00:00,2024-05-20
2023-09-26,^GDAXI,15255.8701171875,69660000.0,Yahoo Finance,2026-09-21T08:29:09+00:00,2024-05-20
2023-09-27,^GDAXI,15217.4501953125,72319500.0,Yahoo Finance,2026-09-21T08:29:09+00:00,2024-05-20
2023-09-28,^GDAXI,15323.5,60119100.0,Yahoo Finance,2026-09-21T08:29:09+00:00,2024-05-20
2023-09-29,^GDAXI,15386.580078125,110121500.0,Yahoo Finance,2026-09-21T08:29:09+00:00,2024-05-20
2023-10-02,^GDAXI,15247.2099609375,61416800.0,Yahoo Finance,2026-09-21T08:29:09+00:00,2024-05-20
2023-10-03,^GDAXI,15085.2099609375,64881000.0,Yahoo Finance,2026-09-21T08:29:09+00:00,2024-05-20
2023-10-04,^GDAXI,15099.919921875,75006400.0,Yahoo Finance,2026-09-21T08:29:09+00:00,2024-05-20
2023-10-05,^GDAXI,15070.2197265625,47650800.0,Yahoo Finance,2026-09-21T08:29:09+00:00,2024-05-20
2023-10-06,^GDAXI,15229.76953125,65528500.0,Yahoo Finance,2026-09-21T08:29:09+00:00,2024-05-20
2023-10-09,^GDAXI,15128.1103515625,52471000.0,Yahoo Finance,2026-09-21T08:29:09+00:00,2024-05-20
2023-10-10,^GDAXI,15423.51953125,62641300.0,Yahoo Finance,2026-09-21T08:29:09+00:00,2024-05-20
2023-10-11,^GDAXI,15460.009765625,65776100.0,Yahoo Finance,2026-09-21T08:29:09+00:00,2024-05-20
2023-10-12,^GDAXI,15425.0302734375,52453700.0,Yahoo Finance,2026-09-21T08:29:09+00:00,2024-05-20
2023-10-13,^GDAXI,15186.66015625,63240100.0,Yahoo Finance,2026-09-21T08:29:09+00:00,2024-05-20
2023-10-16,^GDAXI,15237.990234375,55502000.0,Yahoo Finance,2026-09-21T08:29:09+00:00,2024-05-20
2023-10-17,^GDAXI,15251.6904296875,49443000.0,Yahoo Finance,2026-09-21T08:29:09+00:00,2024-05-20
2023-10-18,^GDAXI,15094.91015625,62492400.0,Yahoo Finance,2026-09-21T08:29:09+00:00,2024-05-20
2023-10-19,^GDAXI,15045.23046875,69923300.0,Yahoo Finance,2026-09-21T08:29:09+00:00,2024-05-20
2023-10-20,^GDAXI,14798.4697265625,90638400.0,Yahoo Finance,2026-09-21T08:29:09+00:00,2024-05-20
2023-10-23,^GDAXI,14800.7197265625,61261000.0,Yahoo Finance,2026-09-21T08:29:09+00:00,2024-05-20
2023-10-24,^GDAXI,14879.9404296875,62022100.0,Yahoo Finance,2026-09-21T08:29:09+00:00,2024-05-20
2023-10-25,^GDAXI,14892.1796875,88086100.0,Yahoo Finance,2026-09-21T08:29:09+00:00,2024-05-20
2023-10-26,^GDAXI,14731.0498046875,121803600.0,Yahoo Finance,2026-09-21T08:29:09+00:00,2024-05-20
2023-10-27,^GDAXI,14687.41015625,86539200.0,Yahoo Finance,2026-09-21T08:29:09+00:00,2024-05-20
2023-10-30,^GDAXI,14716.5400390625,76179000.0,Yahoo Finance,2026-09-21T08:29:09+00:00,2024-05-20
2023-10-31,^GDAXI,14810.33984375,75370200.0,Yahoo Finance,2026-09-21T08:29:09+00:00,2024-05-20
2023-11-01,^GDAXI,14923.26953125,63588700.0,Yahoo Finance,2026-09-21T08:29:09+00:00,2024-05-20
2023-11-02,^GDAXI,15143.599609375,89446500.0,Yahoo Finance,2026-09-21T08:29:09+00:00,2024-05-20
2023-11-03,^GDAXI,15189.25,93603800.0,Yahoo Finance,2026-09-21T08:29:09+00:00,2024-05-20
2023-11-06,^GDAXI,15135.9697265625,59212500.0,Yahoo Finance,2026-09-21T08:29:09+00:00,2024-05-20
2023-11-07,^GDAXI,15152.6396484375,62049600.0,Yahoo Finance,2026-09-21T08:29:09+00:00,2024-05-20
2023-11-08,^GDAXI,15229.599609375,107586700.0,Yahoo Finance,2026-09-21T08:29:09+00:00,2024-05-20
2023-11-09,^GDAXI,15352.5400390625,68377100.0,Yahoo Finance,2026-09-21T08:29:09+00:00,2024-05-20
2023-11-10,^GDAXI,15234.3896484375,77014100.0,Yahoo Finance,2026-09-21T08:29:09+00:00,2024-05-20
2023-11-13,^GDAXI,15345.0,65170400.0,Yahoo Finance,2026-09-21T08:29:09+00:00,2024-05-20
2023-11-14,^GDAXI,15614.4296875,98894400.0,Yahoo Finance,2026-09-21T08:29:09+00:00,2024-05-20
2023-11-15,^GDAXI,15748.169921875,91670700.0,Yahoo Finance,2026-09-21T08:29:09+00:00,2024-05-20
2023-11-16,^GDAXI,15786.6103515625,68438900.0,Yahoo Finance,2026-09-21T08:29:09+00:00,2024-05-20
2023-11-17,^GDAXI,15919.16015625,81125800.0,Yahoo Finance,2026-09-21T08:29:09+00:00,2024-05-20
2023-11-20,^GDAXI,15901.330078125,93605500.0,Yahoo Finance,2026-09-21T08:29:09+00:00,2024-05-20
2023-11-21,^GDAXI,15900.5302734375,70926900.0,Yahoo Finance,2026-09-21T08:29:09+00:00,2024-05-20
2023-11-22,^GDAXI,15957.8203125,58757800.0,Yahoo Finance,2026-09-21T08:29:09+00:00,2024-05-20
2023-11-23,^GDAXI,15994.73046875,38717400.0,Yahoo Finance,2026-09-21T08:29:09+00:00,2024-05-20
2023-11-24,^GDAXI,16029.490234375,46227600.0,Yahoo Finance,2026-09-21T08:29:09+00:00,2024-05-20
2023-11-27,^GDAXI,15966.3701171875,50564800.0,Yahoo Finance,2026-09-21T08:29:09+00:00,2024-05-20
2023-11-28,^GDAXI,15992.669921875,60601100.0,Yahoo Finance,2026-09-21T08:29:09+00:00,2024-05-20
2023-11-29,^GDAXI,16166.4501953125,69366600.0,Yahoo Finance,2026-09-21T08:29:09+00:00,2024-05-20
2023-11-30,^GDAXI,16215.4296875,108532100.0,Yahoo Finance,2026-09-21T08:29:09+00:00,2024-05-20
2023-12-01,^GDAXI,16397.51953125,68139400.0,Yahoo Finance,2026-09-21T08:29:09+00:00,2024-05-20
2023-12-04,^GDAXI,16404.759765625,52149300.0,Yahoo Finance,2026-09-21T08:29:09+00:00,2024-05-20
2023-12-05,^GDAXI,16533.109375,63916000.0,Yahoo Finance,2026-09-21T08:29:09+00:00,2024-05-20
2023-12-06,^GDAXI,16656.439453125,78581700.0,Yahoo Finance,2026-09-21T08:29:09+00:00,2024-05-20
2023-12-07,^GDAXI,16628.990234375,76803200.0,Yahoo Finance,2026-09-21T08:29:09+00:00,2024-05-20
2023-12-08,^GDAXI,16759.220703125,77814500.0,Yahoo Finance,2026-09-21T08:29:09+00:00,2024-05-20
2023-12-11,^GDAXI,16794.4296875,66736100.0,Yahoo Finance,2026-09-21T08:29:09+00:00,2024-05-20
2023-12-12,^GDAXI,16791.740234375,67862500.0,Yahoo Finance,2026-09-21T08:29:09+00:00,2024-05-20
2023-12-13,^GDAXI,16766.05078125,65413500.0,Yahoo Finance,2026-09-21T08:29:09+00:00,2024-05-20
2023-12-14,^GDAXI,16752.23046875,141290100.0,Yahoo Finance,2026-09-21T08:29:09+00:00,2024-05-20
2023-12-15,^GDAXI,16751.439453125,173711500.0,Yahoo Finance,2026-09-21T08:29:09+00:00,2024-05-20
2023-12-18,^GDAXI,16650.55078125,56720400.0,Yahoo Finance,2026-09-21T08:29:09+00:00,2024-05-20
2023-12-19,^GDAXI,16744.41015625,59217500.0,Yahoo Finance,2026-09-21T08:29:09+00:00,2024-05-20
2023-12-20,^GDAXI,16733.05078125,63366400.0,Yahoo Finance,2026-09-21T08:29:09+00:00,2024-05-20
2023-12-21,^GDAXI,16687.419921875,57871300.0,Yahoo Finance,2026-09-21T08:29:09+00:00,2024-05-20
2023-12-22,^GDAXI,16706.1796875,46295300.0,Yahoo Finance,2026-09-21T08:29:09+00:00,2024-05-20
2023-12-27,^GDAXI,16742.0703125,37678900.0,Yahoo Finance,2026-09-21T08:29:09+00:00,2024-05-20
2023-12-28,^GDAXI,16701.55078125,36091600.0,Yahoo Finance,2026-09-21T08:29:09+00:00,2024-05-20
2023-12-29,^GDAXI,16751.640625,26861900.0,Yahoo Finance,2026-09-21T08:29:09+00:00,2024-05-20
2024-01-02,^GDAXI,16769.359375,59893300.0,Yahoo Finance,2026-09-21T08:29:09+00:00,2024-05-20
2024-01-03,^GDAXI,16538.390625,70845800.0,Yahoo Finance,2026-09-21T08:29:09+00:00,2024-05-20
2024-01-04,^GDAXI,16617.2890625,65869400.0,Yahoo Finance,2026-09-21T08:29:09+00:00,2024-05-20
2024-01-05,^GDAXI,16594.2109375,66762900.0,Yahoo Finance,2026-09-21T08:29:09+00:00,2024-05-20
2024-01-08,^GDAXI,16716.470703125,55073400.0,Yahoo Finance,2026-09-21T08:29:09+00:00,2024-05-20
2024-01-09,^GDAXI,16688.359375,59798500.0,Yahoo Finance,2026-09-21T08:29:09+00:00,2024-05-20
2024-01-10,^GDAXI,16689.810546875,61300900.0,Yahoo Finance,2026-09-21T08:29:09+00:00,2024-05-20
2024-01-11,^GDAXI,16547.029296875,72206800.0,Yahoo Finance,2026-09-21T08:29:09+00:00,2024-05-20
2024-01-12,^GDAXI,16704.560546875,62163000.0,Yahoo Finance,2026-09-21T08:29:09+00:00,2024-05-20
2024-01-15,^GDAXI,16622.220703125,47795000.0,Yahoo Finance,2026-09-21T08:29:09+00:00,2024-05-20
2024-01-16,^GDAXI,16571.6796875,73101900.0,Yahoo Finance,2026-09-21T08:29:09+00:00,2024-05-20
2024-01-17,^GDAXI,16431.689453125,71437800.0,Yahoo Finance,2026-09-21T08:29:09+00:00,2024-05-20
2024-01-18,^GDAXI,16567.349609375,72318600.0,Yahoo Finance,2026-09-21T08:29:09+00:00,2024-05-20
2024-01-19,^GDAXI,16555.130859375,66146800.0,Yahoo Finance,2026-09-21T08:29:09+00:00,2024-05-20
2024-01-22,^GDAXI,16683.359375,67438700.0,Yahoo Finance,2026-09-21T08:29:09+00:00,2024-05-20
2024-01-23,^GDAXI,16627.08984375,64365600.0,Yahoo Finance,2026-09-21T08:29:09+00:00,2024-05-20
2024-01-24,^GDAXI,16889.919921875,74569200.0,Yahoo Finance,2026-09-21T08:29:09+00:00,2024-05-20
2024-01-25,^GDAXI,16906.919921875,62016700.0,Yahoo Finance,2026-09-21T08:29:09+00:00,2024-05-20
2024-01-26,^GDAXI,16961.390625,84664200.0,Yahoo Finance,2026-09-21T08:29:09+00:00,2024-05-20
2024-01-29,^GDAXI,16941.7109375,65956600.0,Yahoo Finance,2026-09-21T08:29:09+00:00,2024-05-20
2024-01-30,^GDAXI,16972.33984375,61107500.0,Yahoo Finance,2026-09-21T08:29:09+00:00,2024-05-20
2024-01-31,^GDAXI,16903.759765625,84388500.0,Yahoo Finance,2026-09-21T08:29:09+00:00,2024-05-20
2024-02-01,^GDAXI,16859.0390625,89451400.0,Yahoo Finance,2026-09-21T08:29:09+00:00,2024-05-20
2024-02-02,^GDAXI,16918.2109375,85847300.0,Yahoo Finance,2026-09-21T08:29:09+00:00,2024-05-20
2024-02-05,^GDAXI,16904.060546875,69935700.0,Yahoo Finance,2026-09-21T08:29:09+00:00,2024-05-20
2024-02-06,^GDAXI,17033.240234375,75544200.0,Yahoo Finance,2026-09-21T08:29:09+00:00,2024-05-20
2024-02-07,^GDAXI,16921.9609375,93039700.0,Yahoo Finance,2026-09-21T08:29:09+00:00,2024-05-20
2024-02-08,^GDAXI,16963.830078125,67419300.0,Yahoo Finance,2026-09-21T08:29:09+00:00,2024-05-20
2024-02-09,^GDAXI,16926.5,61639700.0,Yahoo Finance,2026-09-21T08:29:09+00:00,2024-05-20
2024-02-12,^GDAXI,17037.349609375,53286500.0,Yahoo Finance,2026-09-21T08:29:09+00:00,2024-05-20
2024-02-13,^GDAXI,16880.830078125,62956700.0,Yahoo Finance,2026-09-21T08:29:09+00:00,2024-05-20
2024-02-14,^GDAXI,16945.48046875,53717300.0,Yahoo Finance,2026-09-21T08:29:09+00:00,2024-05-20
2024-02-15,^GDAXI,17046.689453125,83791100.0,Yahoo Finance,2026-09-21T08:29:09+00:00,2024-05-20
2024-02-16,^GDAXI,17117.439453125,76375500.0,Yahoo Finance,2026-09-21T08:29:09+00:00,2024-05-20
2024-02-19,^GDAXI,17092.259765625,43224700.0,Yahoo Finance,2026-09-21T08:29:09+00:00,2024-05-20
2024-02-20,^GDAXI,17068.4296875,62710700.0,Yahoo Finance,2026-09-21T08:29:09+00:00,2024-05-20
2024-02-21,^GDAXI,17118.119140625,59403800.0,Yahoo Finance,2026-09-21T08:29:09+00:00,2024-05-20
2024-02-22,^GDAXI,17370.44921875,86130500.0,Yahoo Finance,2026-09-21T08:29:09+00:00,2024-05-20
2024-02-23,^GDAXI,17419.330078125,76799700.0,Yahoo Finance,2026-09-21T08:29:09+00:00,2024-05-20
2024-02-26,^GDAXI,17423.23046875,53156400.0,Yahoo Finance,2026-09-21T08:29:09+00:00,2024-05-20
2024-02-27,^GDAXI,17556.490234375,59725400.0,Yahoo Finance,2026-09-21T08:29:09+00:00,2024-05-20
2024-02-28,^GDAXI,17601.220703125,56644500.0,Yahoo Finance,2026-09-21T08:29:09+00:00,2024-05-20
2024-02-29,^GDAXI,17678.189453125,102738500.0,Yahoo Finance,2026-09-21T08:29:09+00:00,2024-05-20
2024-03-01,^GDAXI,17735.0703125,85782600.0,Yahoo Finance,2026-09-21T08:29:09+00:00,2024-05-20
2024-03-04,^GDAXI,17716.169921875,1220700.0,Yahoo Finance,2026-09-21T08:29:09+00:00,2024-05-20
2024-03-05,^GDAXI,17698.400390625,74178400.0,Yahoo Finance,2026-09-21T08:29:09+00:00,2024-05-20
2024-03-06,^GDAXI,17716.7109375,91487700.0,Yahoo Finance,2026-09-21T08:29:09+00:00,2024-05-20
2024-03-07,^GDAXI,17842.849609375,86702800.0,Yahoo Finance,2026-09-21T08:29:09+00:00,2024-05-20
2024-03-08,^GDAXI,17814.509765625,67940300.0,Yahoo Finance,2026-09-21T08:29:09+00:00,2024-05-20
2024-03-11,^GDAXI,17746.26953125,66646400.0,Yahoo Finance,2026-09-21T08:29:09+00:00,2024-05-20
2024-03-12,^GDAXI,17965.109375,91388300.0,Yahoo Finance,2026-09-21T08:29:09+00:00,2024-05-20
2024-03-13,^GDAXI,17961.380859375,92880500.0,Yahoo Finance,2026-09-21T08:29:09+00:00,2024-05-20
2024-03-14,^GDAXI,17942.0390625,93590600.0,Yahoo Finance,2026-09-21T08:29:09+00:00,2024-05-20
2024-03-15,^GDAXI,17936.650390625,202910600.0,Yahoo Finance,2026-09-21T08:29:09+00:00,2024-05-20
2024-03-18,^GDAXI,17932.6796875,63024300.0,Yahoo Finance,2026-09-21T08:29:09+00:00,2024-05-20
2024-03-19,^GDAXI,17987.490234375,73421100.0,Yahoo Finance,2026-09-21T08:29:09+00:00,2024-05-20
2024-03-20,^GDAXI,18015.130859375,61711000.0,Yahoo Finance,2026-09-21T08:29:09+00:00,2024-05-20
2024-03-21,^GDAXI,18179.25,79118500.0,Yahoo Finance,2026-09-21T08:29:09+00:00,2024-05-20
2024-03-22,^GDAXI,18205.939453125,68616300.0,Yahoo Finance,2026-09-21T08:29:09+00:00,2024-05-20
2024-03-25,^GDAXI,18261.310546875,53804600.0,Yahoo Finance,2026-09-21T08:29:09+00:00,2024-05-20
2024-03-26,^GDAXI,18384.349609375,58786600.0,Yahoo Finance,2026-09-21T08:29:09+00:00,2024-05-20
2024-03-27,^GDAXI,18477.08984375,66344700.0,Yahoo Finance,2026-09-21T08:29:09+00:00,2024-05-20
2024-03-28,^GDAXI,18492.490234375,75716300.0,Yahoo Finance,2026-09-21T08:29:09+00:00,2024-05-20
2024-04-02,^GDAXI,18283.130859375,82077300.0,Yahoo Finance,2026-09-21T08:29:09+00:00,2024-05-20
2024-04-03,^GDAXI,18367.720703125,76334900.0,Yahoo Finance,2026-09-21T08:29:09+00:00,2024-05-20
2024-04-04,^GDAXI,18403.130859375,62521400.0,Yahoo Finance,2026-09-21T08:29:09+00:00,2024-05-20
2024-04-05,^GDAXI,18175.0390625,77046500.0,Yahoo Finance,2026-09-21T08:29:09+00:00,2024-05-20
2024-04-08,^GDAXI,18318.970703125,61073600.0,Yahoo Finance,2026-09-21T08:29:09+00:00,2024-05-20
2024-04-09,^GDAXI,18076.689453125,65276400.0,Yahoo Finance,2026-09-21T08:29:09+00:00,2024-05-20
2024-04-10,^GDAXI,18097.30078125,83348200.0,Yahoo Finance,2026-09-21T08:29:09+00:00,2024-05-20
2024-04-11,^GDAXI,17954.48046875,84365100.0,Yahoo Finance,2026-09-21T08:29:09+00:00,2024-05-20
2024-04-12,^GDAXI,17930.3203125,78993900.0,Yahoo Finance,2026-09-21T08:29:09+00:00,2024-05-20
2024-04-15,^GDAXI,18026.580078125,65138500.0,Yahoo Finance,2026-09-21T08:29:09+00:00,2024-05-20
2024-04-16,^GDAXI,17766.23046875,73217300.0,Yahoo Finance,2026-09-21T08:29:09+00:00,2024-05-20
2024-04-17,^GDAXI,17770.01953125,55970700.0,Yahoo Finance,2026-09-21T08:29:09+00:00,2024-05-20
2024-04-18,^GDAXI,17837.400390625,60700500.0,Yahoo Finance,2026-09-21T08:29:09+00:00,2024-05-20
2024-04-19,^GDAXI,17737.359375,79447700.0,Yahoo Finance,2026-09-21T08:29:09+00:00,2024-05-20
2024-04-22,^GDAXI,17860.80078125,62454400.0,Yahoo Finance,2026-09-21T08:29:09+00:00,2024-05-20
2024-04-23,^GDAXI,18137.650390625,68529200.0,Yahoo Finance,2026-09-21T08:29:09+00:00,2024-05-20
2024-04-24,^GDAXI,18088.69921875,75104600.0,Yahoo Finance,2026-09-21T08:29:09+00:00,2024-05-20
2024-04-25,^GDAXI,17917.279296875,101517300.0,Yahoo Finance,2026-09-21T08:29:09+00:00,2024-05-20
2024-04-26,^GDAXI,18161.009765625,76008600.0,Yahoo Finance,2026-09-21T08:29:09+00:00,2024-05-20
2024-04-29,^GDAXI,18118.3203125,77251000.0,Yahoo Finance,2026-09-21T08:29:09+00:00,2024-05-20
2024-04-30,^GDAXI,17932.169921875,88206200.0,Yahoo Finance,2026-09-21T08:29:09+00:00,2024-05-20
2024-05-02,^GDAXI,17896.5,71332200.0,Yahoo Finance,2026-09-21T08:29:09+00:00,2024-05-20
2024-05-03,^GDAXI,18001.599609375,71259900.0,Yahoo Finance,2026-09-21T08:29:09+00:00,2024-05-20
2024-05-06,^GDAXI,18175.2109375,46036600.0,Yahoo Finance,2026-09-21T08:29:09+00:00,2024-05-20
2024-05-07,^GDAXI,18430.05078125,85365200.0,Yahoo Finance,2026-09-21T08:29:09+00:00,2024-05-20
2024-05-08,^GDAXI,18498.380859375,74222500.0,Yahoo Finance,2026-09-21T08:29:09+00:00,2024-05-20
2024-05-09,^GDAXI,18686.599609375,53613600.0,Yahoo Finance,2026-09-21T08:29:09+00:00,2024-05-20
2024-05-10,^GDAXI,18772.849609375,87914100.0,Yahoo Finance,2026-09-21T08:29:09+00:00,2024-05-20
2024-05-13,^GDAXI,18742.220703125,66373100.0,Yahoo Finance,2026-09-21T08:29:09+00:00,2024-05-20
2024-05-14,^GDAXI,18716.419921875,73288600.0,Yahoo Finance,2026-09-21T08:29:09+00:00,2024-05-20
2024-05-15,^GDAXI,18869.359375,81628700.0,Yahoo Finance,2026-09-21T08:29:09+00:00,2024-05-20
2024-05-16,^GDAXI,18738.810546875,76322100.0,Yahoo Finance,2026-09-21T08:29:09+00:00,2024-05-20
2024-05-17,^GDAXI,18704.419921875,75994100.0,Yahoo Finance,2026-09-21T08:29:09+00:00,2024-05-20
2024-05-20,^GDAXI,18768.9609375,41185400.0,Yahoo Finance,2026-09-21T08:29:09+00:00,2024-05-20
2023-04-17,^IBEX,9378.5,154770500.0,Yahoo Finance,2026-09-21T08:29:09+00:00,2024-05-20
2023-04-18,^IBEX,9421.900390625,143015100.0,Yahoo Finance,2026-09-21T08:29:09+00:00,2024-05-20
2023-04-19,^IBEX,9494.7998046875,117659000.0,Yahoo Finance,2026-09-21T08:29:09+00:00,2024-05-20
2023-04-20,^IBEX,9450.900390625,153368400.0,Yahoo Finance,2026-09-21T08:29:09+00:00,2024-05-20
2023-04-21,^IBEX,9415.599609375,205592800.0,Yahoo Finance,2026-09-21T08:29:09+00:00,2024-05-20
2023-04-24,^IBEX,9406.400390625,99647400.0,Yahoo Finance,2026-09-21T08:29:09+00:00,2024-05-20
2023-04-25,^IBEX,9290.2998046875,167260800.0,Yahoo Finance,2026-09-21T08:29:09+00:00,2024-05-20
2023-04-26,^IBEX,9293.7001953125,165805000.0,Yahoo Finance,2026-09-21T08:29:09+00:00,2024-05-20
2023-04-27,^IBEX,9314.599609375,128409300.0,Yahoo Finance,2026-09-21T08:29:09+00:00,2024-05-20
2023-04-28,^IBEX,9241.0,233876400.0,Yahoo Finance,2026-09-21T08:29:09+00:00,2024-05-20
2023-05-02,^IBEX,9082.0,172428700.0,Yahoo Finance,2026-09-21T08:29:09+00:00,2024-05-20
2023-05-03,^IBEX,9076.7001953125,136589900.0,Yahoo Finance,2026-09-21T08:29:09+00:00,2024-05-20
2023-05-04,^IBEX,9043.599609375,150274800.0,Yahoo Finance,2026-09-21T08:29:09+00:00,2024-05-20
2023-05-05,^IBEX,9147.2998046875,144355000.0,Yahoo Finance,2026-09-21T08:29:09+00:00,2024-05-20
2023-05-08,^IBEX,9211.2998046875,81672300.0,Yahoo Finance,2026-09-21T08:29:09+00:00,2024-05-20
2023-05-09,^IBEX,9183.2001953125,113458000.0,Yahoo Finance,2026-09-21T08:29:09+00:00,2024-05-20
2023-05-10,^IBEX,9167.7001953125,103618500.0,Yahoo Finance,2026-09-21T08:29:09+00:00,2024-05-20
2023-05-11,^IBEX,9182.7998046875,139070300.0,Yahoo Finance,2026-09-21T08:29:09+00:00,2024-05-20
2023-05-12,^IBEX,9234.099609375,106389900.0,Yahoo Finance,2026-09-21T08:29:09+00:00,2024-05-20
2023-05-15,^IBEX,9201.5,92014700.0,Yahoo Finance,2026-09-21T08:29:09+00:00,2024-05-20
2023-05-16,^IBEX,9191.400390625,91133400.0,Yahoo Finance,2026-09-21T08:29:09+00:00,2024-05-20
2023-05-17,^IBEX,9211.599609375,110933000.0,Yahoo Finance,2026-09-21T08:29:09+00:00,2024-05-20
2023-05-18,^IBEX,9213.099609375,105199800.0,Yahoo Finance,2026-09-21T08:29:09+00:00,2024-05-20
2023-05-19,^IBEX,9251.5,127277500.0,Yahoo Finance,2026-09-21T08:29:09+00:00,2024-05-20
2023-05-22,^IBEX,9305.0,96207700.0,Yahoo Finance,2026-09-21T08:29:09+00:00,2024-05-20
2023-05-23,^IBEX,9267.0,82288900.0,Yahoo Finance,2026-09-21T08:29:09+00:00,2024-05-20
2023-05-24,^IBEX,9163.5,108838000.0,Yahoo Finance,2026-09-21T08:29:09+00:00,2024-05-20
2023-05-25,^IBEX,9116.099609375,123786500.0,Yahoo Finance,2026-09-21T08:29:09+00:00,2024-05-20
2023-05-26,^IBEX,9191.099609375,99198600.0,Yahoo Finance,2026-09-21T08:29:09+00:00,2024-05-20
2023-05-29,^IBEX,9180.099609375,59244300.0,Yahoo Finance,2026-09-21T08:29:09+00:00,2024-05-20
2023-05-30,^IBEX,9167.5,111494900.0,Yahoo Finance,2026-09-21T08:29:09+00:00,2024-05-20
2023-05-31,^IBEX,9050.2001953125,401513500.0,Yahoo Finance,2026-09-21T08:29:09+00:00,2024-05-20
2023-06-01,^IBEX,9167.5,109883600.0,Yahoo Finance,2026-09-21T08:29:09+00:00,2024-05-20
2023-06-02,^IBEX,9317.2998046875,132595800.0,Yahoo Finance,2026-09-21T08:29:09+00:00,2024-05-20
2023-06-05,^IBEX,9289.099609375,102104900.0,Yahoo Finance,2026-09-21T08:29:09+00:00,2024-05-20
2023-06-06,^IBEX,9310.7998046875,94770400.0,Yahoo Finance,2026-09-21T08:29:09+00:00,2024-05-20
2023-06-07,^IBEX,9359.7998046875,100905200.0,Yahoo Finance,2026-09-21T08:29:09+00:00,2024-05-20
2023-06-08,^IBEX,9338.2998046875,109449100.0,Yahoo Finance,2026-09-21T08:29:09+00:00,2024-05-20
2023-06-09,^IBEX,9309.7001953125,84882800.0,Yahoo Finance,2026-09-21T08:29:09+00:00,2024-05-20
2023-06-12,^IBEX,9344.400390625,95656000.0,Yahoo Finance,2026-09-21T08:29:09+00:00,2024-05-20
2023-06-13,^IBEX,9333.7001953125,121829000.0,Yahoo Finance,2026-09-21T08:29:09+00:00,2024-05-20
2023-06-14,^IBEX,9432.7998046875,155571800.0,Yahoo Finance,2026-09-21T08:29:09+00:00,2024-05-20
2023-06-15,^IBEX,9430.7998046875,123381800.0,Yahoo Finance,2026-09-21T08:29:09+00:00,2024-05-20
2023-06-16,^IBEX,9495.0,384178600.0,Yahoo Finance,2026-09-21T08:29:09+00:00,2024-05-20
2023-06-19,^IBEX,9431.900390625,87888300.0,Yahoo Finance,2026-09-21T08:29:09+00:00,2024-05-20
2023-06-20,^IBEX,9439.7998046875,87716600.0,Yahoo Finance,2026-09-21T08:29:09+00:00,2024-05-20
2023-06-21,^IBEX,9436.400390625,101629200.0,Yahoo Finance,2026-09-21T08:29:09+00:00,2024-05-20
2023-06-22,^IBEX,9364.7001953125,108508000.0,Yahoo Finance,2026-09-21T08:29:09+00:00,2024-05-20
2023-06-23,^IBEX,9265.7998046875,124528300.0,Yahoo Finance,2026-09-21T08:29:09+00:00,2024-05-20
2023-06-26,^IBEX,9274.0,110992200.0,Yahoo Finance,2026-09-21T08:29:09+00:00,2024-05-20
2023-06-27,^IBEX,9393.0,120553900.0,Yahoo Finance,2026-09-21T08:29:09+00:00,2024-05-20
2023-06-28,^IBEX,9481.2998046875,126194000.0,Yahoo Finance,2026-09-21T08:29:09+00:00,2024-05-20
2023-06-29,^IBEX,9510.599609375,103479900.0,Yahoo Finance,2026-09-21T08:29:09+00:00,2024-05-20
2023-06-30,^IBEX,9593.0,172932500.0,Yahoo Finance,2026-09-21T08:29:09+00:00,2024-05-20
2023-07-03,^IBEX,9644.7998046875,119153100.0,Yahoo Finance,2026-09-21T08:29:09+00:00,2024-05-20
2023-07-04,^IBEX,9588.400390625,97859400.0,Yahoo Finance,2026-09-21T08:29:09+00:00,2024-05-20
2023-07-05,^IBEX,9486.2998046875,116017000.0,Yahoo Finance,2026-09-21T08:29:09+00:00,2024-05-20
2023-07-06,^IBEX,9285.0,142178200.0,Yahoo Finance,2026-09-21T08:29:09+00:00,2024-05-20
2023-07-07,^IBEX,9248.7998046875,114921000.0,Yahoo Finance,2026-09-21T08:29:09+00:00,2024-05-20
2023-07-10,^IBEX,9252.900390625,91453400.0,Yahoo Finance,2026-09-21T08:29:09+00:00,2024-05-20
2023-07-11,^IBEX,9331.099609375,100280000.0,Yahoo Finance,2026-09-21T08:29:09+00:00,2024-05-20
2023-07-12,^IBEX,9453.7001953125,155443100.0,Yahoo Finance,2026-09-21T08:29:09+00:00,2024-05-20
2023-07-13,^IBEX,9478.7001953125,118162000.0,Yahoo Finance,2026-09-21T08:29:09+00:00,2024-05-20
2023-07-14,^IBEX,9438.2998046875,105127200.0,Yahoo Finance,2026-09-21T08:29:09+00:00,2024-05-20
2023-07-17,^IBEX,9438.0,77438400.0,Yahoo Finance,2026-09-21T08:29:09+00:00,2024-05-20
2023-07-18,^IBEX,9455.7001953125,88491000.0,Yahoo Finance,2026-09-21T08:29:09+00:00,2024-05-20
2023-07-19,^IBEX,9451.7998046875,92225100.0,Yahoo Finance,2026-09-21T08:29:09+00:00,2024-05-20
2023-07-20,^IBEX,9519.599609375,108475200.0,Yahoo Finance,2026-09-21T08:29:09+00:00,2024-05-20
2023-07-21,^IBEX,9571.5,114901000.0,Yahoo Finance,2026-09-21T08:29:09+00:00,2024-05-20
2023-07-24,^IBEX,9543.5,121342800.0,Yahoo Finance,2026-09-21T08:29:09+00:00,2024-05-20
2023-07-25,^IBEX,9519.2001953125,86427600.0,Yahoo Finance,2026-09-21T08:29:09+00:00,2024-05-20
2023-07-26,^IBEX,9600.5,164640400.0,Yahoo Finance,2026-09-21T08:29:09+00:00,2024-05-20
2023-07-27,^IBEX,9694.7001953125,203878100.0,Yahoo Finance,2026-09-21T08:29:09+00:00,2024-05-20
2023-07-28,^IBEX,9685.099609375,222144300.0,Yahoo Finance,2026-09-21T08:29:09+00:00,2024-05-20
2023-07-31,^IBEX,9641.5,160130500.0,Yahoo Finance,2026-09-21T08:29:09+00:00,2024-05-20
2023-08-01,^IBEX,9502.900390625,136369400.0,Yahoo Finance,2026-09-21T08:29:09+00:00,2024-05-20
2023-08-02,^IBEX,9328.7001953125,223086300.0,Yahoo Finance,2026-09-21T08:29:09+00:00,2024-05-20
2023-08-03,^IBEX,9307.099609375,139652300.0,Yahoo Finance,2026-09-21T08:29:09+00:00,2024-05-20
2023-08-04,^IBEX,9368.400390625,111010600.0,Yahoo Finance,2026-09-21T08:29:09+00:00,2024-05-20
2023-08-07,^IBEX,9358.599609375,80687700.0,Yahoo Finance,2026-09-21T08:29:09+00:00,2024-05-20
2023-08-08,^IBEX,9301.7998046875,136457400.0,Yahoo Finance,2026-09-21T08:29:09+00:00,2024-05-20
2023-08-09,^IBEX,9354.400390625,88364200.0,Yahoo Finance,2026-09-21T08:29:09+00:00,2024-05-20
2023-08-10,^IBEX,9502.2001953125,109204400.0,Yahoo Finance,2026-09-21T08:29:09+00:00,2024-05-20
2023-08-11,^IBEX,9434.2998046875,80015200.0,Yahoo Finance,2026-09-21T08:29:09+00:00,2024-05-20
2023-08-14,^IBEX,9429.599609375,71422800.0,Yahoo Finance,2026-09-21T08:29:09+00:00,2024-05-20
2023-08-15,^IBEX,9347.5,63980500.0,Yahoo Finance,2026-09-21T08:29:09+00:00,2024-05-20
2023-08-16,^IBEX,9350.5,60764100.0,Yahoo Finance,2026-09-21T08:29:09+00:00,2024-05-20
2023-08-17,^IBEX,9278.0,83008600.0,Yahoo Finance,2026-09-21T08:29:09+00:00,2024-05-20
2023-08-18,^IBEX,9267.7001953125,93675700.0,Yahoo Finance,2026-09-21T08:29:09+00:00,2024-05-20
2023-08-21,^IBEX,9262.7998046875,72507400.0,Yahoo Finance,2026-09-21T08:29:09+00:00,2024-05-20
2023-08-22,^IBEX,9314.0,66059900.0,Yahoo Finance,2026-09-21T08:29:09+00:00,2024-05-20
2023-08-23,^IBEX,9315.599609375,74919900.0,Yahoo Finance,2026-09-21T08:29:09+00:00,2024-05-20
2023-08-24,^IBEX,9324.7001953125,67799700.0,Yahoo Finance,2026-09-21T08:29:09+00:00,2024-05-20
2023-08-25,^IBEX,9338.900390625,75145000.0,Yahoo Finance,2026-09-21T08:29:09+00:00,2024-05-20
2023-08-28,^IBEX,9490.099609375,73880200.0,Yahoo Finance,2026-09-21T08:29:09+00:00,2024-05-20
2023-08-29,^IBEX,9581.2001953125,106623300.0,Yahoo Finance,2026-09-21T08:29:09+00:00,2024-05-20
2023-08-30,^IBEX,9551.099609375,99874200.0,Yahoo Finance,2026-09-21T08:29:09+00:00,2024-05-20
2023-08-31,^IBEX,9505.900390625,212295400.0,Yahoo Finance,2026-09-21T08:29:09+00:00,2024-05-20
2023-09-01,^IBEX,9449.599609375,108269100.0,Yahoo Finance,2026-09-21T08:29:09+00:00,2024-05-20
2023-09-04,^IBEX,9416.2998046875,69158100.0,Yahoo Finance,2026-09-21T08:29:09+00:00,2024-05-20
2023-09-05,^IBEX,9392.0,87067800.0,Yahoo Finance,2026-09-21T08:29:09+00:00,2024-05-20
2023-09-06,^IBEX,9314.400390625,139455100.0,Yahoo Finance,2026-09-21T08:29:09+00:00,2024-05-20
2023-09-07,^IBEX,9310.0,112157000.0,Yahoo Finance,2026-09-21T08:29:09+00:00,2024-05-20
2023-09-08,^IBEX,9364.599609375,92062600.0,Yahoo Finance,2026-09-21T08:29:09+00:00,2024-05-20
2023-09-11,^IBEX,9435.2001953125,85725100.0,Yahoo Finance,2026-09-21T08:29:09+00:00,2024-05-20
2023-09-12,^IBEX,9455.400390625,107657600.0,Yahoo Finance,2026-09-21T08:29:09+00:00,2024-05-20
2023-09-13,^IBEX,9424.099609375,105247500.0,Yahoo Finance,2026-09-21T08:29:09+00:00,2024-05-20
2023-09-14,^IBEX,9549.0,133995400.0,Yahoo Finance,2026-09-21T08:29:09+00:00,2024-05-20
2023-09-15,^IBEX,9549.7001953125,348282000.0,Yahoo Finance,2026-09-21T08:29:09+00:00,2024-05-20
2023-09-18,^IBEX,9482.099609375,109941400.0,Yahoo Finance,2026-09-21T08:29:09+00:00,2024-05-20
2023-09-19,^IBEX,9527.2001953125,88182400.0,Yahoo Finance,2026-09-21T08:29:09+00:00,2024-05-20
2023-09-20,^IBEX,9645.7998046875,125806100.0,Yahoo Finance,2026-09-21T08:29:09+00:00,2024-05-20
2023-09-21,^IBEX,9548.900390625,120718600.0,Yahoo Finance,2026-09-21T08:29:09+00:00,2024-05-20
2023-09-22,^IBEX,9502.0,100119800.0,Yahoo Finance,2026-09-21T08:29:09+00:00,2024-05-20
2023-09-25,^IBEX,9386.0,107471700.0,Yahoo Finance,2026-09-21T08:29:09+00:00,2024-05-20
2023-09-26,^IBEX,9366.900390625,121930200.0,Yahoo Finance,2026-09-21T08:29:09+00:00,2024-05-20
2023-09-27,^IBEX,9331.900390625,106336400.0,Yahoo Finance,2026-09-21T08:29:09+00:00,2024-05-20
2023-09-28,^IBEX,9426.7998046875,171533200.0,Yahoo Finance,2026-09-21T08:29:09+00:00,2024-05-20
2023-09-29,^IBEX,9428.0,139259800.0,Yahoo Finance,2026-09-21T08:29:09+00:00,2024-05-20
2023-10-02,^IBEX,9319.0,157515300.0,Yahoo Finance,2026-09-21T08:29:09+00:00,2024-05-20
2023-10-03,^IBEX,9165.5,142881400.0,Yahoo Finance,2026-09-21T08:29:09+00:00,2024-05-20
2023-10-04,^IBEX,9102.900390625,139573600.0,Yahoo Finance,2026-09-21T08:29:09+00:00,2024-05-20
2023-10-05,^IBEX,9157.7001953125,114922100.0,Yahoo Finance,2026-09-21T08:29:09+00:00,2024-05-20
2023-10-06,^IBEX,9235.7998046875,122390000.0,Yahoo Finance,2026-09-21T08:29:09+00:00,2024-05-20
2023-10-09,^IBEX,9151.2998046875,135294000.0,Yahoo Finance,2026-09-21T08:29:09+00:00,2024-05-20
2023-10-10,^IBEX,9352.099609375,129139100.0,Yahoo Finance,2026-09-21T08:29:09+00:00,2024-05-20
2023-10-11,^IBEX,9360.400390625,108807000.0,Yahoo Finance,2026-09-21T08:29:09+00:00,2024-05-20
2023-10-12,^IBEX,9336.0,94383400.0,Yahoo Finance,2026-09-21T08:29:09+00:00,2024-05-20
2023-10-13,^IBEX,9232.900390625,143092900.0,Yahoo Finance,2026-09-21T08:29:09+00:00,2024-05-20
2023-10-16,^IBEX,9287.099609375,105248200.0,Yahoo Finance,2026-09-21T08:29:09+00:00,2024-05-20
2023-10-17,^IBEX,9298.5,79826100.0,Yahoo Finance,2026-09-21T08:29:09+00:00,2024-05-20
2023-10-18,^IBEX,9212.7001953125,108127200.0,Yahoo Finance,2026-09-21T08:29:09+00:00,2024-05-20
2023-10-19,^IBEX,9146.7998046875,143366500.0,Yahoo Finance,2026-09-21T08:29:09+00:00,2024-05-20
2023-10-20,^IBEX,9029.099609375,230887100.0,Yahoo Finance,2026-09-21T08:29:09+00:00,2024-05-20
2023-10-23,^IBEX,8995.5,139157300.0,Yahoo Finance,2026-09-21T08:29:09+00:00,2024-05-20
2023-10-24,^IBEX,8975.7998046875,162189000.0,Yahoo Finance,2026-09-21T08:29:09+00:00,2024-05-20
2023-10-25,^IBEX,8984.7998046875,149177700.0,Yahoo Finance,2026-09-21T08:29:09+00:00,2024-05-20
2023-10-26,^IBEX,8962.7998046875,164229500.0,Yahoo Finance,2026-09-21T08:29:09+00:00,2024-05-20
2023-10-27,^IBEX,8918.2998046875,178436300.0,Yahoo Finance,2026-09-21T08:29:09+00:00,2024-05-20
2023-10-30,^IBEX,9013.900390625,164425900.0,Yahoo Finance,2026-09-21T08:29:09+00:00,2024-05-20
2023-10-31,^IBEX,9017.2998046875,189064200.0,Yahoo Finance,2026-09-21T08:29:09+00:00,2024-05-20
2023-11-01,^IBEX,9075.0,121703800.0,Yahoo Finance,2026-09-21T08:29:09+00:00,2024-05-20
2023-11-02,^IBEX,9260.400390625,152576500.0,Yahoo Finance,2026-09-21T08:29:09+00:00,2024-05-20
2023-11-03,^IBEX,9293.900390625,152566200.0,Yahoo Finance,2026-09-21T08:29:09+00:00,2024-05-20
2023-11-06,^IBEX,9241.5,114365200.0,Yahoo Finance,2026-09-21T08:29:09+00:00,2024-05-20
2023-11-07,^IBEX,9235.900390625,113897000.0,Yahoo Finance,2026-09-21T08:29:09+00:00,2024-05-20
2023-11-08,^IBEX,9283.7998046875,146534900.0,Yahoo Finance,2026-09-21T08:29:09+00:00,2024-05-20
2023-11-09,^IBEX,9405.2001953125,133336100.0,Yahoo Finance,2026-09-21T08:29:09+00:00,2024-05-20
2023-11-10,^IBEX,9371.7001953125,122578700.0,Yahoo Finance,2026-09-21T08:29:09+00:00,2024-05-20
2023-11-13,^IBEX,9461.7001953125,142296700.0,Yahoo Finance,2026-09-21T08:29:09+00:00,2024-05-20
2023-11-14,^IBEX,9623.2998046875,171920600.0,Yahoo Finance,2026-09-21T08:29:09+00:00,2024-05-20
2023-11-15,^IBEX,9640.7001953125,161156100.0,Yahoo Finance,2026-09-21T08:29:09+00:00,2024-05-20
2023-11-16,^IBEX,9667.400390625,132367600.0,Yahoo Finance,2026-09-21T08:29:09+00:00,2024-05-20
2023-11-17,^IBEX,9761.400390625,249654700.0,Yahoo Finance,2026-09-21T08:29:09+00:00,2024-05-20
2023-11-20,^IBEX,9839.0,144062800.0,Yahoo Finance,2026-09-21T08:29:09+00:00,2024-05-20
2023-11-21,^IBEX,9827.5,141826400.0,Yahoo Finance,2026-09-21T08:29:09+00:00,2024-05-20
2023-11-22,^IBEX,9887.400390625,125070100.0,Yahoo Finance,2026-09-21T08:29:09+00:00,2024-05-20
2023-11-23,^IBEX,9905.5,111600100.0,Yahoo Finance,2026-09-21T08:29:09+00:00,2024-05-20
2023-11-24,^IBEX,9939.0,93309200.0,Yahoo Finance,2026-09-21T08:29:09+00:00,2024-05-20
2023-11-27,^IBEX,9936.099609375,112098900.0,Yahoo Finance,2026-09-21T08:29:09+00:00,2024-05-20
2023-11-28,^IBEX,10003.400390625,118647800.0,Yahoo Finance,2026-09-21T08:29:09+00:00,2024-05-20
2023-11-29,^IBEX,10062.599609375,129372500.0,Yahoo Finance,2026-09-21T08:29:09+00:00,2024-05-20
2023-11-30,^IBEX,10058.2001953125,252839300.0,Yahoo Finance,2026-09-21T08:29:09+00:00,2024-05-20
2023-12-01,^IBEX,10140.7998046875,117751200.0,Yahoo Finance,2026-09-21T08:29:09+00:00,2024-05-20
2023-12-04,^IBEX,10178.2998046875,105497200.0,Yahoo Finance,2026-09-21T08:29:09+00:00,2024-05-20
2023-12-05,^IBEX,10238.400390625,137169800.0,Yahoo Finance,2026-09-21T08:29:09+00:00,2024-05-20
2023-12-06,^IBEX,10258.099609375,134294600.0,Yahoo Finance,2026-09-21T08:29:09+00:00,2024-05-20
2023-12-07,^IBEX,10146.0,210704200.0,Yahoo Finance,2026-09-21T08:29:09+00:00,2024-05-20
2023-12-08,^IBEX,10223.400390625,139106200.0,Yahoo Finance,2026-09-21T08:29:09+00:00,2024-05-20
2023-12-11,^IBEX,10198.0,140388800.0,Yahoo Finance,2026-09-21T08:29:09+00:00,2024-05-20
2023-12-12,^IBEX,10118.7001953125,145123700.0,Yahoo Finance,2026-09-21T08:29:09+00:00,2024-05-20
2023-12-13,^IBEX,10096.099609375,142958200.0,Yahoo Finance,2026-09-21T08:29:09+00:00,2024-05-20
2023-12-14,^IBEX,10171.7001953125,255848900.0,Yahoo Finance,2026-09-21T08:29:09+00:00,2024-05-20
2023-12-15,^IBEX,10095.599609375,330245400.0,Yahoo Finance,2026-09-21T08:29:09+00:00,2024-05-20
2023-12-18,^IBEX,10054.900390625,134020100.0,Yahoo Finance,2026-09-21T08:29:09+00:00,2024-05-20
2023-12-19,^IBEX,10106.7001953125,115239700.0,Yahoo Finance,2026-09-21T08:29:09+00:00,2024-05-20
2023-12-20,^IBEX,10101.0,146798700.0,Yahoo Finance,2026-09-21T08:29:09+00:00,2024-05-20
2023-12-21,^IBEX,10104.2998046875,84138300.0,Yahoo Finance,2026-09-21T08:29:09+00:00,2024-05-20
2023-12-22,^IBEX,10111.900390625,91972000.0,Yahoo Finance,2026-09-21T08:29:09+00:00,2024-05-20
2023-12-27,^IBEX,10121.7998046875,130947500.0,Yahoo Finance,2026-09-21T08:29:09+00:00,2024-05-20
2023-12-28,^IBEX,10086.2001953125,95148800.0,Yahoo Finance,2026-09-21T08:29:09+00:00,2024-05-20
2023-12-29,^IBEX,10102.099609375,101943700.0,Yahoo Finance,2026-09-21T08:29:09+00:00,2024-05-20
2024-01-02,^IBEX,10182.099609375,137052900.0,Yahoo Finance,2026-09-21T08:29:09+00:00,2024-05-20
2024-01-03,^IBEX,10053.400390625,136612300.0,Yahoo Finance,2026-09-21T08:29:09+00:00,2024-05-20
2024-01-04,^IBEX,10182.400390625,110894200.0,Yahoo Finance,2026-09-21T08:29:09+00:00,2024-05-20
2024-01-05,^IBEX,10164.5,145036200.0,Yahoo Finance,2026-09-21T08:29:09+00:00,2024-05-20
2024-01-08,^IBEX,10209.0,110110400.0,Yahoo Finance,2026-09-21T08:29:09+00:00,2024-05-20
2024-01-09,^IBEX,10060.2998046875,157192400.0,Yahoo Finance,2026-09-21T08:29:09+00:00,2024-05-20
2024-01-10,^IBEX,10067.099609375,136822100.0,Yahoo Finance,2026-09-21T08:29:09+00:00,2024-05-20
2024-01-11,^IBEX,10004.900390625,134217300.0,Yahoo Finance,2026-09-21T08:29:09+00:00,2024-05-20
2024-01-12,^IBEX,10094.7998046875,134251900.0,Yahoo Finance,2026-09-21T08:29:09+00:00,2024-05-20
2024-01-15,^IBEX,10076.900390625,87931100.0,Yahoo Finance,2026-09-21T08:29:09+00:00,2024-05-20
2024-01-16,^IBEX,9994.099609375,138279400.0,Yahoo Finance,2026-09-21T08:29:09+00:00,2024-05-20
2024-01-17,^IBEX,9867.7998046875,133882600.0,Yahoo Finance,2026-09-21T08:29:09+00:00,2024-05-20
2024-01-18,^IBEX,9880.2998046875,134134100.0,Yahoo Finance,2026-09-21T08:29:09+00:00,2024-05-20
2024-01-19,^IBEX,9858.2998046875,146590900.0,Yahoo Finance,2026-09-21T08:29:09+00:00,2024-05-20
2024-01-22,^IBEX,9968.099609375,105116800.0,Yahoo Finance,2026-09-21T08:29:09+00:00,2024-05-20
2024-01-23,^IBEX,9859.2001953125,119165400.0,Yahoo Finance,2026-09-21T08:29:09+00:00,2024-05-20
2024-01-24,^IBEX,9974.0,126373600.0,Yahoo Finance,2026-09-21T08:29:09+00:00,2024-05-20
2024-01-25,^IBEX,9916.599609375,162814100.0,Yahoo Finance,2026-09-21T08:29:09+00:00,2024-05-20
2024-01-26,^IBEX,9936.599609375,107711200.0,Yahoo Finance,2026-09-21T08:29:09+00:00,2024-05-20
2024-01-29,^IBEX,9890.2998046875,112770300.0,Yahoo Finance,2026-09-21T08:29:09+00:00,2024-05-20
2024-01-30,^IBEX,10039.2998046875,139738300.0,Yahoo Finance,2026-09-21T08:29:09+00:00,2024-05-20
2024-01-31,^IBEX,10077.7001953125,171867800.0,Yahoo Finance,2026-09-21T08:29:09+00:00,2024-05-20
2024-02-01,^IBEX,10014.0,208762700.0,Yahoo Finance,2026-09-21T08:29:09+00:00,2024-05-20
2024-02-02,^IBEX,10062.5,161360600.0,Yahoo Finance,2026-09-21T08:29:09+00:00,2024-05-20
2024-02-05,^IBEX,9941.2998046875,187035600.0,Yahoo Finance,2026-09-21T08:29:09+00:00,2024-05-20
2024-02-06,^IBEX,10003.0,148017600.0,Yahoo Finance,2026-09-21T08:29:09+00:00,2024-05-20
2024-02-07,^IBEX,9920.2001953125,154163400.0,Yahoo Finance,2026-09-21T08:29:09+00:00,2024-05-20
2024-02-08,^IBEX,9905.400390625,110769400.0,Yahoo Finance,2026-09-21T08:29:09+00:00,2024-05-20
2024-02-09,^IBEX,9896.599609375,153135700.0,Yahoo Finance,2026-09-21T08:29:09+00:00,2024-05-20
2024-02-12,^IBEX,9984.7001953125,95624200.0,Yahoo Finance,2026-09-21T08:29:09+00:00,2024-05-20
2024-02-13,^IBEX,9925.400390625,130998800.0,Yahoo Finance,2026-09-21T08:29:09+00:00,2024-05-20
2024-02-14,^IBEX,9916.599609375,119508700.0,Yahoo Finance,2026-09-21T08:29:09+00:00,2024-05-20
2024-02-15,^IBEX,9927.2998046875,113529500.0,Yahoo Finance,2026-09-21T08:29:09+00:00,2024-05-20
2024-02-16,^IBEX,9886.400390625,126325600.0,Yahoo Finance,2026-09-21T08:29:09+00:00,2024-05-20
2024-02-19,^IBEX,9944.7998046875,87430700.0,Yahoo Finance,2026-09-21T08:29:09+00:00,2024-05-20
2024-02-20,^IBEX,10038.2001953125,118742600.0,Yahoo Finance,2026-09-21T08:29:09+00:00,2024-05-20
2024-02-21,^IBEX,10107.2001953125,105194400.0,Yahoo Finance,2026-09-21T08:29:09+00:00,2024-05-20
2024-02-22,^IBEX,10138.900390625,155634000.0,Yahoo Finance,2026-09-21T08:29:09+00:00,2024-05-20
2024-02-23,^IBEX,10130.599609375,108883100.0,Yahoo Finance,2026-09-21T08:29:09+00:00,2024-05-20
2024-02-26,^IBEX,10138.400390625,104520800.0,Yahoo Finance,2026-09-21T08:29:09+00:00,2024-05-20
2024-02-27,^IBEX,10113.7998046875,110771900.0,Yahoo Finance,2026-09-21T08:29:09+00:00,2024-05-20
2024-02-28,^IBEX,10068.599609375,128594200.0,Yahoo Finance,2026-09-21T08:29:09+00:00,2024-05-20
2024-02-29,^IBEX,10001.2998046875,340767500.0,Yahoo Finance,2026-09-21T08:29:09+00:00,2024-05-20
2024-03-01,^IBEX,10064.7001953125,172079700.0,Yahoo Finance,2026-09-21T08:29:09+00:00,2024-05-20
2024-03-04,^IBEX,10069.7998046875,125103700.0,Yahoo Finance,2026-09-21T08:29:09+00:00,2024-05-20
2024-03-05,^IBEX,10117.099609375,132426700.0,Yahoo Finance,2026-09-21T08:29:09+00:00,2024-05-20
2024-03-06,^IBEX,10197.2001953125,182074800.0,Yahoo Finance,2026-09-21T08:29:09+00:00,2024-05-20
2024-03-07,^IBEX,10319.599609375,202030200.0,Yahoo Finance,2026-09-21T08:29:09+00:00,2024-05-20
2024-03-08,^IBEX,10305.7001953125,168061400.0,Yahoo Finance,2026-09-21T08:29:09+00:00,2024-05-20
2024-03-11,^IBEX,10325.7001953125,149087900.0,Yahoo Finance,2026-09-21T08:29:09+00:00,2024-05-20
2024-03-12,^IBEX,10388.900390625,185340700.0,Yahoo Finance,2026-09-21T08:29:09+00:00,2024-05-20
2024-03-13,^IBEX,10560.5,169503900.0,Yahoo Finance,2026-09-21T08:29:09+00:00,2024-05-20
2024-03-14,^IBEX,10490.5,160547200.0,Yahoo Finance,2026-09-21T08:29:09+00:00,2024-05-20
2024-03-15,^IBEX,10597.900390625,487575600.0,Yahoo Finance,2026-09-21T08:29:09+00:00,2024-05-20
2024-03-18,^IBEX,10596.7001953125,145580000.0,Yahoo Finance,2026-09-21T08:29:09+00:00,2024-05-20
2024-03-19,^IBEX,10701.400390625,138362500.0,Yahoo Finance,2026-09-21T08:29:09+00:00,2024-05-20
2024-03-20,^IBEX,10752.5,142721700.0,Yahoo Finance,2026-09-21T08:29:09+00:00,2024-05-20
2024-03-21,^IBEX,10867.5,186540700.0,Yahoo Finance,2026-09-21T08:29:09+00:00,2024-05-20
2024-03-22,^IBEX,10943.2001953125,170404400.0,Yahoo Finance,2026-09-21T08:29:09+00:00,2024-05-20
2024-03-25,^IBEX,10952.2001953125,131499600.0,Yahoo Finance,2026-09-21T08:29:09+00:00,2024-05-20
2024-03-26,^IBEX,10991.5,139644100.0,Yahoo Finance,2026-09-21T08:29:09+00:00,2024-05-20
2024-03-27,^IBEX,11111.2998046875,181418900.0,Yahoo Finance,2026-09-21T08:29:09+00:00,2024-05-20
2024-03-28,^IBEX,11074.599609375,182530200.0,Yahoo Finance,2026-09-21T08:29:09+00:00,2024-05-20
2024-04-02,^IBEX,10975.599609375,157049100.0,Yahoo Finance,2026-09-21T08:29:09+00:00,2024-05-20
2024-04-03,^IBEX,11032.2998046875,143750000.0,Yahoo Finance,2026-09-21T08:29:09+00:00,2024-05-20
2024-04-04,^IBEX,11090.900390625,167469700.0,Yahoo Finance,2026-09-21T08:29:09+00:00,2024-05-20
2024-04-05,^IBEX,10916.0,198548000.0,Yahoo Finance,2026-09-21T08:29:09+00:00,2024-05-20
2024-04-08,^IBEX,10911.7998046875,125829800.0,Yahoo Finance,2026-09-21T08:29:09+00:00,2024-05-20
2024-04-09,^IBEX,10816.0,139504300.0,Yahoo Finance,2026-09-21T08:29:09+00:00,2024-05-20
2024-04-10,^IBEX,10775.0,149227000.0,Yahoo Finance,2026-09-21T08:29:09+00:00,2024-05-20
2024-04-11,^IBEX,10649.7998046875,183036500.0,Yahoo Finance,2026-09-21T08:29:09+00:00,2024-05-20
2024-04-12,^IBEX,10686.0,154049100.0,Yahoo Finance,2026-09-21T08:29:09+00:00,2024-05-20
2024-04-15,^IBEX,10687.2001953125,144065900.0,Yahoo Finance,2026-09-21T08:29:09+00:00,2024-05-20
2024-04-16,^IBEX,10526.900390625,169501300.0,Yahoo Finance,2026-09-21T08:29:09+00:00,2024-05-20
2024-04-17,^IBEX,10633.900390625,120116300.0,Yahoo Finance,2026-09-21T08:29:09+00:00,2024-05-20
2024-04-18,^IBEX,10765.0,164337900.0,Yahoo Finance,2026-09-21T08:29:09+00:00,2024-05-20
2024-04-19,^IBEX,10729.5,204551500.0,Yahoo Finance,2026-09-21T08:29:09+00:00,2024-05-20
2024-04-22,^IBEX,10890.2001953125,140903400.0,Yahoo Finance,2026-09-21T08:29:09+00:00,2024-05-20
2024-04-23,^IBEX,11075.400390625,156006800.0,Yahoo Finance,2026-09-21T08:29:09+00:00,2024-05-20
2024-04-24,^IBEX,11027.7998046875,138502500.0,Yahoo Finance,2026-09-21T08:29:09+00:00,2024-05-20
2024-04-25,^IBEX,10983.7001953125,306290600.0,Yahoo Finance,2026-09-21T08:29:09+00:00,2024-05-20
2024-04-26,^IBEX,11154.599609375,188579200.0,Yahoo Finance,2026-09-21T08:29:09+00:00,2024-05-20
2024-04-29,^IBEX,11100.7998046875,201545700.0,Yahoo Finance,2026-09-21T08:29:09+00:00,2024-05-20
2024-04-30,^IBEX,10854.400390625,314561700.0,Yahoo Finance,2026-09-21T08:29:09+00:00,2024-05-20
2024-05-02,^IBEX,10872.0,254697600.0,Yahoo Finance,2026-09-21T08:29:09+00:00,2024-05-20
2024-05-03,^IBEX,10854.7001953125,204827400.0,Yahoo Finance,2026-09-21T08:29:09+00:00,2024-05-20
2024-05-06,^IBEX,10917.5,142156400.0,Yahoo Finance,2026-09-21T08:29:09+00:00,2024-05-20
2024-05-07,^IBEX,11080.900390625,206435300.0,Yahoo Finance,2026-09-21T08:29:09+00:00,2024-05-20
2024-05-08,^IBEX,11153.0,206758900.0,Yahoo Finance,2026-09-21T08:29:09+00:00,2024-05-20
2024-05-09,^IBEX,11050.099609375,212325300.0,Yahoo Finance,2026-09-21T08:29:09+00:00,2024-05-20
2024-05-10,^IBEX,11105.5,155650400.0,Yahoo Finance,2026-09-21T08:29:09+00:00,2024-05-20
2024-05-13,^IBEX,11152.0,106337500.0,Yahoo Finance,2026-09-21T08:29:09+00:00,2024-05-20
2024-05-14,^IBEX,11239.2998046875,137103300.0,Yahoo Finance,2026-09-21T08:29:09+00:00,2024-05-20
2024-05-15,^IBEX,11362.7998046875,159465800.0,Yahoo Finance,2026-09-21T08:29:09+00:00,2024-05-20
2024-05-16,^IBEX,11299.2998046875,141057900.0,Yahoo Finance,2026-09-21T08:29:09+00:00,2024-05-20
2024-05-17,^IBEX,11327.7001953125,143697900.0,Yahoo Finance,2026-09-21T08:29:09+00:00,2024-05-20
2024-05-20,^IBEX,11339.5,90520700.0,Yahoo Finance,2026-09-21T08:29:09+00:00,2024-05-20
2023-04-17,^STOXX50E,4367.60986328125,26853800.0,Yahoo Finance,2026-09-21T08:29:09+00:00,2024-05-20
2023-04-18,^STOXX50E,4393.9501953125,26674700.0,Yahoo Finance,2026-09-21T08:29:09+00:00,2024-05-20
2023-04-19,^STOXX50E,4393.56982421875,25026300.0,Yahoo Finance,2026-09-21T08:29:09+00:00,2024-05-20
2023-04-20,^STOXX50E,4384.85986328125,35898700.0,Yahoo Finance,2026-09-21T08:29:09+00:00,2024-05-20
2023-04-21,^STOXX50E,4408.58984375,39170700.0,Yahoo Finance,2026-09-21T08:29:09+00:00,2024-05-20
2023-04-24,^STOXX50E,4401.7998046875,24129600.0,Yahoo Finance,2026-09-21T08:29:09+00:00,2024-05-20
2023-04-25,^STOXX50E,4377.85009765625,30709500.0,Yahoo Finance,2026-09-21T08:29:09+00:00,2024-05-20
2023-04-26,^STOXX50E,4347.7099609375,35478500.0,Yahoo Finance,2026-09-21T08:29:09+00:00,2024-05-20
2023-04-27,^STOXX50E,4358.0498046875,27109300.0,Yahoo Finance,2026-09-21T08:29:09+00:00,2024-05-20
2023-04-28,^STOXX50E,4359.31005859375,39594900.0,Yahoo Finance,2026-09-21T08:29:09+00:00,2024-05-20
2023-05-02,^STOXX50E,4294.85009765625,33749900.0,Yahoo Finance,2026-09-21T08:29:09+00:00,2024-05-20
2023-05-03,^STOXX50E,4310.18017578125,27493200.0,Yahoo Finance,2026-09-21T08:29:09+00:00,2024-05-20
2023-05-04,^STOXX50E,4287.02978515625,31081600.0,Yahoo Finance,2026-09-21T08:29:09+00:00,2024-05-20
2023-05-05,^STOXX50E,4340.43017578125,31872600.0,Yahoo Finance,2026-09-21T08:29:09+00:00,2024-05-20
2023-05-08,^STOXX50E,4348.64990234375,19641400.0,Yahoo Finance,2026-09-21T08:29:09+00:00,2024-05-20
2023-05-09,^STOXX50E,4323.08984375,22737200.0,Yahoo Finance,2026-09-21T08:29:09+00:00,2024-05-20
2023-05-10,^STOXX50E,4306.759765625,27260600.0,Yahoo Finance,2026-09-21T08:29:09+00:00,2024-05-20
2023-05-11,^STOXX50E,4309.75,29579200.0,Yahoo Finance,2026-09-21T08:29:09+00:00,2024-05-20
2023-05-12,^STOXX50E,4317.8798828125,24686000.0,Yahoo Finance,2026-09-21T08:29:09+00:00,2024-05-20
2023-05-15,^STOXX50E,4316.41015625,20446600.0,Yahoo Finance,2026-09-21T08:29:09+00:00,2024-05-20
2023-05-16,^STOXX50E,4315.509765625,22335700.0,Yahoo Finance,2026-09-21T08:29:09+00:00,2024-05-20
2023-05-17,^STOXX50E,4323.22998046875,22868700.0,Yahoo Finance,2026-09-21T08:29:09+00:00,2024-05-20
2023-05-19,^STOXX50E,4395.2998046875,32140900.0,Yahoo Finance,2026-09-21T08:29:09+00:00,2024-05-20
2023-05-22,^STOXX50E,4385.6298828125,23962900.0,Yahoo Finance,2026-09-21T08:29:09+00:00,2024-05-20
2023-05-23,^STOXX50E,4342.3798828125,18704900.0,Yahoo Finance,2026-09-21T08:29:09+00:00,2024-05-20
2023-05-24,^STOXX50E,4263.740234375,34158400.0,Yahoo Finance,2026-09-21T08:29:09+00:00,2024-05-20
2023-05-25,^STOXX50E,4269.64013671875,28415900.0,Yahoo Finance,2026-09-21T08:29:09+00:00,2024-05-20
2023-05-26,^STOXX50E,4337.5,26474000.0,Yahoo Finance,2026-09-21T08:29:09+00:00,2024-05-20
2023-05-30,^STOXX50E,4291.580078125,26288500.0,Yahoo Finance,2026-09-21T08:29:09+00:00,2024-05-20
2023-05-31,^STOXX50E,4218.0400390625,97322500.0,Yahoo Finance,2026-09-21T08:29:09+00:00,2024-05-20
2023-06-01,^STOXX50E,4257.60986328125,26943900.0,Yahoo Finance,2026-09-21T08:29:09+00:00,2024-05-20
2023-06-02,^STOXX50E,4323.52001953125,29365400.0,Yahoo Finance,2026-09-21T08:29:09+00:00,2024-05-20
2023-06-05,^STOXX50E,4293.240234375,23336500.0,Yahoo Finance,2026-09-21T08:29:09+00:00,2024-05-20
2023-06-06,^STOXX50E,4295.22021484375,22402900.0,Yahoo Finance,2026-09-21T08:29:09+00:00,2024-05-20
2023-06-07,^STOXX50E,4291.91015625,24080000.0,Yahoo Finance,2026-09-21T08:29:09+00:00,2024-05-20
2023-06-08,^STOXX50E,4297.68017578125,25602300.0,Yahoo Finance,2026-09-21T08:29:09+00:00,2024-05-20
2023-06-09,^STOXX50E,4289.7900390625,20244800.0,Yahoo Finance,2026-09-21T08:29:09+00:00,2024-05-20
2023-06-12,^STOXX50E,4316.490234375,21540000.0,Yahoo Finance,2026-09-21T08:29:09+00:00,2024-05-20
2023-06-13,^STOXX50E,4347.5498046875,25599500.0,Yahoo Finance,2026-09-21T08:29:09+00:00,2024-05-20
2023-06-14,^STOXX50E,4375.97998046875,31344800.0,Yahoo Finance,2026-09-21T08:29:09+00:00,2024-05-20
2023-06-15,^STOXX50E,4365.1201171875,25489800.0,Yahoo Finance,2026-09-21T08:29:09+00:00,2024-05-20
2023-06-16,^STOXX50E,4394.81982421875,75504300.0,Yahoo Finance,2026-09-21T08:29:09+00:00,2024-05-20
2023-06-19,^STOXX50E,4362.3798828125,22395700.0,Yahoo Finance,2026-09-21T08:29:09+00:00,2024-05-20
2023-06-20,^STOXX50E,4343.14013671875,24006500.0,Yahoo Finance,2026-09-21T08:29:09+00:00,2024-05-20
2023-06-21,^STOXX50E,4322.75,25127500.0,Yahoo Finance,2026-09-21T08:29:09+00:00,2024-05-20
2023-06-22,^STOXX50E,4304.47021484375,25390500.0,Yahoo Finance,2026-09-21T08:29:09+00:00,2024-05-20
2023-06-23,^STOXX50E,4271.60986328125,28404300.0,Yahoo Finance,2026-09-21T08:29:09+00:00,2024-05-20
2023-06-26,^STOXX50E,4280.56982421875,23755200.0,Yahoo Finance,2026-09-21T08:29:09+00:00,2024-05-20
2023-06-27,^STOXX50E,4305.259765625,23665500.0,Yahoo Finance,2026-09-21T08:29:09+00:00,2024-05-20
2023-06-28,^STOXX50E,4344.75,24695700.0,Yahoo Finance,2026-09-21T08:29:09+00:00,2024-05-20
2023-06-29,^STOXX50E,4354.68994140625,24417400.0,Yahoo Finance,2026-09-21T08:29:09+00:00,2024-05-20
2023-06-30,^STOXX50E,4399.08984375,39197800.0,Yahoo Finance,2026-09-21T08:29:09+00:00,2024-05-20
2023-07-03,^STOXX50E,4398.14990234375,24607100.0,Yahoo Finance,2026-09-21T08:29:09+00:00,2024-05-20
2023-07-04,^STOXX50E,4390.990234375,18592200.0,Yahoo Finance,2026-09-21T08:29:09+00:00,2024-05-20
2023-07-05,^STOXX50E,4350.7099609375,24348900.0,Yahoo Finance,2026-09-21T08:29:09+00:00,2024-05-20
2023-07-06,^STOXX50E,4223.08984375,35240600.0,Yahoo Finance,2026-09-21T08:29:09+00:00,2024-05-20
2023-07-07,^STOXX50E,4236.60009765625,24779800.0,Yahoo Finance,2026-09-21T08:29:09+00:00,2024-05-20
2023-07-10,^STOXX50E,4256.509765625,17025200.0,Yahoo Finance,2026-09-21T08:29:09+00:00,2024-05-20
2023-07-11,^STOXX50E,4286.56005859375,18458500.0,Yahoo Finance,2026-09-21T08:29:09+00:00,2024-05-20
2023-07-12,^STOXX50E,4360.4599609375,30453000.0,Yahoo Finance,2026-09-21T08:29:09+00:00,2024-05-20
2023-07-13,^STOXX50E,4391.759765625,27774800.0,Yahoo Finance,2026-09-21T08:29:09+00:00,2024-05-20
2023-07-14,^STOXX50E,4400.10986328125,28865100.0,Yahoo Finance,2026-09-21T08:29:09+00:00,2024-05-20
2023-07-17,^STOXX50E,4356.7900390625,18521300.0,Yahoo Finance,2026-09-21T08:29:09+00:00,2024-05-20
2023-07-18,^STOXX50E,4369.72998046875,20708700.0,Yahoo Finance,2026-09-21T08:29:09+00:00,2024-05-20
2023-07-19,^STOXX50E,4362.27978515625,25254500.0,Yahoo Finance,2026-09-21T08:29:09+00:00,2024-05-20
2023-07-20,^STOXX50E,4373.72998046875,27574900.0,Yahoo Finance,2026-09-21T08:29:09+00:00,2024-05-20
2023-07-21,^STOXX50E,4391.41015625,26761900.0,Yahoo Finance,2026-09-21T08:29:09+00:00,2024-05-20
2023-07-24,^STOXX50E,4383.02978515625,19924300.0,Yahoo Finance,2026-09-21T08:29:09+00:00,2024-05-20
2023-07-25,^STOXX50E,4391.2998046875,18477800.0,Yahoo Finance,2026-09-21T08:29:09+00:00,2024-05-20
2023-07-26,^STOXX50E,4346.14990234375,32513000.0,Yahoo Finance,2026-09-21T08:29:09+00:00,2024-05-20
2023-07-27,^STOXX50E,4447.43994140625,38245800.0,Yahoo Finance,2026-09-21T08:29:09+00:00,2024-05-20
2023-07-28,^STOXX50E,4466.5,41694700.0,Yahoo Finance,2026-09-21T08:29:09+00:00,2024-05-20
2023-07-31,^STOXX50E,4471.31005859375,30435800.0,Yahoo Finance,2026-09-21T08:29:09+00:00,2024-05-20
2023-08-02,^STOXX50E,4336.5,31188400.0,Yahoo Finance,2026-09-21T08:29:09+00:00,2024-05-20
2023-08-03,^STOXX50E,4304.6298828125,28069400.0,Yahoo Finance,2026-09-21T08:29:09+00:00,2024-05-20
2023-08-04,^STOXX50E,4332.91015625,25844500.0,Yahoo Finance,2026-09-21T08:29:09+00:00,2024-05-20
2023-08-07,^STOXX50E,4337.5,18241300.0,Yahoo Finance,2026-09-21T08:29:09+00:00,2024-05-20
2023-08-08,^STOXX50E,4288.85009765625,58697200.0,Yahoo Finance,2026-09-21T08:29:09+00:00,2024-05-20
2023-08-09,^STOXX50E,4317.330078125,34469100.0,Yahoo Finance,2026-09-21T08:29:09+00:00,2024-05-20
2023-08-10,^STOXX50E,4384.0400390625,29363000.0,Yahoo Finance,2026-09-21T08:29:09+00:00,2024-05-20
2023-08-11,^STOXX50E,4321.330078125,21770200.0,Yahoo Finance,2026-09-21T08:29:09+00:00,2024-05-20
2023-08-14,^STOXX50E,4330.22998046875,16990700.0,Yahoo Finance,2026-09-21T08:29:09+00:00,2024-05-20
2023-08-15,^STOXX50E,4288.56982421875,23268200.0,Yahoo Finance,2026-09-21T08:29:09+00:00,2024-05-20
2023-08-16,^STOXX50E,4284.27001953125,18498000.0,Yahoo Finance,2026-09-21T08:29:09+00:00,2024-05-20
2023-08-17,^STOXX50E,4227.830078125,22270100.0,Yahoo Finance,2026-09-21T08:29:09+00:00,2024-05-20
2023-08-18,^STOXX50E,4212.9501953125,23253500.0,Yahoo Finance,2026-09-21T08:29:09+00:00,2024-05-20
2023-08-21,^STOXX50E,4224.8701171875,20937300.0,Yahoo Finance,2026-09-21T08:29:09+00:00,2024-05-20
2023-08-22,^STOXX50E,4260.3701171875,19604800.0,Yahoo Finance,2026-09-21T08:29:09+00:00,2024-05-20
2023-08-23,^STOXX50E,4266.669921875,20544100.0,Yahoo Finance,2026-09-21T08:29:09+00:00,2024-05-20
2023-08-24,^STOXX50E,4232.22021484375,22628100.0,Yahoo Finance,2026-09-21T08:29:09+00:00,2024-05-20
2023-08-25,^STOXX50E,4236.25,18675600.0,Yahoo Finance,2026-09-21T08:29:09+00:00,2024-05-20
2023-08-28,^STOXX50E,4293.68994140625,19004900.0,Yahoo Finance,2026-09-21T08:29:09+00:00,2024-05-20
2023-08-29,^STOXX50E,4326.47021484375,22557700.0,Yahoo Finance,2026-09-21T08:29:09+00:00,2024-05-20
2023-08-30,^STOXX50E,4315.31005859375,21390900.0,Yahoo Finance,2026-09-21T08:29:09+00:00,2024-05-20
2023-08-31,^STOXX50E,4297.10986328125,44880800.0,Yahoo Finance,2026-09-21T08:29:09+00:00,2024-05-20
2023-09-01,^STOXX50E,4282.64013671875,23648700.0,Yahoo Finance,2026-09-21T08:29:09+00:00,2024-05-20
2023-09-04,^STOXX50E,4279.8701171875,13821400.0,Yahoo Finance,2026-09-21T08:29:09+00:00,2024-05-20
2023-09-05,^STOXX50E,4269.16015625,19961600.0,Yahoo Finance,2026-09-21T08:29:09+00:00,2024-05-20
2023-09-06,^STOXX50E,4238.259765625,27595200.0,Yahoo Finance,2026-09-21T08:29:09+00:00,2024-05-20
2023-09-07,^STOXX50E,4221.02001953125,23792100.0,Yahoo Finance,2026-09-21T08:29:09+00:00,2024-05-20
2023-09-08,^STOXX50E,4237.18994140625,23027300.0,Yahoo Finance,2026-09-21T08:29:09+00:00,2024-05-20
2023-09-11,^STOXX50E,4254.330078125,27643500.0,Yahoo Finance,2026-09-21T08:29:09+00:00,2024-05-20
2023-09-12,^STOXX50E,4242.27001953125,25763700.0,Yahoo Finance,2026-09-21T08:29:09+00:00,2024-05-20
2023-09-13,^STOXX50E,4223.47998046875,24763800.0,Yahoo Finance,2026-09-21T08:29:09+00:00,2024-05-20
2023-09-14,^STOXX50E,4279.75,39852400.0,Yahoo Finance,2026-09-21T08:29:09+00:00,2024-05-20
2023-09-15,^STOXX50E,4295.0498046875,68337300.0,Yahoo Finance,2026-09-21T08:29:09+00:00,2024-05-20
2023-09-18,^STOXX50E,4245.8798828125,23664700.0,Yahoo Finance,2026-09-21T08:29:09+00:00,2024-05-20
2023-09-19,^STOXX50E,4242.7001953125,19670300.0,Yahoo Finance,2026-09-21T08:29:09+00:00,2024-05-20
2023-09-20,^STOXX50E,4275.97998046875,33987400.0,Yahoo Finance,2026-09-21T08:29:09+00:00,2024-05-20
2023-09-21,^STOXX50E,4212.58984375,29527400.0,Yahoo Finance,2026-09-21T08:29:09+00:00,2024-05-20
2023-09-22,^STOXX50E,4207.16015625,27408500.0,Yahoo Finance,2026-09-21T08:29:09+00:00,2024-05-20
2023-09-25,^STOXX50E,4167.3701171875,23905300.0,Yahoo Finance,2026-09-21T08:29:09+00:00,2024-05-20
2023-09-26,^STOXX50E,4129.18017578125,25884300.0,Yahoo Finance,2026-09-21T08:29:09+00:00,2024-05-20
2023-09-27,^STOXX50E,4131.68017578125,21446100.0,Yahoo Finance,2026-09-21T08:29:09+00:00,2024-05-20
2023-09-28,^STOXX50E,4161.56005859375,27903400.0,Yahoo Finance,2026-09-21T08:29:09+00:00,2024-05-20
2023-09-29,^STOXX50E,4174.66015625,27198900.0,Yahoo Finance,2026-09-21T08:29:09+00:00,2024-05-20
2023-10-02,^STOXX50E,4137.6298828125,25582100.0,Yahoo Finance,2026-09-21T08:29:09+00:00,2024-05-20
2023-10-03,^STOXX50E,4095.590087890625,29719600.0,Yahoo Finance,2026-09-21T08:29:09+00:00,2024-05-20
2023-10-04,^STOXX50E,4099.85009765625,30296300.0,Yahoo Finance,2026-09-21T08:29:09+00:00,2024-05-20
2023-10-05,^STOXX50E,4099.81005859375,21890900.0,Yahoo Finance,2026-09-21T08:29:09+00:00,2024-05-20
2023-10-06,^STOXX50E,4144.43017578125,26042400.0,Yahoo Finance,2026-09-21T08:29:09+00:00,2024-05-20
2023-10-09,^STOXX50E,4112.56982421875,24824600.0,Yahoo Finance,2026-09-21T08:29:09+00:00,2024-05-20
2023-10-10,^STOXX50E,4205.22998046875,26945500.0,Yahoo Finance,2026-09-21T08:29:09+00:00,2024-05-20
2023-10-11,^STOXX50E,4200.7998046875,25125600.0,Yahoo Finance,2026-09-21T08:29:09+00:00,2024-05-20
2023-10-12,^STOXX50E,4198.22998046875,28124600.0,Yahoo Finance,2026-09-21T08:29:09+00:00,2024-05-20
2023-10-13,^STOXX50E,4136.1201171875,29475800.0,Yahoo Finance,2026-09-21T08:29:09+00:00,2024-05-20
2023-10-16,^STOXX50E,4149.85986328125,22046300.0,Yahoo Finance,2026-09-21T08:29:09+00:00,2024-05-20
2023-10-17,^STOXX50E,4152.31982421875,19074800.0,Yahoo Finance,2026-09-21T08:29:09+00:00,2024-05-20
2023-10-18,^STOXX50E,4105.85986328125,22690500.0,Yahoo Finance,2026-09-21T08:29:09+00:00,2024-05-20
2023-10-19,^STOXX50E,4090.330078125,31261500.0,Yahoo Finance,2026-09-21T08:29:09+00:00,2024-05-20
2023-10-20,^STOXX50E,4024.679931640625,37662200.0,Yahoo Finance,2026-09-21T08:29:09+00:00,2024-05-20
2023-10-23,^STOXX50E,4041.75,26974400.0,Yahoo Finance,2026-09-21T08:29:09+00:00,2024-05-20
2023-10-24,^STOXX50E,4065.3701171875,25258900.0,Yahoo Finance,2026-09-21T08:29:09+00:00,2024-05-20
2023-10-25,^STOXX50E,4073.35009765625,22484800.0,Yahoo Finance,2026-09-21T08:29:09+00:00,2024-05-20
2023-10-26,^STOXX50E,4049.39990234375,27690700.0,Yahoo Finance,2026-09-21T08:29:09+00:00,2024-05-20
2023-10-27,^STOXX50E,4014.360107421875,24394700.0,Yahoo Finance,2026-09-21T08:29:09+00:00,2024-05-20
2023-10-30,^STOXX50E,4028.320068359375,25448600.0,Yahoo Finance,2026-09-21T08:29:09+00:00,2024-05-20
2023-10-31,^STOXX50E,4061.1201171875,33313900.0,Yahoo Finance,2026-09-21T08:29:09+00:00,2024-05-20
2023-11-01,^STOXX50E,4091.7099609375,28092900.0,Yahoo Finance,2026-09-21T08:29:09+00:00,2024-05-20
2023-11-02,^STOXX50E,4169.6201171875,35274500.0,Yahoo Finance,2026-09-21T08:29:09+00:00,2024-05-20
2023-11-03,^STOXX50E,4174.669921875,35837400.0,Yahoo Finance,2026-09-21T08:29:09+00:00,2024-05-20
2023-11-06,^STOXX50E,4158.64013671875,25431900.0,Yahoo Finance,2026-09-21T08:29:09+00:00,2024-05-20
2023-11-07,^STOXX50E,4153.3701171875,20870700.0,Yahoo Finance,2026-09-21T08:29:09+00:00,2024-05-20
2023-11-08,^STOXX50E,4178.490234375,27660500.0,Yahoo Finance,2026-09-21T08:29:09+00:00,2024-05-20
2023-11-09,^STOXX50E,4229.2001953125,25142800.0,Yahoo Finance,2026-09-21T08:29:09+00:00,2024-05-20
2023-11-10,^STOXX50E,4197.35986328125,25219100.0,Yahoo Finance,2026-09-21T08:29:09+00:00,2024-05-20
2023-11-13,^STOXX50E,4232.18994140625,26669400.0,Yahoo Finance,2026-09-21T08:29:09+00:00,2024-05-20
2023-11-14,^STOXX50E,4291.72021484375,37242600.0,Yahoo Finance,2026-09-21T08:29:09+00:00,2024-05-20
2023-11-15,^STOXX50E,4315.52978515625,29961300.0,Yahoo Finance,2026-09-21T08:29:09+00:00,2024-05-20
2023-11-16,^STOXX50E,4302.4501953125,32963100.0,Yahoo Finance,2026-09-21T08:29:09+00:00,2024-05-20
2023-11-17,^STOXX50E,4340.77001953125,41324200.0,Yahoo Finance,2026-09-21T08:29:09+00:00,2024-05-20
2023-11-20,^STOXX50E,4342.41015625,31874800.0,Yahoo Finance,2026-09-21T08:29:09+00:00,2024-05-20
2023-11-21,^STOXX50E,4331.89990234375,24992700.0,Yahoo Finance,2026-09-21T08:29:09+00:00,2024-05-20
2023-11-22,^STOXX50E,4352.02001953125,22322500.0,Yahoo Finance,2026-09-21T08:29:09+00:00,2024-05-20
2023-11-23,^STOXX50E,4361.31982421875,18317400.0,Yahoo Finance,2026-09-21T08:29:09+00:00,2024-05-20
2023-11-24,^STOXX50E,4372.10009765625,21635400.0,Yahoo Finance,2026-09-21T08:29:09+00:00,2024-05-20
2023-11-27,^STOXX50E,4354.41015625,22306300.0,Yahoo Finance,2026-09-21T08:29:09+00:00,2024-05-20
2023-11-28,^STOXX50E,4348.02001953125,23473700.0,Yahoo Finance,2026-09-21T08:29:09+00:00,2024-05-20
2023-11-29,^STOXX50E,4370.52978515625,30478700.0,Yahoo Finance,2026-09-21T08:29:09+00:00,2024-05-20
2023-11-30,^STOXX50E,4382.47021484375,55338100.0,Yahoo Finance,2026-09-21T08:29:09+00:00,2024-05-20
2023-12-01,^STOXX50E,4418.509765625,23410400.0,Yahoo Finance,2026-09-21T08:29:09+00:00,2024-05-20
2023-12-04,^STOXX50E,4414.9501953125,25291700.0,Yahoo Finance,2026-09-21T08:29:09+00:00,2024-05-20
2023-12-05,^STOXX50E,4452.77001953125,31965100.0,Yahoo Finance,2026-09-21T08:29:09+00:00,2024-05-20
2023-12-06,^STOXX50E,4483.259765625,32538500.0,Yahoo Finance,2026-09-21T08:29:09+00:00,2024-05-20
2023-12-07,^STOXX50E,4473.77001953125,31121800.0,Yahoo Finance,2026-09-21T08:29:09+00:00,2024-05-20
2023-12-08,^STOXX50E,4523.31005859375,26886000.0,Yahoo Finance,2026-09-21T08:29:09+00:00,2024-05-20
2023-12-11,^STOXX50E,4540.18994140625,24134800.0,Yahoo Finance,2026-09-21T08:29:09+00:00,2024-05-20
2023-12-12,^STOXX50E,4536.60986328125,26300000.0,Yahoo Finance,2026-09-21T08:29:09+00:00,2024-05-20
2023-12-13,^STOXX50E,4530.18994140625,27793300.0,Yahoo Finance,2026-09-21T08:29:09+00:00,2024-05-20
2023-12-14,^STOXX50E,4539.16015625,47268300.0,Yahoo Finance,2026-09-21T08:29:09+00:00,2024-05-20
2023-12-15,^STOXX50E,4549.43994140625,62263800.0,Yahoo Finance,2026-09-21T08:29:09+00:00,2024-05-20
2023-12-18,^STOXX50E,4521.1298828125,22240500.0,Yahoo Finance,2026-09-21T08:29:09+00:00,2024-05-20
2023-12-19,^STOXX50E,4535.39990234375,23305200.0,Yahoo Finance,2026-09-21T08:29:09+00:00,2024-05-20
2023-12-20,^STOXX50E,4533.81982421875,22434600.0,Yahoo Finance,2026-09-21T08:29:09+00:00,2024-05-20
2023-12-21,^STOXX50E,4524.85986328125,16748300.0,Yahoo Finance,2026-09-21T08:29:09+00:00,2024-05-20
2023-12-22,^STOXX50E,4521.47021484375,17782200.0,Yahoo Finance,2026-09-21T08:29:09+00:00,2024-05-20
2023-12-27,^STOXX50E,4528.3798828125,16854400.0,Yahoo Finance,2026-09-21T08:29:09+00:00,2024-05-20
2023-12-28,^STOXX50E,4514.3798828125,14425000.0,Yahoo Finance,2026-09-21T08:29:09+00:00,2024-05-20
2023-12-29,^STOXX50E,4521.64990234375,13276900.0,Yahoo Finance,2026-09-21T08:29:09+00:00,2024-05-20
2024-01-03,^STOXX50E,4448.1298828125,26376200.0,Yahoo Finance,2026-09-21T08:29:09+00:00,2024-05-20
2024-01-04,^STOXX50E,4474.009765625,28082800.0,Yahoo Finance,2026-09-21T08:29:09+00:00,2024-05-20
2024-01-05,^STOXX50E,4463.509765625,28778100.0,Yahoo Finance,2026-09-21T08:29:09+00:00,2024-05-20
2024-01-08,^STOXX50E,4485.47998046875,21900200.0,Yahoo Finance,2026-09-21T08:29:09+00:00,2024-05-20
2024-01-09,^STOXX50E,4467.169921875,25544800.0,Yahoo Finance,2026-09-21T08:29:09+00:00,2024-05-20
2024-01-10,^STOXX50E,4468.97998046875,20341000.0,Yahoo Finance,2026-09-21T08:29:09+00:00,2024-05-20
2024-01-11,^STOXX50E,4442.27978515625,24082000.0,Yahoo Finance,2026-09-21T08:29:09+00:00,2024-05-20
2024-01-12,^STOXX50E,4480.02001953125,20703500.0,Yahoo Finance,2026-09-21T08:29:09+00:00,2024-05-20
2024-01-15,^STOXX50E,4454.68017578125,16286900.0,Yahoo Finance,2026-09-21T08:29:09+00:00,2024-05-20
2024-01-16,^STOXX50E,4446.509765625,22717700.0,Yahoo Finance,2026-09-21T08:29:09+00:00,2024-05-20
2024-01-17,^STOXX50E,4403.080078125,26429000.0,Yahoo Finance,2026-09-21T08:29:09+00:00,2024-05-20
2024-01-18,^STOXX50E,4453.0498046875,25615800.0,Yahoo Finance,2026-09-21T08:29:09+00:00,2024-05-20
2024-01-19,^STOXX50E,4448.830078125,26267800.0,Yahoo Finance,2026-09-21T08:29:09+00:00,2024-05-20
2024-01-22,^STOXX50E,4480.31982421875,24707800.0,Yahoo Finance,2026-09-21T08:29:09+00:00,2024-05-20
2024-01-23,^STOXX50E,4465.91015625,21306700.0,Yahoo Finance,2026-09-21T08:29:09+00:00,2024-05-20
2024-01-24,^STOXX50E,4564.10986328125,30202900.0,Yahoo Finance,2026-09-21T08:29:09+00:00,2024-05-20
2024-01-25,^STOXX50E,4582.259765625,30570800.0,Yahoo Finance,2026-09-21T08:29:09+00:00,2024-05-20
2024-01-26,^STOXX50E,4635.47021484375,24797100.0,Yahoo Finance,2026-09-21T08:29:09+00:00,2024-05-20
2024-01-29,^STOXX50E,4639.35986328125,26589700.0,Yahoo Finance,2026-09-21T08:29:09+00:00,2024-05-20
2024-01-30,^STOXX50E,4662.7001953125,31631300.0,Yahoo Finance,2026-09-21T08:29:09+00:00,2024-05-20
2024-01-31,^STOXX50E,4648.39990234375,36656800.0,Yahoo Finance,2026-09-21T08:29:09+00:00,2024-05-20
2024-02-01,^STOXX50E,4638.60009765625,38356000.0,Yahoo Finance,2026-09-21T08:29:09+00:00,2024-05-20
2024-02-02,^STOXX50E,4654.5498046875,29245500.0,Yahoo Finance,2026-09-21T08:29:09+00:00,2024-05-20
2024-02-05,^STOXX50E,4655.27001953125,41764000.0,Yahoo Finance,2026-09-21T08:29:09+00:00,2024-05-20
2024-02-06,^STOXX50E,4690.8701171875,40126800.0,Yahoo Finance,2026-09-21T08:29:09+00:00,2024-05-20
2024-02-07,^STOXX50E,4678.85009765625,36290900.0,Yahoo Finance,2026-09-21T08:29:09+00:00,2024-05-20
2024-02-08,^STOXX50E,4710.77978515625,26948800.0,Yahoo Finance,2026-09-21T08:29:09+00:00,2024-05-20
2024-02-09,^STOXX50E,4715.8701171875,30842300.0,Yahoo Finance,2026-09-21T08:29:09+00:00,2024-05-20
2024-02-12,^STOXX50E,4746.35009765625,21602800.0,Yahoo Finance,2026-09-21T08:29:09+00:00,2024-05-20
2024-02-13,^STOXX50E,4689.27978515625,22710500.0,Yahoo Finance,2026-09-21T08:29:09+00:00,2024-05-20
2024-02-14,^STOXX50E,4709.22021484375,20156500.0,Yahoo Finance,2026-09-21T08:29:09+00:00,2024-05-20
2024-02-15,^STOXX50E,4743.169921875,26284000.0,Yahoo Finance,2026-09-21T08:29:09+00:00,2024-05-20
2024-02-16,^STOXX50E,4765.64990234375,28820000.0,Yahoo Finance,2026-09-21T08:29:09+00:00,2024-05-20
2024-02-19,^STOXX50E,4763.06982421875,17297200.0,Yahoo Finance,2026-09-21T08:29:09+00:00,2024-05-20
2024-02-20,^STOXX50E,4760.27978515625,20499400.0,Yahoo Finance,2026-09-21T08:29:09+00:00,2024-05-20
2024-02-21,^STOXX50E,4775.31005859375,27017300.0,Yahoo Finance,2026-09-21T08:29:09+00:00,2024-05-20
2024-02-22,^STOXX50E,4855.35986328125,29131200.0,Yahoo Finance,2026-09-21T08:29:09+00:00,2024-05-20
2024-02-23,^STOXX50E,4872.56982421875,28690800.0,Yahoo Finance,2026-09-21T08:29:09+00:00,2024-05-20
2024-02-26,^STOXX50E,4864.2900390625,25387100.0,Yahoo Finance,2026-09-21T08:29:09+00:00,2024-05-20
2024-02-27,^STOXX50E,4885.740234375,24235200.0,Yahoo Finance,2026-09-21T08:29:09+00:00,2024-05-20
2024-02-28,^STOXX50E,4883.77001953125,22071200.0,Yahoo Finance,2026-09-21T08:29:09+00:00,2024-05-20
2024-02-29,^STOXX50E,4877.77001953125,52106500.0,Yahoo Finance,2026-09-21T08:29:09+00:00,2024-05-20
2024-03-01,^STOXX50E,4894.85986328125,36359400.0,Yahoo Finance,2026-09-21T08:29:09+00:00,2024-05-20
2024-03-04,^STOXX50E,4912.919921875,19696200.0,Yahoo Finance,2026-09-21T08:29:09+00:00,2024-05-20
2024-03-05,^STOXX50E,4893.06982421875,29832800.0,Yahoo Finance,2026-09-21T08:29:09+00:00,2024-05-20
2024-03-06,^STOXX50E,4915.490234375,31096700.0,Yahoo Finance,2026-09-21T08:29:09+00:00,2024-05-20
2024-03-07,^STOXX50E,4974.22021484375,33778900.0,Yahoo Finance,2026-09-21T08:29:09+00:00,2024-05-20
2024-03-08,^STOXX50E,4961.10986328125,25083600.0,Yahoo Finance,2026-09-21T08:29:09+00:00,2024-05-20
2024-03-11,^STOXX50E,4930.419921875,28433100.0,Yahoo Finance,2026-09-21T08:29:09+00:00,2024-05-20
2024-03-12,^STOXX50E,4983.2001953125,33567600.0,Yahoo Finance,2026-09-21T08:29:09+00:00,2024-05-20
2024-03-13,^STOXX50E,5000.5498046875,33871200.0,Yahoo Finance,2026-09-21T08:29:09+00:00,2024-05-20
2024-03-14,^STOXX50E,4993.1201171875,33713900.0,Yahoo Finance,2026-09-21T08:29:09+00:00,2024-05-20
2024-03-15,^STOXX50E,4986.02001953125,83894000.0,Yahoo Finance,2026-09-21T08:29:09+00:00,2024-05-20
2024-03-18,^STOXX50E,4982.759765625,24806900.0,Yahoo Finance,2026-09-21T08:29:09+00:00,2024-05-20
2024-03-19,^STOXX50E,5007.919921875,27400600.0,Yahoo Finance,2026-09-21T08:29:09+00:00,2024-05-20
2024-03-20,^STOXX50E,5000.31005859375,23453900.0,Yahoo Finance,2026-09-21T08:29:09+00:00,2024-05-20
2024-03-21,^STOXX50E,5052.31005859375,27735100.0,Yahoo Finance,2026-09-21T08:29:09+00:00,2024-05-20
2024-03-22,^STOXX50E,5031.14990234375,27334500.0,Yahoo Finance,2026-09-21T08:29:09+00:00,2024-05-20
2024-03-25,^STOXX50E,5044.18994140625,22818800.0,Yahoo Finance,2026-09-21T08:29:09+00:00,2024-05-20
2024-03-26,^STOXX50E,5064.18017578125,25325900.0,Yahoo Finance,2026-09-21T08:29:09+00:00,2024-05-20
2024-03-27,^STOXX50E,5081.740234375,25287000.0,Yahoo Finance,2026-09-21T08:29:09+00:00,2024-05-20
2024-03-28,^STOXX50E,5083.419921875,31375500.0,Yahoo Finance,2026-09-21T08:29:09+00:00,2024-05-20
2024-04-02,^STOXX50E,5042.0,31803000.0,Yahoo Finance,2026-09-21T08:29:09+00:00,2024-05-20
2024-04-03,^STOXX50E,5069.25,27231600.0,Yahoo Finance,2026-09-21T08:29:09+00:00,2024-05-20
2024-04-04,^STOXX50E,5070.759765625,23602100.0,Yahoo Finance,2026-09-21T08:29:09+00:00,2024-05-20
2024-04-05,^STOXX50E,5014.75,36778900.0,Yahoo Finance,2026-09-21T08:29:09+00:00,2024-05-20
2024-04-08,^STOXX50E,5046.0498046875,19822200.0,Yahoo Finance,2026-09-21T08:29:09+00:00,2024-05-20
2024-04-09,^STOXX50E,4990.89990234375,24097700.0,Yahoo Finance,2026-09-21T08:29:09+00:00,2024-05-20
2024-04-10,^STOXX50E,5000.830078125,28802000.0,Yahoo Finance,2026-09-21T08:29:09+00:00,2024-05-20
2024-04-11,^STOXX50E,4966.68017578125,30613200.0,Yahoo Finance,2026-09-21T08:29:09+00:00,2024-05-20
2024-04-12,^STOXX50E,4955.009765625,27782600.0,Yahoo Finance,2026-09-21T08:29:09+00:00,2024-05-20
2024-04-15,^STOXX50E,4984.47998046875,24465200.0,Yahoo Finance,2026-09-21T08:29:09+00:00,2024-05-20
2024-04-16,^STOXX50E,4916.990234375,27874400.0,Yahoo Finance,2026-09-21T08:29:09+00:00,2024-05-20
2024-04-17,^STOXX50E,4914.1298828125,22788100.0,Yahoo Finance,2026-09-21T08:29:09+00:00,2024-05-20
2024-04-18,^STOXX50E,4936.56982421875,27889700.0,Yahoo Finance,2026-09-21T08:29:09+00:00,2024-05-20
2024-04-19,^STOXX50E,4918.08984375,35229800.0,Yahoo Finance,2026-09-21T08:29:09+00:00,2024-05-20
2024-04-22,^STOXX50E,4936.85009765625,28703100.0,Yahoo Finance,2026-09-21T08:29:09+00:00,2024-05-20
2024-04-23,^STOXX50E,5008.169921875,35178000.0,Yahoo Finance,2026-09-21T08:29:09+00:00,2024-05-20
2024-04-24,^STOXX50E,4989.8798828125,30866000.0,Yahoo Finance,2026-09-21T08:29:09+00:00,2024-05-20
2024-04-25,^STOXX50E,4939.009765625,27537300.0,Yahoo Finance,2026-09-21T08:29:09+00:00,2024-05-20
2024-04-26,^STOXX50E,5006.85009765625,26649800.0,Yahoo Finance,2026-09-21T08:29:09+00:00,2024-05-20
2024-04-29,^STOXX50E,4981.08984375,28179400.0,Yahoo Finance,2026-09-21T08:29:09+00:00,2024-05-20
2024-04-30,^STOXX50E,4921.22021484375,33802300.0,Yahoo Finance,2026-09-21T08:29:09+00:00,2024-05-20
2024-05-02,^STOXX50E,4890.60986328125,35992100.0,Yahoo Finance,2026-09-21T08:29:09+00:00,2024-05-20
2024-05-03,^STOXX50E,4921.47998046875,35280900.0,Yahoo Finance,2026-09-21T08:29:09+00:00,2024-05-20
2024-05-06,^STOXX50E,4956.9599609375,22143800.0,Yahoo Finance,2026-09-21T08:29:09+00:00,2024-05-20
2024-05-07,^STOXX50E,5016.10009765625,29592800.0,Yahoo Finance,2026-09-21T08:29:09+00:00,2024-05-20
2024-05-08,^STOXX50E,5038.169921875,28177000.0,Yahoo Finance,2026-09-21T08:29:09+00:00,2024-05-20
2024-05-10,^STOXX50E,5085.080078125,33566400.0,Yahoo Finance,2026-09-21T08:29:09+00:00,2024-05-20
2024-05-13,^STOXX50E,5078.9599609375,23625800.0,Yahoo Finance,2026-09-21T08:29:09+00:00,2024-05-20
2024-05-14,^STOXX50E,5080.2900390625,35579700.0,Yahoo Finance,2026-09-21T08:29:09+00:00,2024-05-20
2024-05-15,^STOXX50E,5100.89990234375,28208300.0,Yahoo Finance,2026-09-21T08:29:09+00:00,2024-05-20
2024-05-16,^STOXX50E,5072.4501953125,26348900.0,Yahoo Finance,2026-09-21T08:29:09+00:00,2024-05-20
2024-05-17,^STOXX50E,5064.14013671875,33517100.0,Yahoo Finance,2026-09-21T08:29:09+00:00,2024-05-20
