date,ticker,close,volume,source,retrieved_at,as_of_date
2024-11-13,AAPL,223.498046875,48566200.0,Yahoo Finance,2026-09-21T04:37:35+00:00,2025-12-18
2024-11-14,AAPL,226.57574462890625,44923900.0,Yahoo Finance,2026-09-21T04:37:35+00:00,2025-12-18
2024-11-15,AAPL,223.37893676757812,47923700.0,Yahoo Finance,2026-09-21T04:37:35+00:00,2025-12-18
2024-11-18,AAPL,226.377197265625,44633700.0,Yahoo Finance,2026-09-21T04:37:35+00:00,2025-12-18
2024-11-19,AAPL,226.6352996826172,36211800.0,Yahoo Finance,2026-09-21T04:37:35+00:00,2025-12-18
2024-11-20,AAPL,227.35012817382812,35169600.0,Yahoo Finance,2026-09-21T04:37:35+00:00,2025-12-18
2024-11-21,AAPL,226.8735809326172,42108300.0,Yahoo Finance,2026-09-21T04:37:35+00:00,2025-12-18
2024-11-22,AAPL,228.2138214111328,38168300.0,Yahoo Finance,2026-09-21T04:37:35+00:00,2025-12-18
2024-11-25,AAPL,231.1922149658203,90152800.0,Yahoo Finance,2026-09-21T04:37:35+00:00,2025-12-18
2024-11-26,AAPL,233.36647033691406,45986200.0,Yahoo Finance,2026-09-21T04:37:35+00:00,2025-12-18
2024-11-27,AAPL,233.2373809814453,33498400.0,Yahoo Finance,2026-09-21T04:37:35+00:00,2025-12-18
2024-11-29,AAPL,235.6201171875,28481400.0,Yahoo Finance,2026-09-21T04:37:35+00:00,2025-12-18
2024-12-02,AAPL,237.8638153076172,48137100.0,Yahoo Finance,2026-09-21T04:37:35+00:00,2025-12-18
2024-12-03,AAPL,240.9017791748047,38861000.0,Yahoo Finance,2026-09-21T04:37:35+00:00,2025-12-18
2024-12-04,AAPL,241.25917053222656,44383900.0,Yahoo Finance,2026-09-21T04:37:35+00:00,2025-12-18
2024-12-05,AAPL,241.2889404296875,40033900.0,Yahoo Finance,2026-09-21T04:37:35+00:00,2025-12-18
2024-12-06,AAPL,241.0904083251953,36870600.0,Yahoo Finance,2026-09-21T04:37:35+00:00,2025-12-18
2024-12-09,AAPL,244.9722137451172,44649200.0,Yahoo Finance,2026-09-21T04:37:35+00:00,2025-12-18
2024-12-10,AAPL,245.98489379882812,36914800.0,Yahoo Finance,2026-09-21T04:37:35+00:00,2025-12-18
2024-12-11,AAPL,244.71412658691406,45205800.0,Yahoo Finance,2026-09-21T04:37:35+00:00,2025-12-18
2024-12-12,AAPL,246.17352294921875,32777500.0,Yahoo Finance,2026-09-21T04:37:35+00:00,2025-12-18
2024-12-13,AAPL,246.34228515625,33155300.0,Yahoo Finance,2026-09-21T04:37:35+00:00,2025-12-18
2024-12-16,AAPL,249.2313232421875,51694800.0,Yahoo Finance,2026-09-21T04:37:35+00:00,2025-12-18
2024-12-17,AAPL,251.65374755859375,51356400.0,Yahoo Finance,2026-09-21T04:37:35+00:00,2025-12-18
2024-12-18,AAPL,246.26287841796875,56774100.0,Yahoo Finance,2026-09-21T04:37:35+00:00,2025-12-18
2024-12-19,AAPL,247.99032592773438,60882300.0,Yahoo Finance,2026-09-21T04:37:35+00:00,2025-12-18
2024-12-20,AAPL,252.656494140625,147495300.0,Yahoo Finance,2026-09-21T04:37:35+00:00,2025-12-18
2024-12-23,AAPL,253.4308624267578,40858800.0,Yahoo Finance,2026-09-21T04:37:35+00:00,2025-12-18
2024-12-24,AAPL,256.33978271484375,23234700.0,Yahoo Finance,2026-09-21T04:37:35+00:00,2025-12-18
2024-12-26,AAPL,257.1538391113281,27237100.0,Yahoo Finance,2026-09-21T04:37:35+00:00,2025-12-18
2024-12-27,AAPL,253.74853515625,42355300.0,Yahoo Finance,2026-09-21T04:37:35+00:00,2025-12-18
2024-12-30,AAPL,250.38296508789062,35557500.0,Yahoo Finance,2026-09-21T04:37:35+00:00,2025-12-18
2024-12-31,AAPL,248.61578369140625,39480700.0,Yahoo Finance,2026-09-21T04:37:35+00:00,2025-12-18
2025-01-02,AAPL,242.09312438964844,55740700.0,Yahoo Finance,2026-09-21T04:37:35+00:00,2025-12-18
2025-01-03,AAPL,241.6066436767578,40244100.0,Yahoo Finance,2026-09-21T04:37:35+00:00,2025-12-18
2025-01-06,AAPL,243.23483276367188,45045600.0,Yahoo Finance,2026-09-21T04:37:35+00:00,2025-12-18
2025-01-07,AAPL,240.4649200439453,40856000.0,Yahoo Finance,2026-09-21T04:37:35+00:00,2025-12-18
2025-01-08,AAPL,240.951416015625,37628900.0,Yahoo Finance,2026-09-21T04:37:35+00:00,2025-12-18
2025-01-10,AAPL,235.14358520507812,61710900.0,Yahoo Finance,2026-09-21T04:37:35+00:00,2025-12-18
2025-01-13,AAPL,232.7112274169922,49630700.0,Yahoo Finance,2026-09-21T04:37:35+00:00,2025-12-18
2025-01-14,AAPL,231.59927368164062,39435300.0,Yahoo Finance,2026-09-21T04:37:35+00:00,2025-12-18
2025-01-15,AAPL,236.1562042236328,39832000.0,Yahoo Finance,2026-09-21T04:37:35+00:00,2025-12-18
2025-01-16,AAPL,226.61546325683594,71759100.0,Yahoo Finance,2026-09-21T04:37:35+00:00,2025-12-18
2025-01-17,AAPL,228.32305908203125,68488300.0,Yahoo Finance,2026-09-21T04:37:35+00:00,2025-12-18
2025-01-21,AAPL,221.03591918945312,98070400.0,Yahoo Finance,2026-09-21T04:37:35+00:00,2025-12-18
2025-01-22,AAPL,222.2173614501953,64126500.0,Yahoo Finance,2026-09-21T04:37:35+00:00,2025-12-18
2025-01-23,AAPL,222.04859924316406,60234800.0,Yahoo Finance,2026-09-21T04:37:35+00:00,2025-12-18
2025-01-24,AAPL,221.1749267578125,54697900.0,Yahoo Finance,2026-09-21T04:37:35+00:00,2025-12-18
2025-01-27,AAPL,228.20391845703125,94863400.0,Yahoo Finance,2026-09-21T04:37:35+00:00,2025-12-18
2025-01-28,AAPL,236.5433807373047,75707600.0,Yahoo Finance,2026-09-21T04:37:35+00:00,2025-12-18
2025-01-29,AAPL,237.63546752929688,45486100.0,Yahoo Finance,2026-09-21T04:37:35+00:00,2025-12-18
2025-01-30,AAPL,235.8782196044922,55658300.0,Yahoo Finance,2026-09-21T04:37:35+00:00,2025-12-18
2025-01-31,AAPL,234.2996826171875,100959800.0,Yahoo Finance,2026-09-21T04:37:35+00:00,2025-12-18
2025-02-03,AAPL,226.3672332763672,73063300.0,Yahoo Finance,2026-09-21T04:37:35+00:00,2025-12-18
2025-02-04,AAPL,231.12274169921875,45067300.0,Yahoo Finance,2026-09-21T04:37:35+00:00,2025-12-18
2025-02-05,AAPL,230.7951202392578,39620300.0,Yahoo Finance,2026-09-21T04:37:35+00:00,2025-12-18
2025-02-06,AAPL,231.53968811035156,29925300.0,Yahoo Finance,2026-09-21T04:37:35+00:00,2025-12-18
2025-02-07,AAPL,225.989990234375,39707200.0,Yahoo Finance,2026-09-21T04:37:35+00:00,2025-12-18
2025-02-10,AAPL,226.25833129882812,33115600.0,Yahoo Finance,2026-09-21T04:37:35+00:00,2025-12-18
2025-02-11,AAPL,231.1979522705078,53718400.0,Yahoo Finance,2026-09-21T04:37:35+00:00,2025-12-18
2025-02-12,AAPL,235.4219512939453,45243300.0,Yahoo Finance,2026-09-21T04:37:35+00:00,2025-12-18
2025-02-13,AAPL,240.05349731445312,53614100.0,Yahoo Finance,2026-09-21T04:37:35+00:00,2025-12-18
2025-02-14,AAPL,243.10472106933594,40896200.0,Yahoo Finance,2026-09-21T04:37:35+00:00,2025-12-18
2025-02-18,AAPL,242.97552490234375,48822500.0,Yahoo Finance,2026-09-21T04:37:35+00:00,2025-12-18
2025-02-19,AAPL,243.373046875,32204200.0,Yahoo Finance,2026-09-21T04:37:35+00:00,2025-12-18
2025-02-20,AAPL,244.3271942138672,32316900.0,Yahoo Finance,2026-09-21T04:37:35+00:00,2025-12-18
2025-02-21,AAPL,244.0489044189453,53197400.0,Yahoo Finance,2026-09-21T04:37:35+00:00,2025-12-18
2025-02-24,AAPL,245.5894317626953,51326400.0,Yahoo Finance,2026-09-21T04:37:35+00:00,2025-12-18
2025-02-25,AAPL,245.52981567382812,48013300.0,Yahoo Finance,2026-09-21T04:37:35+00:00,2025-12-18
2025-02-26,AAPL,238.89064025878906,44433600.0,Yahoo Finance,2026-09-21T04:37:35+00:00,2025-12-18
2025-02-27,AAPL,235.84933471679688,41153600.0,Yahoo Finance,2026-09-21T04:37:35+00:00,2025-12-18
2025-02-28,AAPL,240.361572265625,56833400.0,Yahoo Finance,2026-09-21T04:37:35+00:00,2025-12-18
2025-03-03,AAPL,236.5749053955078,47184000.0,Yahoo Finance,2026-09-21T04:37:35+00:00,2025-12-18
2025-03-04,AAPL,234.48773193359375,53798100.0,Yahoo Finance,2026-09-21T04:37:35+00:00,2025-12-18
2025-03-05,AAPL,234.2988739013672,47227600.0,Yahoo Finance,2026-09-21T04:37:35+00:00,2025-12-18
2025-03-06,AAPL,233.89138793945312,45170400.0,Yahoo Finance,2026-09-21T04:37:35+00:00,2025-12-18
2025-03-07,AAPL,237.60853576660156,46273600.0,Yahoo Finance,2026-09-21T04:37:35+00:00,2025-12-18
2025-03-10,AAPL,226.08937072753906,72071200.0,Yahoo Finance,2026-09-21T04:37:35+00:00,2025-12-18
2025-03-11,AAPL,219.48997497558594,76137400.0,Yahoo Finance,2026-09-21T04:37:35+00:00,2025-12-18
2025-03-12,AAPL,215.653564453125,62547500.0,Yahoo Finance,2026-09-21T04:37:35+00:00,2025-12-18
2025-03-13,AAPL,208.39817810058594,61368300.0,Yahoo Finance,2026-09-21T04:37:35+00:00,2025-12-18
2025-03-14,AAPL,212.18490600585938,60107600.0,Yahoo Finance,2026-09-21T04:37:35+00:00,2025-12-18
2025-03-17,AAPL,212.69178771972656,48073400.0,Yahoo Finance,2026-09-21T04:37:35+00:00,2025-12-18
2025-03-18,AAPL,211.38980102539062,42432400.0,Yahoo Finance,2026-09-21T04:37:35+00:00,2025-12-18
2025-03-19,AAPL,213.9241943359375,54385400.0,Yahoo Finance,2026-09-21T04:37:35+00:00,2025-12-18
2025-03-20,AAPL,212.7911834716797,48862900.0,Yahoo Finance,2026-09-21T04:37:35+00:00,2025-12-18
2025-03-21,AAPL,216.9356689453125,94127800.0,Yahoo Finance,2026-09-21T04:37:35+00:00,2025-12-18
2025-03-24,AAPL,219.380615234375,44299500.0,Yahoo Finance,2026-09-21T04:37:35+00:00,2025-12-18
2025-03-25,AAPL,222.38217163085938,34493600.0,Yahoo Finance,2026-09-21T04:37:35+00:00,2025-12-18
2025-03-26,AAPL,220.17575073242188,34466100.0,Yahoo Finance,2026-09-21T04:37:35+00:00,2025-12-18
2025-03-27,AAPL,222.48158264160156,37094800.0,Yahoo Finance,2026-09-21T04:37:35+00:00,2025-12-18
2025-03-28,AAPL,216.5679473876953,39818600.0,Yahoo Finance,2026-09-21T04:37:35+00:00,2025-12-18
2025-03-31,AAPL,220.7720947265625,65299300.0,Yahoo Finance,2026-09-21T04:37:35+00:00,2025-12-18
2025-04-01,AAPL,221.8256072998047,36412700.0,Yahoo Finance,2026-09-21T04:37:35+00:00,2025-12-18
2025-04-02,AAPL,222.5213165283203,35905900.0,Yahoo Finance,2026-09-21T04:37:35+00:00,2025-12-18
2025-04-03,AAPL,201.94786071777344,103419000.0,Yahoo Finance,2026-09-21T04:37:35+00:00,2025-12-18
2025-04-04,AAPL,187.22842407226562,125910900.0,Yahoo Finance,2026-09-21T04:37:35+00:00,2025-12-18
2025-04-07,AAPL,180.35072326660156,160466300.0,Yahoo Finance,2026-09-21T04:37:35+00:00,2025-12-18
2025-04-08,AAPL,171.36598205566406,120859500.0,Yahoo Finance,2026-09-21T04:37:35+00:00,2025-12-18
2025-04-09,AAPL,197.6343994140625,184395900.0,Yahoo Finance,2026-09-21T04:37:35+00:00,2025-12-18
2025-04-10,AAPL,189.25592041015625,121880000.0,Yahoo Finance,2026-09-21T04:37:35+00:00,2025-12-18
2025-04-11,AAPL,196.9386749267578,87435900.0,Yahoo Finance,2026-09-21T04:37:35+00:00,2025-12-18
2025-04-14,AAPL,201.28196716308594,101352900.0,Yahoo Finance,2026-09-21T04:37:35+00:00,2025-12-18
2025-04-15,AAPL,200.90428161621094,51343900.0,Yahoo Finance,2026-09-21T04:37:35+00:00,2025-12-18
2025-04-16,AAPL,193.0823974609375,59732400.0,Yahoo Finance,2026-09-21T04:37:35+00:00,2025-12-18
2025-04-17,AAPL,195.77584838867188,52164700.0,Yahoo Finance,2026-09-21T04:37:35+00:00,2025-12-18
2025-04-21,AAPL,191.97918701171875,46742500.0,Yahoo Finance,2026-09-21T04:37:35+00:00,2025-12-18
2025-04-22,AAPL,198.5189666748047,52976400.0,Yahoo Finance,2026-09-21T04:37:35+00:00,2025-12-18
2025-04-23,AAPL,203.34925842285156,52929200.0,Yahoo Finance,2026-09-21T04:37:35+00:00,2025-12-18
2025-04-24,AAPL,207.09619140625,47311000.0,Yahoo Finance,2026-09-21T04:37:35+00:00,2025-12-18
2025-04-25,AAPL,208.00064086914062,38222300.0,Yahoo Finance,2026-09-21T04:37:35+00:00,2025-12-18
2025-04-28,AAPL,208.85537719726562,38743100.0,Yahoo Finance,2026-09-21T04:37:35+00:00,2025-12-18
2025-04-29,AAPL,209.91883850097656,36827600.0,Yahoo Finance,2026-09-21T04:37:35+00:00,2025-12-18
2025-04-30,AAPL,211.20095825195312,52286500.0,Yahoo Finance,2026-09-21T04:37:35+00:00,2025-12-18
2025-05-01,AAPL,212.01596069335938,57365700.0,Yahoo Finance,2026-09-21T04:37:35+00:00,2025-12-18
2025-05-02,AAPL,204.09466552734375,101010600.0,Yahoo Finance,2026-09-21T04:37:35+00:00,2025-12-18
2025-05-05,AAPL,197.67416381835938,69018500.0,Yahoo Finance,2026-09-21T04:37:35+00:00,2025-12-18
2025-05-06,AAPL,197.29644775390625,51216500.0,Yahoo Finance,2026-09-21T04:37:35+00:00,2025-12-18
2025-05-07,AAPL,195.05027770996094,68536700.0,Yahoo Finance,2026-09-21T04:37:35+00:00,2025-12-18
2025-05-08,AAPL,196.28273010253906,50478900.0,Yahoo Finance,2026-09-21T04:37:35+00:00,2025-12-18
2025-05-09,AAPL,197.31634521484375,36453900.0,Yahoo Finance,2026-09-21T04:37:35+00:00,2025-12-18
2025-05-12,AAPL,209.77613830566406,63775800.0,Yahoo Finance,2026-09-21T04:37:35+00:00,2025-12-18
2025-05-13,AAPL,211.9058380126953,51909300.0,Yahoo Finance,2026-09-21T04:37:35+00:00,2025-12-18
2025-05-14,AAPL,211.30873107910156,49325800.0,Yahoo Finance,2026-09-21T04:37:35+00:00,2025-12-18
2025-05-15,AAPL,210.43295288085938,45029500.0,Yahoo Finance,2026-09-21T04:37:35+00:00,2025-12-18
2025-05-16,AAPL,210.24386596679688,54737900.0,Yahoo Finance,2026-09-21T04:37:35+00:00,2025-12-18
2025-05-19,AAPL,207.7758026123047,46140500.0,Yahoo Finance,2026-09-21T04:37:35+00:00,2025-12-18
2025-05-20,AAPL,205.8650360107422,42496600.0,Yahoo Finance,2026-09-21T04:37:35+00:00,2025-12-18
2025-05-21,AAPL,201.1179656982422,59211800.0,Yahoo Finance,2026-09-21T04:37:35+00:00,2025-12-18
2025-05-22,AAPL,200.3914794921875,46742400.0,Yahoo Finance,2026-09-21T04:37:35+00:00,2025-12-18
2025-05-23,AAPL,194.33078002929688,78432900.0,Yahoo Finance,2026-09-21T04:37:35+00:00,2025-12-18
2025-05-27,AAPL,199.2470245361328,56288500.0,Yahoo Finance,2026-09-21T04:37:35+00:00,2025-12-18
2025-05-28,AAPL,199.45602416992188,45339700.0,Yahoo Finance,2026-09-21T04:37:35+00:00,2025-12-18
2025-05-29,AAPL,198.98826599121094,51396800.0,Yahoo Finance,2026-09-21T04:37:35+00:00,2025-12-18
2025-05-30,AAPL,199.8839569091797,70819900.0,Yahoo Finance,2026-09-21T04:37:35+00:00,2025-12-18
2025-06-02,AAPL,200.7298583984375,35423300.0,Yahoo Finance,2026-09-21T04:37:35+00:00,2025-12-18
2025-06-03,AAPL,202.29229736328125,46381600.0,Yahoo Finance,2026-09-21T04:37:35+00:00,2025-12-18
2025-06-04,AAPL,201.84446716308594,43604000.0,Yahoo Finance,2026-09-21T04:37:35+00:00,2025-12-18
2025-06-05,AAPL,199.66502380371094,55126100.0,Yahoo Finance,2026-09-21T04:37:35+00:00,2025-12-18
2025-06-06,AAPL,202.9391632080078,46607700.0,Yahoo Finance,2026-09-21T04:37:35+00:00,2025-12-18
2025-06-09,AAPL,200.48106384277344,72862600.0,Yahoo Finance,2026-09-21T04:37:35+00:00,2025-12-18
2025-06-10,AAPL,201.69517517089844,54672600.0,Yahoo Finance,2026-09-21T04:37:35+00:00,2025-12-18
2025-06-11,AAPL,197.8238983154297,60989900.0,Yahoo Finance,2026-09-21T04:37:35+00:00,2025-12-18
2025-06-12,AAPL,198.2418670654297,43904600.0,Yahoo Finance,2026-09-21T04:37:35+00:00,2025-12-18
2025-06-13,AAPL,195.50509643554688,51447300.0,Yahoo Finance,2026-09-21T04:37:35+00:00,2025-12-18
2025-06-16,AAPL,197.46563720703125,43020700.0,Yahoo Finance,2026-09-21T04:37:35+00:00,2025-12-18
2025-06-17,AAPL,194.69898986816406,38856200.0,Yahoo Finance,2026-09-21T04:37:35+00:00,2025-12-18
2025-06-18,AAPL,195.6344757080078,45394700.0,Yahoo Finance,2026-09-21T04:37:35+00:00,2025-12-18
2025-06-20,AAPL,200.03321838378906,96813500.0,Yahoo Finance,2026-09-21T04:37:35+00:00,2025-12-18
2025-06-23,AAPL,200.5308380126953,55814300.0,Yahoo Finance,2026-09-21T04:37:35+00:00,2025-12-18
2025-06-24,AAPL,199.3365936279297,54064000.0,Yahoo Finance,2026-09-21T04:37:35+00:00,2025-12-18
2025-06-25,AAPL,200.5905303955078,39525700.0,Yahoo Finance,2026-09-21T04:37:35+00:00,2025-12-18
2025-06-26,AAPL,200.03321838378906,50799100.0,Yahoo Finance,2026-09-21T04:37:35+00:00,2025-12-18
2025-06-27,AAPL,200.11282348632812,73188600.0,Yahoo Finance,2026-09-21T04:37:35+00:00,2025-12-18
2025-06-30,AAPL,204.18316650390625,91912800.0,Yahoo Finance,2026-09-21T04:37:35+00:00,2025-12-18
2025-07-01,AAPL,206.82041931152344,78788900.0,Yahoo Finance,2026-09-21T04:37:35+00:00,2025-12-18
2025-07-02,AAPL,211.418212890625,67941800.0,Yahoo Finance,2026-09-21T04:37:35+00:00,2025-12-18
2025-07-03,AAPL,212.52285766601562,34955800.0,Yahoo Finance,2026-09-21T04:37:35+00:00,2025-12-18
2025-07-07,AAPL,208.94015502929688,50229000.0,Yahoo Finance,2026-09-21T04:37:35+00:00,2025-12-18
2025-07-08,AAPL,208.99990844726562,42848900.0,Yahoo Finance,2026-09-21T04:37:35+00:00,2025-12-18
2025-07-09,AAPL,210.1244659423828,48749400.0,Yahoo Finance,2026-09-21T04:37:35+00:00,2025-12-18
2025-07-10,AAPL,211.38832092285156,44443600.0,Yahoo Finance,2026-09-21T04:37:35+00:00,2025-12-18
2025-07-11,AAPL,210.1443634033203,39765800.0,Yahoo Finance,2026-09-21T04:37:35+00:00,2025-12-18
2025-07-14,AAPL,207.61656188964844,38840100.0,Yahoo Finance,2026-09-21T04:37:35+00:00,2025-12-18
2025-07-15,AAPL,208.10421752929688,42296300.0,Yahoo Finance,2026-09-21T04:37:35+00:00,2025-12-18
2025-07-16,AAPL,209.149169921875,47490500.0,Yahoo Finance,2026-09-21T04:37:35+00:00,2025-12-18
2025-07-17,AAPL,209.0098419189453,48068100.0,Yahoo Finance,2026-09-21T04:37:35+00:00,2025-12-18
2025-07-18,AAPL,210.16424560546875,48974600.0,Yahoo Finance,2026-09-21T04:37:35+00:00,2025-12-18
2025-07-21,AAPL,211.45799255371094,51377400.0,Yahoo Finance,2026-09-21T04:37:35+00:00,2025-12-18
2025-07-22,AAPL,213.3687744140625,46404100.0,Yahoo Finance,2026-09-21T04:37:35+00:00,2025-12-18
2025-07-23,AAPL,213.11996459960938,46989300.0,Yahoo Finance,2026-09-21T04:37:35+00:00,2025-12-18
2025-07-24,AAPL,212.73184204101562,46022600.0,Yahoo Finance,2026-09-21T04:37:35+00:00,2025-12-18
2025-07-25,AAPL,212.85125732421875,40268800.0,Yahoo Finance,2026-09-21T04:37:35+00:00,2025-12-18
2025-07-28,AAPL,213.02047729492188,37858000.0,Yahoo Finance,2026-09-21T04:37:35+00:00,2025-12-18
2025-07-29,AAPL,210.25384521484375,51411700.0,Yahoo Finance,2026-09-21T04:37:35+00:00,2025-12-18
2025-07-30,AAPL,208.0445098876953,45512500.0,Yahoo Finance,2026-09-21T04:37:35+00:00,2025-12-18
2025-07-31,AAPL,206.57162475585938,80698400.0,Yahoo Finance,2026-09-21T04:37:35+00:00,2025-12-18
2025-08-01,AAPL,201.40660095214844,104434500.0,Yahoo Finance,2026-09-21T04:37:35+00:00,2025-12-18
2025-08-04,AAPL,202.37191772460938,75109300.0,Yahoo Finance,2026-09-21T04:37:35+00:00,2025-12-18
2025-08-05,AAPL,201.94398498535156,44155100.0,Yahoo Finance,2026-09-21T04:37:35+00:00,2025-12-18
2025-08-06,AAPL,212.22430419921875,108483100.0,Yahoo Finance,2026-09-21T04:37:35+00:00,2025-12-18
2025-08-07,AAPL,218.9716796875,90224800.0,Yahoo Finance,2026-09-21T04:37:35+00:00,2025-12-18
2025-08-08,AAPL,228.2468719482422,113854000.0,Yahoo Finance,2026-09-21T04:37:35+00:00,2025-12-18
2025-08-11,AAPL,226.34390258789062,61806100.0,Yahoo Finance,2026-09-21T04:37:35+00:00,2025-12-18
2025-08-12,AAPL,228.80479431152344,55626200.0,Yahoo Finance,2026-09-21T04:37:35+00:00,2025-12-18
2025-08-13,AAPL,232.47125244140625,69878500.0,Yahoo Finance,2026-09-21T04:37:35+00:00,2025-12-18
2025-08-14,AAPL,231.9232635498047,51916300.0,Yahoo Finance,2026-09-21T04:37:35+00:00,2025-12-18
2025-08-15,AAPL,230.73764038085938,56038700.0,Yahoo Finance,2026-09-21T04:37:35+00:00,2025-12-18
2025-08-18,AAPL,230.04022216796875,37476200.0,Yahoo Finance,2026-09-21T04:37:35+00:00,2025-12-18
2025-08-19,AAPL,229.71144104003906,39402600.0,Yahoo Finance,2026-09-21T04:37:35+00:00,2025-12-18
2025-08-20,AAPL,225.17819213867188,42263900.0,Yahoo Finance,2026-09-21T04:37:35+00:00,2025-12-18
2025-08-21,AAPL,224.072265625,30621200.0,Yahoo Finance,2026-09-21T04:37:35+00:00,2025-12-18
2025-08-22,AAPL,226.9217529296875,42477800.0,Yahoo Finance,2026-09-21T04:37:35+00:00,2025-12-18
2025-08-25,AAPL,226.323974609375,30983100.0,Yahoo Finance,2026-09-21T04:37:35+00:00,2025-12-18
2025-08-26,AAPL,228.46604919433594,54575100.0,Yahoo Finance,2026-09-21T04:37:35+00:00,2025-12-18
2025-08-27,AAPL,229.6417236328125,31259500.0,Yahoo Finance,2026-09-21T04:37:35+00:00,2025-12-18
2025-08-28,AAPL,231.70408630371094,38074700.0,Yahoo Finance,2026-09-21T04:37:35+00:00,2025-12-18
2025-08-29,AAPL,231.28562927246094,39418400.0,Yahoo Finance,2026-09-21T04:37:35+00:00,2025-12-18
2025-09-02,AAPL,228.8745574951172,44075600.0,Yahoo Finance,2026-09-21T04:37:35+00:00,2025-12-18
2025-09-03,AAPL,237.59234619140625,66427800.0,Yahoo Finance,2026-09-21T04:37:35+00:00,2025-12-18
2025-09-04,AAPL,238.89752197265625,47549400.0,Yahoo Finance,2026-09-21T04:37:35+00:00,2025-12-18
2025-09-05,AAPL,238.80784606933594,54870400.0,Yahoo Finance,2026-09-21T04:37:35+00:00,2025-12-18
2025-09-08,AAPL,237.00450134277344,48999500.0,Yahoo Finance,2026-09-21T04:37:35+00:00,2025-12-18
2025-09-09,AAPL,233.48751831054688,66313900.0,Yahoo Finance,2026-09-21T04:37:35+00:00,2025-12-18
2025-09-10,AAPL,225.955322265625,83440800.0,Yahoo Finance,2026-09-21T04:37:35+00:00,2025-12-18
2025-09-11,AAPL,229.18341064453125,50208600.0,Yahoo Finance,2026-09-21T04:37:35+00:00,2025-12-18
2025-09-12,AAPL,233.2085418701172,55824200.0,Yahoo Finance,2026-09-21T04:37:35+00:00,2025-12-18
2025-09-15,AAPL,235.82884216308594,42699500.0,Yahoo Finance,2026-09-21T04:37:35+00:00,2025-12-18
2025-09-16,AAPL,237.2735137939453,63421100.0,Yahoo Finance,2026-09-21T04:37:35+00:00,2025-12-18
2025-09-17,AAPL,238.1104278564453,46508000.0,Yahoo Finance,2026-09-21T04:37:35+00:00,2025-12-18
2025-09-18,AAPL,237.00450134277344,44249600.0,Yahoo Finance,2026-09-21T04:37:35+00:00,2025-12-18
2025-09-19,AAPL,244.59646606445312,163741300.0,Yahoo Finance,2026-09-21T04:37:35+00:00,2025-12-18
2025-09-22,AAPL,255.1374969482422,105517400.0,Yahoo Finance,2026-09-21T04:37:35+00:00,2025-12-18
2025-09-23,AAPL,253.4936065673828,60275200.0,Yahoo Finance,2026-09-21T04:37:35+00:00,2025-12-18
2025-09-24,AAPL,251.3813934326172,42303700.0,Yahoo Finance,2026-09-21T04:37:35+00:00,2025-12-18
2025-09-25,AAPL,255.92459106445312,55202100.0,Yahoo Finance,2026-09-21T04:37:35+00:00,2025-12-18
2025-09-26,AAPL,254.51980590820312,46076300.0,Yahoo Finance,2026-09-21T04:37:35+00:00,2025-12-18
2025-09-29,AAPL,253.4936065673828,40127700.0,Yahoo Finance,2026-09-21T04:37:35+00:00,2025-12-18
2025-09-30,AAPL,253.69287109375,37704300.0,Yahoo Finance,2026-09-21T04:37:35+00:00,2025-12-18
2025-10-01,AAPL,254.5098419189453,48713900.0,Yahoo Finance,2026-09-21T04:37:35+00:00,2025-12-18
2025-10-02,AAPL,256.1836853027344,42630200.0,Yahoo Finance,2026-09-21T04:37:35+00:00,2025-12-18
2025-10-03,AAPL,257.07037353515625,49155600.0,Yahoo Finance,2026-09-21T04:37:35+00:00,2025-12-18
2025-10-06,AAPL,255.7452850341797,44664100.0,Yahoo Finance,2026-09-21T04:37:35+00:00,2025-12-18
2025-10-07,AAPL,255.53607177734375,31955800.0,Yahoo Finance,2026-09-21T04:37:35+00:00,2025-12-18
2025-10-08,AAPL,257.1102600097656,36496900.0,Yahoo Finance,2026-09-21T04:37:35+00:00,2025-12-18
2025-10-09,AAPL,253.1050262451172,38322000.0,Yahoo Finance,2026-09-21T04:37:35+00:00,2025-12-18
2025-10-10,AAPL,244.3673095703125,61999100.0,Yahoo Finance,2026-09-21T04:37:35+00:00,2025-12-18
2025-10-13,AAPL,246.74851989746094,38142900.0,Yahoo Finance,2026-09-21T04:37:35+00:00,2025-12-18
2025-10-14,AAPL,246.85812377929688,35478000.0,Yahoo Finance,2026-09-21T04:37:35+00:00,2025-12-18
2025-10-15,AAPL,248.4223175048828,33893600.0,Yahoo Finance,2026-09-21T04:37:35+00:00,2025-12-18
2025-10-16,AAPL,246.53927612304688,39777000.0,Yahoo Finance,2026-09-21T04:37:35+00:00,2025-12-18
2025-10-17,AAPL,251.36148071289062,49147000.0,Yahoo Finance,2026-09-21T04:37:35+00:00,2025-12-18
2025-10-20,AAPL,261.27484130859375,90483000.0,Yahoo Finance,2026-09-21T04:37:35+00:00,2025-12-18
2025-10-21,AAPL,261.8028869628906,46695900.0,Yahoo Finance,2026-09-21T04:37:35+00:00,2025-12-18
2025-10-22,AAPL,257.4988098144531,45015300.0,Yahoo Finance,2026-09-21T04:37:35+00:00,2025-12-18
2025-10-23,AAPL,258.6246032714844,32754900.0,Yahoo Finance,2026-09-21T04:37:35+00:00,2025-12-18
2025-10-24,AAPL,261.85272216796875,38253700.0,Yahoo Finance,2026-09-21T04:37:35+00:00,2025-12-18
2025-10-27,AAPL,267.8206787109375,44888200.0,Yahoo Finance,2026-09-21T04:37:35+00:00,2025-12-18
2025-10-28,AAPL,268.00994873046875,41534800.0,Yahoo Finance,2026-09-21T04:37:35+00:00,2025-12-18
2025-10-29,AAPL,268.7074279785156,51086700.0,Yahoo Finance,2026-09-21T04:37:35+00:00,2025-12-18
2025-10-30,AAPL,270.4011535644531,69886500.0,Yahoo Finance,2026-09-21T04:37:35+00:00,2025-12-18
2025-10-31,AAPL,269.37493896484375,86167100.0,Yahoo Finance,2026-09-21T04:37:35+00:00,2025-12-18
2025-11-03,AAPL,268.0597839355469,50194600.0,Yahoo Finance,2026-09-21T04:37:35+00:00,2025-12-18
2025-11-04,AAPL,269.0461730957031,49274800.0,Yahoo Finance,2026-09-21T04:37:35+00:00,2025-12-18
2025-11-05,AAPL,269.14581298828125,43683100.0,Yahoo Finance,2026-09-21T04:37:35+00:00,2025-12-18
2025-11-06,AAPL,268.7771301269531,51204000.0,Yahoo Finance,2026-09-21T04:37:35+00:00,2025-12-18
2025-11-07,AAPL,267.48193359375,48227400.0,Yahoo Finance,2026-09-21T04:37:35+00:00,2025-12-18
2025-11-10,AAPL,268.6985778808594,41312400.0,Yahoo Finance,2026-09-21T04:37:35+00:00,2025-12-18
2025-11-11,AAPL,274.5028076171875,46208300.0,Yahoo Finance,2026-09-21T04:37:35+00:00,2025-12-18
2025-11-12,AAPL,272.7276611328125,48398000.0,Yahoo Finance,2026-09-21T04:37:35+00:00,2025-12-18
2025-11-13,AAPL,272.2090759277344,49602800.0,Yahoo Finance,2026-09-21T04:37:35+00:00,2025-12-18
2025-11-14,AAPL,271.6705322265625,47431300.0,Yahoo Finance,2026-09-21T04:37:35+00:00,2025-12-18
2025-11-17,AAPL,266.7339782714844,45018300.0,Yahoo Finance,2026-09-21T04:37:35+00:00,2025-12-18
2025-11-18,AAPL,266.7139892578125,45677300.0,Yahoo Finance,2026-09-21T04:37:35+00:00,2025-12-18
2025-11-19,AAPL,267.83099365234375,40424500.0,Yahoo Finance,2026-09-21T04:37:35+00:00,2025-12-18
2025-11-20,AAPL,265.5272521972656,45823600.0,Yahoo Finance,2026-09-21T04:37:35+00:00,2025-12-18
2025-11-21,AAPL,270.75299072265625,59030800.0,Yahoo Finance,2026-09-21T04:37:35+00:00,2025-12-18
2025-11-24,AAPL,275.1710205078125,65585800.0,Yahoo Finance,2026-09-21T04:37:35+00:00,2025-12-18
2025-11-25,AAPL,276.2181396484375,46914200.0,Yahoo Finance,2026-09-21T04:37:35+00:00,2025-12-18
2025-11-26,AAPL,276.79656982421875,33431400.0,Yahoo Finance,2026-09-21T04:37:35+00:00,2025-12-18
2025-11-28,AAPL,278.0930480957031,20135600.0,Yahoo Finance,2026-09-21T04:37:35+00:00,2025-12-18
2025-12-01,AAPL,282.33148193359375,46587700.0,Yahoo Finance,2026-09-21T04:37:35+00:00,2025-12-18
2025-12-02,AAPL,285.4131164550781,53669500.0,Yahoo Finance,2026-09-21T04:37:35+00:00,2025-12-18
2025-12-03,AAPL,283.378662109375,43538700.0,Yahoo Finance,2026-09-21T04:37:35+00:00,2025-12-18
2025-12-04,AAPL,279.93804931640625,43989100.0,Yahoo Finance,2026-09-21T04:37:35+00:00,2025-12-18
2025-12-05,AAPL,278.0232238769531,47265800.0,Yahoo Finance,2026-09-21T04:37:35+00:00,2025-12-18
2025-12-08,AAPL,277.1356506347656,38211800.0,Yahoo Finance,2026-09-21T04:37:35+00:00,2025-12-18
2025-12-09,AAPL,276.42755126953125,32193300.0,Yahoo Finance,2026-09-21T04:37:35+00:00,2025-12-18
2025-12-10,AAPL,278.0232238769531,33038300.0,Yahoo Finance,2026-09-21T04:37:35+00:00,2025-12-18
2025-12-11,AAPL,277.2752380371094,33248000.0,Yahoo Finance,2026-09-21T04:37:35+00:00,2025-12-18
2025-12-12,AAPL,277.52459716796875,39532900.0,Yahoo Finance,2026-09-21T04:37:35+00:00,2025-12-18
2025-12-15,AAPL,273.3658752441406,50409100.0,Yahoo Finance,2026-09-21T04:37:35+00:00,2025-12-18
2025-12-16,AAPL,273.8645324707031,37648600.0,Yahoo Finance,2026-09-21T04:37:35+00:00,2025-12-18
2025-12-17,AAPL,271.1020812988281,50138700.0,Yahoo Finance,2026-09-21T04:37:35+00:00,2025-12-18
2025-12-18,AAPL,271.45111083984375,51630700.0,Yahoo Finance,2026-09-21T04:37:35+00:00,2025-12-18
2024-11-13,AMZN,214.10000610351562,46212900.0,Yahoo Finance,2026-09-21T04:37:35+00:00,2025-12-18
2024-11-14,AMZN,211.47999572753906,42620300.0,Yahoo Finance,2026-09-21T04:37:35+00:00,2025-12-18
2024-11-15,AMZN,202.61000061035156,86591100.0,Yahoo Finance,2026-09-21T04:37:35+00:00,2025-12-18
2024-11-18,AMZN,201.6999969482422,36409900.0,Yahoo Finance,2026-09-21T04:37:35+00:00,2025-12-18
2024-11-19,AMZN,204.61000061035156,31197900.0,Yahoo Finance,2026-09-21T04:37:35+00:00,2025-12-18
2024-11-20,AMZN,202.8800048828125,32769000.0,Yahoo Finance,2026-09-21T04:37:35+00:00,2025-12-18
2024-11-21,AMZN,198.3800048828125,58800000.0,Yahoo Finance,2026-09-21T04:37:35+00:00,2025-12-18
2024-11-22,AMZN,197.1199951171875,31530800.0,Yahoo Finance,2026-09-21T04:37:35+00:00,2025-12-18
2024-11-25,AMZN,201.4499969482422,40685700.0,Yahoo Finance,2026-09-21T04:37:35+00:00,2025-12-18
2024-11-26,AMZN,207.86000061035156,41673700.0,Yahoo Finance,2026-09-21T04:37:35+00:00,2025-12-18
2024-11-27,AMZN,205.74000549316406,28061600.0,Yahoo Finance,2026-09-21T04:37:35+00:00,2025-12-18
2024-11-29,AMZN,207.88999938964844,24892400.0,Yahoo Finance,2026-09-21T04:37:35+00:00,2025-12-18
2024-12-02,AMZN,210.7100067138672,39523200.0,Yahoo Finance,2026-09-21T04:37:35+00:00,2025-12-18
2024-12-03,AMZN,213.44000244140625,32214800.0,Yahoo Finance,2026-09-21T04:37:35+00:00,2025-12-18
2024-12-04,AMZN,218.16000366210938,48745700.0,Yahoo Finance,2026-09-21T04:37:35+00:00,2025-12-18
2024-12-05,AMZN,220.5500030517578,41140200.0,Yahoo Finance,2026-09-21T04:37:35+00:00,2025-12-18
2024-12-06,AMZN,227.02999877929688,44178100.0,Yahoo Finance,2026-09-21T04:37:35+00:00,2025-12-18
2024-12-09,AMZN,226.08999633789062,46819400.0,Yahoo Finance,2026-09-21T04:37:35+00:00,2025-12-18
2024-12-10,AMZN,225.0399932861328,31199900.0,Yahoo Finance,2026-09-21T04:37:35+00:00,2025-12-18
2024-12-11,AMZN,230.25999450683594,35385800.0,Yahoo Finance,2026-09-21T04:37:35+00:00,2025-12-18
2024-12-12,AMZN,228.97000122070312,28204100.0,Yahoo Finance,2026-09-21T04:37:35+00:00,2025-12-18
2024-12-13,AMZN,227.4600067138672,28768100.0,Yahoo Finance,2026-09-21T04:37:35+00:00,2025-12-18
2024-12-16,AMZN,232.92999267578125,37552100.0,Yahoo Finance,2026-09-21T04:37:35+00:00,2025-12-18
2024-12-17,AMZN,231.14999389648438,35948100.0,Yahoo Finance,2026-09-21T04:37:35+00:00,2025-12-18
2024-12-18,AMZN,220.52000427246094,43281400.0,Yahoo Finance,2026-09-21T04:37:35+00:00,2025-12-18
2024-12-19,AMZN,223.2899932861328,39918700.0,Yahoo Finance,2026-09-21T04:37:35+00:00,2025-12-18
2024-12-20,AMZN,224.9199981689453,88279200.0,Yahoo Finance,2026-09-21T04:37:35+00:00,2025-12-18
2024-12-23,AMZN,225.05999755859375,28070000.0,Yahoo Finance,2026-09-21T04:37:35+00:00,2025-12-18
2024-12-24,AMZN,229.0500030517578,15007500.0,Yahoo Finance,2026-09-21T04:37:35+00:00,2025-12-18
2024-12-26,AMZN,227.0500030517578,16146700.0,Yahoo Finance,2026-09-21T04:37:35+00:00,2025-12-18
2024-12-27,AMZN,223.75,27367100.0,Yahoo Finance,2026-09-21T04:37:35+00:00,2025-12-18
2024-12-30,AMZN,221.3000030517578,28321200.0,Yahoo Finance,2026-09-21T04:37:35+00:00,2025-12-18
2024-12-31,AMZN,219.38999938964844,24819700.0,Yahoo Finance,2026-09-21T04:37:35+00:00,2025-12-18
2025-01-02,AMZN,220.22000122070312,33956600.0,Yahoo Finance,2026-09-21T04:37:35+00:00,2025-12-18
2025-01-03,AMZN,224.19000244140625,27515600.0,Yahoo Finance,2026-09-21T04:37:35+00:00,2025-12-18
2025-01-06,AMZN,227.61000061035156,31849800.0,Yahoo Finance,2026-09-21T04:37:35+00:00,2025-12-18
2025-01-07,AMZN,222.11000061035156,28084200.0,Yahoo Finance,2026-09-21T04:37:35+00:00,2025-12-18
2025-01-08,AMZN,222.1300048828125,25033300.0,Yahoo Finance,2026-09-21T04:37:35+00:00,2025-12-18
2025-01-10,AMZN,218.94000244140625,36811500.0,Yahoo Finance,2026-09-21T04:37:35+00:00,2025-12-18
2025-01-13,AMZN,218.4600067138672,27262700.0,Yahoo Finance,2026-09-21T04:37:35+00:00,2025-12-18
2025-01-14,AMZN,217.75999450683594,24711700.0,Yahoo Finance,2026-09-21T04:37:35+00:00,2025-12-18
2025-01-15,AMZN,223.35000610351562,31291300.0,Yahoo Finance,2026-09-21T04:37:35+00:00,2025-12-18
2025-01-16,AMZN,220.66000366210938,24757300.0,Yahoo Finance,2026-09-21T04:37:35+00:00,2025-12-18
2025-01-17,AMZN,225.94000244140625,42370100.0,Yahoo Finance,2026-09-21T04:37:35+00:00,2025-12-18
2025-01-21,AMZN,230.7100067138672,39951500.0,Yahoo Finance,2026-09-21T04:37:35+00:00,2025-12-18
2025-01-22,AMZN,235.00999450683594,41448200.0,Yahoo Finance,2026-09-21T04:37:35+00:00,2025-12-18
2025-01-23,AMZN,235.4199981689453,26404400.0,Yahoo Finance,2026-09-21T04:37:35+00:00,2025-12-18
2025-01-24,AMZN,234.85000610351562,25890700.0,Yahoo Finance,2026-09-21T04:37:35+00:00,2025-12-18
2025-01-27,AMZN,235.4199981689453,49428300.0,Yahoo Finance,2026-09-21T04:37:35+00:00,2025-12-18
2025-01-28,AMZN,238.14999389648438,41587200.0,Yahoo Finance,2026-09-21T04:37:35+00:00,2025-12-18
2025-01-29,AMZN,237.07000732421875,26091700.0,Yahoo Finance,2026-09-21T04:37:35+00:00,2025-12-18
2025-01-30,AMZN,234.63999938964844,32020700.0,Yahoo Finance,2026-09-21T04:37:35+00:00,2025-12-18
2025-01-31,AMZN,237.67999267578125,36110200.0,Yahoo Finance,2026-09-21T04:37:35+00:00,2025-12-18
2025-02-03,AMZN,237.4199981689453,37285900.0,Yahoo Finance,2026-09-21T04:37:35+00:00,2025-12-18
2025-02-04,AMZN,242.05999755859375,29713800.0,Yahoo Finance,2026-09-21T04:37:35+00:00,2025-12-18
2025-02-05,AMZN,236.1699981689453,38727300.0,Yahoo Finance,2026-09-21T04:37:35+00:00,2025-12-18
2025-02-06,AMZN,238.8300018310547,60897100.0,Yahoo Finance,2026-09-21T04:37:35+00:00,2025-12-18
2025-02-07,AMZN,229.14999389648438,77539300.0,Yahoo Finance,2026-09-21T04:37:35+00:00,2025-12-18
2025-02-10,AMZN,233.13999938964844,35419900.0,Yahoo Finance,2026-09-21T04:37:35+00:00,2025-12-18
2025-02-11,AMZN,232.75999450683594,23713700.0,Yahoo Finance,2026-09-21T04:37:35+00:00,2025-12-18
2025-02-12,AMZN,228.92999267578125,32285200.0,Yahoo Finance,2026-09-21T04:37:35+00:00,2025-12-18
2025-02-13,AMZN,230.3699951171875,31346500.0,Yahoo Finance,2026-09-21T04:37:35+00:00,2025-12-18
2025-02-14,AMZN,228.67999267578125,27031100.0,Yahoo Finance,2026-09-21T04:37:35+00:00,2025-12-18
2025-02-18,AMZN,226.64999389648438,42975100.0,Yahoo Finance,2026-09-21T04:37:35+00:00,2025-12-18
2025-02-19,AMZN,226.6300048828125,28566700.0,Yahoo Finance,2026-09-21T04:37:35+00:00,2025-12-18
2025-02-20,AMZN,222.8800048828125,30001700.0,Yahoo Finance,2026-09-21T04:37:35+00:00,2025-12-18
2025-02-21,AMZN,216.5800018310547,55323900.0,Yahoo Finance,2026-09-21T04:37:35+00:00,2025-12-18
2025-02-24,AMZN,212.7100067138672,42387600.0,Yahoo Finance,2026-09-21T04:37:35+00:00,2025-12-18
2025-02-25,AMZN,212.8000030517578,58958000.0,Yahoo Finance,2026-09-21T04:37:35+00:00,2025-12-18
2025-02-26,AMZN,214.35000610351562,39120600.0,Yahoo Finance,2026-09-21T04:37:35+00:00,2025-12-18
2025-02-27,AMZN,208.74000549316406,40548600.0,Yahoo Finance,2026-09-21T04:37:35+00:00,2025-12-18
2025-02-28,AMZN,212.27999877929688,51771700.0,Yahoo Finance,2026-09-21T04:37:35+00:00,2025-12-18
2025-03-03,AMZN,205.02000427246094,42948400.0,Yahoo Finance,2026-09-21T04:37:35+00:00,2025-12-18
2025-03-04,AMZN,203.8000030517578,60853100.0,Yahoo Finance,2026-09-21T04:37:35+00:00,2025-12-18
2025-03-05,AMZN,208.36000061035156,38610100.0,Yahoo Finance,2026-09-21T04:37:35+00:00,2025-12-18
2025-03-06,AMZN,200.6999969482422,49863800.0,Yahoo Finance,2026-09-21T04:37:35+00:00,2025-12-18
2025-03-07,AMZN,199.25,59802800.0,Yahoo Finance,2026-09-21T04:37:35+00:00,2025-12-18
2025-03-10,AMZN,194.5399932861328,62350900.0,Yahoo Finance,2026-09-21T04:37:35+00:00,2025-12-18
2025-03-11,AMZN,196.58999633789062,54002900.0,Yahoo Finance,2026-09-21T04:37:35+00:00,2025-12-18
2025-03-12,AMZN,198.88999938964844,43679300.0,Yahoo Finance,2026-09-21T04:37:35+00:00,2025-12-18
2025-03-13,AMZN,193.88999938964844,41270800.0,Yahoo Finance,2026-09-21T04:37:35+00:00,2025-12-18
2025-03-14,AMZN,197.9499969482422,38096700.0,Yahoo Finance,2026-09-21T04:37:35+00:00,2025-12-18
2025-03-17,AMZN,195.74000549316406,47341800.0,Yahoo Finance,2026-09-21T04:37:35+00:00,2025-12-18
2025-03-18,AMZN,192.82000732421875,40414900.0,Yahoo Finance,2026-09-21T04:37:35+00:00,2025-12-18
2025-03-19,AMZN,195.5399932861328,39442900.0,Yahoo Finance,2026-09-21T04:37:35+00:00,2025-12-18
2025-03-20,AMZN,194.9499969482422,38921100.0,Yahoo Finance,2026-09-21T04:37:35+00:00,2025-12-18
2025-03-21,AMZN,196.2100067138672,60056900.0,Yahoo Finance,2026-09-21T04:37:35+00:00,2025-12-18
2025-03-24,AMZN,203.25999450683594,41625400.0,Yahoo Finance,2026-09-21T04:37:35+00:00,2025-12-18
2025-03-25,AMZN,205.7100067138672,31171200.0,Yahoo Finance,2026-09-21T04:37:35+00:00,2025-12-18
2025-03-26,AMZN,201.1300048828125,32855300.0,Yahoo Finance,2026-09-21T04:37:35+00:00,2025-12-18
2025-03-27,AMZN,201.36000061035156,27317700.0,Yahoo Finance,2026-09-21T04:37:35+00:00,2025-12-18
2025-03-28,AMZN,192.72000122070312,52548200.0,Yahoo Finance,2026-09-21T04:37:35+00:00,2025-12-18
2025-03-31,AMZN,190.25999450683594,63547600.0,Yahoo Finance,2026-09-21T04:37:35+00:00,2025-12-18
2025-04-01,AMZN,192.1699981689453,41267300.0,Yahoo Finance,2026-09-21T04:37:35+00:00,2025-12-18
2025-04-02,AMZN,196.00999450683594,53679200.0,Yahoo Finance,2026-09-21T04:37:35+00:00,2025-12-18
2025-04-03,AMZN,178.41000366210938,95553600.0,Yahoo Finance,2026-09-21T04:37:35+00:00,2025-12-18
2025-04-04,AMZN,171.0,123159400.0,Yahoo Finance,2026-09-21T04:37:35+00:00,2025-12-18
2025-04-07,AMZN,175.25999450683594,109327100.0,Yahoo Finance,2026-09-21T04:37:35+00:00,2025-12-18
2025-04-08,AMZN,170.66000366210938,87710400.0,Yahoo Finance,2026-09-21T04:37:35+00:00,2025-12-18
2025-04-09,AMZN,191.10000610351562,116804300.0,Yahoo Finance,2026-09-21T04:37:35+00:00,2025-12-18
2025-04-10,AMZN,181.22000122070312,68302000.0,Yahoo Finance,2026-09-21T04:37:35+00:00,2025-12-18
2025-04-11,AMZN,184.8699951171875,50594300.0,Yahoo Finance,2026-09-21T04:37:35+00:00,2025-12-18
2025-04-14,AMZN,182.1199951171875,48002500.0,Yahoo Finance,2026-09-21T04:37:35+00:00,2025-12-18
2025-04-15,AMZN,179.58999633789062,43642000.0,Yahoo Finance,2026-09-21T04:37:35+00:00,2025-12-18
2025-04-16,AMZN,174.3300018310547,51875300.0,Yahoo Finance,2026-09-21T04:37:35+00:00,2025-12-18
2025-04-17,AMZN,172.61000061035156,44726500.0,Yahoo Finance,2026-09-21T04:37:35+00:00,2025-12-18
2025-04-21,AMZN,167.32000732421875,48126100.0,Yahoo Finance,2026-09-21T04:37:35+00:00,2025-12-18
2025-04-22,AMZN,173.17999267578125,56607200.0,Yahoo Finance,2026-09-21T04:37:35+00:00,2025-12-18
2025-04-23,AMZN,180.60000610351562,63470100.0,Yahoo Finance,2026-09-21T04:37:35+00:00,2025-12-18
2025-04-24,AMZN,186.5399932861328,43763200.0,Yahoo Finance,2026-09-21T04:37:35+00:00,2025-12-18
2025-04-25,AMZN,188.99000549316406,36414300.0,Yahoo Finance,2026-09-21T04:37:35+00:00,2025-12-18
2025-04-28,AMZN,187.6999969482422,33224700.0,Yahoo Finance,2026-09-21T04:37:35+00:00,2025-12-18
2025-04-29,AMZN,187.38999938964844,41667300.0,Yahoo Finance,2026-09-21T04:37:35+00:00,2025-12-18
2025-04-30,AMZN,184.4199981689453,55176500.0,Yahoo Finance,2026-09-21T04:37:35+00:00,2025-12-18
2025-05-01,AMZN,190.1999969482422,74266000.0,Yahoo Finance,2026-09-21T04:37:35+00:00,2025-12-18
2025-05-02,AMZN,189.97999572753906,77903500.0,Yahoo Finance,2026-09-21T04:37:35+00:00,2025-12-18
2025-05-05,AMZN,186.35000610351562,35217500.0,Yahoo Finance,2026-09-21T04:37:35+00:00,2025-12-18
2025-05-06,AMZN,185.00999450683594,29314100.0,Yahoo Finance,2026-09-21T04:37:35+00:00,2025-12-18
2025-05-07,AMZN,188.7100067138672,43948600.0,Yahoo Finance,2026-09-21T04:37:35+00:00,2025-12-18
2025-05-08,AMZN,192.0800018310547,41043600.0,Yahoo Finance,2026-09-21T04:37:35+00:00,2025-12-18
2025-05-09,AMZN,193.05999755859375,29663100.0,Yahoo Finance,2026-09-21T04:37:35+00:00,2025-12-18
2025-05-12,AMZN,208.63999938964844,75205000.0,Yahoo Finance,2026-09-21T04:37:35+00:00,2025-12-18
2025-05-13,AMZN,211.3699951171875,56193700.0,Yahoo Finance,2026-09-21T04:37:35+00:00,2025-12-18
2025-05-14,AMZN,210.25,38492100.0,Yahoo Finance,2026-09-21T04:37:35+00:00,2025-12-18
2025-05-15,AMZN,205.1699981689453,64347300.0,Yahoo Finance,2026-09-21T04:37:35+00:00,2025-12-18
2025-05-16,AMZN,205.58999633789062,43318500.0,Yahoo Finance,2026-09-21T04:37:35+00:00,2025-12-18
2025-05-19,AMZN,206.16000366210938,34314800.0,Yahoo Finance,2026-09-21T04:37:35+00:00,2025-12-18
2025-05-20,AMZN,204.07000732421875,29470400.0,Yahoo Finance,2026-09-21T04:37:35+00:00,2025-12-18
2025-05-21,AMZN,201.1199951171875,42460900.0,Yahoo Finance,2026-09-21T04:37:35+00:00,2025-12-18
2025-05-22,AMZN,203.10000610351562,38938900.0,Yahoo Finance,2026-09-21T04:37:35+00:00,2025-12-18
2025-05-23,AMZN,200.99000549316406,33393500.0,Yahoo Finance,2026-09-21T04:37:35+00:00,2025-12-18
2025-05-27,AMZN,206.02000427246094,34892000.0,Yahoo Finance,2026-09-21T04:37:35+00:00,2025-12-18
2025-05-28,AMZN,204.72000122070312,28549800.0,Yahoo Finance,2026-09-21T04:37:35+00:00,2025-12-18
2025-05-29,AMZN,205.6999969482422,34650000.0,Yahoo Finance,2026-09-21T04:37:35+00:00,2025-12-18
2025-05-30,AMZN,205.00999450683594,51679400.0,Yahoo Finance,2026-09-21T04:37:35+00:00,2025-12-18
2025-06-02,AMZN,206.64999389648438,29113300.0,Yahoo Finance,2026-09-21T04:37:35+00:00,2025-12-18
2025-06-03,AMZN,205.7100067138672,33139100.0,Yahoo Finance,2026-09-21T04:37:35+00:00,2025-12-18
2025-06-04,AMZN,207.22999572753906,29915600.0,Yahoo Finance,2026-09-21T04:37:35+00:00,2025-12-18
2025-06-05,AMZN,207.91000366210938,51864200.0,Yahoo Finance,2026-09-21T04:37:35+00:00,2025-12-18
2025-06-06,AMZN,213.57000732421875,39832500.0,Yahoo Finance,2026-09-21T04:37:35+00:00,2025-12-18
2025-06-09,AMZN,216.97999572753906,38102500.0,Yahoo Finance,2026-09-21T04:37:35+00:00,2025-12-18
2025-06-10,AMZN,217.61000061035156,31303300.0,Yahoo Finance,2026-09-21T04:37:35+00:00,2025-12-18
2025-06-11,AMZN,213.1999969482422,39326000.0,Yahoo Finance,2026-09-21T04:37:35+00:00,2025-12-18
2025-06-12,AMZN,213.24000549316406,27640000.0,Yahoo Finance,2026-09-21T04:37:35+00:00,2025-12-18
2025-06-13,AMZN,212.10000610351562,29337800.0,Yahoo Finance,2026-09-21T04:37:35+00:00,2025-12-18
2025-06-16,AMZN,216.10000610351562,33284200.0,Yahoo Finance,2026-09-21T04:37:35+00:00,2025-12-18
2025-06-17,AMZN,214.82000732421875,32086300.0,Yahoo Finance,2026-09-21T04:37:35+00:00,2025-12-18
2025-06-18,AMZN,212.52000427246094,44360500.0,Yahoo Finance,2026-09-21T04:37:35+00:00,2025-12-18
2025-06-20,AMZN,209.69000244140625,75350700.0,Yahoo Finance,2026-09-21T04:37:35+00:00,2025-12-18
2025-06-23,AMZN,208.47000122070312,37311700.0,Yahoo Finance,2026-09-21T04:37:35+00:00,2025-12-18
2025-06-24,AMZN,212.77000427246094,38378800.0,Yahoo Finance,2026-09-21T04:37:35+00:00,2025-12-18
2025-06-25,AMZN,211.99000549316406,31755700.0,Yahoo Finance,2026-09-21T04:37:35+00:00,2025-12-18
2025-06-26,AMZN,217.1199951171875,50480800.0,Yahoo Finance,2026-09-21T04:37:35+00:00,2025-12-18
2025-06-27,AMZN,223.3000030517578,119217100.0,Yahoo Finance,2026-09-21T04:37:35+00:00,2025-12-18
2025-06-30,AMZN,219.38999938964844,58887800.0,Yahoo Finance,2026-09-21T04:37:35+00:00,2025-12-18
2025-07-01,AMZN,220.4600067138672,39256800.0,Yahoo Finance,2026-09-21T04:37:35+00:00,2025-12-18
2025-07-02,AMZN,219.9199981689453,30894200.0,Yahoo Finance,2026-09-21T04:37:35+00:00,2025-12-18
2025-07-03,AMZN,223.41000366210938,29632400.0,Yahoo Finance,2026-09-21T04:37:35+00:00,2025-12-18
2025-07-07,AMZN,223.47000122070312,36604100.0,Yahoo Finance,2026-09-21T04:37:35+00:00,2025-12-18
2025-07-08,AMZN,219.36000061035156,45692000.0,Yahoo Finance,2026-09-21T04:37:35+00:00,2025-12-18
2025-07-09,AMZN,222.5399932861328,38155100.0,Yahoo Finance,2026-09-21T04:37:35+00:00,2025-12-18
2025-07-10,AMZN,222.25999450683594,30370600.0,Yahoo Finance,2026-09-21T04:37:35+00:00,2025-12-18
2025-07-11,AMZN,225.02000427246094,50518300.0,Yahoo Finance,2026-09-21T04:37:35+00:00,2025-12-18
2025-07-14,AMZN,225.69000244140625,35702600.0,Yahoo Finance,2026-09-21T04:37:35+00:00,2025-12-18
2025-07-15,AMZN,226.35000610351562,34907300.0,Yahoo Finance,2026-09-21T04:37:35+00:00,2025-12-18
2025-07-16,AMZN,223.19000244140625,39535900.0,Yahoo Finance,2026-09-21T04:37:35+00:00,2025-12-18
2025-07-17,AMZN,223.8800048828125,31855800.0,Yahoo Finance,2026-09-21T04:37:35+00:00,2025-12-18
2025-07-18,AMZN,226.1300048828125,37833800.0,Yahoo Finance,2026-09-21T04:37:35+00:00,2025-12-18
2025-07-21,AMZN,229.3000030517578,40297600.0,Yahoo Finance,2026-09-21T04:37:35+00:00,2025-12-18
2025-07-22,AMZN,227.47000122070312,37483700.0,Yahoo Finance,2026-09-21T04:37:35+00:00,2025-12-18
2025-07-23,AMZN,228.2899932861328,28294900.0,Yahoo Finance,2026-09-21T04:37:35+00:00,2025-12-18
2025-07-24,AMZN,232.22999572753906,42902300.0,Yahoo Finance,2026-09-21T04:37:35+00:00,2025-12-18
2025-07-25,AMZN,231.44000244140625,28712100.0,Yahoo Finance,2026-09-21T04:37:35+00:00,2025-12-18
2025-07-28,AMZN,232.7899932861328,26300100.0,Yahoo Finance,2026-09-21T04:37:35+00:00,2025-12-18
2025-07-29,AMZN,231.00999450683594,33716200.0,Yahoo Finance,2026-09-21T04:37:35+00:00,2025-12-18
2025-07-30,AMZN,230.19000244140625,32993300.0,Yahoo Finance,2026-09-21T04:37:35+00:00,2025-12-18
2025-07-31,AMZN,234.11000061035156,104357300.0,Yahoo Finance,2026-09-21T04:37:35+00:00,2025-12-18
2025-08-01,AMZN,214.75,122258800.0,Yahoo Finance,2026-09-21T04:37:35+00:00,2025-12-18
2025-08-04,AMZN,211.64999389648438,77890100.0,Yahoo Finance,2026-09-21T04:37:35+00:00,2025-12-18
2025-08-05,AMZN,213.75,51505100.0,Yahoo Finance,2026-09-21T04:37:35+00:00,2025-12-18
2025-08-06,AMZN,222.30999755859375,54823000.0,Yahoo Finance,2026-09-21T04:37:35+00:00,2025-12-18
2025-08-07,AMZN,223.1300048828125,40603500.0,Yahoo Finance,2026-09-21T04:37:35+00:00,2025-12-18
2025-08-08,AMZN,222.69000244140625,32970500.0,Yahoo Finance,2026-09-21T04:37:35+00:00,2025-12-18
2025-08-11,AMZN,221.3000030517578,31646200.0,Yahoo Finance,2026-09-21T04:37:35+00:00,2025-12-18
2025-08-12,AMZN,221.47000122070312,37185800.0,Yahoo Finance,2026-09-21T04:37:35+00:00,2025-12-18
2025-08-13,AMZN,224.55999755859375,36508300.0,Yahoo Finance,2026-09-21T04:37:35+00:00,2025-12-18
2025-08-14,AMZN,230.97999572753906,61545800.0,Yahoo Finance,2026-09-21T04:37:35+00:00,2025-12-18
2025-08-15,AMZN,231.02999877929688,39649200.0,Yahoo Finance,2026-09-21T04:37:35+00:00,2025-12-18
2025-08-18,AMZN,231.49000549316406,25248900.0,Yahoo Finance,2026-09-21T04:37:35+00:00,2025-12-18
2025-08-19,AMZN,228.00999450683594,29891000.0,Yahoo Finance,2026-09-21T04:37:35+00:00,2025-12-18
2025-08-20,AMZN,223.80999755859375,36604300.0,Yahoo Finance,2026-09-21T04:37:35+00:00,2025-12-18
2025-08-21,AMZN,221.9499969482422,32140500.0,Yahoo Finance,2026-09-21T04:37:35+00:00,2025-12-18
2025-08-22,AMZN,228.83999633789062,37315300.0,Yahoo Finance,2026-09-21T04:37:35+00:00,2025-12-18
2025-08-25,AMZN,227.94000244140625,22633700.0,Yahoo Finance,2026-09-21T04:37:35+00:00,2025-12-18
2025-08-26,AMZN,228.7100067138672,26105400.0,Yahoo Finance,2026-09-21T04:37:35+00:00,2025-12-18
2025-08-27,AMZN,229.1199951171875,21254500.0,Yahoo Finance,2026-09-21T04:37:35+00:00,2025-12-18
2025-08-28,AMZN,231.60000610351562,33679600.0,Yahoo Finance,2026-09-21T04:37:35+00:00,2025-12-18
2025-08-29,AMZN,229.0,26199200.0,Yahoo Finance,2026-09-21T04:37:35+00:00,2025-12-18
2025-09-02,AMZN,225.33999633789062,38843900.0,Yahoo Finance,2026-09-21T04:37:35+00:00,2025-12-18
2025-09-03,AMZN,225.99000549316406,29223100.0,Yahoo Finance,2026-09-21T04:37:35+00:00,2025-12-18
2025-09-04,AMZN,235.67999267578125,59391800.0,Yahoo Finance,2026-09-21T04:37:35+00:00,2025-12-18
2025-09-05,AMZN,232.3300018310547,36721800.0,Yahoo Finance,2026-09-21T04:37:35+00:00,2025-12-18
2025-09-08,AMZN,235.83999633789062,33947100.0,Yahoo Finance,2026-09-21T04:37:35+00:00,2025-12-18
2025-09-09,AMZN,238.24000549316406,27033800.0,Yahoo Finance,2026-09-21T04:37:35+00:00,2025-12-18
2025-09-10,AMZN,230.3300018310547,60907700.0,Yahoo Finance,2026-09-21T04:37:35+00:00,2025-12-18
2025-09-11,AMZN,229.9499969482422,37485600.0,Yahoo Finance,2026-09-21T04:37:35+00:00,2025-12-18
2025-09-12,AMZN,228.14999389648438,38496200.0,Yahoo Finance,2026-09-21T04:37:35+00:00,2025-12-18
2025-09-15,AMZN,231.42999267578125,33243300.0,Yahoo Finance,2026-09-21T04:37:35+00:00,2025-12-18
2025-09-16,AMZN,234.0500030517578,38203900.0,Yahoo Finance,2026-09-21T04:37:35+00:00,2025-12-18
2025-09-17,AMZN,231.6199951171875,42815200.0,Yahoo Finance,2026-09-21T04:37:35+00:00,2025-12-18
2025-09-18,AMZN,231.22999572753906,37931700.0,Yahoo Finance,2026-09-21T04:37:35+00:00,2025-12-18
2025-09-19,AMZN,231.47999572753906,97943200.0,Yahoo Finance,2026-09-21T04:37:35+00:00,2025-12-18
2025-09-22,AMZN,227.6300048828125,45914500.0,Yahoo Finance,2026-09-21T04:37:35+00:00,2025-12-18
2025-09-23,AMZN,220.7100067138672,70956200.0,Yahoo Finance,2026-09-21T04:37:35+00:00,2025-12-18
2025-09-24,AMZN,220.2100067138672,49509000.0,Yahoo Finance,2026-09-21T04:37:35+00:00,2025-12-18
2025-09-25,AMZN,218.14999389648438,52226300.0,Yahoo Finance,2026-09-21T04:37:35+00:00,2025-12-18
2025-09-26,AMZN,219.77999877929688,41650100.0,Yahoo Finance,2026-09-21T04:37:35+00:00,2025-12-18
2025-09-29,AMZN,222.1699981689453,44259200.0,Yahoo Finance,2026-09-21T04:37:35+00:00,2025-12-18
2025-09-30,AMZN,219.57000732421875,48396400.0,Yahoo Finance,2026-09-21T04:37:35+00:00,2025-12-18
2025-10-01,AMZN,220.6300048828125,43933800.0,Yahoo Finance,2026-09-21T04:37:35+00:00,2025-12-18
2025-10-02,AMZN,222.41000366210938,41258600.0,Yahoo Finance,2026-09-21T04:37:35+00:00,2025-12-18
2025-10-03,AMZN,219.50999450683594,43639000.0,Yahoo Finance,2026-09-21T04:37:35+00:00,2025-12-18
2025-10-06,AMZN,220.89999389648438,43690900.0,Yahoo Finance,2026-09-21T04:37:35+00:00,2025-12-18
2025-10-07,AMZN,221.77999877929688,31194700.0,Yahoo Finance,2026-09-21T04:37:35+00:00,2025-12-18
2025-10-08,AMZN,225.22000122070312,46686000.0,Yahoo Finance,2026-09-21T04:37:35+00:00,2025-12-18
2025-10-09,AMZN,227.74000549316406,46412100.0,Yahoo Finance,2026-09-21T04:37:35+00:00,2025-12-18
2025-10-10,AMZN,216.3699951171875,72367500.0,Yahoo Finance,2026-09-21T04:37:35+00:00,2025-12-18
2025-10-13,AMZN,220.07000732421875,37809700.0,Yahoo Finance,2026-09-21T04:37:35+00:00,2025-12-18
2025-10-14,AMZN,216.38999938964844,45665600.0,Yahoo Finance,2026-09-21T04:37:35+00:00,2025-12-18
2025-10-15,AMZN,215.57000732421875,45909500.0,Yahoo Finance,2026-09-21T04:37:35+00:00,2025-12-18
2025-10-16,AMZN,214.47000122070312,42414600.0,Yahoo Finance,2026-09-21T04:37:35+00:00,2025-12-18
2025-10-17,AMZN,213.0399932861328,45986900.0,Yahoo Finance,2026-09-21T04:37:35+00:00,2025-12-18
2025-10-20,AMZN,216.47999572753906,38882800.0,Yahoo Finance,2026-09-21T04:37:35+00:00,2025-12-18
2025-10-21,AMZN,222.02999877929688,50494600.0,Yahoo Finance,2026-09-21T04:37:35+00:00,2025-12-18
2025-10-22,AMZN,217.9499969482422,44308500.0,Yahoo Finance,2026-09-21T04:37:35+00:00,2025-12-18
2025-10-23,AMZN,221.08999633789062,31540000.0,Yahoo Finance,2026-09-21T04:37:35+00:00,2025-12-18
2025-10-24,AMZN,224.2100067138672,38685100.0,Yahoo Finance,2026-09-21T04:37:35+00:00,2025-12-18
2025-10-27,AMZN,226.97000122070312,38267000.0,Yahoo Finance,2026-09-21T04:37:35+00:00,2025-12-18
2025-10-28,AMZN,229.25,47100000.0,Yahoo Finance,2026-09-21T04:37:35+00:00,2025-12-18
2025-10-29,AMZN,230.3000030517578,52036200.0,Yahoo Finance,2026-09-21T04:37:35+00:00,2025-12-18
2025-10-30,AMZN,222.86000061035156,102252900.0,Yahoo Finance,2026-09-21T04:37:35+00:00,2025-12-18
2025-10-31,AMZN,244.22000122070312,166340800.0,Yahoo Finance,2026-09-21T04:37:35+00:00,2025-12-18
2025-11-03,AMZN,254.0,95997800.0,Yahoo Finance,2026-09-21T04:37:35+00:00,2025-12-18
2025-11-04,AMZN,249.32000732421875,51546300.0,Yahoo Finance,2026-09-21T04:37:35+00:00,2025-12-18
2025-11-05,AMZN,250.1999969482422,40610700.0,Yahoo Finance,2026-09-21T04:37:35+00:00,2025-12-18
2025-11-06,AMZN,243.0399932861328,46004200.0,Yahoo Finance,2026-09-21T04:37:35+00:00,2025-12-18
2025-11-07,AMZN,244.41000366210938,46374300.0,Yahoo Finance,2026-09-21T04:37:35+00:00,2025-12-18
2025-11-10,AMZN,248.39999389648438,36476500.0,Yahoo Finance,2026-09-21T04:37:35+00:00,2025-12-18
2025-11-11,AMZN,249.10000610351562,23564100.0,Yahoo Finance,2026-09-21T04:37:35+00:00,2025-12-18
2025-11-12,AMZN,244.1999969482422,31190100.0,Yahoo Finance,2026-09-21T04:37:35+00:00,2025-12-18
2025-11-13,AMZN,237.5800018310547,41401700.0,Yahoo Finance,2026-09-21T04:37:35+00:00,2025-12-18
2025-11-14,AMZN,234.69000244140625,38956700.0,Yahoo Finance,2026-09-21T04:37:35+00:00,2025-12-18
2025-11-17,AMZN,232.8699951171875,59919000.0,Yahoo Finance,2026-09-21T04:37:35+00:00,2025-12-18
2025-11-18,AMZN,222.5500030517578,60608400.0,Yahoo Finance,2026-09-21T04:37:35+00:00,2025-12-18
2025-11-19,AMZN,222.69000244140625,58335600.0,Yahoo Finance,2026-09-21T04:37:35+00:00,2025-12-18
2025-11-20,AMZN,217.13999938964844,50309000.0,Yahoo Finance,2026-09-21T04:37:35+00:00,2025-12-18
2025-11-21,AMZN,220.69000244140625,68490500.0,Yahoo Finance,2026-09-21T04:37:35+00:00,2025-12-18
2025-11-24,AMZN,226.27999877929688,54318400.0,Yahoo Finance,2026-09-21T04:37:35+00:00,2025-12-18
2025-11-25,AMZN,229.6699981689453,39379300.0,Yahoo Finance,2026-09-21T04:37:35+00:00,2025-12-18
2025-11-26,AMZN,229.16000366210938,38497900.0,Yahoo Finance,2026-09-21T04:37:35+00:00,2025-12-18
2025-11-28,AMZN,233.22000122070312,20292300.0,Yahoo Finance,2026-09-21T04:37:35+00:00,2025-12-18
2025-12-01,AMZN,233.8800048828125,42904000.0,Yahoo Finance,2026-09-21T04:37:35+00:00,2025-12-18
2025-12-02,AMZN,234.4199981689453,45785400.0,Yahoo Finance,2026-09-21T04:37:35+00:00,2025-12-18
2025-12-03,AMZN,232.3800048828125,35495100.0,Yahoo Finance,2026-09-21T04:37:35+00:00,2025-12-18
2025-12-04,AMZN,229.11000061035156,45683200.0,Yahoo Finance,2026-09-21T04:37:35+00:00,2025-12-18
2025-12-05,AMZN,229.52999877929688,33117400.0,Yahoo Finance,2026-09-21T04:37:35+00:00,2025-12-18
2025-12-08,AMZN,226.88999938964844,35019200.0,Yahoo Finance,2026-09-21T04:37:35+00:00,2025-12-18
2025-12-09,AMZN,227.9199981689453,25841700.0,Yahoo Finance,2026-09-21T04:37:35+00:00,2025-12-18
2025-12-10,AMZN,231.77999877929688,38790700.0,Yahoo Finance,2026-09-21T04:37:35+00:00,2025-12-18
2025-12-11,AMZN,230.27999877929688,28249600.0,Yahoo Finance,2026-09-21T04:37:35+00:00,2025-12-18
2025-12-12,AMZN,226.19000244140625,35639100.0,Yahoo Finance,2026-09-21T04:37:35+00:00,2025-12-18
2025-12-15,AMZN,222.5399932861328,47286100.0,Yahoo Finance,2026-09-21T04:37:35+00:00,2025-12-18
2025-12-16,AMZN,222.55999755859375,39298900.0,Yahoo Finance,2026-09-21T04:37:35+00:00,2025-12-18
2025-12-17,AMZN,221.27000427246094,44034400.0,Yahoo Finance,2026-09-21T04:37:35+00:00,2025-12-18
2025-12-18,AMZN,226.75999450683594,50272400.0,Yahoo Finance,2026-09-21T04:37:35+00:00,2025-12-18
2024-11-13,BAC,43.880001068115234,36903900.0,Yahoo Finance,2026-09-21T04:37:35+00:00,2025-12-18
2024-11-14,BAC,43.9087028503418,35733100.0,Yahoo Finance,2026-09-21T04:37:35+00:00,2025-12-18
2024-11-15,BAC,44.721824645996094,40488900.0,Yahoo Finance,2026-09-21T04:37:35+00:00,2025-12-18
2024-11-18,BAC,44.69313049316406,32360300.0,Yahoo Finance,2026-09-21T04:37:35+00:00,2025-12-18
2024-11-19,BAC,44.39657974243164,28534100.0,Yahoo Finance,2026-09-21T04:37:35+00:00,2025-12-18
2024-11-20,BAC,44.061767578125,28021000.0,Yahoo Finance,2026-09-21T04:37:35+00:00,2025-12-18
2024-11-21,BAC,44.44440841674805,45336500.0,Yahoo Finance,2026-09-21T04:37:35+00:00,2025-12-18
2024-11-22,BAC,44.96097946166992,37996200.0,Yahoo Finance,2026-09-21T04:37:35+00:00,2025-12-18
2024-11-25,BAC,45.439292907714844,42718600.0,Yahoo Finance,2026-09-21T04:37:35+00:00,2025-12-18
2024-11-26,BAC,45.67844009399414,30301500.0,Yahoo Finance,2026-09-21T04:37:35+00:00,2025-12-18
2024-11-27,BAC,45.69757843017578,23278400.0,Yahoo Finance,2026-09-21T04:37:35+00:00,2025-12-18
2024-11-29,BAC,45.448856353759766,23262000.0,Yahoo Finance,2026-09-21T04:37:35+00:00,2025-12-18
2024-12-02,BAC,44.99925231933594,35891500.0,Yahoo Finance,2026-09-21T04:37:35+00:00,2025-12-18
2024-12-03,BAC,44.788795471191406,38123800.0,Yahoo Finance,2026-09-21T04:37:35+00:00,2025-12-18
2024-12-04,BAC,44.35831069946289,24941300.0,Yahoo Finance,2026-09-21T04:37:35+00:00,2025-12-18
2024-12-05,BAC,44.96097946166992,31572100.0,Yahoo Finance,2026-09-21T04:37:35+00:00,2025-12-18
2024-12-06,BAC,44.97060012817383,28931700.0,Yahoo Finance,2026-09-21T04:37:35+00:00,2025-12-18
2024-12-09,BAC,44.162574768066406,34660900.0,Yahoo Finance,2026-09-21T04:37:35+00:00,2025-12-18
2024-12-10,BAC,44.00865936279297,35665800.0,Yahoo Finance,2026-09-21T04:37:35+00:00,2025-12-18
2024-12-11,BAC,44.32610321044922,36790500.0,Yahoo Finance,2026-09-21T04:37:35+00:00,2025-12-18
2024-12-12,BAC,44.32610321044922,24017300.0,Yahoo Finance,2026-09-21T04:37:35+00:00,2025-12-18
2024-12-13,BAC,43.93170928955078,32902300.0,Yahoo Finance,2026-09-21T04:37:35+00:00,2025-12-18
2024-12-16,BAC,43.739322662353516,27330400.0,Yahoo Finance,2026-09-21T04:37:35+00:00,2025-12-18
2024-12-17,BAC,43.33530807495117,33054600.0,Yahoo Finance,2026-09-21T04:37:35+00:00,2025-12-18
2024-12-18,BAC,41.84429931640625,41771900.0,Yahoo Finance,2026-09-21T04:37:35+00:00,2025-12-18
2024-12-19,BAC,41.72886276245117,38583600.0,Yahoo Finance,2026-09-21T04:37:35+00:00,2025-12-18
2024-12-20,BAC,42.488800048828125,74222200.0,Yahoo Finance,2026-09-21T04:37:35+00:00,2025-12-18
2024-12-23,BAC,42.21945571899414,35374800.0,Yahoo Finance,2026-09-21T04:37:35+00:00,2025-12-18
2024-12-24,BAC,42.6908073425293,12054400.0,Yahoo Finance,2026-09-21T04:37:35+00:00,2025-12-18
2024-12-26,BAC,42.854339599609375,16077400.0,Yahoo Finance,2026-09-21T04:37:35+00:00,2025-12-18
2024-12-27,BAC,42.65232849121094,17972500.0,Yahoo Finance,2026-09-21T04:37:35+00:00,2025-12-18
2024-12-30,BAC,42.23869705200195,16109800.0,Yahoo Finance,2026-09-21T04:37:35+00:00,2025-12-18
2024-12-31,BAC,42.27717971801758,16110400.0,Yahoo Finance,2026-09-21T04:37:35+00:00,2025-12-18
2025-01-02,BAC,42.6042366027832,25610600.0,Yahoo Finance,2026-09-21T04:37:35+00:00,2025-12-18
2025-01-03,BAC,43.10443878173828,23455700.0,Yahoo Finance,2026-09-21T04:37:35+00:00,2025-12-18
2025-01-06,BAC,43.6719856262207,30518500.0,Yahoo Finance,2026-09-21T04:37:35+00:00,2025-12-18
2025-01-07,BAC,44.32610321044922,41111200.0,Yahoo Finance,2026-09-21T04:37:35+00:00,2025-12-18
2025-01-08,BAC,44.45115280151367,40246000.0,Yahoo Finance,2026-09-21T04:37:35+00:00,2025-12-18
2025-01-10,BAC,43.39302444458008,40741300.0,Yahoo Finance,2026-09-21T04:37:35+00:00,2025-12-18
2025-01-13,BAC,43.34492492675781,34353600.0,Yahoo Finance,2026-09-21T04:37:35+00:00,2025-12-18
2025-01-14,BAC,44.03751754760742,36379000.0,Yahoo Finance,2026-09-21T04:37:35+00:00,2025-12-18
2025-01-15,BAC,45.30727767944336,57154800.0,Yahoo Finance,2026-09-21T04:37:35+00:00,2025-12-18
2025-01-16,BAC,44.86479187011719,56339300.0,Yahoo Finance,2026-09-21T04:37:35+00:00,2025-12-18
2025-01-17,BAC,44.758975982666016,44486100.0,Yahoo Finance,2026-09-21T04:37:35+00:00,2025-12-18
2025-01-21,BAC,44.884029388427734,52089100.0,Yahoo Finance,2026-09-21T04:37:35+00:00,2025-12-18
2025-01-22,BAC,44.04713821411133,40296200.0,Yahoo Finance,2026-09-21T04:37:35+00:00,2025-12-18
2025-01-23,BAC,44.62430191040039,35324100.0,Yahoo Finance,2026-09-21T04:37:35+00:00,2025-12-18
2025-01-24,BAC,44.749351501464844,24655100.0,Yahoo Finance,2026-09-21T04:37:35+00:00,2025-12-18
2025-01-27,BAC,45.29766082763672,44260000.0,Yahoo Finance,2026-09-21T04:37:35+00:00,2025-12-18
2025-01-28,BAC,45.05717849731445,27156600.0,Yahoo Finance,2026-09-21T04:37:35+00:00,2025-12-18
2025-01-29,BAC,44.97060012817383,23681500.0,Yahoo Finance,2026-09-21T04:37:35+00:00,2025-12-18
2025-01-30,BAC,44.94174575805664,31199900.0,Yahoo Finance,2026-09-21T04:37:35+00:00,2025-12-18
2025-01-31,BAC,44.53772735595703,30388900.0,Yahoo Finance,2026-09-21T04:37:35+00:00,2025-12-18
2025-02-03,BAC,44.45115280151367,36497700.0,Yahoo Finance,2026-09-21T04:37:35+00:00,2025-12-18
2025-02-04,BAC,44.93212127685547,32894000.0,Yahoo Finance,2026-09-21T04:37:35+00:00,2025-12-18
2025-02-05,BAC,45.31690216064453,27696600.0,Yahoo Finance,2026-09-21T04:37:35+00:00,2025-12-18
2025-02-06,BAC,45.92292404174805,39793400.0,Yahoo Finance,2026-09-21T04:37:35+00:00,2025-12-18
2025-02-07,BAC,45.59585952758789,26504700.0,Yahoo Finance,2026-09-21T04:37:35+00:00,2025-12-18
2025-02-10,BAC,44.893646240234375,26725200.0,Yahoo Finance,2026-09-21T04:37:35+00:00,2025-12-18
2025-02-11,BAC,45.00908279418945,20314900.0,Yahoo Finance,2026-09-21T04:37:35+00:00,2025-12-18
2025-02-12,BAC,44.45115280151367,29777100.0,Yahoo Finance,2026-09-21T04:37:35+00:00,2025-12-18
2025-02-13,BAC,44.566593170166016,26815400.0,Yahoo Finance,2026-09-21T04:37:35+00:00,2025-12-18
2025-02-14,BAC,45.172607421875,25960500.0,Yahoo Finance,2026-09-21T04:37:35+00:00,2025-12-18
2025-02-18,BAC,44.758975982666016,37824100.0,Yahoo Finance,2026-09-21T04:37:35+00:00,2025-12-18
2025-02-19,BAC,44.25876235961914,38967800.0,Yahoo Finance,2026-09-21T04:37:35+00:00,2025-12-18
2025-02-20,BAC,43.57579040527344,40001100.0,Yahoo Finance,2026-09-21T04:37:35+00:00,2025-12-18
2025-02-21,BAC,43.10443878173828,43485900.0,Yahoo Finance,2026-09-21T04:37:35+00:00,2025-12-18
2025-02-24,BAC,42.767757415771484,35512200.0,Yahoo Finance,2026-09-21T04:37:35+00:00,2025-12-18
2025-02-25,BAC,42.267555236816406,38119000.0,Yahoo Finance,2026-09-21T04:37:35+00:00,2025-12-18
2025-02-26,BAC,42.267555236816406,32251700.0,Yahoo Finance,2026-09-21T04:37:35+00:00,2025-12-18
2025-02-27,BAC,42.44070053100586,28477700.0,Yahoo Finance,2026-09-21T04:37:35+00:00,2025-12-18
2025-02-28,BAC,44.345340728759766,62621100.0,Yahoo Finance,2026-09-21T04:37:35+00:00,2025-12-18
2025-03-03,BAC,43.82590103149414,46946000.0,Yahoo Finance,2026-09-21T04:37:35+00:00,2025-12-18
2025-03-04,BAC,41.0458869934082,78278100.0,Yahoo Finance,2026-09-21T04:37:35+00:00,2025-12-18
2025-03-05,BAC,40.680355072021484,52588900.0,Yahoo Finance,2026-09-21T04:37:35+00:00,2025-12-18
2025-03-06,BAC,39.8819465637207,58103500.0,Yahoo Finance,2026-09-21T04:37:35+00:00,2025-12-18
2025-03-07,BAC,40.07555389404297,50651400.0,Yahoo Finance,2026-09-21T04:37:35+00:00,2025-12-18
2025-03-10,BAC,38.55577850341797,77498400.0,Yahoo Finance,2026-09-21T04:37:35+00:00,2025-12-18
2025-03-11,BAC,38.342811584472656,50608400.0,Yahoo Finance,2026-09-21T04:37:35+00:00,2025-12-18
2025-03-12,BAC,38.63322067260742,42290700.0,Yahoo Finance,2026-09-21T04:37:35+00:00,2025-12-18
2025-03-13,BAC,38.40089416503906,37766100.0,Yahoo Finance,2026-09-21T04:37:35+00:00,2025-12-18
2025-03-14,BAC,39.58186721801758,35979900.0,Yahoo Finance,2026-09-21T04:37:35+00:00,2025-12-18
2025-03-17,BAC,40.11427307128906,37242800.0,Yahoo Finance,2026-09-21T04:37:35+00:00,2025-12-18
2025-03-18,BAC,40.31755447387695,37644500.0,Yahoo Finance,2026-09-21T04:37:35+00:00,2025-12-18
2025-03-19,BAC,40.85963439941406,42471100.0,Yahoo Finance,2026-09-21T04:37:35+00:00,2025-12-18
2025-03-20,BAC,41.12100601196289,41018100.0,Yahoo Finance,2026-09-21T04:37:35+00:00,2025-12-18
2025-03-21,BAC,41.11132049560547,65011000.0,Yahoo Finance,2026-09-21T04:37:35+00:00,2025-12-18
2025-03-24,BAC,41.6921272277832,30646100.0,Yahoo Finance,2026-09-21T04:37:35+00:00,2025-12-18
2025-03-25,BAC,41.89540481567383,25445300.0,Yahoo Finance,2026-09-21T04:37:35+00:00,2025-12-18
2025-03-26,BAC,41.45012664794922,30012100.0,Yahoo Finance,2026-09-21T04:37:35+00:00,2025-12-18
2025-03-27,BAC,41.198448181152344,25619200.0,Yahoo Finance,2026-09-21T04:37:35+00:00,2025-12-18
2025-03-28,BAC,39.930355072021484,34253000.0,Yahoo Finance,2026-09-21T04:37:35+00:00,2025-12-18
2025-03-31,BAC,40.394996643066406,36390000.0,Yahoo Finance,2026-09-21T04:37:35+00:00,2025-12-18
2025-04-01,BAC,40.16267395019531,25578500.0,Yahoo Finance,2026-09-21T04:37:35+00:00,2025-12-18
2025-04-02,BAC,40.51115417480469,28216100.0,Yahoo Finance,2026-09-21T04:37:35+00:00,2025-12-18
2025-04-03,BAC,36.02928161621094,115497900.0,Yahoo Finance,2026-09-21T04:37:35+00:00,2025-12-18
2025-04-04,BAC,33.2898063659668,107761200.0,Yahoo Finance,2026-09-21T04:37:35+00:00,2025-12-18
2025-04-07,BAC,34.441741943359375,137329100.0,Yahoo Finance,2026-09-21T04:37:35+00:00,2025-12-18
2025-04-08,BAC,33.90933609008789,79116300.0,Yahoo Finance,2026-09-21T04:37:35+00:00,2025-12-18
2025-04-09,BAC,35.961517333984375,161173500.0,Yahoo Finance,2026-09-21T04:37:35+00:00,2025-12-18
2025-04-10,BAC,34.70310592651367,90451800.0,Yahoo Finance,2026-09-21T04:37:35+00:00,2025-12-18
2025-04-11,BAC,34.79990005493164,63671900.0,Yahoo Finance,2026-09-21T04:37:35+00:00,2025-12-18
2025-04-14,BAC,35.49686813354492,46830600.0,Yahoo Finance,2026-09-21T04:37:35+00:00,2025-12-18
2025-04-15,BAC,36.77464294433594,84677800.0,Yahoo Finance,2026-09-21T04:37:35+00:00,2025-12-18
2025-04-16,BAC,36.13575744628906,52872700.0,Yahoo Finance,2026-09-21T04:37:35+00:00,2025-12-18
2025-04-17,BAC,36.21319580078125,47144400.0,Yahoo Finance,2026-09-21T04:37:35+00:00,2025-12-18
2025-04-21,BAC,35.73887252807617,34928300.0,Yahoo Finance,2026-09-21T04:37:35+00:00,2025-12-18
2025-04-22,BAC,37.09408187866211,42288900.0,Yahoo Finance,2026-09-21T04:37:35+00:00,2025-12-18
2025-04-23,BAC,37.51032638549805,54428400.0,Yahoo Finance,2026-09-21T04:37:35+00:00,2025-12-18
2025-04-24,BAC,38.31377410888672,42457100.0,Yahoo Finance,2026-09-21T04:37:35+00:00,2025-12-18
2025-04-25,BAC,38.420257568359375,32694200.0,Yahoo Finance,2026-09-21T04:37:35+00:00,2025-12-18
2025-04-28,BAC,38.50737762451172,37428000.0,Yahoo Finance,2026-09-21T04:37:35+00:00,2025-12-18
2025-04-29,BAC,38.710662841796875,33792500.0,Yahoo Finance,2026-09-21T04:37:35+00:00,2025-12-18
2025-04-30,BAC,38.60417938232422,40994600.0,Yahoo Finance,2026-09-21T04:37:35+00:00,2025-12-18
2025-05-01,BAC,38.8848991394043,33569100.0,Yahoo Finance,2026-09-21T04:37:35+00:00,2025-12-18
2025-05-02,BAC,39.756107330322266,41613000.0,Yahoo Finance,2026-09-21T04:37:35+00:00,2025-12-18
2025-05-05,BAC,39.80450439453125,32829200.0,Yahoo Finance,2026-09-21T04:37:35+00:00,2025-12-18
2025-05-06,BAC,39.53346252441406,29541800.0,Yahoo Finance,2026-09-21T04:37:35+00:00,2025-12-18
2025-05-07,BAC,39.62059020996094,30925900.0,Yahoo Finance,2026-09-21T04:37:35+00:00,2025-12-18
2025-05-08,BAC,40.26914978027344,41861700.0,Yahoo Finance,2026-09-21T04:37:35+00:00,2025-12-18
2025-05-09,BAC,40.45307540893555,27222800.0,Yahoo Finance,2026-09-21T04:37:35+00:00,2025-12-18
2025-05-12,BAC,41.97285079956055,44875100.0,Yahoo Finance,2026-09-21T04:37:35+00:00,2025-12-18
2025-05-13,BAC,42.86341094970703,43232500.0,Yahoo Finance,2026-09-21T04:37:35+00:00,2025-12-18
2025-05-14,BAC,43.30870056152344,42419500.0,Yahoo Finance,2026-09-21T04:37:35+00:00,2025-12-18
2025-05-15,BAC,42.9602165222168,47379400.0,Yahoo Finance,2026-09-21T04:37:35+00:00,2025-12-18
2025-05-16,BAC,43.26029968261719,49488100.0,Yahoo Finance,2026-09-21T04:37:35+00:00,2025-12-18
2025-05-19,BAC,43.337738037109375,37915700.0,Yahoo Finance,2026-09-21T04:37:35+00:00,2025-12-18
2025-05-20,BAC,43.26029968261719,33424300.0,Yahoo Finance,2026-09-21T04:37:35+00:00,2025-12-18
2025-05-21,BAC,41.86636734008789,55594100.0,Yahoo Finance,2026-09-21T04:37:35+00:00,2025-12-18
2025-05-22,BAC,41.9244499206543,29026200.0,Yahoo Finance,2026-09-21T04:37:35+00:00,2025-12-18
2025-05-23,BAC,41.817962646484375,34875100.0,Yahoo Finance,2026-09-21T04:37:35+00:00,2025-12-18
2025-05-27,BAC,42.805335998535156,36322000.0,Yahoo Finance,2026-09-21T04:37:35+00:00,2025-12-18
2025-05-28,BAC,42.650455474853516,35673800.0,Yahoo Finance,2026-09-21T04:37:35+00:00,2025-12-18
2025-05-29,BAC,42.82469177246094,28545100.0,Yahoo Finance,2026-09-21T04:37:35+00:00,2025-12-18
2025-05-30,BAC,42.71821975708008,66537500.0,Yahoo Finance,2026-09-21T04:37:35+00:00,2025-12-18
2025-06-02,BAC,42.66981506347656,28582600.0,Yahoo Finance,2026-09-21T04:37:35+00:00,2025-12-18
2025-06-03,BAC,43.22158432006836,31320200.0,Yahoo Finance,2026-09-21T04:37:35+00:00,2025-12-18
2025-06-04,BAC,42.940853118896484,30591700.0,Yahoo Finance,2026-09-21T04:37:35+00:00,2025-12-18
2025-06-05,BAC,42.9602165222168,32020900.0,Yahoo Finance,2026-09-21T04:37:35+00:00,2025-12-18
2025-06-06,BAC,43.787872314453125,37013000.0,Yahoo Finance,2026-09-21T04:37:35+00:00,2025-12-18
2025-06-09,BAC,43.69049835205078,32414000.0,Yahoo Finance,2026-09-21T04:37:35+00:00,2025-12-18
2025-06-10,BAC,43.904720306396484,32229100.0,Yahoo Finance,2026-09-21T04:37:35+00:00,2025-12-18
2025-06-11,BAC,43.554176330566406,47873500.0,Yahoo Finance,2026-09-21T04:37:35+00:00,2025-12-18
2025-06-12,BAC,43.44707489013672,30165400.0,Yahoo Finance,2026-09-21T04:37:35+00:00,2025-12-18
2025-06-13,BAC,42.93100357055664,43281700.0,Yahoo Finance,2026-09-21T04:37:35+00:00,2025-12-18
2025-06-16,BAC,43.242591857910156,34103600.0,Yahoo Finance,2026-09-21T04:37:35+00:00,2025-12-18
2025-06-17,BAC,43.06732177734375,27489600.0,Yahoo Finance,2026-09-21T04:37:35+00:00,2025-12-18
2025-06-18,BAC,43.87550735473633,37684700.0,Yahoo Finance,2026-09-21T04:37:35+00:00,2025-12-18
2025-06-20,BAC,44.3039436340332,64591600.0,Yahoo Finance,2026-09-21T04:37:35+00:00,2025-12-18
2025-06-23,BAC,45.08291244506836,42683600.0,Yahoo Finance,2026-09-21T04:37:35+00:00,2025-12-18
2025-06-24,BAC,45.433448791503906,45437600.0,Yahoo Finance,2026-09-21T04:37:35+00:00,2025-12-18
2025-06-25,BAC,45.618446350097656,33532400.0,Yahoo Finance,2026-09-21T04:37:35+00:00,2025-12-18
2025-06-26,BAC,46.21241760253906,40127000.0,Yahoo Finance,2026-09-21T04:37:35+00:00,2025-12-18
2025-06-27,BAC,45.8813591003418,56705000.0,Yahoo Finance,2026-09-21T04:37:35+00:00,2025-12-18
2025-06-30,BAC,46.07609939575195,47921200.0,Yahoo Finance,2026-09-21T04:37:35+00:00,2025-12-18
2025-07-01,BAC,46.88428497314453,48540900.0,Yahoo Finance,2026-09-21T04:37:35+00:00,2025-12-18
2025-07-02,BAC,47.4295539855957,48003600.0,Yahoo Finance,2026-09-21T04:37:35+00:00,2025-12-18
2025-07-03,BAC,47.64377212524414,21620300.0,Yahoo Finance,2026-09-21T04:37:35+00:00,2025-12-18
2025-07-07,BAC,47.3808708190918,35567900.0,Yahoo Finance,2026-09-21T04:37:35+00:00,2025-12-18
2025-07-08,BAC,45.91056442260742,88086500.0,Yahoo Finance,2026-09-21T04:37:35+00:00,2025-12-18
2025-07-09,BAC,45.60871505737305,46227900.0,Yahoo Finance,2026-09-21T04:37:35+00:00,2025-12-18
2025-07-10,BAC,45.73530578613281,44225000.0,Yahoo Finance,2026-09-21T04:37:35+00:00,2025-12-18
2025-07-11,BAC,45.50160217285156,31653000.0,Yahoo Finance,2026-09-21T04:37:35+00:00,2025-12-18
2025-07-14,BAC,45.832672119140625,36381200.0,Yahoo Finance,2026-09-21T04:37:35+00:00,2025-12-18
2025-07-15,BAC,44.936859130859375,55145000.0,Yahoo Finance,2026-09-21T04:37:35+00:00,2025-12-18
2025-07-16,BAC,44.820011138916016,61296600.0,Yahoo Finance,2026-09-21T04:37:35+00:00,2025-12-18
2025-07-17,BAC,45.78398513793945,56480700.0,Yahoo Finance,2026-09-21T04:37:35+00:00,2025-12-18
2025-07-18,BAC,46.07609939575195,48314200.0,Yahoo Finance,2026-09-21T04:37:35+00:00,2025-12-18
2025-07-21,BAC,46.23188781738281,32199700.0,Yahoo Finance,2026-09-21T04:37:35+00:00,2025-12-18
2025-07-22,BAC,46.5142707824707,34749400.0,Yahoo Finance,2026-09-21T04:37:35+00:00,2025-12-18
2025-07-23,BAC,46.87453842163086,31380100.0,Yahoo Finance,2026-09-21T04:37:35+00:00,2025-12-18
2025-07-24,BAC,47.11796569824219,42967600.0,Yahoo Finance,2026-09-21T04:37:35+00:00,2025-12-18
2025-07-25,BAC,47.176395416259766,24461200.0,Yahoo Finance,2026-09-21T04:37:35+00:00,2025-12-18
2025-07-28,BAC,46.962181091308594,20590400.0,Yahoo Finance,2026-09-21T04:37:35+00:00,2025-12-18
2025-07-29,BAC,46.68953323364258,26216500.0,Yahoo Finance,2026-09-21T04:37:35+00:00,2025-12-18
2025-07-30,BAC,46.699275970458984,32265900.0,Yahoo Finance,2026-09-21T04:37:35+00:00,2025-12-18
2025-07-31,BAC,46.027408599853516,40016300.0,Yahoo Finance,2026-09-21T04:37:35+00:00,2025-12-18
2025-08-01,BAC,44.45973205566406,52310400.0,Yahoo Finance,2026-09-21T04:37:35+00:00,2025-12-18
2025-08-04,BAC,44.64474105834961,31038900.0,Yahoo Finance,2026-09-21T04:37:35+00:00,2025-12-18
2025-08-05,BAC,44.362361907958984,36798300.0,Yahoo Finance,2026-09-21T04:37:35+00:00,2025-12-18
2025-08-06,BAC,44.226043701171875,27916800.0,Yahoo Finance,2026-09-21T04:37:35+00:00,2025-12-18
2025-08-07,BAC,43.73917770385742,30609900.0,Yahoo Finance,2026-09-21T04:37:35+00:00,2025-12-18
2025-08-08,BAC,44.80052947998047,37131600.0,Yahoo Finance,2026-09-21T04:37:35+00:00,2025-12-18
2025-08-11,BAC,44.946590423583984,35559400.0,Yahoo Finance,2026-09-21T04:37:35+00:00,2025-12-18
2025-08-12,BAC,46.251365661621094,35481200.0,Yahoo Finance,2026-09-21T04:37:35+00:00,2025-12-18
2025-08-13,BAC,45.99820327758789,29465100.0,Yahoo Finance,2026-09-21T04:37:35+00:00,2025-12-18
2025-08-14,BAC,46.45584487915039,21073800.0,Yahoo Finance,2026-09-21T04:37:35+00:00,2025-12-18
2025-08-15,BAC,45.706085205078125,26276900.0,Yahoo Finance,2026-09-21T04:37:35+00:00,2025-12-18
2025-08-18,BAC,46.66032409667969,43125100.0,Yahoo Finance,2026-09-21T04:37:35+00:00,2025-12-18
2025-08-19,BAC,46.816123962402344,33783400.0,Yahoo Finance,2026-09-21T04:37:35+00:00,2025-12-18
2025-08-20,BAC,47.07902145385742,30822200.0,Yahoo Finance,2026-09-21T04:37:35+00:00,2025-12-18
2025-08-21,BAC,46.99138641357422,28713200.0,Yahoo Finance,2026-09-21T04:37:35+00:00,2025-12-18
2025-08-22,BAC,48.179317474365234,45078900.0,Yahoo Finance,2026-09-21T04:37:35+00:00,2025-12-18
2025-08-25,BAC,48.179317474365234,34715700.0,Yahoo Finance,2026-09-21T04:37:35+00:00,2025-12-18
2025-08-26,BAC,48.9290771484375,40609300.0,Yahoo Finance,2026-09-21T04:37:35+00:00,2025-12-18
2025-08-27,BAC,49.055660247802734,42428200.0,Yahoo Finance,2026-09-21T04:37:35+00:00,2025-12-18
2025-08-28,BAC,49.16276550292969,32949400.0,Yahoo Finance,2026-09-21T04:37:35+00:00,2025-12-18
2025-08-29,BAC,49.40619659423828,32496500.0,Yahoo Finance,2026-09-21T04:37:35+00:00,2025-12-18
2025-09-02,BAC,49.0946044921875,52719800.0,Yahoo Finance,2026-09-21T04:37:35+00:00,2025-12-18
2025-09-03,BAC,48.74407196044922,38344200.0,Yahoo Finance,2026-09-21T04:37:35+00:00,2025-12-18
2025-09-04,BAC,49.28934860229492,34796900.0,Yahoo Finance,2026-09-21T04:37:35+00:00,2025-12-18
2025-09-05,BAC,48.73124313354492,40063300.0,Yahoo Finance,2026-09-21T04:37:35+00:00,2025-12-18
2025-09-08,BAC,48.42771530151367,48033100.0,Yahoo Finance,2026-09-21T04:37:35+00:00,2025-12-18
2025-09-09,BAC,49.240394592285156,40060100.0,Yahoo Finance,2026-09-21T04:37:35+00:00,2025-12-18
2025-09-10,BAC,49.083736419677734,31706300.0,Yahoo Finance,2026-09-21T04:37:35+00:00,2025-12-18
2025-09-11,BAC,49.6907958984375,28055200.0,Yahoo Finance,2026-09-21T04:37:35+00:00,2025-12-18
2025-09-12,BAC,49.52434539794922,27851100.0,Yahoo Finance,2026-09-21T04:37:35+00:00,2025-12-18
2025-09-15,BAC,49.53413009643555,29043600.0,Yahoo Finance,2026-09-21T04:37:35+00:00,2025-12-18
2025-09-16,BAC,49.6026725769043,31624400.0,Yahoo Finance,2026-09-21T04:37:35+00:00,2025-12-18
2025-09-17,BAC,50.32722854614258,38337900.0,Yahoo Finance,2026-09-21T04:37:35+00:00,2025-12-18
2025-09-18,BAC,51.041996002197266,35246900.0,Yahoo Finance,2026-09-21T04:37:35+00:00,2025-12-18
2025-09-19,BAC,51.15948486328125,98970700.0,Yahoo Finance,2026-09-21T04:37:35+00:00,2025-12-18
2025-09-22,BAC,50.83637619018555,27468000.0,Yahoo Finance,2026-09-21T04:37:35+00:00,2025-12-18
2025-09-23,BAC,50.62096405029297,28278200.0,Yahoo Finance,2026-09-21T04:37:35+00:00,2025-12-18
2025-09-24,BAC,50.62096405029297,27010400.0,Yahoo Finance,2026-09-21T04:37:35+00:00,2025-12-18
2025-09-25,BAC,50.76782989501953,22957900.0,Yahoo Finance,2026-09-21T04:37:35+00:00,2025-12-18
2025-09-26,BAC,51.120323181152344,20025800.0,Yahoo Finance,2026-09-21T04:37:35+00:00,2025-12-18
2025-09-29,BAC,51.32593536376953,23701000.0,Yahoo Finance,2026-09-21T04:37:35+00:00,2025-12-18
2025-09-30,BAC,50.51326370239258,29945000.0,Yahoo Finance,2026-09-21T04:37:35+00:00,2025-12-18
2025-10-01,BAC,49.62225341796875,27709100.0,Yahoo Finance,2026-09-21T04:37:35+00:00,2025-12-18
2025-10-02,BAC,49.426429748535156,22757200.0,Yahoo Finance,2026-09-21T04:37:35+00:00,2025-12-18
2025-10-03,BAC,49.58308792114258,24565700.0,Yahoo Finance,2026-09-21T04:37:35+00:00,2025-12-18
2025-10-06,BAC,49.33830642700195,25386300.0,Yahoo Finance,2026-09-21T04:37:35+00:00,2025-12-18
2025-10-07,BAC,49.240394592285156,24107300.0,Yahoo Finance,2026-09-21T04:37:35+00:00,2025-12-18
2025-10-08,BAC,48.79978561401367,24014200.0,Yahoo Finance,2026-09-21T04:37:35+00:00,2025-12-18
2025-10-09,BAC,48.750831604003906,21816900.0,Yahoo Finance,2026-09-21T04:37:35+00:00,2025-12-18
2025-10-10,BAC,47.63462829589844,31831900.0,Yahoo Finance,2026-09-21T04:37:35+00:00,2025-12-18
2025-10-13,BAC,47.840240478515625,34462800.0,Yahoo Finance,2026-09-21T04:37:35+00:00,2025-12-18
2025-10-14,BAC,49.04457092285156,42462600.0,Yahoo Finance,2026-09-21T04:37:35+00:00,2025-12-18
2025-10-15,BAC,51.18886184692383,69992200.0,Yahoo Finance,2026-09-21T04:37:35+00:00,2025-12-18
2025-10-16,BAC,49.38726043701172,49027700.0,Yahoo Finance,2026-09-21T04:37:35+00:00,2025-12-18
2025-10-17,BAC,50.2097282409668,48915400.0,Yahoo Finance,2026-09-21T04:37:35+00:00,2025-12-18
2025-10-20,BAC,50.9538688659668,25786000.0,Yahoo Finance,2026-09-21T04:37:35+00:00,2025-12-18
2025-10-21,BAC,50.444725036621094,27303400.0,Yahoo Finance,2026-09-21T04:37:35+00:00,2025-12-18
2025-10-22,BAC,50.03348922729492,34955000.0,Yahoo Finance,2026-09-21T04:37:35+00:00,2025-12-18
2025-10-23,BAC,50.67971420288086,26028800.0,Yahoo Finance,2026-09-21T04:37:35+00:00,2025-12-18
2025-10-24,BAC,51.47280502319336,38923900.0,Yahoo Finance,2026-09-21T04:37:35+00:00,2025-12-18
2025-10-27,BAC,51.91341781616211,27345800.0,Yahoo Finance,2026-09-21T04:37:35+00:00,2025-12-18
2025-10-28,BAC,51.766544342041016,29575200.0,Yahoo Finance,2026-09-21T04:37:35+00:00,2025-12-18
2025-10-29,BAC,51.48260498046875,29158800.0,Yahoo Finance,2026-09-21T04:37:35+00:00,2025-12-18
2025-10-30,BAC,51.9232063293457,37548600.0,Yahoo Finance,2026-09-21T04:37:35+00:00,2025-12-18
2025-10-31,BAC,52.33444595336914,39295700.0,Yahoo Finance,2026-09-21T04:37:35+00:00,2025-12-18
2025-11-03,BAC,52.44214630126953,31252300.0,Yahoo Finance,2026-09-21T04:37:35+00:00,2025-12-18
2025-11-04,BAC,52.42256546020508,47226600.0,Yahoo Finance,2026-09-21T04:37:35+00:00,2025-12-18
2025-11-05,BAC,51.35531234741211,54353600.0,Yahoo Finance,2026-09-21T04:37:35+00:00,2025-12-18
2025-11-06,BAC,52.17778015136719,55296000.0,Yahoo Finance,2026-09-21T04:37:35+00:00,2025-12-18
2025-11-07,BAC,52.08966064453125,40537700.0,Yahoo Finance,2026-09-21T04:37:35+00:00,2025-12-18
2025-11-10,BAC,52.30506896972656,26094600.0,Yahoo Finance,2026-09-21T04:37:35+00:00,2025-12-18
2025-11-11,BAC,52.510684967041016,22244300.0,Yahoo Finance,2026-09-21T04:37:35+00:00,2025-12-18
2025-11-12,BAC,52.98067092895508,40536700.0,Yahoo Finance,2026-09-21T04:37:35+00:00,2025-12-18
2025-11-13,BAC,51.766544342041016,37716100.0,Yahoo Finance,2026-09-21T04:37:35+00:00,2025-12-18
2025-11-14,BAC,51.5119743347168,32363100.0,Yahoo Finance,2026-09-21T04:37:35+00:00,2025-12-18
2025-11-17,BAC,50.40555953979492,35546800.0,Yahoo Finance,2026-09-21T04:37:35+00:00,2025-12-18
2025-11-18,BAC,50.562217712402344,35189500.0,Yahoo Finance,2026-09-21T04:37:35+00:00,2025-12-18
2025-11-19,BAC,50.934288024902344,28112300.0,Yahoo Finance,2026-09-21T04:37:35+00:00,2025-12-18
2025-11-20,BAC,49.935577392578125,36661600.0,Yahoo Finance,2026-09-21T04:37:35+00:00,2025-12-18
2025-11-21,BAC,50.483890533447266,43867200.0,Yahoo Finance,2026-09-21T04:37:35+00:00,2025-12-18
2025-11-24,BAC,50.846160888671875,52852100.0,Yahoo Finance,2026-09-21T04:37:35+00:00,2025-12-18
2025-11-25,BAC,51.38468551635742,41310100.0,Yahoo Finance,2026-09-21T04:37:35+00:00,2025-12-18
2025-11-26,BAC,51.88404083251953,32045600.0,Yahoo Finance,2026-09-21T04:37:35+00:00,2025-12-18
2025-11-28,BAC,52.5302734375,18920800.0,Yahoo Finance,2026-09-21T04:37:35+00:00,2025-12-18
2025-12-01,BAC,52.12882614135742,30536500.0,Yahoo Finance,2026-09-21T04:37:35+00:00,2025-12-18
2025-12-02,BAC,52.079864501953125,46073500.0,Yahoo Finance,2026-09-21T04:37:35+00:00,2025-12-18
2025-12-03,BAC,52.96108627319336,37134400.0,Yahoo Finance,2026-09-21T04:37:35+00:00,2025-12-18
2025-12-04,BAC,53.02962112426758,38529600.0,Yahoo Finance,2026-09-21T04:37:35+00:00,2025-12-18
2025-12-05,BAC,53.0985221862793,33986500.0,Yahoo Finance,2026-09-21T04:37:35+00:00,2025-12-18
2025-12-08,BAC,53.04930877685547,34386600.0,Yahoo Finance,2026-09-21T04:37:35+00:00,2025-12-18
2025-12-09,BAC,52.69499206542969,47189300.0,Yahoo Finance,2026-09-21T04:37:35+00:00,2025-12-18
2025-12-10,BAC,53.226470947265625,54424400.0,Yahoo Finance,2026-09-21T04:37:35+00:00,2025-12-18
2025-12-11,BAC,53.69889450073242,35686900.0,Yahoo Finance,2026-09-21T04:37:35+00:00,2025-12-18
2025-12-12,BAC,54.26973342895508,40539400.0,Yahoo Finance,2026-09-21T04:37:35+00:00,2025-12-18
2025-12-15,BAC,54.45673751831055,32881300.0,Yahoo Finance,2026-09-21T04:37:35+00:00,2025-12-18
2025-12-16,BAC,53.9449462890625,32931900.0,Yahoo Finance,2026-09-21T04:37:35+00:00,2025-12-18
2025-12-17,BAC,53.689048767089844,35304100.0,Yahoo Finance,2026-09-21T04:37:35+00:00,2025-12-18
2025-12-18,BAC,53.40362548828125,87452700.0,Yahoo Finance,2026-09-21T04:37:35+00:00,2025-12-18
2024-11-13,BLK,989.0492553710938,408800.0,Yahoo Finance,2026-09-21T04:37:35+00:00,2025-12-18
2024-11-14,BLK,1004.494384765625,1048700.0,Yahoo Finance,2026-09-21T04:37:35+00:00,2025-12-18
2024-11-15,BLK,1004.7725219726562,583400.0,Yahoo Finance,2026-09-21T04:37:35+00:00,2025-12-18
2024-11-18,BLK,1007.2667846679688,563200.0,Yahoo Finance,2026-09-21T04:37:35+00:00,2025-12-18
2024-11-19,BLK,986.2958984375,673500.0,Yahoo Finance,2026-09-21T04:37:35+00:00,2025-12-18
2024-11-20,BLK,982.995849609375,593700.0,Yahoo Finance,2026-09-21T04:37:35+00:00,2025-12-18
2024-11-21,BLK,986.1903686523438,473100.0,Yahoo Finance,2026-09-21T04:37:35+00:00,2025-12-18
2024-11-22,BLK,994.3062133789062,713000.0,Yahoo Finance,2026-09-21T04:37:35+00:00,2025-12-18
2024-11-25,BLK,989.5383911132812,1463700.0,Yahoo Finance,2026-09-21T04:37:35+00:00,2025-12-18
2024-11-26,BLK,984.7321166992188,772700.0,Yahoo Finance,2026-09-21T04:37:35+00:00,2025-12-18
2024-11-27,BLK,977.9881591796875,481900.0,Yahoo Finance,2026-09-21T04:37:35+00:00,2025-12-18
2024-11-29,BLK,981.2018432617188,390000.0,Yahoo Finance,2026-09-21T04:37:35+00:00,2025-12-18
2024-12-02,BLK,978.6211547851562,719600.0,Yahoo Finance,2026-09-21T04:37:35+00:00,2025-12-18
2024-12-03,BLK,996.7430419921875,941700.0,Yahoo Finance,2026-09-21T04:37:35+00:00,2025-12-18
2024-12-04,BLK,992.9057006835938,1029500.0,Yahoo Finance,2026-09-21T04:37:35+00:00,2025-12-18
2024-12-05,BLK,1007.2510986328125,880500.0,Yahoo Finance,2026-09-21T04:37:35+00:00,2025-12-18
2024-12-06,BLK,1005.4097900390625,550300.0,Yahoo Finance,2026-09-21T04:37:35+00:00,2025-12-18
2024-12-09,BLK,1008.7935180664062,742600.0,Yahoo Finance,2026-09-21T04:37:35+00:00,2025-12-18
2024-12-10,BLK,1019.0996704101562,645000.0,Yahoo Finance,2026-09-21T04:37:35+00:00,2025-12-18
2024-12-11,BLK,1026.995361328125,1139700.0,Yahoo Finance,2026-09-21T04:37:35+00:00,2025-12-18
2024-12-12,BLK,1020.7866821289062,687100.0,Yahoo Finance,2026-09-21T04:37:35+00:00,2025-12-18
2024-12-13,BLK,1018.5887451171875,537300.0,Yahoo Finance,2026-09-21T04:37:35+00:00,2025-12-18
2024-12-16,BLK,1026.407470703125,897800.0,Yahoo Finance,2026-09-21T04:37:35+00:00,2025-12-18
2024-12-17,BLK,1011.5316162109375,990400.0,Yahoo Finance,2026-09-21T04:37:35+00:00,2025-12-18
2024-12-18,BLK,983.6505737304688,864900.0,Yahoo Finance,2026-09-21T04:37:35+00:00,2025-12-18
2024-12-19,BLK,979.8231201171875,796300.0,Yahoo Finance,2026-09-21T04:37:35+00:00,2025-12-18
2024-12-20,BLK,991.7390747070312,2079800.0,Yahoo Finance,2026-09-21T04:37:35+00:00,2025-12-18
2024-12-23,BLK,1002.353515625,488100.0,Yahoo Finance,2026-09-21T04:37:35+00:00,2025-12-18
2024-12-24,BLK,1016.9401245117188,276600.0,Yahoo Finance,2026-09-21T04:37:35+00:00,2025-12-18
2024-12-26,BLK,1016.4099731445312,292100.0,Yahoo Finance,2026-09-21T04:37:35+00:00,2025-12-18
2024-12-27,BLK,1006.6727294921875,337100.0,Yahoo Finance,2026-09-21T04:37:35+00:00,2025-12-18
2024-12-30,BLK,990.5244750976562,591700.0,Yahoo Finance,2026-09-21T04:37:35+00:00,2025-12-18
2024-12-31,BLK,988.2876586914062,619400.0,Yahoo Finance,2026-09-21T04:37:35+00:00,2025-12-18
2025-01-02,BLK,980.854736328125,604500.0,Yahoo Finance,2026-09-21T04:37:35+00:00,2025-12-18
2025-01-03,BLK,984.1614990234375,469000.0,Yahoo Finance,2026-09-21T04:37:35+00:00,2025-12-18
2025-01-06,BLK,976.3619995117188,616200.0,Yahoo Finance,2026-09-21T04:37:35+00:00,2025-12-18
2025-01-07,BLK,945.5308227539062,970500.0,Yahoo Finance,2026-09-21T04:37:35+00:00,2025-12-18
2025-01-08,BLK,950.678955078125,778500.0,Yahoo Finance,2026-09-21T04:37:35+00:00,2025-12-18
2025-01-10,BLK,921.3131103515625,908200.0,Yahoo Finance,2026-09-21T04:37:35+00:00,2025-12-18
2025-01-13,BLK,920.7057495117188,794100.0,Yahoo Finance,2026-09-21T04:37:35+00:00,2025-12-18
2025-01-14,BLK,928.5726928710938,1058100.0,Yahoo Finance,2026-09-21T04:37:35+00:00,2025-12-18
2025-01-15,BLK,976.7863159179688,1140100.0,Yahoo Finance,2026-09-21T04:37:35+00:00,2025-12-18
2025-01-16,BLK,959.9534301757812,883800.0,Yahoo Finance,2026-09-21T04:37:35+00:00,2025-12-18
2025-01-17,BLK,968.8615112304688,1085800.0,Yahoo Finance,2026-09-21T04:37:35+00:00,2025-12-18
2025-01-21,BLK,975.7354125976562,671600.0,Yahoo Finance,2026-09-21T04:37:35+00:00,2025-12-18
2025-01-22,BLK,970.1920166015625,570300.0,Yahoo Finance,2026-09-21T04:37:35+00:00,2025-12-18
2025-01-23,BLK,981.1728515625,645300.0,Yahoo Finance,2026-09-21T04:37:35+00:00,2025-12-18
2025-01-24,BLK,983.7951049804688,731300.0,Yahoo Finance,2026-09-21T04:37:35+00:00,2025-12-18
2025-01-27,BLK,992.9441528320312,662500.0,Yahoo Finance,2026-09-21T04:37:35+00:00,2025-12-18
2025-01-28,BLK,1013.4404907226562,1083000.0,Yahoo Finance,2026-09-21T04:37:35+00:00,2025-12-18
2025-01-29,BLK,1014.7998046875,808600.0,Yahoo Finance,2026-09-21T04:37:35+00:00,2025-12-18
2025-01-30,BLK,1033.030517578125,532100.0,Yahoo Finance,2026-09-21T04:37:35+00:00,2025-12-18
2025-01-31,BLK,1036.86767578125,957600.0,Yahoo Finance,2026-09-21T04:37:35+00:00,2025-12-18
2025-02-03,BLK,977.3358154296875,1502200.0,Yahoo Finance,2026-09-21T04:37:35+00:00,2025-12-18
2025-02-04,BLK,979.1771240234375,931100.0,Yahoo Finance,2026-09-21T04:37:35+00:00,2025-12-18
2025-02-05,BLK,978.058837890625,710200.0,Yahoo Finance,2026-09-21T04:37:35+00:00,2025-12-18
2025-02-06,BLK,970.4618530273438,688500.0,Yahoo Finance,2026-09-21T04:37:35+00:00,2025-12-18
2025-02-07,BLK,956.405517578125,731700.0,Yahoo Finance,2026-09-21T04:37:35+00:00,2025-12-18
2025-02-10,BLK,950.1488037109375,683700.0,Yahoo Finance,2026-09-21T04:37:35+00:00,2025-12-18
2025-02-11,BLK,952.7035522460938,884900.0,Yahoo Finance,2026-09-21T04:37:35+00:00,2025-12-18
2025-02-12,BLK,938.7340698242188,562900.0,Yahoo Finance,2026-09-21T04:37:35+00:00,2025-12-18
2025-02-13,BLK,945.0872802734375,480500.0,Yahoo Finance,2026-09-21T04:37:35+00:00,2025-12-18
2025-02-14,BLK,938.9364624023438,965200.0,Yahoo Finance,2026-09-21T04:37:35+00:00,2025-12-18
2025-02-18,BLK,942.73486328125,1048500.0,Yahoo Finance,2026-09-21T04:37:35+00:00,2025-12-18
2025-02-19,BLK,950.9103393554688,760300.0,Yahoo Finance,2026-09-21T04:37:35+00:00,2025-12-18
2025-02-20,BLK,953.8411865234375,769700.0,Yahoo Finance,2026-09-21T04:37:35+00:00,2025-12-18
2025-02-21,BLK,939.2257080078125,1254000.0,Yahoo Finance,2026-09-21T04:37:35+00:00,2025-12-18
2025-02-24,BLK,918.5751342773438,1141500.0,Yahoo Finance,2026-09-21T04:37:35+00:00,2025-12-18
2025-02-25,BLK,923.5979614257812,1004000.0,Yahoo Finance,2026-09-21T04:37:35+00:00,2025-12-18
2025-02-26,BLK,919.51025390625,614300.0,Yahoo Finance,2026-09-21T04:37:35+00:00,2025-12-18
2025-02-27,BLK,910.9492797851562,675200.0,Yahoo Finance,2026-09-21T04:37:35+00:00,2025-12-18
2025-02-28,BLK,942.6578369140625,1412300.0,Yahoo Finance,2026-09-21T04:37:35+00:00,2025-12-18
2025-03-03,BLK,931.7539672851562,767000.0,Yahoo Finance,2026-09-21T04:37:35+00:00,2025-12-18
2025-03-04,BLK,917.6013793945312,1040000.0,Yahoo Finance,2026-09-21T04:37:35+00:00,2025-12-18
2025-03-05,BLK,933.3640747070312,837800.0,Yahoo Finance,2026-09-21T04:37:35+00:00,2025-12-18
2025-03-06,BLK,925.16943359375,698000.0,Yahoo Finance,2026-09-21T04:37:35+00:00,2025-12-18
2025-03-07,BLK,917.8896484375,1180800.0,Yahoo Finance,2026-09-21T04:37:35+00:00,2025-12-18
2025-03-10,BLK,887.2003173828125,1069500.0,Yahoo Finance,2026-09-21T04:37:35+00:00,2025-12-18
2025-03-11,BLK,882.4602661132812,963100.0,Yahoo Finance,2026-09-21T04:37:35+00:00,2025-12-18
2025-03-12,BLK,882.15966796875,630200.0,Yahoo Finance,2026-09-21T04:37:35+00:00,2025-12-18
2025-03-13,BLK,872.8540649414062,656600.0,Yahoo Finance,2026-09-21T04:37:35+00:00,2025-12-18
2025-03-14,BLK,900.228271484375,623600.0,Yahoo Finance,2026-09-21T04:37:35+00:00,2025-12-18
2025-03-17,BLK,928.6300048828125,922300.0,Yahoo Finance,2026-09-21T04:37:35+00:00,2025-12-18
2025-03-18,BLK,929.23095703125,1086200.0,Yahoo Finance,2026-09-21T04:37:35+00:00,2025-12-18
2025-03-19,BLK,927.8836059570312,1086700.0,Yahoo Finance,2026-09-21T04:37:35+00:00,2025-12-18
2025-03-20,BLK,924.9174194335938,667900.0,Yahoo Finance,2026-09-21T04:37:35+00:00,2025-12-18
2025-03-21,BLK,922.55224609375,5211600.0,Yahoo Finance,2026-09-21T04:37:35+00:00,2025-12-18
2025-03-24,BLK,933.9614868164062,640000.0,Yahoo Finance,2026-09-21T04:37:35+00:00,2025-12-18
2025-03-25,BLK,943.6353759765625,566700.0,Yahoo Finance,2026-09-21T04:37:35+00:00,2025-12-18
2025-03-26,BLK,938.5560913085938,667600.0,Yahoo Finance,2026-09-21T04:37:35+00:00,2025-12-18
2025-03-27,BLK,938.2652587890625,479100.0,Yahoo Finance,2026-09-21T04:37:35+00:00,2025-12-18
2025-03-28,BLK,917.676513671875,568800.0,Yahoo Finance,2026-09-21T04:37:35+00:00,2025-12-18
2025-03-31,BLK,917.4631958007812,1195500.0,Yahoo Finance,2026-09-21T04:37:35+00:00,2025-12-18
2025-04-01,BLK,915.1367797851562,668600.0,Yahoo Finance,2026-09-21T04:37:35+00:00,2025-12-18
2025-04-02,BLK,932.352294921875,490300.0,Yahoo Finance,2026-09-21T04:37:35+00:00,2025-12-18
2025-04-03,BLK,860.436767578125,903000.0,Yahoo Finance,2026-09-21T04:37:35+00:00,2025-12-18
2025-04-04,BLK,797.400390625,1615100.0,Yahoo Finance,2026-09-21T04:37:35+00:00,2025-12-18
2025-04-07,BLK,792.4374389648438,1654100.0,Yahoo Finance,2026-09-21T04:37:35+00:00,2025-12-18
2025-04-08,BLK,790.7118530273438,1812200.0,Yahoo Finance,2026-09-21T04:37:35+00:00,2025-12-18
2025-04-09,BLK,869.57763671875,1821500.0,Yahoo Finance,2026-09-21T04:37:35+00:00,2025-12-18
2025-04-10,BLK,832.4517822265625,1235600.0,Yahoo Finance,2026-09-21T04:37:35+00:00,2025-12-18
2025-04-11,BLK,851.8386840820312,963000.0,Yahoo Finance,2026-09-21T04:37:35+00:00,2025-12-18
2025-04-14,BLK,862.6663208007812,970300.0,Yahoo Finance,2026-09-21T04:37:35+00:00,2025-12-18
2025-04-15,BLK,861.2025756835938,516200.0,Yahoo Finance,2026-09-21T04:37:35+00:00,2025-12-18
2025-04-16,BLK,839.2373046875,591500.0,Yahoo Finance,2026-09-21T04:37:35+00:00,2025-12-18
2025-04-17,BLK,848.9307250976562,1034300.0,Yahoo Finance,2026-09-21T04:37:35+00:00,2025-12-18
2025-04-21,BLK,827.8184204101562,644400.0,Yahoo Finance,2026-09-21T04:37:35+00:00,2025-12-18
2025-04-22,BLK,860.0198974609375,600700.0,Yahoo Finance,2026-09-21T04:37:35+00:00,2025-12-18
2025-04-23,BLK,865.1768188476562,553100.0,Yahoo Finance,2026-09-21T04:37:35+00:00,2025-12-18
2025-04-24,BLK,888.169677734375,619700.0,Yahoo Finance,2026-09-21T04:37:35+00:00,2025-12-18
2025-04-25,BLK,879.8623657226562,444400.0,Yahoo Finance,2026-09-21T04:37:35+00:00,2025-12-18
2025-04-28,BLK,885.7268676757812,685200.0,Yahoo Finance,2026-09-21T04:37:35+00:00,2025-12-18
2025-04-29,BLK,892.2990112304688,392300.0,Yahoo Finance,2026-09-21T04:37:35+00:00,2025-12-18
2025-04-30,BLK,886.2310180664062,1028900.0,Yahoo Finance,2026-09-21T04:37:35+00:00,2025-12-18
2025-05-01,BLK,888.0534057617188,451700.0,Yahoo Finance,2026-09-21T04:37:35+00:00,2025-12-18
2025-05-02,BLK,900.7129516601562,822500.0,Yahoo Finance,2026-09-21T04:37:35+00:00,2025-12-18
2025-05-05,BLK,892.308837890625,384100.0,Yahoo Finance,2026-09-21T04:37:35+00:00,2025-12-18
2025-05-06,BLK,886.919189453125,482900.0,Yahoo Finance,2026-09-21T04:37:35+00:00,2025-12-18
2025-05-07,BLK,892.1439819335938,547800.0,Yahoo Finance,2026-09-21T04:37:35+00:00,2025-12-18
2025-05-08,BLK,900.170166015625,626700.0,Yahoo Finance,2026-09-21T04:37:35+00:00,2025-12-18
2025-05-09,BLK,895.1295166015625,684800.0,Yahoo Finance,2026-09-21T04:37:35+00:00,2025-12-18
2025-05-12,BLK,928.6591186523438,807900.0,Yahoo Finance,2026-09-21T04:37:35+00:00,2025-12-18
2025-05-13,BLK,929.7738647460938,604900.0,Yahoo Finance,2026-09-21T04:37:35+00:00,2025-12-18
2025-05-14,BLK,937.4122924804688,679200.0,Yahoo Finance,2026-09-21T04:37:35+00:00,2025-12-18
2025-05-15,BLK,952.9411010742188,1156600.0,Yahoo Finance,2026-09-21T04:37:35+00:00,2025-12-18
2025-05-16,BLK,959.3678588867188,723600.0,Yahoo Finance,2026-09-21T04:37:35+00:00,2025-12-18
2025-05-19,BLK,963.1967163085938,495000.0,Yahoo Finance,2026-09-21T04:37:35+00:00,2025-12-18
2025-05-20,BLK,967.1226196289062,536700.0,Yahoo Finance,2026-09-21T04:37:35+00:00,2025-12-18
2025-05-21,BLK,943.0053100585938,696000.0,Yahoo Finance,2026-09-21T04:37:35+00:00,2025-12-18
2025-05-22,BLK,940.1651611328125,364100.0,Yahoo Finance,2026-09-21T04:37:35+00:00,2025-12-18
2025-05-23,BLK,933.6511840820312,517500.0,Yahoo Finance,2026-09-21T04:37:35+00:00,2025-12-18
2025-05-27,BLK,951.2350463867188,843100.0,Yahoo Finance,2026-09-21T04:37:35+00:00,2025-12-18
2025-05-28,BLK,941.5029296875,367100.0,Yahoo Finance,2026-09-21T04:37:35+00:00,2025-12-18
2025-05-29,BLK,946.3883666992188,455500.0,Yahoo Finance,2026-09-21T04:37:35+00:00,2025-12-18
2025-05-30,BLK,949.848876953125,1061000.0,Yahoo Finance,2026-09-21T04:37:35+00:00,2025-12-18
2025-06-02,BLK,948.084716796875,425000.0,Yahoo Finance,2026-09-21T04:37:35+00:00,2025-12-18
2025-06-03,BLK,952.0202026367188,495700.0,Yahoo Finance,2026-09-21T04:37:35+00:00,2025-12-18
2025-06-04,BLK,958.6505126953125,491700.0,Yahoo Finance,2026-09-21T04:37:35+00:00,2025-12-18
2025-06-05,BLK,960.3071899414062,479400.0,Yahoo Finance,2026-09-21T04:37:35+00:00,2025-12-18
2025-06-06,BLK,963.8054809570312,627700.0,Yahoo Finance,2026-09-21T04:37:35+00:00,2025-12-18
2025-06-09,BLK,963.6009521484375,420000.0,Yahoo Finance,2026-09-21T04:37:35+00:00,2025-12-18
2025-06-10,BLK,966.582763671875,478700.0,Yahoo Finance,2026-09-21T04:37:35+00:00,2025-12-18
2025-06-11,BLK,967.947021484375,645700.0,Yahoo Finance,2026-09-21T04:37:35+00:00,2025-12-18
2025-06-12,BLK,963.02587890625,558500.0,Yahoo Finance,2026-09-21T04:37:35+00:00,2025-12-18
2025-06-13,BLK,947.0153198242188,674300.0,Yahoo Finance,2026-09-21T04:37:35+00:00,2025-12-18
2025-06-16,BLK,957.032958984375,522400.0,Yahoo Finance,2026-09-21T04:37:35+00:00,2025-12-18
2025-06-17,BLK,944.4426879882812,624800.0,Yahoo Finance,2026-09-21T04:37:35+00:00,2025-12-18
2025-06-18,BLK,954.5187377929688,662600.0,Yahoo Finance,2026-09-21T04:37:35+00:00,2025-12-18
2025-06-20,BLK,949.568359375,859500.0,Yahoo Finance,2026-09-21T04:37:35+00:00,2025-12-18
2025-06-23,BLK,961.1256713867188,642900.0,Yahoo Finance,2026-09-21T04:37:35+00:00,2025-12-18
2025-06-24,BLK,979.319091796875,699500.0,Yahoo Finance,2026-09-21T04:37:35+00:00,2025-12-18
2025-06-25,BLK,992.0945434570312,661800.0,Yahoo Finance,2026-09-21T04:37:35+00:00,2025-12-18
2025-06-26,BLK,1004.480224609375,631200.0,Yahoo Finance,2026-09-21T04:37:35+00:00,2025-12-18
2025-06-27,BLK,1021.0752563476562,799900.0,Yahoo Finance,2026-09-21T04:37:35+00:00,2025-12-18
2025-06-30,BLK,1022.4689331054688,530400.0,Yahoo Finance,2026-09-21T04:37:35+00:00,2025-12-18
2025-07-01,BLK,1027.36083984375,472900.0,Yahoo Finance,2026-09-21T04:37:35+00:00,2025-12-18
2025-07-02,BLK,1043.2447509765625,495000.0,Yahoo Finance,2026-09-21T04:37:35+00:00,2025-12-18
2025-07-03,BLK,1054.5291748046875,342700.0,Yahoo Finance,2026-09-21T04:37:35+00:00,2025-12-18
2025-07-07,BLK,1048.5069580078125,559700.0,Yahoo Finance,2026-09-21T04:37:35+00:00,2025-12-18
2025-07-08,BLK,1047.581298828125,502500.0,Yahoo Finance,2026-09-21T04:37:35+00:00,2025-12-18
2025-07-09,BLK,1060.960693359375,340400.0,Yahoo Finance,2026-09-21T04:37:35+00:00,2025-12-18
2025-07-10,BLK,1075.870361328125,467500.0,Yahoo Finance,2026-09-21T04:37:35+00:00,2025-12-18
2025-07-11,BLK,1073.5218505859375,545400.0,Yahoo Finance,2026-09-21T04:37:35+00:00,2025-12-18
2025-07-14,BLK,1083.091064453125,661800.0,Yahoo Finance,2026-09-21T04:37:35+00:00,2025-12-18
2025-07-15,BLK,1019.4578247070312,1939400.0,Yahoo Finance,2026-09-21T04:37:35+00:00,2025-12-18
2025-07-16,BLK,1054.6168212890625,1407200.0,Yahoo Finance,2026-09-21T04:37:35+00:00,2025-12-18
2025-07-17,BLK,1077.166259765625,1175600.0,Yahoo Finance,2026-09-21T04:37:35+00:00,2025-12-18
2025-07-18,BLK,1075.4219970703125,991300.0,Yahoo Finance,2026-09-21T04:37:35+00:00,2025-12-18
2025-07-21,BLK,1065.121826171875,445700.0,Yahoo Finance,2026-09-21T04:37:35+00:00,2025-12-18
2025-07-22,BLK,1072.3037109375,580800.0,Yahoo Finance,2026-09-21T04:37:35+00:00,2025-12-18
2025-07-23,BLK,1091.773681640625,653400.0,Yahoo Finance,2026-09-21T04:37:35+00:00,2025-12-18
2025-07-24,BLK,1089.82470703125,539500.0,Yahoo Finance,2026-09-21T04:37:35+00:00,2025-12-18
2025-07-25,BLK,1094.6094970703125,516300.0,Yahoo Finance,2026-09-21T04:37:35+00:00,2025-12-18
2025-07-28,BLK,1089.2886962890625,299300.0,Yahoo Finance,2026-09-21T04:37:35+00:00,2025-12-18
2025-07-29,BLK,1092.904052734375,422000.0,Yahoo Finance,2026-09-21T04:37:35+00:00,2025-12-18
2025-07-30,BLK,1086.1995849609375,372400.0,Yahoo Finance,2026-09-21T04:37:35+00:00,2025-12-18
2025-07-31,BLK,1077.7802734375,498400.0,Yahoo Finance,2026-09-21T04:37:35+00:00,2025-12-18
2025-08-01,BLK,1063.9329833984375,673200.0,Yahoo Finance,2026-09-21T04:37:35+00:00,2025-12-18
2025-08-04,BLK,1087.5738525390625,503100.0,Yahoo Finance,2026-09-21T04:37:35+00:00,2025-12-18
2025-08-05,BLK,1081.317626953125,481300.0,Yahoo Finance,2026-09-21T04:37:35+00:00,2025-12-18
2025-08-06,BLK,1091.9393310546875,404900.0,Yahoo Finance,2026-09-21T04:37:35+00:00,2025-12-18
2025-08-07,BLK,1084.4261474609375,381400.0,Yahoo Finance,2026-09-21T04:37:35+00:00,2025-12-18
2025-08-08,BLK,1096.2562255859375,427800.0,Yahoo Finance,2026-09-21T04:37:35+00:00,2025-12-18
2025-08-11,BLK,1099.140869140625,575600.0,Yahoo Finance,2026-09-21T04:37:35+00:00,2025-12-18
2025-08-12,BLK,1130.0120849609375,669000.0,Yahoo Finance,2026-09-21T04:37:35+00:00,2025-12-18
2025-08-13,BLK,1130.4215087890625,570800.0,Yahoo Finance,2026-09-21T04:37:35+00:00,2025-12-18
2025-08-14,BLK,1130.5479736328125,407600.0,Yahoo Finance,2026-09-21T04:37:35+00:00,2025-12-18
2025-08-15,BLK,1106.0399169921875,582200.0,Yahoo Finance,2026-09-21T04:37:35+00:00,2025-12-18
2025-08-18,BLK,1107.1217041015625,405800.0,Yahoo Finance,2026-09-21T04:37:35+00:00,2025-12-18
2025-08-19,BLK,1099.6668701171875,611700.0,Yahoo Finance,2026-09-21T04:37:35+00:00,2025-12-18
2025-08-20,BLK,1099.6572265625,573100.0,Yahoo Finance,2026-09-21T04:37:35+00:00,2025-12-18
2025-08-21,BLK,1096.0418701171875,275100.0,Yahoo Finance,2026-09-21T04:37:35+00:00,2025-12-18
2025-08-22,BLK,1118.8642578125,433700.0,Yahoo Finance,2026-09-21T04:37:35+00:00,2025-12-18
2025-08-25,BLK,1108.0765380859375,415000.0,Yahoo Finance,2026-09-21T04:37:35+00:00,2025-12-18
2025-08-26,BLK,1110.7078857421875,580200.0,Yahoo Finance,2026-09-21T04:37:35+00:00,2025-12-18
2025-08-27,BLK,1102.7462158203125,310000.0,Yahoo Finance,2026-09-21T04:37:35+00:00,2025-12-18
2025-08-28,BLK,1101.6256103515625,475200.0,Yahoo Finance,2026-09-21T04:37:35+00:00,2025-12-18
2025-08-29,BLK,1098.370849609375,356100.0,Yahoo Finance,2026-09-21T04:37:35+00:00,2025-12-18
2025-09-02,BLK,1086.3167724609375,391300.0,Yahoo Finance,2026-09-21T04:37:35+00:00,2025-12-18
2025-09-03,BLK,1071.4267578125,412900.0,Yahoo Finance,2026-09-21T04:37:35+00:00,2025-12-18
2025-09-04,BLK,1080.4599609375,460000.0,Yahoo Finance,2026-09-21T04:37:35+00:00,2025-12-18
2025-09-05,BLK,1076.152099609375,487600.0,Yahoo Finance,2026-09-21T04:37:35+00:00,2025-12-18
2025-09-08,BLK,1081.8013916015625,671000.0,Yahoo Finance,2026-09-21T04:37:35+00:00,2025-12-18
2025-09-09,BLK,1082.5357666015625,334200.0,Yahoo Finance,2026-09-21T04:37:35+00:00,2025-12-18
2025-09-10,BLK,1079.8138427734375,367400.0,Yahoo Finance,2026-09-21T04:37:35+00:00,2025-12-18
2025-09-11,BLK,1110.4493408203125,585100.0,Yahoo Finance,2026-09-21T04:37:35+00:00,2025-12-18
2025-09-12,BLK,1099.9046630859375,544800.0,Yahoo Finance,2026-09-21T04:37:35+00:00,2025-12-18
2025-09-15,BLK,1091.778076171875,506800.0,Yahoo Finance,2026-09-21T04:37:35+00:00,2025-12-18
2025-09-16,BLK,1095.4791259765625,547500.0,Yahoo Finance,2026-09-21T04:37:35+00:00,2025-12-18
2025-09-17,BLK,1108.0992431640625,508000.0,Yahoo Finance,2026-09-21T04:37:35+00:00,2025-12-18
2025-09-18,BLK,1113.33740234375,523900.0,Yahoo Finance,2026-09-21T04:37:35+00:00,2025-12-18
2025-09-19,BLK,1118.9376220703125,1505500.0,Yahoo Finance,2026-09-21T04:37:35+00:00,2025-12-18
2025-09-22,BLK,1112.4365234375,366000.0,Yahoo Finance,2026-09-21T04:37:35+00:00,2025-12-18
2025-09-23,BLK,1108.0699462890625,427100.0,Yahoo Finance,2026-09-21T04:37:35+00:00,2025-12-18
2025-09-24,BLK,1104.3787841796875,345400.0,Yahoo Finance,2026-09-21T04:37:35+00:00,2025-12-18
2025-09-25,BLK,1123.2847900390625,680300.0,Yahoo Finance,2026-09-21T04:37:35+00:00,2025-12-18
2025-09-26,BLK,1132.2530517578125,435500.0,Yahoo Finance,2026-09-21T04:37:35+00:00,2025-12-18
2025-09-29,BLK,1150.9635009765625,567500.0,Yahoo Finance,2026-09-21T04:37:35+00:00,2025-12-18
2025-09-30,BLK,1141.47607421875,691600.0,Yahoo Finance,2026-09-21T04:37:35+00:00,2025-12-18
2025-10-01,BLK,1117.1949462890625,604300.0,Yahoo Finance,2026-09-21T04:37:35+00:00,2025-12-18
2025-10-02,BLK,1136.257568359375,615800.0,Yahoo Finance,2026-09-21T04:37:35+00:00,2025-12-18
2025-10-03,BLK,1136.4044189453125,377200.0,Yahoo Finance,2026-09-21T04:37:35+00:00,2025-12-18
2025-10-06,BLK,1154.595703125,772600.0,Yahoo Finance,2026-09-21T04:37:35+00:00,2025-12-18
2025-10-07,BLK,1141.8284912109375,531300.0,Yahoo Finance,2026-09-21T04:37:35+00:00,2025-12-18
2025-10-08,BLK,1140.624267578125,393500.0,Yahoo Finance,2026-09-21T04:37:35+00:00,2025-12-18
2025-10-09,BLK,1143.0035400390625,478000.0,Yahoo Finance,2026-09-21T04:37:35+00:00,2025-12-18
2025-10-10,BLK,1108.6671142578125,643500.0,Yahoo Finance,2026-09-21T04:37:35+00:00,2025-12-18
2025-10-13,BLK,1130.950927734375,742400.0,Yahoo Finance,2026-09-21T04:37:35+00:00,2025-12-18
2025-10-14,BLK,1169.2720947265625,1146400.0,Yahoo Finance,2026-09-21T04:37:35+00:00,2025-12-18
2025-10-15,BLK,1177.427734375,1003700.0,Yahoo Finance,2026-09-21T04:37:35+00:00,2025-12-18
2025-10-16,BLK,1146.85107421875,1250200.0,Yahoo Finance,2026-09-21T04:37:35+00:00,2025-12-18
2025-10-17,BLK,1136.8646240234375,777500.0,Yahoo Finance,2026-09-21T04:37:35+00:00,2025-12-18
2025-10-20,BLK,1135.7288818359375,678800.0,Yahoo Finance,2026-09-21T04:37:35+00:00,2025-12-18
2025-10-21,BLK,1106.356689453125,1052000.0,Yahoo Finance,2026-09-21T04:37:35+00:00,2025-12-18
2025-10-22,BLK,1106.0433349609375,618600.0,Yahoo Finance,2026-09-21T04:37:35+00:00,2025-12-18
2025-10-23,BLK,1101.4613037109375,371600.0,Yahoo Finance,2026-09-21T04:37:35+00:00,2025-12-18
2025-10-24,BLK,1112.8477783203125,560700.0,Yahoo Finance,2026-09-21T04:37:35+00:00,2025-12-18
2025-10-27,BLK,1107.639404296875,726100.0,Yahoo Finance,2026-09-21T04:37:35+00:00,2025-12-18
2025-10-28,BLK,1101.4122314453125,390000.0,Yahoo Finance,2026-09-21T04:37:35+00:00,2025-12-18
2025-10-29,BLK,1075.0260009765625,861700.0,Yahoo Finance,2026-09-21T04:37:35+00:00,2025-12-18
2025-10-30,BLK,1075.0750732421875,631700.0,Yahoo Finance,2026-09-21T04:37:35+00:00,2025-12-18
2025-10-31,BLK,1060.154052734375,895300.0,Yahoo Finance,2026-09-21T04:37:35+00:00,2025-12-18
2025-11-03,BLK,1046.46630859375,790900.0,Yahoo Finance,2026-09-21T04:37:35+00:00,2025-12-18
2025-11-04,BLK,1037.733154296875,934800.0,Yahoo Finance,2026-09-21T04:37:35+00:00,2025-12-18
2025-11-05,BLK,1051.107177734375,550200.0,Yahoo Finance,2026-09-21T04:37:35+00:00,2025-12-18
2025-11-06,BLK,1047.063720703125,415700.0,Yahoo Finance,2026-09-21T04:37:35+00:00,2025-12-18
2025-11-07,BLK,1059.556640625,470300.0,Yahoo Finance,2026-09-21T04:37:35+00:00,2025-12-18
2025-11-10,BLK,1059.977783203125,413500.0,Yahoo Finance,2026-09-21T04:37:35+00:00,2025-12-18
2025-11-11,BLK,1063.0421142578125,309600.0,Yahoo Finance,2026-09-21T04:37:35+00:00,2025-12-18
2025-11-12,BLK,1071.0413818359375,432800.0,Yahoo Finance,2026-09-21T04:37:35+00:00,2025-12-18
2025-11-13,BLK,1047.269287109375,541700.0,Yahoo Finance,2026-09-21T04:37:35+00:00,2025-12-18
2025-11-14,BLK,1035.8043212890625,459100.0,Yahoo Finance,2026-09-21T04:37:35+00:00,2025-12-18
2025-11-17,BLK,1002.3786010742188,935200.0,Yahoo Finance,2026-09-21T04:37:35+00:00,2025-12-18
2025-11-18,BLK,997.816162109375,749500.0,Yahoo Finance,2026-09-21T04:37:35+00:00,2025-12-18
2025-11-19,BLK,993.4494018554688,838600.0,Yahoo Finance,2026-09-21T04:37:35+00:00,2025-12-18
2025-11-20,BLK,971.7531127929688,677800.0,Yahoo Finance,2026-09-21T04:37:35+00:00,2025-12-18
2025-11-21,BLK,993.4885864257812,1229200.0,Yahoo Finance,2026-09-21T04:37:35+00:00,2025-12-18
2025-11-24,BLK,998.1588134765625,1010300.0,Yahoo Finance,2026-09-21T04:37:35+00:00,2025-12-18
2025-11-25,BLK,1008.2238159179688,688700.0,Yahoo Finance,2026-09-21T04:37:35+00:00,2025-12-18
2025-11-26,BLK,1018.298583984375,561000.0,Yahoo Finance,2026-09-21T04:37:35+00:00,2025-12-18
2025-11-28,BLK,1025.3870849609375,300300.0,Yahoo Finance,2026-09-21T04:37:35+00:00,2025-12-18
2025-12-01,BLK,1018.1808471679688,624600.0,Yahoo Finance,2026-09-21T04:37:35+00:00,2025-12-18
2025-12-02,BLK,1016.8886108398438,376500.0,Yahoo Finance,2026-09-21T04:37:35+00:00,2025-12-18
2025-12-03,BLK,1057.2755126953125,863200.0,Yahoo Finance,2026-09-21T04:37:35+00:00,2025-12-18
2025-12-04,BLK,1053.0750732421875,597800.0,Yahoo Finance,2026-09-21T04:37:35+00:00,2025-12-18
2025-12-05,BLK,1054.8363037109375,544100.0,Yahoo Finance,2026-09-21T04:37:35+00:00,2025-12-18
2025-12-08,BLK,1044.8602294921875,612600.0,Yahoo Finance,2026-09-21T04:37:35+00:00,2025-12-18
2025-12-09,BLK,1054.0001220703125,445300.0,Yahoo Finance,2026-09-21T04:37:35+00:00,2025-12-18
2025-12-10,BLK,1065.855224609375,840700.0,Yahoo Finance,2026-09-21T04:37:35+00:00,2025-12-18
2025-12-11,BLK,1084.03662109375,774100.0,Yahoo Finance,2026-09-21T04:37:35+00:00,2025-12-18
2025-12-12,BLK,1071.49267578125,608000.0,Yahoo Finance,2026-09-21T04:37:35+00:00,2025-12-18
2025-12-15,BLK,1064.6748046875,564700.0,Yahoo Finance,2026-09-21T04:37:35+00:00,2025-12-18
2025-12-16,BLK,1050.88134765625,651500.0,Yahoo Finance,2026-09-21T04:37:35+00:00,2025-12-18
2025-12-17,BLK,1047.7919921875,648100.0,Yahoo Finance,2026-09-21T04:37:35+00:00,2025-12-18
2025-12-18,BLK,1047.7821044921875,588400.0,Yahoo Finance,2026-09-21T04:37:35+00:00,2025-12-18
2024-11-13,CAT,378.9957580566406,2001900.0,Yahoo Finance,2026-09-21T04:37:35+00:00,2025-12-18
2024-11-14,CAT,379.2796936035156,1372500.0,Yahoo Finance,2026-09-21T04:37:35+00:00,2025-12-18
2024-11-15,CAT,376.058349609375,2165500.0,Yahoo Finance,2026-09-21T04:37:35+00:00,2025-12-18
2024-11-18,CAT,376.4401550292969,1626200.0,Yahoo Finance,2026-09-21T04:37:35+00:00,2025-12-18
2024-11-19,CAT,374.3546142578125,1793200.0,Yahoo Finance,2026-09-21T04:37:35+00:00,2025-12-18
2024-11-20,CAT,373.54193115234375,1859600.0,Yahoo Finance,2026-09-21T04:37:35+00:00,2025-12-18
2024-11-21,CAT,381.4631652832031,1833500.0,Yahoo Finance,2026-09-21T04:37:35+00:00,2025-12-18
2024-11-22,CAT,389.1983642578125,1893000.0,Yahoo Finance,2026-09-21T04:37:35+00:00,2025-12-18
2024-11-25,CAT,397.18817138671875,4398000.0,Yahoo Finance,2026-09-21T04:37:35+00:00,2025-12-18
2024-11-26,CAT,399.3226623535156,1796600.0,Yahoo Finance,2026-09-21T04:37:35+00:00,2025-12-18
2024-11-27,CAT,395.27880859375,1371900.0,Yahoo Finance,2026-09-21T04:37:35+00:00,2025-12-18
2024-11-29,CAT,397.6385803222656,1962100.0,Yahoo Finance,2026-09-21T04:37:35+00:00,2025-12-18
2024-12-02,CAT,394.1136779785156,1548500.0,Yahoo Finance,2026-09-21T04:37:35+00:00,2025-12-18
2024-12-03,CAT,390.93145751953125,1716200.0,Yahoo Finance,2026-09-21T04:37:35+00:00,2025-12-18
2024-12-04,CAT,391.17626953125,1193800.0,Yahoo Finance,2026-09-21T04:37:35+00:00,2025-12-18
2024-12-05,CAT,386.74078369140625,1291400.0,Yahoo Finance,2026-09-21T04:37:35+00:00,2025-12-18
2024-12-06,CAT,386.7897033691406,1331000.0,Yahoo Finance,2026-09-21T04:37:35+00:00,2025-12-18
2024-12-09,CAT,390.93145751953125,1739800.0,Yahoo Finance,2026-09-21T04:37:35+00:00,2025-12-18
2024-12-10,CAT,380.2882080078125,2251000.0,Yahoo Finance,2026-09-21T04:37:35+00:00,2025-12-18
2024-12-11,CAT,380.7581481933594,1651600.0,Yahoo Finance,2026-09-21T04:37:35+00:00,2025-12-18
2024-12-12,CAT,372.8370056152344,1804600.0,Yahoo Finance,2026-09-21T04:37:35+00:00,2025-12-18
2024-12-13,CAT,372.5726013183594,2034800.0,Yahoo Finance,2026-09-21T04:37:35+00:00,2025-12-18
2024-12-16,CAT,371.0157470703125,1311100.0,Yahoo Finance,2026-09-21T04:37:35+00:00,2025-12-18
2024-12-17,CAT,367.9607849121094,2138700.0,Yahoo Finance,2026-09-21T04:37:35+00:00,2025-12-18
2024-12-18,CAT,356.2992858886719,2820700.0,Yahoo Finance,2026-09-21T04:37:35+00:00,2025-12-18
2024-12-19,CAT,352.85272216796875,2616700.0,Yahoo Finance,2026-09-21T04:37:35+00:00,2025-12-18
2024-12-20,CAT,358.4044494628906,5142000.0,Yahoo Finance,2026-09-21T04:37:35+00:00,2025-12-18
2024-12-23,CAT,357.76800537109375,1804900.0,Yahoo Finance,2026-09-21T04:37:35+00:00,2025-12-18
2024-12-24,CAT,359.9025573730469,886000.0,Yahoo Finance,2026-09-21T04:37:35+00:00,2025-12-18
2024-12-26,CAT,359.4619445800781,1097900.0,Yahoo Finance,2026-09-21T04:37:35+00:00,2025-12-18
2024-12-27,CAT,357.24908447265625,1245800.0,Yahoo Finance,2026-09-21T04:37:35+00:00,2025-12-18
2024-12-30,CAT,355.43768310546875,1422200.0,Yahoo Finance,2026-09-21T04:37:35+00:00,2025-12-18
2024-12-31,CAT,355.1928405761719,1168100.0,Yahoo Finance,2026-09-21T04:37:35+00:00,2025-12-18
2025-01-02,CAT,352.26519775390625,1802600.0,Yahoo Finance,2026-09-21T04:37:35+00:00,2025-12-18
2025-01-03,CAT,356.20135498046875,1390800.0,Yahoo Finance,2026-09-21T04:37:35+00:00,2025-12-18
2025-01-06,CAT,356.6028137207031,1590700.0,Yahoo Finance,2026-09-21T04:37:35+00:00,2025-12-18
2025-01-07,CAT,355.4278259277344,1607400.0,Yahoo Finance,2026-09-21T04:37:35+00:00,2025-12-18
2025-01-08,CAT,353.53814697265625,1828800.0,Yahoo Finance,2026-09-21T04:37:35+00:00,2025-12-18
2025-01-10,CAT,343.67816162109375,2773900.0,Yahoo Finance,2026-09-21T04:37:35+00:00,2025-12-18
2025-01-13,CAT,354.9382629394531,2746000.0,Yahoo Finance,2026-09-21T04:37:35+00:00,2025-12-18
2025-01-14,CAT,363.8190612792969,2331700.0,Yahoo Finance,2026-09-21T04:37:35+00:00,2025-12-18
2025-01-15,CAT,367.0698547363281,1984500.0,Yahoo Finance,2026-09-21T04:37:35+00:00,2025-12-18
2025-01-16,CAT,372.61175537109375,1974700.0,Yahoo Finance,2026-09-21T04:37:35+00:00,2025-12-18
2025-01-17,CAT,377.96759033203125,2605900.0,Yahoo Finance,2026-09-21T04:37:35+00:00,2025-12-18
2025-01-21,CAT,391.4801330566406,3144500.0,Yahoo Finance,2026-09-21T04:37:35+00:00,2025-12-18
2025-01-22,CAT,390.7431335449219,1994800.0,Yahoo Finance,2026-09-21T04:37:35+00:00,2025-12-18
2025-01-23,CAT,399.3813171386719,2587400.0,Yahoo Finance,2026-09-21T04:37:35+00:00,2025-12-18
2025-01-24,CAT,400.590087890625,1938200.0,Yahoo Finance,2026-09-21T04:37:35+00:00,2025-12-18
2025-01-27,CAT,388.1585693359375,2964400.0,Yahoo Finance,2026-09-21T04:37:35+00:00,2025-12-18
2025-01-28,CAT,383.5495300292969,1788900.0,Yahoo Finance,2026-09-21T04:37:35+00:00,2025-12-18
2025-01-29,CAT,386.43878173828125,2675800.0,Yahoo Finance,2026-09-21T04:37:35+00:00,2025-12-18
2025-01-30,CAT,368.5039978027344,4234600.0,Yahoo Finance,2026-09-21T04:37:35+00:00,2025-12-18
2025-01-31,CAT,365.02508544921875,2858000.0,Yahoo Finance,2026-09-21T04:37:35+00:00,2025-12-18
2025-02-03,CAT,355.305908203125,3079300.0,Yahoo Finance,2026-09-21T04:37:35+00:00,2025-12-18
2025-02-04,CAT,355.6990051269531,2709800.0,Yahoo Finance,2026-09-21T04:37:35+00:00,2025-12-18
2025-02-05,CAT,352.6525573730469,2134200.0,Yahoo Finance,2026-09-21T04:37:35+00:00,2025-12-18
2025-02-06,CAT,359.1385498046875,3007000.0,Yahoo Finance,2026-09-21T04:37:35+00:00,2025-12-18
2025-02-07,CAT,357.5956726074219,1804800.0,Yahoo Finance,2026-09-21T04:37:35+00:00,2025-12-18
2025-02-10,CAT,356.94708251953125,1944400.0,Yahoo Finance,2026-09-21T04:37:35+00:00,2025-12-18
2025-02-11,CAT,355.9741516113281,1516900.0,Yahoo Finance,2026-09-21T04:37:35+00:00,2025-12-18
2025-02-12,CAT,345.9601135253906,2833100.0,Yahoo Finance,2026-09-21T04:37:35+00:00,2025-12-18
2025-02-13,CAT,347.5915222167969,3547200.0,Yahoo Finance,2026-09-21T04:37:35+00:00,2025-12-18
2025-02-14,CAT,347.2180480957031,2045300.0,Yahoo Finance,2026-09-21T04:37:35+00:00,2025-12-18
2025-02-18,CAT,347.88629150390625,3120200.0,Yahoo Finance,2026-09-21T04:37:35+00:00,2025-12-18
2025-02-19,CAT,346.903564453125,2211000.0,Yahoo Finance,2026-09-21T04:37:35+00:00,2025-12-18
2025-02-20,CAT,343.12005615234375,2174100.0,Yahoo Finance,2026-09-21T04:37:35+00:00,2025-12-18
2025-02-21,CAT,334.1673583984375,3225200.0,Yahoo Finance,2026-09-21T04:37:35+00:00,2025-12-18
2025-02-24,CAT,333.0667419433594,2513300.0,Yahoo Finance,2026-09-21T04:37:35+00:00,2025-12-18
2025-02-25,CAT,336.44732666015625,3323500.0,Yahoo Finance,2026-09-21T04:37:35+00:00,2025-12-18
2025-02-26,CAT,336.6634826660156,2397800.0,Yahoo Finance,2026-09-21T04:37:35+00:00,2025-12-18
2025-02-27,CAT,334.1280517578125,1971000.0,Yahoo Finance,2026-09-21T04:37:35+00:00,2025-12-18
2025-02-28,CAT,338.0098876953125,3210300.0,Yahoo Finance,2026-09-21T04:37:35+00:00,2025-12-18
2025-03-03,CAT,326.3055419921875,2569700.0,Yahoo Finance,2026-09-21T04:37:35+00:00,2025-12-18
2025-03-04,CAT,321.10693359375,3500200.0,Yahoo Finance,2026-09-21T04:37:35+00:00,2025-12-18
2025-03-05,CAT,332.6441345214844,3189100.0,Yahoo Finance,2026-09-21T04:37:35+00:00,2025-12-18
2025-03-06,CAT,335.12066650390625,2234100.0,Yahoo Finance,2026-09-21T04:37:35+00:00,2025-12-18
2025-03-07,CAT,344.2501525878906,3063800.0,Yahoo Finance,2026-09-21T04:37:35+00:00,2025-12-18
2025-03-10,CAT,339.248046875,2809100.0,Yahoo Finance,2026-09-21T04:37:35+00:00,2025-12-18
2025-03-11,CAT,333.90203857421875,3190900.0,Yahoo Finance,2026-09-21T04:37:35+00:00,2025-12-18
2025-03-12,CAT,332.29034423828125,1816700.0,Yahoo Finance,2026-09-21T04:37:35+00:00,2025-12-18
2025-03-13,CAT,327.5535888671875,2490300.0,Yahoo Finance,2026-09-21T04:37:35+00:00,2025-12-18
2025-03-14,CAT,333.7742919921875,1936100.0,Yahoo Finance,2026-09-21T04:37:35+00:00,2025-12-18
2025-03-17,CAT,336.72247314453125,1683800.0,Yahoo Finance,2026-09-21T04:37:35+00:00,2025-12-18
2025-03-18,CAT,330.8948669433594,3310000.0,Yahoo Finance,2026-09-21T04:37:35+00:00,2025-12-18
2025-03-19,CAT,332.7718811035156,2407200.0,Yahoo Finance,2026-09-21T04:37:35+00:00,2025-12-18
2025-03-20,CAT,330.4428405761719,2782900.0,Yahoo Finance,2026-09-21T04:37:35+00:00,2025-12-18
2025-03-21,CAT,329.98095703125,6766100.0,Yahoo Finance,2026-09-21T04:37:35+00:00,2025-12-18
2025-03-24,CAT,335.76922607421875,2277200.0,Yahoo Finance,2026-09-21T04:37:35+00:00,2025-12-18
2025-03-25,CAT,336.7028503417969,1678000.0,Yahoo Finance,2026-09-21T04:37:35+00:00,2025-12-18
2025-03-26,CAT,335.2189025878906,1703200.0,Yahoo Finance,2026-09-21T04:37:35+00:00,2025-12-18
2025-03-27,CAT,333.4401550292969,1481100.0,Yahoo Finance,2026-09-21T04:37:35+00:00,2025-12-18
2025-03-28,CAT,323.99615478515625,1965200.0,Yahoo Finance,2026-09-21T04:37:35+00:00,2025-12-18
2025-03-31,CAT,324.1042175292969,2837500.0,Yahoo Finance,2026-09-21T04:37:35+00:00,2025-12-18
2025-04-01,CAT,324.8609619140625,1955300.0,Yahoo Finance,2026-09-21T04:37:35+00:00,2025-12-18
2025-04-02,CAT,328.8802795410156,1747600.0,Yahoo Finance,2026-09-21T04:37:35+00:00,2025-12-18
2025-04-03,CAT,300.47943115234375,4638700.0,Yahoo Finance,2026-09-21T04:37:35+00:00,2025-12-18
2025-04-04,CAT,283.104736328125,7216800.0,Yahoo Finance,2026-09-21T04:37:35+00:00,2025-12-18
2025-04-07,CAT,275.22320556640625,7824700.0,Yahoo Finance,2026-09-21T04:37:35+00:00,2025-12-18
2025-04-08,CAT,269.2089538574219,4989000.0,Yahoo Finance,2026-09-21T04:37:35+00:00,2025-12-18
2025-04-09,CAT,295.8114318847656,6457300.0,Yahoo Finance,2026-09-21T04:37:35+00:00,2025-12-18
2025-04-10,CAT,284.1661071777344,4116800.0,Yahoo Finance,2026-09-21T04:37:35+00:00,2025-12-18
2025-04-11,CAT,288.3820495605469,3197900.0,Yahoo Finance,2026-09-21T04:37:35+00:00,2025-12-18
2025-04-14,CAT,292.9713439941406,2758400.0,Yahoo Finance,2026-09-21T04:37:35+00:00,2025-12-18
2025-04-15,CAT,288.3623352050781,3611300.0,Yahoo Finance,2026-09-21T04:37:35+00:00,2025-12-18
2025-04-16,CAT,285.1291809082031,3017200.0,Yahoo Finance,2026-09-21T04:37:35+00:00,2025-12-18
2025-04-17,CAT,289.1681823730469,2717600.0,Yahoo Finance,2026-09-21T04:37:35+00:00,2025-12-18
2025-04-21,CAT,281.1697082519531,2978300.0,Yahoo Finance,2026-09-21T04:37:35+00:00,2025-12-18
2025-04-22,CAT,287.5191345214844,2231200.0,Yahoo Finance,2026-09-21T04:37:35+00:00,2025-12-18
2025-04-23,CAT,292.0614318847656,2458300.0,Yahoo Finance,2026-09-21T04:37:35+00:00,2025-12-18
2025-04-24,CAT,303.0123596191406,2874400.0,Yahoo Finance,2026-09-21T04:37:35+00:00,2025-12-18
2025-04-25,CAT,302.6075744628906,2162400.0,Yahoo Finance,2026-09-21T04:37:35+00:00,2025-12-18
2025-04-28,CAT,303.2099304199219,2189600.0,Yahoo Finance,2026-09-21T04:37:35+00:00,2025-12-18
2025-04-29,CAT,303.545654296875,2651000.0,Yahoo Finance,2026-09-21T04:37:35+00:00,2025-12-18
2025-04-30,CAT,305.3921203613281,5124800.0,Yahoo Finance,2026-09-21T04:37:35+00:00,2025-12-18
2025-05-01,CAT,310.0233459472656,2961000.0,Yahoo Finance,2026-09-21T04:37:35+00:00,2025-12-18
2025-05-02,CAT,319.6214904785156,3765200.0,Yahoo Finance,2026-09-21T04:37:35+00:00,2025-12-18
2025-05-05,CAT,319.05865478515625,1829100.0,Yahoo Finance,2026-09-21T04:37:35+00:00,2025-12-18
2025-05-06,CAT,316.86651611328125,1724200.0,Yahoo Finance,2026-09-21T04:37:35+00:00,2025-12-18
2025-05-07,CAT,316.2740173339844,1555500.0,Yahoo Finance,2026-09-21T04:37:35+00:00,2025-12-18
2025-05-08,CAT,320.184326171875,2553400.0,Yahoo Finance,2026-09-21T04:37:35+00:00,2025-12-18
2025-05-09,CAT,321.5372009277344,1646200.0,Yahoo Finance,2026-09-21T04:37:35+00:00,2025-12-18
2025-05-12,CAT,338.2548828125,4592000.0,Yahoo Finance,2026-09-21T04:37:35+00:00,2025-12-18
2025-05-13,CAT,348.1196594238281,4132500.0,Yahoo Finance,2026-09-21T04:37:35+00:00,2025-12-18
2025-05-14,CAT,345.2757568359375,2052200.0,Yahoo Finance,2026-09-21T04:37:35+00:00,2025-12-18
2025-05-15,CAT,345.4238586425781,1580400.0,Yahoo Finance,2026-09-21T04:37:35+00:00,2025-12-18
2025-05-16,CAT,349.1465759277344,2561700.0,Yahoo Finance,2026-09-21T04:37:35+00:00,2025-12-18
2025-05-19,CAT,348.14923095703125,2277700.0,Yahoo Finance,2026-09-21T04:37:35+00:00,2025-12-18
2025-05-20,CAT,345.1078796386719,2266000.0,Yahoo Finance,2026-09-21T04:37:35+00:00,2025-12-18
2025-05-21,CAT,338.21539306640625,2093400.0,Yahoo Finance,2026-09-21T04:37:35+00:00,2025-12-18
2025-05-22,CAT,340.86181640625,2174100.0,Yahoo Finance,2026-09-21T04:37:35+00:00,2025-12-18
2025-05-23,CAT,339.0843811035156,1936600.0,Yahoo Finance,2026-09-21T04:37:35+00:00,2025-12-18
2025-05-27,CAT,347.10260009765625,2240100.0,Yahoo Finance,2026-09-21T04:37:35+00:00,2025-12-18
2025-05-28,CAT,345.1078796386719,1924400.0,Yahoo Finance,2026-09-21T04:37:35+00:00,2025-12-18
2025-05-29,CAT,347.3790283203125,2290300.0,Yahoo Finance,2026-09-21T04:37:35+00:00,2025-12-18
2025-05-30,CAT,343.66619873046875,4867100.0,Yahoo Finance,2026-09-21T04:37:35+00:00,2025-12-18
2025-06-02,CAT,340.34832763671875,2552700.0,Yahoo Finance,2026-09-21T04:37:35+00:00,2025-12-18
2025-06-03,CAT,345.01898193359375,2614300.0,Yahoo Finance,2026-09-21T04:37:35+00:00,2025-12-18
2025-06-04,CAT,344.94989013671875,1616300.0,Yahoo Finance,2026-09-21T04:37:35+00:00,2025-12-18
2025-06-05,CAT,344.58453369140625,1753300.0,Yahoo Finance,2026-09-21T04:37:35+00:00,2025-12-18
2025-06-06,CAT,348.9194641113281,1608000.0,Yahoo Finance,2026-09-21T04:37:35+00:00,2025-12-18
2025-06-09,CAT,353.580322265625,2147100.0,Yahoo Finance,2026-09-21T04:37:35+00:00,2025-12-18
2025-06-10,CAT,354.0740051269531,1894300.0,Yahoo Finance,2026-09-21T04:37:35+00:00,2025-12-18
2025-06-11,CAT,358.58673095703125,2551700.0,Yahoo Finance,2026-09-21T04:37:35+00:00,2025-12-18
2025-06-12,CAT,356.4340515136719,1571800.0,Yahoo Finance,2026-09-21T04:37:35+00:00,2025-12-18
2025-06-13,CAT,352.5730895996094,1609600.0,Yahoo Finance,2026-09-21T04:37:35+00:00,2025-12-18
2025-06-16,CAT,357.8955078125,1579800.0,Yahoo Finance,2026-09-21T04:37:35+00:00,2025-12-18
2025-06-17,CAT,353.1951904296875,1560100.0,Yahoo Finance,2026-09-21T04:37:35+00:00,2025-12-18
2025-06-18,CAT,355.2886047363281,2000500.0,Yahoo Finance,2026-09-21T04:37:35+00:00,2025-12-18
2025-06-20,CAT,355.9995422363281,6268300.0,Yahoo Finance,2026-09-21T04:37:35+00:00,2025-12-18
2025-06-23,CAT,361.6379699707031,2927400.0,Yahoo Finance,2026-09-21T04:37:35+00:00,2025-12-18
2025-06-24,CAT,368.34283447265625,3841800.0,Yahoo Finance,2026-09-21T04:37:35+00:00,2025-12-18
2025-06-25,CAT,366.9208679199219,1737700.0,Yahoo Finance,2026-09-21T04:37:35+00:00,2025-12-18
2025-06-26,CAT,377.0917663574219,2575100.0,Yahoo Finance,2026-09-21T04:37:35+00:00,2025-12-18
2025-06-27,CAT,379.8862609863281,4455000.0,Yahoo Finance,2026-09-21T04:37:35+00:00,2025-12-18
2025-06-30,CAT,383.3423767089844,2791400.0,Yahoo Finance,2026-09-21T04:37:35+00:00,2025-12-18
2025-07-01,CAT,386.0184326171875,2393600.0,Yahoo Finance,2026-09-21T04:37:35+00:00,2025-12-18
2025-07-02,CAT,393.4342346191406,2713700.0,Yahoo Finance,2026-09-21T04:37:35+00:00,2025-12-18
2025-07-03,CAT,392.87139892578125,1737800.0,Yahoo Finance,2026-09-21T04:37:35+00:00,2025-12-18
2025-07-07,CAT,386.6009826660156,3012900.0,Yahoo Finance,2026-09-21T04:37:35+00:00,2025-12-18
2025-07-08,CAT,389.3461608886719,2003600.0,Yahoo Finance,2026-09-21T04:37:35+00:00,2025-12-18
2025-07-09,CAT,397.13720703125,3101000.0,Yahoo Finance,2026-09-21T04:37:35+00:00,2025-12-18
2025-07-10,CAT,403.2100830078125,3382800.0,Yahoo Finance,2026-09-21T04:37:35+00:00,2025-12-18
2025-07-11,CAT,400.830322265625,2072600.0,Yahoo Finance,2026-09-21T04:37:35+00:00,2025-12-18
2025-07-14,CAT,400.68218994140625,2497500.0,Yahoo Finance,2026-09-21T04:37:35+00:00,2025-12-18
2025-07-15,CAT,399.56640625,2167000.0,Yahoo Finance,2026-09-21T04:37:35+00:00,2025-12-18
2025-07-16,CAT,407.7030944824219,3242100.0,Yahoo Finance,2026-09-21T04:37:35+00:00,2025-12-18
2025-07-17,CAT,412.8280029296875,2444700.0,Yahoo Finance,2026-09-21T04:37:35+00:00,2025-12-18
2025-07-18,CAT,408.52264404296875,2526600.0,Yahoo Finance,2026-09-21T04:37:35+00:00,2025-12-18
2025-07-21,CAT,406.41168212890625,1833300.0,Yahoo Finance,2026-09-21T04:37:35+00:00,2025-12-18
2025-07-22,CAT,413.4681396484375,2185000.0,Yahoo Finance,2026-09-21T04:37:35+00:00,2025-12-18
2025-07-23,CAT,423.77532958984375,3254900.0,Yahoo Finance,2026-09-21T04:37:35+00:00,2025-12-18
2025-07-24,CAT,425.6881408691406,2511400.0,Yahoo Finance,2026-09-21T04:37:35+00:00,2025-12-18
2025-07-25,CAT,429.88037109375,2218400.0,Yahoo Finance,2026-09-21T04:37:35+00:00,2025-12-18
2025-07-28,CAT,429.07763671875,2550300.0,Yahoo Finance,2026-09-21T04:37:35+00:00,2025-12-18
2025-07-29,CAT,426.2134094238281,2383700.0,Yahoo Finance,2026-09-21T04:37:35+00:00,2025-12-18
2025-07-30,CAT,430.2470703125,3172600.0,Yahoo Finance,2026-09-21T04:37:35+00:00,2025-12-18
2025-07-31,CAT,434.1122741699219,4116400.0,Yahoo Finance,2026-09-21T04:37:35+00:00,2025-12-18
2025-08-01,CAT,424.86553955078125,4027300.0,Yahoo Finance,2026-09-21T04:37:35+00:00,2025-12-18
2025-08-04,CAT,429.8308410644531,4059500.0,Yahoo Finance,2026-09-21T04:37:35+00:00,2025-12-18
2025-08-05,CAT,430.3561096191406,4329900.0,Yahoo Finance,2026-09-21T04:37:35+00:00,2025-12-18
2025-08-06,CAT,423.9041748046875,2630800.0,Yahoo Finance,2026-09-21T04:37:35+00:00,2025-12-18
2025-08-07,CAT,413.39874267578125,4261100.0,Yahoo Finance,2026-09-21T04:37:35+00:00,2025-12-18
2025-08-08,CAT,412.8040771484375,2965200.0,Yahoo Finance,2026-09-21T04:37:35+00:00,2025-12-18
2025-08-11,CAT,404.8952941894531,3416000.0,Yahoo Finance,2026-09-21T04:37:35+00:00,2025-12-18
2025-08-12,CAT,409.028076171875,2765100.0,Yahoo Finance,2026-09-21T04:37:35+00:00,2025-12-18
2025-08-13,CAT,410.0093078613281,4403000.0,Yahoo Finance,2026-09-21T04:37:35+00:00,2025-12-18
2025-08-14,CAT,413.7753601074219,3676000.0,Yahoo Finance,2026-09-21T04:37:35+00:00,2025-12-18
2025-08-15,CAT,404.1520080566406,3107400.0,Yahoo Finance,2026-09-21T04:37:35+00:00,2025-12-18
2025-08-18,CAT,408.958740234375,3185200.0,Yahoo Finance,2026-09-21T04:37:35+00:00,2025-12-18
2025-08-19,CAT,412.3779602050781,3543600.0,Yahoo Finance,2026-09-21T04:37:35+00:00,2025-12-18
2025-08-20,CAT,416.8377990722656,4060200.0,Yahoo Finance,2026-09-21T04:37:35+00:00,2025-12-18
2025-08-21,CAT,414.1618957519531,2504300.0,Yahoo Finance,2026-09-21T04:37:35+00:00,2025-12-18
2025-08-22,CAT,431.78326416015625,3785100.0,Yahoo Finance,2026-09-21T04:37:35+00:00,2025-12-18
2025-08-25,CAT,428.4433288574219,1857900.0,Yahoo Finance,2026-09-21T04:37:35+00:00,2025-12-18
2025-08-26,CAT,427.41259765625,2792200.0,Yahoo Finance,2026-09-21T04:37:35+00:00,2025-12-18
2025-08-27,CAT,428.8100280761719,1970900.0,Yahoo Finance,2026-09-21T04:37:35+00:00,2025-12-18
2025-08-28,CAT,431.030029296875,1651700.0,Yahoo Finance,2026-09-21T04:37:35+00:00,2025-12-18
2025-08-29,CAT,415.3016052246094,3673800.0,Yahoo Finance,2026-09-21T04:37:35+00:00,2025-12-18
2025-09-02,CAT,412.3382873535156,2329500.0,Yahoo Finance,2026-09-21T04:37:35+00:00,2025-12-18
2025-09-03,CAT,411.4165954589844,1496700.0,Yahoo Finance,2026-09-21T04:37:35+00:00,2025-12-18
2025-09-04,CAT,416.4710998535156,1634600.0,Yahoo Finance,2026-09-21T04:37:35+00:00,2025-12-18
2025-09-05,CAT,419.3055725097656,1843200.0,Yahoo Finance,2026-09-21T04:37:35+00:00,2025-12-18
2025-09-08,CAT,419.0082702636719,1876700.0,Yahoo Finance,2026-09-21T04:37:35+00:00,2025-12-18
2025-09-09,CAT,414.3600769042969,1710700.0,Yahoo Finance,2026-09-21T04:37:35+00:00,2025-12-18
2025-09-10,CAT,419.1371154785156,2221000.0,Yahoo Finance,2026-09-21T04:37:35+00:00,2025-12-18
2025-09-11,CAT,427.5315246582031,2737900.0,Yahoo Finance,2026-09-21T04:37:35+00:00,2025-12-18
2025-09-12,CAT,427.6702880859375,2341800.0,Yahoo Finance,2026-09-21T04:37:35+00:00,2025-12-18
2025-09-15,CAT,432.0508728027344,2255800.0,Yahoo Finance,2026-09-21T04:37:35+00:00,2025-12-18
2025-09-16,CAT,436.7386474609375,2366300.0,Yahoo Finance,2026-09-21T04:37:35+00:00,2025-12-18
2025-09-17,CAT,446.6395263671875,4512200.0,Yahoo Finance,2026-09-21T04:37:35+00:00,2025-12-18
2025-09-18,CAT,462.7940979003906,4331900.0,Yahoo Finance,2026-09-21T04:37:35+00:00,2025-12-18
2025-09-19,CAT,462.3778991699219,5069300.0,Yahoo Finance,2026-09-21T04:37:35+00:00,2025-12-18
2025-09-22,CAT,467.88824462890625,3180000.0,Yahoo Finance,2026-09-21T04:37:35+00:00,2025-12-18
2025-09-23,CAT,467.0557861328125,3856600.0,Yahoo Finance,2026-09-21T04:37:35+00:00,2025-12-18
2025-09-24,CAT,465.598876953125,2776700.0,Yahoo Finance,2026-09-21T04:37:35+00:00,2025-12-18
2025-09-25,CAT,459.5830078125,2979200.0,Yahoo Finance,2026-09-21T04:37:35+00:00,2025-12-18
2025-09-26,CAT,461.6048278808594,2329000.0,Yahoo Finance,2026-09-21T04:37:35+00:00,2025-12-18
2025-09-29,CAT,467.40264892578125,2892100.0,Yahoo Finance,2026-09-21T04:37:35+00:00,2025-12-18
2025-09-30,CAT,472.8932189941406,2315300.0,Yahoo Finance,2026-09-21T04:37:35+00:00,2025-12-18
2025-10-01,CAT,476.5304870605469,2964700.0,Yahoo Finance,2026-09-21T04:37:35+00:00,2025-12-18
2025-10-02,CAT,486.1934814453125,2648600.0,Yahoo Finance,2026-09-21T04:37:35+00:00,2025-12-18
2025-10-03,CAT,493.4085388183594,2996500.0,Yahoo Finance,2026-09-21T04:37:35+00:00,2025-12-18
2025-10-06,CAT,490.9605712890625,2629200.0,Yahoo Finance,2026-09-21T04:37:35+00:00,2025-12-18
2025-10-07,CAT,482.367919921875,2135400.0,Yahoo Finance,2026-09-21T04:37:35+00:00,2025-12-18
2025-10-08,CAT,497.6404113769531,3959400.0,Yahoo Finance,2026-09-21T04:37:35+00:00,2025-12-18
2025-10-09,CAT,495.8961486816406,3113900.0,Yahoo Finance,2026-09-21T04:37:35+00:00,2025-12-18
2025-10-10,CAT,486.9169616699219,3889100.0,Yahoo Finance,2026-09-21T04:37:35+00:00,2025-12-18
2025-10-13,CAT,500.2569274902344,2618400.0,Yahoo Finance,2026-09-21T04:37:35+00:00,2025-12-18
2025-10-14,CAT,522.7642822265625,5459800.0,Yahoo Finance,2026-09-21T04:37:35+00:00,2025-12-18
2025-10-15,CAT,529.28564453125,3447100.0,Yahoo Finance,2026-09-21T04:37:35+00:00,2025-12-18
2025-10-16,CAT,536.1339721679688,3463100.0,Yahoo Finance,2026-09-21T04:37:35+00:00,2025-12-18
2025-10-17,CAT,522.3778076171875,2814700.0,Yahoo Finance,2026-09-21T04:37:35+00:00,2025-12-18
2025-10-20,CAT,527.9537353515625,2170800.0,Yahoo Finance,2026-09-21T04:37:35+00:00,2025-12-18
2025-10-21,CAT,521.4633178710938,2259100.0,Yahoo Finance,2026-09-21T04:37:35+00:00,2025-12-18
2025-10-22,CAT,510.78857421875,4149000.0,Yahoo Finance,2026-09-21T04:37:35+00:00,2025-12-18
2025-10-23,CAT,517.3385620117188,2619400.0,Yahoo Finance,2026-09-21T04:37:35+00:00,2025-12-18
2025-10-24,CAT,519.5550537109375,2392000.0,Yahoo Finance,2026-09-21T04:37:35+00:00,2025-12-18
2025-10-27,CAT,523.86865234375,2493800.0,Yahoo Finance,2026-09-21T04:37:35+00:00,2025-12-18
2025-10-28,CAT,521.284423828125,2775400.0,Yahoo Finance,2026-09-21T04:37:35+00:00,2025-12-18
2025-10-29,CAT,581.9337768554688,6948500.0,Yahoo Finance,2026-09-21T04:37:35+00:00,2025-12-18
2025-10-30,CAT,579.6080932617188,2574800.0,Yahoo Finance,2026-09-21T04:37:35+00:00,2025-12-18
2025-10-31,CAT,573.7537841796875,2974800.0,Yahoo Finance,2026-09-21T04:37:35+00:00,2025-12-18
2025-11-03,CAT,567.1243286132812,2439400.0,Yahoo Finance,2026-09-21T04:37:35+00:00,2025-12-18
2025-11-04,CAT,544.2540893554688,3440700.0,Yahoo Finance,2026-09-21T04:37:35+00:00,2025-12-18
2025-11-05,CAT,565.693115234375,2701300.0,Yahoo Finance,2026-09-21T04:37:35+00:00,2025-12-18
2025-11-06,CAT,566.3192749023438,2245800.0,Yahoo Finance,2026-09-21T04:37:35+00:00,2025-12-18
2025-11-07,CAT,559.6797485351562,2320100.0,Yahoo Finance,2026-09-21T04:37:35+00:00,2025-12-18
2025-11-10,CAT,567.3827514648438,1829900.0,Yahoo Finance,2026-09-21T04:37:35+00:00,2025-12-18
2025-11-11,CAT,564.48046875,1517400.0,Yahoo Finance,2026-09-21T04:37:35+00:00,2025-12-18
2025-11-12,CAT,569.53955078125,2645100.0,Yahoo Finance,2026-09-21T04:37:35+00:00,2025-12-18
2025-11-13,CAT,550.187744140625,3458700.0,Yahoo Finance,2026-09-21T04:37:35+00:00,2025-12-18
2025-11-14,CAT,550.6649169921875,2764500.0,Yahoo Finance,2026-09-21T04:37:35+00:00,2025-12-18
2025-11-17,CAT,548.6968994140625,1941100.0,Yahoo Finance,2026-09-21T04:37:35+00:00,2025-12-18
2025-11-18,CAT,543.5582885742188,1918600.0,Yahoo Finance,2026-09-21T04:37:35+00:00,2025-12-18
2025-11-19,CAT,549.75048828125,1880900.0,Yahoo Finance,2026-09-21T04:37:35+00:00,2025-12-18
2025-11-20,CAT,542.8128662109375,3195000.0,Yahoo Finance,2026-09-21T04:37:35+00:00,2025-12-18
2025-11-21,CAT,547.0867919921875,2921600.0,Yahoo Finance,2026-09-21T04:37:35+00:00,2025-12-18
2025-11-24,CAT,556.2010498046875,4653500.0,Yahoo Finance,2026-09-21T04:37:35+00:00,2025-12-18
2025-11-25,CAT,563.1685180664062,3105100.0,Yahoo Finance,2026-09-21T04:37:35+00:00,2025-12-18
2025-11-26,CAT,570.2451782226562,1995100.0,Yahoo Finance,2026-09-21T04:37:35+00:00,2025-12-18
2025-11-28,CAT,572.262939453125,1019500.0,Yahoo Finance,2026-09-21T04:37:35+00:00,2025-12-18
2025-12-01,CAT,564.6096801757812,1764500.0,Yahoo Finance,2026-09-21T04:37:35+00:00,2025-12-18
2025-12-02,CAT,578.93212890625,2749500.0,Yahoo Finance,2026-09-21T04:37:35+00:00,2025-12-18
2025-12-03,CAT,587.8973999023438,2545700.0,Yahoo Finance,2026-09-21T04:37:35+00:00,2025-12-18
2025-12-04,CAT,595.5109252929688,2313600.0,Yahoo Finance,2026-09-21T04:37:35+00:00,2025-12-18
2025-12-05,CAT,599.5064697265625,2177300.0,Yahoo Finance,2026-09-21T04:37:35+00:00,2025-12-18
2025-12-08,CAT,592.876953125,1822500.0,Yahoo Finance,2026-09-21T04:37:35+00:00,2025-12-18
2025-12-09,CAT,590.7499389648438,1755300.0,Yahoo Finance,2026-09-21T04:37:35+00:00,2025-12-18
2025-12-10,CAT,611.6124267578125,2797900.0,Yahoo Finance,2026-09-21T04:37:35+00:00,2025-12-18
2025-12-11,CAT,621.8101196289062,2779500.0,Yahoo Finance,2026-09-21T04:37:35+00:00,2025-12-18
2025-12-12,CAT,594.258544921875,4581100.0,Yahoo Finance,2026-09-21T04:37:35+00:00,2025-12-18
2025-12-15,CAT,586.1779174804688,3968600.0,Yahoo Finance,2026-09-21T04:37:35+00:00,2025-12-18
2025-12-16,CAT,585.3529052734375,2319400.0,Yahoo Finance,2026-09-21T04:37:35+00:00,2025-12-18
2025-12-17,CAT,558.4772338867188,3753300.0,Yahoo Finance,2026-09-21T04:37:35+00:00,2025-12-18
2025-12-18,CAT,562.3932495117188,2193000.0,Yahoo Finance,2026-09-21T04:37:35+00:00,2025-12-18
2024-11-13,CVX,146.07736206054688,8824000.0,Yahoo Finance,2026-09-21T04:37:35+00:00,2025-12-18
2024-11-14,CVX,148.91201782226562,10111200.0,Yahoo Finance,2026-09-21T04:37:35+00:00,2025-12-18
2024-11-15,CVX,148.5623016357422,9022800.0,Yahoo Finance,2026-09-21T04:37:35+00:00,2025-12-18
2024-11-18,CVX,149.46412658691406,6075400.0,Yahoo Finance,2026-09-21T04:37:35+00:00,2025-12-18
2024-11-19,CVX,148.38565063476562,4657400.0,Yahoo Finance,2026-09-21T04:37:35+00:00,2025-12-18
2024-11-20,CVX,149.99407958984375,6391300.0,Yahoo Finance,2026-09-21T04:37:35+00:00,2025-12-18
2024-11-21,CVX,150.2729949951172,7945200.0,Yahoo Finance,2026-09-21T04:37:35+00:00,2025-12-18
2024-11-22,CVX,150.95172119140625,7005900.0,Yahoo Finance,2026-09-21T04:37:35+00:00,2025-12-18
2024-11-25,CVX,149.09225463867188,10702400.0,Yahoo Finance,2026-09-21T04:37:35+00:00,2025-12-18
2024-11-26,CVX,151.10977172851562,7369500.0,Yahoo Finance,2026-09-21T04:37:35+00:00,2025-12-18
2024-11-27,CVX,150.7192840576172,7674500.0,Yahoo Finance,2026-09-21T04:37:35+00:00,2025-12-18
2024-11-29,CVX,150.5519256591797,5077000.0,Yahoo Finance,2026-09-21T04:37:35+00:00,2025-12-18
2024-12-02,CVX,150.812255859375,6229600.0,Yahoo Finance,2026-09-21T04:37:35+00:00,2025-12-18
2024-12-03,CVX,150.54261779785156,5900100.0,Yahoo Finance,2026-09-21T04:37:35+00:00,2025-12-18
2024-12-04,CVX,147.19557189941406,7862700.0,Yahoo Finance,2026-09-21T04:37:35+00:00,2025-12-18
2024-12-05,CVX,148.13461303710938,6358400.0,Yahoo Finance,2026-09-21T04:37:35+00:00,2025-12-18
2024-12-06,CVX,144.3319854736328,9701700.0,Yahoo Finance,2026-09-21T04:37:35+00:00,2025-12-18
2024-12-09,CVX,146.042724609375,9404500.0,Yahoo Finance,2026-09-21T04:37:35+00:00,2025-12-18
2024-12-10,CVX,145.9683380126953,9126200.0,Yahoo Finance,2026-09-21T04:37:35+00:00,2025-12-18
2024-12-11,CVX,145.2338409423828,13764700.0,Yahoo Finance,2026-09-21T04:37:35+00:00,2025-12-18
2024-12-12,CVX,143.83924865722656,7621500.0,Yahoo Finance,2026-09-21T04:37:35+00:00,2025-12-18
2024-12-13,CVX,143.05825805664062,5816200.0,Yahoo Finance,2026-09-21T04:37:35+00:00,2025-12-18
2024-12-16,CVX,138.86517333984375,11961200.0,Yahoo Finance,2026-09-21T04:37:35+00:00,2025-12-18
2024-12-17,CVX,137.7030029296875,11909300.0,Yahoo Finance,2026-09-21T04:37:35+00:00,2025-12-18
2024-12-18,CVX,133.9561767578125,10174500.0,Yahoo Finance,2026-09-21T04:37:35+00:00,2025-12-18
2024-12-19,CVX,131.23202514648438,16544300.0,Yahoo Finance,2026-09-21T04:37:35+00:00,2025-12-18
2024-12-20,CVX,132.8125762939453,32209200.0,Yahoo Finance,2026-09-21T04:37:35+00:00,2025-12-18
2024-12-23,CVX,132.9241485595703,8156500.0,Yahoo Finance,2026-09-21T04:37:35+00:00,2025-12-18
2024-12-24,CVX,133.73301696777344,3556100.0,Yahoo Finance,2026-09-21T04:37:35+00:00,2025-12-18
2024-12-26,CVX,133.86317443847656,4492600.0,Yahoo Finance,2026-09-21T04:37:35+00:00,2025-12-18
2024-12-27,CVX,133.88177490234375,5296500.0,Yahoo Finance,2026-09-21T04:37:35+00:00,2025-12-18
2024-12-30,CVX,133.01715087890625,6194800.0,Yahoo Finance,2026-09-21T04:37:35+00:00,2025-12-18
2024-12-31,CVX,134.6627655029297,6137800.0,Yahoo Finance,2026-09-21T04:37:35+00:00,2025-12-18
2025-01-02,CVX,136.40138244628906,7170300.0,Yahoo Finance,2026-09-21T04:37:35+00:00,2025-12-18
2025-01-03,CVX,137.46124267578125,5809000.0,Yahoo Finance,2026-09-21T04:37:35+00:00,2025-12-18
2025-01-06,CVX,136.91270446777344,5888700.0,Yahoo Finance,2026-09-21T04:37:35+00:00,2025-12-18
2025-01-07,CVX,139.0789794921875,7736000.0,Yahoo Finance,2026-09-21T04:37:35+00:00,2025-12-18
2025-01-08,CVX,139.73910522460938,7640900.0,Yahoo Finance,2026-09-21T04:37:35+00:00,2025-12-18
2025-01-10,CVX,142.37954711914062,11074700.0,Yahoo Finance,2026-09-21T04:37:35+00:00,2025-12-18
2025-01-13,CVX,144.4342803955078,11774100.0,Yahoo Finance,2026-09-21T04:37:35+00:00,2025-12-18
2025-01-14,CVX,145.87533569335938,6830200.0,Yahoo Finance,2026-09-21T04:37:35+00:00,2025-12-18
2025-01-15,CVX,147.20486450195312,7900000.0,Yahoo Finance,2026-09-21T04:37:35+00:00,2025-12-18
2025-01-16,CVX,148.1811065673828,5578900.0,Yahoo Finance,2026-09-21T04:37:35+00:00,2025-12-18
2025-01-17,CVX,150.12425231933594,9260400.0,Yahoo Finance,2026-09-21T04:37:35+00:00,2025-12-18
2025-01-21,CVX,147.12120056152344,10131400.0,Yahoo Finance,2026-09-21T04:37:35+00:00,2025-12-18
2025-01-22,CVX,145.41978454589844,7232200.0,Yahoo Finance,2026-09-21T04:37:35+00:00,2025-12-18
2025-01-23,CVX,145.04788208007812,5979800.0,Yahoo Finance,2026-09-21T04:37:35+00:00,2025-12-18
2025-01-24,CVX,144.7131805419922,8003800.0,Yahoo Finance,2026-09-21T04:37:35+00:00,2025-12-18
2025-01-27,CVX,146.18215942382812,7141000.0,Yahoo Finance,2026-09-21T04:37:35+00:00,2025-12-18
2025-01-28,CVX,145.2338409423828,6425400.0,Yahoo Finance,2026-09-21T04:37:35+00:00,2025-12-18
2025-01-29,CVX,144.7503662109375,5630600.0,Yahoo Finance,2026-09-21T04:37:35+00:00,2025-12-18
2025-01-30,CVX,145.3361358642578,6931900.0,Yahoo Finance,2026-09-21T04:37:35+00:00,2025-12-18
2025-01-31,CVX,138.7071075439453,16726800.0,Yahoo Finance,2026-09-21T04:37:35+00:00,2025-12-18
2025-02-03,CVX,138.84654235839844,7605000.0,Yahoo Finance,2026-09-21T04:37:35+00:00,2025-12-18
2025-02-04,CVX,142.45394897460938,8458100.0,Yahoo Finance,2026-09-21T04:37:35+00:00,2025-12-18
2025-02-05,CVX,142.2401123046875,6533700.0,Yahoo Finance,2026-09-21T04:37:35+00:00,2025-12-18
2025-02-06,CVX,141.2266845703125,6420500.0,Yahoo Finance,2026-09-21T04:37:35+00:00,2025-12-18
2025-02-07,CVX,141.8960723876953,4724900.0,Yahoo Finance,2026-09-21T04:37:35+00:00,2025-12-18
2025-02-10,CVX,144.8247833251953,5653800.0,Yahoo Finance,2026-09-21T04:37:35+00:00,2025-12-18
2025-02-11,CVX,146.3773956298828,6011800.0,Yahoo Finance,2026-09-21T04:37:35+00:00,2025-12-18
2025-02-12,CVX,144.01589965820312,6693500.0,Yahoo Finance,2026-09-21T04:37:35+00:00,2025-12-18
2025-02-13,CVX,144.92703247070312,7836400.0,Yahoo Finance,2026-09-21T04:37:35+00:00,2025-12-18
2025-02-14,CVX,146.02687072753906,5828800.0,Yahoo Finance,2026-09-21T04:37:35+00:00,2025-12-18
2025-02-18,CVX,146.79771423339844,5981500.0,Yahoo Finance,2026-09-21T04:37:35+00:00,2025-12-18
2025-02-19,CVX,147.80355834960938,4945800.0,Yahoo Finance,2026-09-21T04:37:35+00:00,2025-12-18
2025-02-20,CVX,149.27003479003906,6256200.0,Yahoo Finance,2026-09-21T04:37:35+00:00,2025-12-18
2025-02-21,CVX,147.51217651367188,6689800.0,Yahoo Finance,2026-09-21T04:37:35+00:00,2025-12-18
2025-02-24,CVX,148.42401123046875,5925000.0,Yahoo Finance,2026-09-21T04:37:35+00:00,2025-12-18
2025-02-25,CVX,147.04212951660156,6810900.0,Yahoo Finance,2026-09-21T04:37:35+00:00,2025-12-18
2025-02-26,CVX,145.83888244628906,6005200.0,Yahoo Finance,2026-09-21T04:37:35+00:00,2025-12-18
2025-02-27,CVX,147.2771453857422,7517200.0,Yahoo Finance,2026-09-21T04:37:35+00:00,2025-12-18
2025-02-28,CVX,149.1102294921875,8828500.0,Yahoo Finance,2026-09-21T04:37:35+00:00,2025-12-18
2025-03-03,CVX,143.91177368164062,9059800.0,Yahoo Finance,2026-09-21T04:37:35+00:00,2025-12-18
2025-03-04,CVX,142.88711547851562,8826300.0,Yahoo Finance,2026-09-21T04:37:35+00:00,2025-12-18
2025-03-05,CVX,141.76846313476562,9288300.0,Yahoo Finance,2026-09-21T04:37:35+00:00,2025-12-18
2025-03-06,CVX,143.78016662597656,7314700.0,Yahoo Finance,2026-09-21T04:37:35+00:00,2025-12-18
2025-03-07,CVX,146.96693420410156,8562600.0,Yahoo Finance,2026-09-21T04:37:35+00:00,2025-12-18
2025-03-10,CVX,148.12318420410156,11750300.0,Yahoo Finance,2026-09-21T04:37:35+00:00,2025-12-18
2025-03-11,CVX,144.84242248535156,10466300.0,Yahoo Finance,2026-09-21T04:37:35+00:00,2025-12-18
2025-03-12,CVX,143.5169677734375,9710200.0,Yahoo Finance,2026-09-21T04:37:35+00:00,2025-12-18
2025-03-13,CVX,144.4005889892578,9022800.0,Yahoo Finance,2026-09-21T04:37:35+00:00,2025-12-18
2025-03-14,CVX,147.60618591308594,6671500.0,Yahoo Finance,2026-09-21T04:37:35+00:00,2025-12-18
2025-03-17,CVX,149.20425415039062,7615200.0,Yahoo Finance,2026-09-21T04:37:35+00:00,2025-12-18
2025-03-18,CVX,151.16893005371094,9289500.0,Yahoo Finance,2026-09-21T04:37:35+00:00,2025-12-18
2025-03-19,CVX,154.21470642089844,11503900.0,Yahoo Finance,2026-09-21T04:37:35+00:00,2025-12-18
2025-03-20,CVX,154.8915252685547,9545900.0,Yahoo Finance,2026-09-21T04:37:35+00:00,2025-12-18
2025-03-21,CVX,154.87271118164062,21625500.0,Yahoo Finance,2026-09-21T04:37:35+00:00,2025-12-18
2025-03-24,CVX,155.1265411376953,8068000.0,Yahoo Finance,2026-09-21T04:37:35+00:00,2025-12-18
2025-03-25,CVX,155.99139404296875,7869200.0,Yahoo Finance,2026-09-21T04:37:35+00:00,2025-12-18
2025-03-26,CVX,157.89968872070312,10076100.0,Yahoo Finance,2026-09-21T04:37:35+00:00,2025-12-18
2025-03-27,CVX,156.6588134765625,6862700.0,Yahoo Finance,2026-09-21T04:37:35+00:00,2025-12-18
2025-03-28,CVX,156.13238525390625,4923000.0,Yahoo Finance,2026-09-21T04:37:35+00:00,2025-12-18
2025-03-31,CVX,157.26043701171875,10675300.0,Yahoo Finance,2026-09-21T04:37:35+00:00,2025-12-18
2025-04-01,CVX,158.40728759765625,6378600.0,Yahoo Finance,2026-09-21T04:37:35+00:00,2025-12-18
2025-04-02,CVX,156.48960876464844,7044900.0,Yahoo Finance,2026-09-21T04:37:35+00:00,2025-12-18
2025-04-03,CVX,146.76011657714844,15501000.0,Yahoo Finance,2026-09-21T04:37:35+00:00,2025-12-18
2025-04-04,CVX,134.68992614746094,20374700.0,Yahoo Finance,2026-09-21T04:37:35+00:00,2025-12-18
2025-04-07,CVX,131.74757385253906,17817000.0,Yahoo Finance,2026-09-21T04:37:35+00:00,2025-12-18
2025-04-08,CVX,128.7206268310547,12904400.0,Yahoo Finance,2026-09-21T04:37:35+00:00,2025-12-18
2025-04-09,CVX,137.27503967285156,16846800.0,Yahoo Finance,2026-09-21T04:37:35+00:00,2025-12-18
2025-04-10,CVX,126.88752746582031,20991200.0,Yahoo Finance,2026-09-21T04:37:35+00:00,2025-12-18
2025-04-11,CVX,127.49855041503906,17224400.0,Yahoo Finance,2026-09-21T04:37:35+00:00,2025-12-18
2025-04-14,CVX,127.2071533203125,9628200.0,Yahoo Finance,2026-09-21T04:37:35+00:00,2025-12-18
2025-04-15,CVX,126.4738998413086,9334800.0,Yahoo Finance,2026-09-21T04:37:35+00:00,2025-12-18
2025-04-16,CVX,127.24475860595703,8637200.0,Yahoo Finance,2026-09-21T04:37:35+00:00,2025-12-18
2025-04-17,CVX,129.604248046875,8434400.0,Yahoo Finance,2026-09-21T04:37:35+00:00,2025-12-18
2025-04-21,CVX,125.71248626708984,9967500.0,Yahoo Finance,2026-09-21T04:37:35+00:00,2025-12-18
2025-04-22,CVX,129.0684356689453,7984700.0,Yahoo Finance,2026-09-21T04:37:35+00:00,2025-12-18
2025-04-23,CVX,128.485595703125,10002000.0,Yahoo Finance,2026-09-21T04:37:35+00:00,2025-12-18
2025-04-24,CVX,130.73231506347656,7745800.0,Yahoo Finance,2026-09-21T04:37:35+00:00,2025-12-18
2025-04-25,CVX,130.41268920898438,6878500.0,Yahoo Finance,2026-09-21T04:37:35+00:00,2025-12-18
2025-04-28,CVX,131.70057678222656,6715500.0,Yahoo Finance,2026-09-21T04:37:35+00:00,2025-12-18
2025-04-29,CVX,130.9485321044922,7343800.0,Yahoo Finance,2026-09-21T04:37:35+00:00,2025-12-18
2025-04-30,CVX,127.90277862548828,13858000.0,Yahoo Finance,2026-09-21T04:37:35+00:00,2025-12-18
2025-05-01,CVX,128.0907745361328,10199800.0,Yahoo Finance,2026-09-21T04:37:35+00:00,2025-12-18
2025-05-02,CVX,130.19650268554688,12393200.0,Yahoo Finance,2026-09-21T04:37:35+00:00,2025-12-18
2025-05-05,CVX,127.3763656616211,9665000.0,Yahoo Finance,2026-09-21T04:37:35+00:00,2025-12-18
2025-05-06,CVX,127.47038269042969,9916200.0,Yahoo Finance,2026-09-21T04:37:35+00:00,2025-12-18
2025-05-07,CVX,127.64896392822266,8422100.0,Yahoo Finance,2026-09-21T04:37:35+00:00,2025-12-18
2025-05-08,CVX,128.82400512695312,8669300.0,Yahoo Finance,2026-09-21T04:37:35+00:00,2025-12-18
2025-05-09,CVX,130.18710327148438,5965700.0,Yahoo Finance,2026-09-21T04:37:35+00:00,2025-12-18
2025-05-12,CVX,133.12942504882812,8028200.0,Yahoo Finance,2026-09-21T04:37:35+00:00,2025-12-18
2025-05-13,CVX,133.815673828125,8536800.0,Yahoo Finance,2026-09-21T04:37:35+00:00,2025-12-18
2025-05-14,CVX,133.1764373779297,6453600.0,Yahoo Finance,2026-09-21T04:37:35+00:00,2025-12-18
2025-05-15,CVX,133.73106384277344,7545400.0,Yahoo Finance,2026-09-21T04:37:35+00:00,2025-12-18
2025-05-16,CVX,133.58067321777344,8200100.0,Yahoo Finance,2026-09-21T04:37:35+00:00,2025-12-18
2025-05-19,CVX,131.7728271484375,7713600.0,Yahoo Finance,2026-09-21T04:37:35+00:00,2025-12-18
2025-05-20,CVX,130.61199951171875,6503900.0,Yahoo Finance,2026-09-21T04:37:35+00:00,2025-12-18
2025-05-21,CVX,128.9849395751953,9073200.0,Yahoo Finance,2026-09-21T04:37:35+00:00,2025-12-18
2025-05-22,CVX,128.72801208496094,8877600.0,Yahoo Finance,2026-09-21T04:37:35+00:00,2025-12-18
2025-05-23,CVX,129.9174041748047,7025900.0,Yahoo Finance,2026-09-21T04:37:35+00:00,2025-12-18
2025-05-27,CVX,131.1448211669922,8348900.0,Yahoo Finance,2026-09-21T04:37:35+00:00,2025-12-18
2025-05-28,CVX,129.42263793945312,6876300.0,Yahoo Finance,2026-09-21T04:37:35+00:00,2025-12-18
2025-05-29,CVX,131.22096252441406,7554300.0,Yahoo Finance,2026-09-21T04:37:35+00:00,2025-12-18
2025-05-30,CVX,130.0696258544922,12858900.0,Yahoo Finance,2026-09-21T04:37:35+00:00,2025-12-18
2025-06-02,CVX,131.1543426513672,9076600.0,Yahoo Finance,2026-09-21T04:37:35+00:00,2025-12-18
2025-06-03,CVX,132.7814178466797,9001300.0,Yahoo Finance,2026-09-21T04:37:35+00:00,2025-12-18
2025-06-04,CVX,130.70713806152344,8735600.0,Yahoo Finance,2026-09-21T04:37:35+00:00,2025-12-18
2025-06-05,CVX,130.2599334716797,6342600.0,Yahoo Finance,2026-09-21T04:37:35+00:00,2025-12-18
2025-06-06,CVX,133.40940856933594,6563500.0,Yahoo Finance,2026-09-21T04:37:35+00:00,2025-12-18
2025-06-09,CVX,133.93270874023438,7159500.0,Yahoo Finance,2026-09-21T04:37:35+00:00,2025-12-18
2025-06-10,CVX,136.3970947265625,9841500.0,Yahoo Finance,2026-09-21T04:37:35+00:00,2025-12-18
2025-06-11,CVX,137.7577362060547,9256700.0,Yahoo Finance,2026-09-21T04:37:35+00:00,2025-12-18
2025-06-12,CVX,137.9385223388672,6999400.0,Yahoo Finance,2026-09-21T04:37:35+00:00,2025-12-18
2025-06-13,CVX,138.8329315185547,14148000.0,Yahoo Finance,2026-09-21T04:37:35+00:00,2025-12-18
2025-06-16,CVX,138.9470977783203,10105100.0,Yahoo Finance,2026-09-21T04:37:35+00:00,2025-12-18
2025-06-17,CVX,141.6303253173828,11330300.0,Yahoo Finance,2026-09-21T04:37:35+00:00,2025-12-18
2025-06-18,CVX,141.00234985351562,9841900.0,Yahoo Finance,2026-09-21T04:37:35+00:00,2025-12-18
2025-06-20,CVX,142.29637145996094,23705900.0,Yahoo Finance,2026-09-21T04:37:35+00:00,2025-12-18
2025-06-23,CVX,139.7368621826172,10540600.0,Yahoo Finance,2026-09-21T04:37:35+00:00,2025-12-18
2025-06-24,CVX,136.58738708496094,10778400.0,Yahoo Finance,2026-09-21T04:37:35+00:00,2025-12-18
2025-06-25,CVX,136.2829132080078,7386100.0,Yahoo Finance,2026-09-21T04:37:35+00:00,2025-12-18
2025-06-26,CVX,137.43423461914062,7415700.0,Yahoo Finance,2026-09-21T04:37:35+00:00,2025-12-18
2025-06-27,CVX,136.81576538085938,9213500.0,Yahoo Finance,2026-09-21T04:37:35+00:00,2025-12-18
2025-06-30,CVX,136.24485778808594,6980300.0,Yahoo Finance,2026-09-21T04:37:35+00:00,2025-12-18
2025-07-01,CVX,138.50942993164062,8508200.0,Yahoo Finance,2026-09-21T04:37:35+00:00,2025-12-18
2025-07-02,CVX,140.80250549316406,8228700.0,Yahoo Finance,2026-09-21T04:37:35+00:00,2025-12-18
2025-07-03,CVX,141.1736297607422,5173300.0,Yahoo Finance,2026-09-21T04:37:35+00:00,2025-12-18
2025-07-07,CVX,140.2506561279297,9460900.0,Yahoo Finance,2026-09-21T04:37:35+00:00,2025-12-18
2025-07-08,CVX,145.8074188232422,14082100.0,Yahoo Finance,2026-09-21T04:37:35+00:00,2025-12-18
2025-07-09,CVX,145.59808349609375,9495900.0,Yahoo Finance,2026-09-21T04:37:35+00:00,2025-12-18
2025-07-10,CVX,146.69229125976562,8395100.0,Yahoo Finance,2026-09-21T04:37:35+00:00,2025-12-18
2025-07-11,CVX,147.77700805664062,8333200.0,Yahoo Finance,2026-09-21T04:37:35+00:00,2025-12-18
2025-07-14,CVX,144.2945098876953,10706300.0,Yahoo Finance,2026-09-21T04:37:35+00:00,2025-12-18
2025-07-15,CVX,143.38108825683594,7346300.0,Yahoo Finance,2026-09-21T04:37:35+00:00,2025-12-18
2025-07-16,CVX,142.6484375,7923400.0,Yahoo Finance,2026-09-21T04:37:35+00:00,2025-12-18
2025-07-17,CVX,144.03761291503906,8359600.0,Yahoo Finance,2026-09-21T04:37:35+00:00,2025-12-18
2025-07-18,CVX,142.76260375976562,45782600.0,Yahoo Finance,2026-09-21T04:37:35+00:00,2025-12-18
2025-07-21,CVX,142.42005920410156,17982200.0,Yahoo Finance,2026-09-21T04:37:35+00:00,2025-12-18
2025-07-22,CVX,142.76260375976562,26196500.0,Yahoo Finance,2026-09-21T04:37:35+00:00,2025-12-18
2025-07-23,CVX,145.69320678710938,13162800.0,Yahoo Finance,2026-09-21T04:37:35+00:00,2025-12-18
2025-07-24,CVX,148.27178955078125,15701000.0,Yahoo Finance,2026-09-21T04:37:35+00:00,2025-12-18
2025-07-25,CVX,147.3297882080078,7875500.0,Yahoo Finance,2026-09-21T04:37:35+00:00,2025-12-18
2025-07-28,CVX,148.699951171875,8755400.0,Yahoo Finance,2026-09-21T04:37:35+00:00,2025-12-18
2025-07-29,CVX,149.41357421875,6446000.0,Yahoo Finance,2026-09-21T04:37:35+00:00,2025-12-18
2025-07-30,CVX,146.11187744140625,9191700.0,Yahoo Finance,2026-09-21T04:37:35+00:00,2025-12-18
2025-07-31,CVX,144.28501892089844,10237100.0,Yahoo Finance,2026-09-21T04:37:35+00:00,2025-12-18
2025-08-01,CVX,144.05662536621094,10706500.0,Yahoo Finance,2026-09-21T04:37:35+00:00,2025-12-18
2025-08-04,CVX,143.714111328125,10116600.0,Yahoo Finance,2026-09-21T04:37:35+00:00,2025-12-18
2025-08-05,CVX,145.61709594726562,8604100.0,Yahoo Finance,2026-09-21T04:37:35+00:00,2025-12-18
2025-08-06,CVX,145.3697052001953,7840900.0,Yahoo Finance,2026-09-21T04:37:35+00:00,2025-12-18
2025-08-07,CVX,145.73129272460938,6510400.0,Yahoo Finance,2026-09-21T04:37:35+00:00,2025-12-18
2025-08-08,CVX,147.4915313720703,6332800.0,Yahoo Finance,2026-09-21T04:37:35+00:00,2025-12-18
2025-08-11,CVX,146.0072021484375,6169700.0,Yahoo Finance,2026-09-21T04:37:35+00:00,2025-12-18
2025-08-12,CVX,146.94918823242188,6641600.0,Yahoo Finance,2026-09-21T04:37:35+00:00,2025-12-18
2025-08-13,CVX,148.309814453125,6581900.0,Yahoo Finance,2026-09-21T04:37:35+00:00,2025-12-18
2025-08-14,CVX,147.63426208496094,7337300.0,Yahoo Finance,2026-09-21T04:37:35+00:00,2025-12-18
2025-08-15,CVX,148.95684814453125,11617000.0,Yahoo Finance,2026-09-21T04:37:35+00:00,2025-12-18
2025-08-18,CVX,147.78651428222656,8174300.0,Yahoo Finance,2026-09-21T04:37:35+00:00,2025-12-18
2025-08-19,CVX,146.23753356933594,8567500.0,Yahoo Finance,2026-09-21T04:37:35+00:00,2025-12-18
2025-08-20,CVX,147.4113006591797,8076300.0,Yahoo Finance,2026-09-21T04:37:35+00:00,2025-12-18
2025-08-21,CVX,149.65296936035156,7533600.0,Yahoo Finance,2026-09-21T04:37:35+00:00,2025-12-18
2025-08-22,CVX,152.18325805664062,9084300.0,Yahoo Finance,2026-09-21T04:37:35+00:00,2025-12-18
2025-08-25,CVX,152.20249938964844,7030000.0,Yahoo Finance,2026-09-21T04:37:35+00:00,2025-12-18
2025-08-26,CVX,151.3943328857422,10270000.0,Yahoo Finance,2026-09-21T04:37:35+00:00,2025-12-18
2025-08-27,CVX,153.2030792236328,7483000.0,Yahoo Finance,2026-09-21T04:37:35+00:00,2025-12-18
2025-08-28,CVX,153.28004455566406,6502000.0,Yahoo Finance,2026-09-21T04:37:35+00:00,2025-12-18
2025-08-29,CVX,154.5115203857422,6934800.0,Yahoo Finance,2026-09-21T04:37:35+00:00,2025-12-18
2025-09-02,CVX,155.69488525390625,8947300.0,Yahoo Finance,2026-09-21T04:37:35+00:00,2025-12-18
2025-09-03,CVX,152.06781005859375,9556100.0,Yahoo Finance,2026-09-21T04:37:35+00:00,2025-12-18
2025-09-04,CVX,151.7118377685547,7243000.0,Yahoo Finance,2026-09-21T04:37:35+00:00,2025-12-18
2025-09-05,CVX,147.83460998535156,11011700.0,Yahoo Finance,2026-09-21T04:37:35+00:00,2025-12-18
2025-09-08,CVX,148.16172790527344,9462000.0,Yahoo Finance,2026-09-21T04:37:35+00:00,2025-12-18
2025-09-09,CVX,148.97950744628906,7769200.0,Yahoo Finance,2026-09-21T04:37:35+00:00,2025-12-18
2025-09-10,CVX,151.8080291748047,7440800.0,Yahoo Finance,2026-09-21T04:37:35+00:00,2025-12-18
2025-09-11,CVX,152.25059509277344,6417400.0,Yahoo Finance,2026-09-21T04:37:35+00:00,2025-12-18
2025-09-12,CVX,151.15380859375,5546300.0,Yahoo Finance,2026-09-21T04:37:35+00:00,2025-12-18
2025-09-15,CVX,151.3462371826172,5030500.0,Yahoo Finance,2026-09-21T04:37:35+00:00,2025-12-18
2025-09-16,CVX,153.49168395996094,8011000.0,Yahoo Finance,2026-09-21T04:37:35+00:00,2025-12-18
2025-09-17,CVX,154.02084350585938,5736800.0,Yahoo Finance,2026-09-21T04:37:35+00:00,2025-12-18
2025-09-18,CVX,152.81822204589844,6244200.0,Yahoo Finance,2026-09-21T04:37:35+00:00,2025-12-18
2025-09-19,CVX,150.28794860839844,16734000.0,Yahoo Finance,2026-09-21T04:37:35+00:00,2025-12-18
2025-09-22,CVX,150.13401794433594,5244000.0,Yahoo Finance,2026-09-21T04:37:35+00:00,2025-12-18
2025-09-23,CVX,151.4520721435547,7181400.0,Yahoo Finance,2026-09-21T04:37:35+00:00,2025-12-18
2025-09-24,CVX,153.1453399658203,6285200.0,Yahoo Finance,2026-09-21T04:37:35+00:00,2025-12-18
2025-09-25,CVX,154.62696838378906,6311000.0,Yahoo Finance,2026-09-21T04:37:35+00:00,2025-12-18
2025-09-26,CVX,154.08819580078125,7015200.0,Yahoo Finance,2026-09-21T04:37:35+00:00,2025-12-18
2025-09-29,CVX,150.18209838867188,8315100.0,Yahoo Finance,2026-09-21T04:37:35+00:00,2025-12-18
2025-09-30,CVX,149.40280151367188,7755700.0,Yahoo Finance,2026-09-21T04:37:35+00:00,2025-12-18
2025-10-01,CVX,148.71974182128906,6768400.0,Yahoo Finance,2026-09-21T04:37:35+00:00,2025-12-18
2025-10-02,CVX,147.5555877685547,7562400.0,Yahoo Finance,2026-09-21T04:37:35+00:00,2025-12-18
2025-10-03,CVX,147.72877502441406,7249300.0,Yahoo Finance,2026-09-21T04:37:35+00:00,2025-12-18
2025-10-06,CVX,148.18096923828125,4778900.0,Yahoo Finance,2026-09-21T04:37:35+00:00,2025-12-18
2025-10-07,CVX,149.0372314453125,5479600.0,Yahoo Finance,2026-09-21T04:37:35+00:00,2025-12-18
2025-10-08,CVX,147.91159057617188,5678000.0,Yahoo Finance,2026-09-21T04:37:35+00:00,2025-12-18
2025-10-09,CVX,145.89120483398438,6178600.0,Yahoo Finance,2026-09-21T04:37:35+00:00,2025-12-18
2025-10-10,CVX,143.25506591796875,7796600.0,Yahoo Finance,2026-09-21T04:37:35+00:00,2025-12-18
2025-10-13,CVX,146.1798095703125,5978800.0,Yahoo Finance,2026-09-21T04:37:35+00:00,2025-12-18
2025-10-14,CVX,146.61277770996094,6419400.0,Yahoo Finance,2026-09-21T04:37:35+00:00,2025-12-18
2025-10-15,CVX,146.3433837890625,5824900.0,Yahoo Finance,2026-09-21T04:37:35+00:00,2025-12-18
2025-10-16,CVX,145.9585418701172,5276800.0,Yahoo Finance,2026-09-21T04:37:35+00:00,2025-12-18
2025-10-17,CVX,147.276611328125,7735500.0,Yahoo Finance,2026-09-21T04:37:35+00:00,2025-12-18
2025-10-20,CVX,148.62353515625,5676500.0,Yahoo Finance,2026-09-21T04:37:35+00:00,2025-12-18
2025-10-21,CVX,147.9596710205078,6304900.0,Yahoo Finance,2026-09-21T04:37:35+00:00,2025-12-18
2025-10-22,CVX,149.67221069335938,6036700.0,Yahoo Finance,2026-09-21T04:37:35+00:00,2025-12-18
2025-10-23,CVX,150.62466430664062,9810900.0,Yahoo Finance,2026-09-21T04:37:35+00:00,2025-12-18
2025-10-24,CVX,149.66256713867188,4979900.0,Yahoo Finance,2026-09-21T04:37:35+00:00,2025-12-18
2025-10-27,CVX,149.3931884765625,4884400.0,Yahoo Finance,2026-09-21T04:37:35+00:00,2025-12-18
2025-10-28,CVX,148.28680419921875,5066500.0,Yahoo Finance,2026-09-21T04:37:35+00:00,2025-12-18
2025-10-29,CVX,149.2200164794922,7344400.0,Yahoo Finance,2026-09-21T04:37:35+00:00,2025-12-18
2025-10-30,CVX,147.69992065429688,8971200.0,Yahoo Finance,2026-09-21T04:37:35+00:00,2025-12-18
2025-10-31,CVX,151.74070739746094,11136100.0,Yahoo Finance,2026-09-21T04:37:35+00:00,2025-12-18
2025-11-03,CVX,148.20021057128906,8512200.0,Yahoo Finance,2026-09-21T04:37:35+00:00,2025-12-18
2025-11-04,CVX,147.57484436035156,6976800.0,Yahoo Finance,2026-09-21T04:37:35+00:00,2025-12-18
2025-11-05,CVX,146.8725128173828,5894700.0,Yahoo Finance,2026-09-21T04:37:35+00:00,2025-12-18
2025-11-06,CVX,147.14190673828125,6466300.0,Yahoo Finance,2026-09-21T04:37:35+00:00,2025-12-18
2025-11-07,CVX,149.14306640625,9835900.0,Yahoo Finance,2026-09-21T04:37:35+00:00,2025-12-18
2025-11-10,CVX,149.74917602539062,8436800.0,Yahoo Finance,2026-09-21T04:37:35+00:00,2025-12-18
2025-11-11,CVX,150.31680297851562,6361400.0,Yahoo Finance,2026-09-21T04:37:35+00:00,2025-12-18
2025-11-12,CVX,147.50750732421875,11670900.0,Yahoo Finance,2026-09-21T04:37:35+00:00,2025-12-18
2025-11-13,CVX,149.6818084716797,7998700.0,Yahoo Finance,2026-09-21T04:37:35+00:00,2025-12-18
2025-11-14,CVX,151.6444854736328,8484800.0,Yahoo Finance,2026-09-21T04:37:35+00:00,2025-12-18
2025-11-17,CVX,148.95065307617188,8745000.0,Yahoo Finance,2026-09-21T04:37:35+00:00,2025-12-18
2025-11-18,CVX,149.44679260253906,10813400.0,Yahoo Finance,2026-09-21T04:37:35+00:00,2025-12-18
2025-11-19,CVX,147.57894897460938,7539900.0,Yahoo Finance,2026-09-21T04:37:35+00:00,2025-12-18
2025-11-20,CVX,146.2266845703125,7623400.0,Yahoo Finance,2026-09-21T04:37:35+00:00,2025-12-18
2025-11-21,CVX,145.90567016601562,9248400.0,Yahoo Finance,2026-09-21T04:37:35+00:00,2025-12-18
2025-11-24,CVX,145.68191528320312,14181100.0,Yahoo Finance,2026-09-21T04:37:35+00:00,2025-12-18
2025-11-25,CVX,144.49505615234375,11447900.0,Yahoo Finance,2026-09-21T04:37:35+00:00,2025-12-18
2025-11-26,CVX,145.4484405517578,7578900.0,Yahoo Finance,2026-09-21T04:37:35+00:00,2025-12-18
2025-11-28,CVX,147.02442932128906,3848600.0,Yahoo Finance,2026-09-21T04:37:35+00:00,2025-12-18
2025-12-01,CVX,148.3961181640625,8209000.0,Yahoo Finance,2026-09-21T04:37:35+00:00,2025-12-18
2025-12-02,CVX,146.1683349609375,9196300.0,Yahoo Finance,2026-09-21T04:37:35+00:00,2025-12-18
2025-12-03,CVX,147.471923828125,8060200.0,Yahoo Finance,2026-09-21T04:37:35+00:00,2025-12-18
2025-12-04,CVX,148.12371826171875,7254700.0,Yahoo Finance,2026-09-21T04:37:35+00:00,2025-12-18
2025-12-05,CVX,145.9251251220703,12659800.0,Yahoo Finance,2026-09-21T04:37:35+00:00,2025-12-18
2025-12-08,CVX,144.67018127441406,10237200.0,Yahoo Finance,2026-09-21T04:37:35+00:00,2025-12-18
2025-12-09,CVX,144.45616149902344,8916700.0,Yahoo Finance,2026-09-21T04:37:35+00:00,2025-12-18
2025-12-10,CVX,147.29681396484375,10976300.0,Yahoo Finance,2026-09-21T04:37:35+00:00,2025-12-18
2025-12-11,CVX,146.6255645751953,8414200.0,Yahoo Finance,2026-09-21T04:37:35+00:00,2025-12-18
2025-12-12,CVX,145.9154052734375,5848100.0,Yahoo Finance,2026-09-21T04:37:35+00:00,2025-12-18
2025-12-15,CVX,145.73056030273438,7503000.0,Yahoo Finance,2026-09-21T04:37:35+00:00,2025-12-18
2025-12-16,CVX,142.76339721679688,11290500.0,Yahoo Finance,2026-09-21T04:37:35+00:00,2025-12-18
2025-12-17,CVX,145.4581756591797,8805300.0,Yahoo Finance,2026-09-21T04:37:35+00:00,2025-12-18
2025-12-18,CVX,143.67788696289062,6998800.0,Yahoo Finance,2026-09-21T04:37:35+00:00,2025-12-18
2024-11-13,GE,181.7314453125,3934800.0,Yahoo Finance,2026-09-21T04:37:35+00:00,2025-12-18
2024-11-14,GE,176.6228485107422,5085600.0,Yahoo Finance,2026-09-21T04:37:35+00:00,2025-12-18
2024-11-15,GE,175.16749572753906,5302100.0,Yahoo Finance,2026-09-21T04:37:35+00:00,2025-12-18
2024-11-18,GE,175.75164794921875,2833800.0,Yahoo Finance,2026-09-21T04:37:35+00:00,2025-12-18
2024-11-19,GE,175.79122924804688,3216000.0,Yahoo Finance,2026-09-21T04:37:35+00:00,2025-12-18
2024-11-20,GE,176.20703125,3225400.0,Yahoo Finance,2026-09-21T04:37:35+00:00,2025-12-18
2024-11-21,GE,176.9198760986328,4532000.0,Yahoo Finance,2026-09-21T04:37:35+00:00,2025-12-18
2024-11-22,GE,179.34548950195312,3405200.0,Yahoo Finance,2026-09-21T04:37:35+00:00,2025-12-18
2024-11-25,GE,178.41485595703125,9740700.0,Yahoo Finance,2026-09-21T04:37:35+00:00,2025-12-18
2024-11-26,GE,182.76109313964844,3918900.0,Yahoo Finance,2026-09-21T04:37:35+00:00,2025-12-18
2024-11-27,GE,178.8009490966797,2726200.0,Yahoo Finance,2026-09-21T04:37:35+00:00,2025-12-18
2024-11-29,GE,180.3454132080078,2054700.0,Yahoo Finance,2026-09-21T04:37:35+00:00,2025-12-18
2024-12-02,GE,178.64256286621094,2817700.0,Yahoo Finance,2026-09-21T04:37:35+00:00,2025-12-18
2024-12-03,GE,178.9197540283203,2882300.0,Yahoo Finance,2026-09-21T04:37:35+00:00,2025-12-18
2024-12-04,GE,180.8305206298828,3713400.0,Yahoo Finance,2026-09-21T04:37:35+00:00,2025-12-18
2024-12-05,GE,171.1875457763672,7547300.0,Yahoo Finance,2026-09-21T04:37:35+00:00,2025-12-18
2024-12-06,GE,173.8309783935547,6899600.0,Yahoo Finance,2026-09-21T04:37:35+00:00,2025-12-18
2024-12-09,GE,169.6134033203125,6500800.0,Yahoo Finance,2026-09-21T04:37:35+00:00,2025-12-18
2024-12-10,GE,169.5639190673828,5100300.0,Yahoo Finance,2026-09-21T04:37:35+00:00,2025-12-18
2024-12-11,GE,166.96009826660156,7606400.0,Yahoo Finance,2026-09-21T04:37:35+00:00,2025-12-18
2024-12-12,GE,163.1880340576172,7808600.0,Yahoo Finance,2026-09-21T04:37:35+00:00,2025-12-18
2024-12-13,GE,164.3562774658203,4957100.0,Yahoo Finance,2026-09-21T04:37:35+00:00,2025-12-18
2024-12-16,GE,164.1384735107422,7436000.0,Yahoo Finance,2026-09-21T04:37:35+00:00,2025-12-18
2024-12-17,GE,164.14837646484375,4855100.0,Yahoo Finance,2026-09-21T04:37:35+00:00,2025-12-18
2024-12-18,GE,158.35667419433594,8059100.0,Yahoo Finance,2026-09-21T04:37:35+00:00,2025-12-18
2024-12-19,GE,163.15835571289062,6257600.0,Yahoo Finance,2026-09-21T04:37:35+00:00,2025-12-18
2024-12-20,GE,166.69277954101562,9281500.0,Yahoo Finance,2026-09-21T04:37:35+00:00,2025-12-18
2024-12-23,GE,167.33631896972656,4127700.0,Yahoo Finance,2026-09-21T04:37:35+00:00,2025-12-18
2024-12-24,GE,169.78172302246094,2235700.0,Yahoo Finance,2026-09-21T04:37:35+00:00,2025-12-18
2024-12-26,GE,170.4351043701172,3309700.0,Yahoo Finance,2026-09-21T04:37:35+00:00,2025-12-18
2024-12-27,GE,168.66006469726562,3188400.0,Yahoo Finance,2026-09-21T04:37:35+00:00,2025-12-18
2024-12-30,GE,166.6966094970703,4117500.0,Yahoo Finance,2026-09-21T04:37:35+00:00,2025-12-18
2024-12-31,GE,165.39752197265625,2806900.0,Yahoo Finance,2026-09-21T04:37:35+00:00,2025-12-18
2025-01-02,GE,167.18251037597656,4148000.0,Yahoo Finance,2026-09-21T04:37:35+00:00,2025-12-18
2025-01-03,GE,170.52439880371094,3975500.0,Yahoo Finance,2026-09-21T04:37:35+00:00,2025-12-18
2025-01-06,GE,171.01026916503906,4980300.0,Yahoo Finance,2026-09-21T04:37:35+00:00,2025-12-18
2025-01-07,GE,170.87144470214844,6496400.0,Yahoo Finance,2026-09-21T04:37:35+00:00,2025-12-18
2025-01-08,GE,171.44662475585938,4527700.0,Yahoo Finance,2026-09-21T04:37:35+00:00,2025-12-18
2025-01-10,GE,170.25662231445312,5131200.0,Yahoo Finance,2026-09-21T04:37:35+00:00,2025-12-18
2025-01-13,GE,170.1376495361328,5610800.0,Yahoo Finance,2026-09-21T04:37:35+00:00,2025-12-18
2025-01-14,GE,175.38348388671875,6432700.0,Yahoo Finance,2026-09-21T04:37:35+00:00,2025-12-18
2025-01-15,GE,178.78482055664062,7397000.0,Yahoo Finance,2026-09-21T04:37:35+00:00,2025-12-18
2025-01-16,GE,178.2394256591797,6144700.0,Yahoo Finance,2026-09-21T04:37:35+00:00,2025-12-18
2025-01-17,GE,181.3234405517578,5899100.0,Yahoo Finance,2026-09-21T04:37:35+00:00,2025-12-18
2025-01-21,GE,185.93463134765625,7508400.0,Yahoo Finance,2026-09-21T04:37:35+00:00,2025-12-18
2025-01-22,GE,186.78744506835938,7457800.0,Yahoo Finance,2026-09-21T04:37:35+00:00,2025-12-18
2025-01-23,GE,199.1236114501953,14403500.0,Yahoo Finance,2026-09-21T04:37:35+00:00,2025-12-18
2025-01-24,GE,195.107421875,7835700.0,Yahoo Finance,2026-09-21T04:37:35+00:00,2025-12-18
2025-01-27,GE,192.8365478515625,7674800.0,Yahoo Finance,2026-09-21T04:37:35+00:00,2025-12-18
2025-01-28,GE,192.80674743652344,4858800.0,Yahoo Finance,2026-09-21T04:37:35+00:00,2025-12-18
2025-01-29,GE,197.43780517578125,5595800.0,Yahoo Finance,2026-09-21T04:37:35+00:00,2025-12-18
2025-01-30,GE,203.85377502441406,6282100.0,Yahoo Finance,2026-09-21T04:37:35+00:00,2025-12-18
2025-01-31,GE,201.87049865722656,5507800.0,Yahoo Finance,2026-09-21T04:37:35+00:00,2025-12-18
2025-02-03,GE,202.40599060058594,4678300.0,Yahoo Finance,2026-09-21T04:37:35+00:00,2025-12-18
2025-02-04,GE,200.49208068847656,5413800.0,Yahoo Finance,2026-09-21T04:37:35+00:00,2025-12-18
2025-02-05,GE,202.87203979492188,3239400.0,Yahoo Finance,2026-09-21T04:37:35+00:00,2025-12-18
2025-02-06,GE,204.3396759033203,3113200.0,Yahoo Finance,2026-09-21T04:37:35+00:00,2025-12-18
2025-02-07,GE,203.56619262695312,3954400.0,Yahoo Finance,2026-09-21T04:37:35+00:00,2025-12-18
2025-02-10,GE,203.50669860839844,3787500.0,Yahoo Finance,2026-09-21T04:37:35+00:00,2025-12-18
2025-02-11,GE,207.07666015625,4110900.0,Yahoo Finance,2026-09-21T04:37:35+00:00,2025-12-18
2025-02-12,GE,207.8898162841797,4595200.0,Yahoo Finance,2026-09-21T04:37:35+00:00,2025-12-18
2025-02-13,GE,206.6204833984375,3763300.0,Yahoo Finance,2026-09-21T04:37:35+00:00,2025-12-18
2025-02-14,GE,206.53123474121094,4268500.0,Yahoo Finance,2026-09-21T04:37:35+00:00,2025-12-18
2025-02-18,GE,208.32614135742188,4396000.0,Yahoo Finance,2026-09-21T04:37:35+00:00,2025-12-18
2025-02-19,GE,208.74261474609375,2699100.0,Yahoo Finance,2026-09-21T04:37:35+00:00,2025-12-18
2025-02-20,GE,206.99732971191406,2969100.0,Yahoo Finance,2026-09-21T04:37:35+00:00,2025-12-18
2025-02-21,GE,198.16171264648438,5419500.0,Yahoo Finance,2026-09-21T04:37:35+00:00,2025-12-18
2025-02-24,GE,197.0510711669922,4299100.0,Yahoo Finance,2026-09-21T04:37:35+00:00,2025-12-18
2025-02-25,GE,197.60638427734375,4121400.0,Yahoo Finance,2026-09-21T04:37:35+00:00,2025-12-18
2025-02-26,GE,199.92686462402344,3157400.0,Yahoo Finance,2026-09-21T04:37:35+00:00,2025-12-18
2025-02-27,GE,199.7483367919922,3480200.0,Yahoo Finance,2026-09-21T04:37:35+00:00,2025-12-18
2025-02-28,GE,205.2520294189453,6117400.0,Yahoo Finance,2026-09-21T04:37:35+00:00,2025-12-18
2025-03-03,GE,200.27395629882812,5376400.0,Yahoo Finance,2026-09-21T04:37:35+00:00,2025-12-18
2025-03-04,GE,197.11053466796875,6164200.0,Yahoo Finance,2026-09-21T04:37:35+00:00,2025-12-18
2025-03-05,GE,200.8094024658203,6221200.0,Yahoo Finance,2026-09-21T04:37:35+00:00,2025-12-18
2025-03-06,GE,194.41326904296875,5621400.0,Yahoo Finance,2026-09-21T04:37:35+00:00,2025-12-18
2025-03-07,GE,192.2316131591797,7681300.0,Yahoo Finance,2026-09-21T04:37:35+00:00,2025-12-18
2025-03-10,GE,190.87054443359375,6195000.0,Yahoo Finance,2026-09-21T04:37:35+00:00,2025-12-18
2025-03-11,GE,190.47315979003906,5356700.0,Yahoo Finance,2026-09-21T04:37:35+00:00,2025-12-18
2025-03-12,GE,193.73182678222656,4735000.0,Yahoo Finance,2026-09-21T04:37:35+00:00,2025-12-18
2025-03-13,GE,191.16859436035156,3837200.0,Yahoo Finance,2026-09-21T04:37:35+00:00,2025-12-18
2025-03-14,GE,195.82809448242188,3263200.0,Yahoo Finance,2026-09-21T04:37:35+00:00,2025-12-18
2025-03-17,GE,200.716064453125,3733000.0,Yahoo Finance,2026-09-21T04:37:35+00:00,2025-12-18
2025-03-18,GE,199.484130859375,3983100.0,Yahoo Finance,2026-09-21T04:37:35+00:00,2025-12-18
2025-03-19,GE,204.23306274414062,3564000.0,Yahoo Finance,2026-09-21T04:37:35+00:00,2025-12-18
2025-03-20,GE,202.60372924804688,3970800.0,Yahoo Finance,2026-09-21T04:37:35+00:00,2025-12-18
2025-03-21,GE,202.80242919921875,7976300.0,Yahoo Finance,2026-09-21T04:37:35+00:00,2025-12-18
2025-03-24,GE,208.8627471923828,4043900.0,Yahoo Finance,2026-09-21T04:37:35+00:00,2025-12-18
2025-03-25,GE,210.75039672851562,4315200.0,Yahoo Finance,2026-09-21T04:37:35+00:00,2025-12-18
2025-03-26,GE,206.0213623046875,4791100.0,Yahoo Finance,2026-09-21T04:37:35+00:00,2025-12-18
2025-03-27,GE,204.54104614257812,3301900.0,Yahoo Finance,2026-09-21T04:37:35+00:00,2025-12-18
2025-03-28,GE,198.58006286621094,5178400.0,Yahoo Finance,2026-09-21T04:37:35+00:00,2025-12-18
2025-03-31,GE,198.84829711914062,6923100.0,Yahoo Finance,2026-09-21T04:37:35+00:00,2025-12-18
2025-04-01,GE,202.46463012695312,3854000.0,Yahoo Finance,2026-09-21T04:37:35+00:00,2025-12-18
2025-04-02,GE,198.47079467773438,6026500.0,Yahoo Finance,2026-09-21T04:37:35+00:00,2025-12-18
2025-04-03,GE,186.4097137451172,12750500.0,Yahoo Finance,2026-09-21T04:37:35+00:00,2025-12-18
2025-04-04,GE,165.7251434326172,18167100.0,Yahoo Finance,2026-09-21T04:37:35+00:00,2025-12-18
2025-04-07,GE,166.60934448242188,18545500.0,Yahoo Finance,2026-09-21T04:37:35+00:00,2025-12-18
2025-04-08,GE,168.2684783935547,11903400.0,Yahoo Finance,2026-09-21T04:37:35+00:00,2025-12-18
2025-04-09,GE,186.0520782470703,12548600.0,Yahoo Finance,2026-09-21T04:37:35+00:00,2025-12-18
2025-04-10,GE,180.32952880859375,8150900.0,Yahoo Finance,2026-09-21T04:37:35+00:00,2025-12-18
2025-04-11,GE,180.48851013183594,6491100.0,Yahoo Finance,2026-09-21T04:37:35+00:00,2025-12-18
2025-04-14,GE,184.7903289794922,5319100.0,Yahoo Finance,2026-09-21T04:37:35+00:00,2025-12-18
2025-04-15,GE,184.4624786376953,4999300.0,Yahoo Finance,2026-09-21T04:37:35+00:00,2025-12-18
2025-04-16,GE,181.26341247558594,5128000.0,Yahoo Finance,2026-09-21T04:37:35+00:00,2025-12-18
2025-04-17,GE,180.60772705078125,4932000.0,Yahoo Finance,2026-09-21T04:37:35+00:00,2025-12-18
2025-04-21,GE,177.19009399414062,8501600.0,Yahoo Finance,2026-09-21T04:37:35+00:00,2025-12-18
2025-04-22,GE,187.94964599609375,13041000.0,Yahoo Finance,2026-09-21T04:37:35+00:00,2025-12-18
2025-04-23,GE,192.4203643798828,7235700.0,Yahoo Finance,2026-09-21T04:37:35+00:00,2025-12-18
2025-04-24,GE,196.12612915039062,5906300.0,Yahoo Finance,2026-09-21T04:37:35+00:00,2025-12-18
2025-04-25,GE,197.13949584960938,4390600.0,Yahoo Finance,2026-09-21T04:37:35+00:00,2025-12-18
2025-04-28,GE,199.55369567871094,3416900.0,Yahoo Finance,2026-09-21T04:37:35+00:00,2025-12-18
2025-04-29,GE,199.196044921875,3444200.0,Yahoo Finance,2026-09-21T04:37:35+00:00,2025-12-18
2025-04-30,GE,200.22926330566406,4436300.0,Yahoo Finance,2026-09-21T04:37:35+00:00,2025-12-18
2025-05-01,GE,202.2858123779297,4687600.0,Yahoo Finance,2026-09-21T04:37:35+00:00,2025-12-18
2025-05-02,GE,206.34921264648438,3831700.0,Yahoo Finance,2026-09-21T04:37:35+00:00,2025-12-18
2025-05-05,GE,207.58114624023438,4466500.0,Yahoo Finance,2026-09-21T04:37:35+00:00,2025-12-18
2025-05-06,GE,207.24337768554688,3169600.0,Yahoo Finance,2026-09-21T04:37:35+00:00,2025-12-18
2025-05-07,GE,208.55477905273438,3968300.0,Yahoo Finance,2026-09-21T04:37:35+00:00,2025-12-18
2025-05-08,GE,213.09507751464844,5870300.0,Yahoo Finance,2026-09-21T04:37:35+00:00,2025-12-18
2025-05-09,GE,213.56199645996094,3778200.0,Yahoo Finance,2026-09-21T04:37:35+00:00,2025-12-18
2025-05-12,GE,217.52603149414062,5468000.0,Yahoo Finance,2026-09-21T04:37:35+00:00,2025-12-18
2025-05-13,GE,220.13893127441406,7188700.0,Yahoo Finance,2026-09-21T04:37:35+00:00,2025-12-18
2025-05-14,GE,221.78817749023438,4764700.0,Yahoo Finance,2026-09-21T04:37:35+00:00,2025-12-18
2025-05-15,GE,227.88821411132812,7207700.0,Yahoo Finance,2026-09-21T04:37:35+00:00,2025-12-18
2025-05-16,GE,230.27259826660156,4651700.0,Yahoo Finance,2026-09-21T04:37:35+00:00,2025-12-18
2025-05-19,GE,233.759765625,4734400.0,Yahoo Finance,2026-09-21T04:37:35+00:00,2025-12-18
2025-05-20,GE,233.72996520996094,4311000.0,Yahoo Finance,2026-09-21T04:37:35+00:00,2025-12-18
2025-05-21,GE,232.02114868164062,4631000.0,Yahoo Finance,2026-09-21T04:37:35+00:00,2025-12-18
2025-05-22,GE,228.77243041992188,6909400.0,Yahoo Finance,2026-09-21T04:37:35+00:00,2025-12-18
2025-05-23,GE,231.27606201171875,4234200.0,Yahoo Finance,2026-09-21T04:37:35+00:00,2025-12-18
2025-05-27,GE,240.20758056640625,7162400.0,Yahoo Finance,2026-09-21T04:37:35+00:00,2025-12-18
2025-05-28,GE,242.08526611328125,9570500.0,Yahoo Finance,2026-09-21T04:37:35+00:00,2025-12-18
2025-05-29,GE,242.57208251953125,5243700.0,Yahoo Finance,2026-09-21T04:37:35+00:00,2025-12-18
2025-05-30,GE,244.31069946289062,9143000.0,Yahoo Finance,2026-09-21T04:37:35+00:00,2025-12-18
2025-06-02,GE,245.87049865722656,5450800.0,Yahoo Finance,2026-09-21T04:37:35+00:00,2025-12-18
2025-06-03,GE,247.25146484375,6456200.0,Yahoo Finance,2026-09-21T04:37:35+00:00,2025-12-18
2025-06-04,GE,249.2483673095703,5811500.0,Yahoo Finance,2026-09-21T04:37:35+00:00,2025-12-18
2025-06-05,GE,250.28160095214844,4188200.0,Yahoo Finance,2026-09-21T04:37:35+00:00,2025-12-18
2025-06-06,GE,253.96749877929688,5796700.0,Yahoo Finance,2026-09-21T04:37:35+00:00,2025-12-18
2025-06-09,GE,249.7749481201172,5771600.0,Yahoo Finance,2026-09-21T04:37:35+00:00,2025-12-18
2025-06-10,GE,240.4261474609375,11230900.0,Yahoo Finance,2026-09-21T04:37:35+00:00,2025-12-18
2025-06-11,GE,243.92324829101562,6940800.0,Yahoo Finance,2026-09-21T04:37:35+00:00,2025-12-18
2025-06-12,GE,238.42921447753906,8946600.0,Yahoo Finance,2026-09-21T04:37:35+00:00,2025-12-18
2025-06-13,GE,235.06124877929688,7420300.0,Yahoo Finance,2026-09-21T04:37:35+00:00,2025-12-18
2025-06-16,GE,235.0016326904297,4505600.0,Yahoo Finance,2026-09-21T04:37:35+00:00,2025-12-18
2025-06-17,GE,234.21678161621094,5720500.0,Yahoo Finance,2026-09-21T04:37:35+00:00,2025-12-18
2025-06-18,GE,234.3558807373047,7761100.0,Yahoo Finance,2026-09-21T04:37:35+00:00,2025-12-18
2025-06-20,GE,237.81324768066406,9142100.0,Yahoo Finance,2026-09-21T04:37:35+00:00,2025-12-18
2025-06-23,GE,246.19834899902344,8052000.0,Yahoo Finance,2026-09-21T04:37:35+00:00,2025-12-18
2025-06-24,GE,247.1322479248047,5255700.0,Yahoo Finance,2026-09-21T04:37:35+00:00,2025-12-18
2025-06-25,GE,248.27476501464844,5197400.0,Yahoo Finance,2026-09-21T04:37:35+00:00,2025-12-18
2025-06-26,GE,249.3675994873047,6790300.0,Yahoo Finance,2026-09-21T04:37:35+00:00,2025-12-18
2025-06-27,GE,252.85476684570312,26988000.0,Yahoo Finance,2026-09-21T04:37:35+00:00,2025-12-18
2025-06-30,GE,255.716064453125,8135800.0,Yahoo Finance,2026-09-21T04:37:35+00:00,2025-12-18
2025-07-01,GE,247.40048217773438,7178300.0,Yahoo Finance,2026-09-21T04:37:35+00:00,2025-12-18
2025-07-02,GE,243.1582489013672,6228600.0,Yahoo Finance,2026-09-21T04:37:35+00:00,2025-12-18
2025-07-03,GE,245.2744140625,3089500.0,Yahoo Finance,2026-09-21T04:37:35+00:00,2025-12-18
2025-07-07,GE,247.39364624023438,5336400.0,Yahoo Finance,2026-09-21T04:37:35+00:00,2025-12-18
2025-07-08,GE,245.80172729492188,5994500.0,Yahoo Finance,2026-09-21T04:37:35+00:00,2025-12-18
2025-07-09,GE,249.0651397705078,5589500.0,Yahoo Finance,2026-09-21T04:37:35+00:00,2025-12-18
2025-07-10,GE,251.29385375976562,5462500.0,Yahoo Finance,2026-09-21T04:37:35+00:00,2025-12-18
2025-07-11,GE,254.1294403076172,7867200.0,Yahoo Finance,2026-09-21T04:37:35+00:00,2025-12-18
2025-07-14,GE,261.01446533203125,7502200.0,Yahoo Finance,2026-09-21T04:37:35+00:00,2025-12-18
2025-07-15,GE,263.33270263671875,9392400.0,Yahoo Finance,2026-09-21T04:37:35+00:00,2025-12-18
2025-07-16,GE,264.8350524902344,11912900.0,Yahoo Finance,2026-09-21T04:37:35+00:00,2025-12-18
2025-07-17,GE,258.9648742675781,16260200.0,Yahoo Finance,2026-09-21T04:37:35+00:00,2025-12-18
2025-07-18,GE,261.93975830078125,8619800.0,Yahoo Finance,2026-09-21T04:37:35+00:00,2025-12-18
2025-07-21,GE,261.5318298339844,5208500.0,Yahoo Finance,2026-09-21T04:37:35+00:00,2025-12-18
2025-07-22,GE,257.6913146972656,4751300.0,Yahoo Finance,2026-09-21T04:37:35+00:00,2025-12-18
2025-07-23,GE,261.8502197265625,4689800.0,Yahoo Finance,2026-09-21T04:37:35+00:00,2025-12-18
2025-07-24,GE,266.65582275390625,5206700.0,Yahoo Finance,2026-09-21T04:37:35+00:00,2025-12-18
2025-07-25,GE,270.2177429199219,4598400.0,Yahoo Finance,2026-09-21T04:37:35+00:00,2025-12-18
2025-07-28,GE,269.2427062988281,5006400.0,Yahoo Finance,2026-09-21T04:37:35+00:00,2025-12-18
2025-07-29,GE,268.9442138671875,4125300.0,Yahoo Finance,2026-09-21T04:37:35+00:00,2025-12-18
2025-07-30,GE,272.1678161621094,4697000.0,Yahoo Finance,2026-09-21T04:37:35+00:00,2025-12-18
2025-07-31,GE,269.7102966308594,4524000.0,Yahoo Finance,2026-09-21T04:37:35+00:00,2025-12-18
2025-08-01,GE,268.0189514160156,4416300.0,Yahoo Finance,2026-09-21T04:37:35+00:00,2025-12-18
2025-08-04,GE,274.83428955078125,3744000.0,Yahoo Finance,2026-09-21T04:37:35+00:00,2025-12-18
2025-08-05,GE,270.7450256347656,4000600.0,Yahoo Finance,2026-09-21T04:37:35+00:00,2025-12-18
2025-08-06,GE,270.9042663574219,3576800.0,Yahoo Finance,2026-09-21T04:37:35+00:00,2025-12-18
2025-08-07,GE,270.6455383300781,3050400.0,Yahoo Finance,2026-09-21T04:37:35+00:00,2025-12-18
2025-08-08,GE,273.6204528808594,4467300.0,Yahoo Finance,2026-09-21T04:37:35+00:00,2025-12-18
2025-08-11,GE,273.80950927734375,3360100.0,Yahoo Finance,2026-09-21T04:37:35+00:00,2025-12-18
2025-08-12,GE,278.21710205078125,3630100.0,Yahoo Finance,2026-09-21T04:37:35+00:00,2025-12-18
2025-08-13,GE,267.50152587890625,7599600.0,Yahoo Finance,2026-09-21T04:37:35+00:00,2025-12-18
2025-08-14,GE,268.3373107910156,4481700.0,Yahoo Finance,2026-09-21T04:37:35+00:00,2025-12-18
2025-08-15,GE,266.49664306640625,5203300.0,Yahoo Finance,2026-09-21T04:37:35+00:00,2025-12-18
2025-08-18,GE,267.0935974121094,2697000.0,Yahoo Finance,2026-09-21T04:37:35+00:00,2025-12-18
2025-08-19,GE,264.5863342285156,3404900.0,Yahoo Finance,2026-09-21T04:37:35+00:00,2025-12-18
2025-08-20,GE,265.09375,3854700.0,Yahoo Finance,2026-09-21T04:37:35+00:00,2025-12-18
2025-08-21,GE,267.3522644042969,3266400.0,Yahoo Finance,2026-09-21T04:37:35+00:00,2025-12-18
2025-08-22,GE,265.1833190917969,5229300.0,Yahoo Finance,2026-09-21T04:37:35+00:00,2025-12-18
2025-08-25,GE,265.2628479003906,4301600.0,Yahoo Finance,2026-09-21T04:37:35+00:00,2025-12-18
2025-08-26,GE,272.5558776855469,4693500.0,Yahoo Finance,2026-09-21T04:37:35+00:00,2025-12-18
2025-08-27,GE,271.9688415527344,2705700.0,Yahoo Finance,2026-09-21T04:37:35+00:00,2025-12-18
2025-08-28,GE,274.6054382324219,3388100.0,Yahoo Finance,2026-09-21T04:37:35+00:00,2025-12-18
2025-08-29,GE,273.80950927734375,5037100.0,Yahoo Finance,2026-09-21T04:37:35+00:00,2025-12-18
2025-09-02,GE,273.9985656738281,4081200.0,Yahoo Finance,2026-09-21T04:37:35+00:00,2025-12-18
2025-09-03,GE,274.5357666015625,4120400.0,Yahoo Finance,2026-09-21T04:37:35+00:00,2025-12-18
2025-09-04,GE,280.84375,4591300.0,Yahoo Finance,2026-09-21T04:37:35+00:00,2025-12-18
2025-09-05,GE,277.81915283203125,4952600.0,Yahoo Finance,2026-09-21T04:37:35+00:00,2025-12-18
2025-09-08,GE,274.6551818847656,5008600.0,Yahoo Finance,2026-09-21T04:37:35+00:00,2025-12-18
2025-09-09,GE,274.84423828125,3073600.0,Yahoo Finance,2026-09-21T04:37:35+00:00,2025-12-18
2025-09-10,GE,281.9779968261719,3206400.0,Yahoo Finance,2026-09-21T04:37:35+00:00,2025-12-18
2025-09-11,GE,280.1373596191406,4016800.0,Yahoo Finance,2026-09-21T04:37:35+00:00,2025-12-18
2025-09-12,GE,280.2667236328125,3249700.0,Yahoo Finance,2026-09-21T04:37:35+00:00,2025-12-18
2025-09-15,GE,285.3309631347656,3716600.0,Yahoo Finance,2026-09-21T04:37:35+00:00,2025-12-18
2025-09-16,GE,291.4897155761719,5538400.0,Yahoo Finance,2026-09-21T04:37:35+00:00,2025-12-18
2025-09-17,GE,288.0372619628906,4149600.0,Yahoo Finance,2026-09-21T04:37:35+00:00,2025-12-18
2025-09-18,GE,295.5888977050781,3977500.0,Yahoo Finance,2026-09-21T04:37:35+00:00,2025-12-18
2025-09-19,GE,299.6184387207031,9652600.0,Yahoo Finance,2026-09-21T04:37:35+00:00,2025-12-18
2025-09-22,GE,299.4990234375,4192800.0,Yahoo Finance,2026-09-21T04:37:35+00:00,2025-12-18
2025-09-23,GE,304.08575439453125,3637400.0,Yahoo Finance,2026-09-21T04:37:35+00:00,2025-12-18
2025-09-24,GE,298.78265380859375,5645500.0,Yahoo Finance,2026-09-21T04:37:35+00:00,2025-12-18
2025-09-25,GE,295.67840576171875,4504500.0,Yahoo Finance,2026-09-21T04:37:35+00:00,2025-12-18
2025-09-26,GE,293.48956298828125,3817600.0,Yahoo Finance,2026-09-21T04:37:35+00:00,2025-12-18
2025-09-29,GE,292.50335693359375,3860800.0,Yahoo Finance,2026-09-21T04:37:35+00:00,2025-12-18
2025-09-30,GE,299.665771484375,4112400.0,Yahoo Finance,2026-09-21T04:37:35+00:00,2025-12-18
2025-10-01,GE,299.7255554199219,3633300.0,Yahoo Finance,2026-09-21T04:37:35+00:00,2025-12-18
2025-10-02,GE,298.301025390625,2508200.0,Yahoo Finance,2026-09-21T04:37:35+00:00,2025-12-18
2025-10-03,GE,295.8604431152344,2817000.0,Yahoo Finance,2026-09-21T04:37:35+00:00,2025-12-18
2025-10-06,GE,297.07574462890625,2759800.0,Yahoo Finance,2026-09-21T04:37:35+00:00,2025-12-18
2025-10-07,GE,300.58221435546875,2578800.0,Yahoo Finance,2026-09-21T04:37:35+00:00,2025-12-18
2025-10-08,GE,301.3990783691406,2658600.0,Yahoo Finance,2026-09-21T04:37:35+00:00,2025-12-18
2025-10-09,GE,298.201416015625,4292500.0,Yahoo Finance,2026-09-21T04:37:35+00:00,2025-12-18
2025-10-10,GE,290.3715515136719,3380000.0,Yahoo Finance,2026-09-21T04:37:35+00:00,2025-12-18
2025-10-13,GE,296.38836669921875,2604100.0,Yahoo Finance,2026-09-21T04:37:35+00:00,2025-12-18
2025-10-14,GE,298.9285888671875,2516500.0,Yahoo Finance,2026-09-21T04:37:35+00:00,2025-12-18
2025-10-15,GE,298.96844482421875,2773000.0,Yahoo Finance,2026-09-21T04:37:35+00:00,2025-12-18
2025-10-16,GE,298.68951416015625,2623100.0,Yahoo Finance,2026-09-21T04:37:35+00:00,2025-12-18
2025-10-17,GE,298.9883728027344,3949300.0,Yahoo Finance,2026-09-21T04:37:35+00:00,2025-12-18
2025-10-20,GE,301.5185852050781,5058700.0,Yahoo Finance,2026-09-21T04:37:35+00:00,2025-12-18
2025-10-21,GE,305.4534606933594,6726600.0,Yahoo Finance,2026-09-21T04:37:35+00:00,2025-12-18
2025-10-22,GE,296.7469787597656,5212200.0,Yahoo Finance,2026-09-21T04:37:35+00:00,2025-12-18
2025-10-23,GE,305.2143859863281,3091000.0,Yahoo Finance,2026-09-21T04:37:35+00:00,2025-12-18
2025-10-24,GE,302.7040710449219,3586800.0,Yahoo Finance,2026-09-21T04:37:35+00:00,2025-12-18
2025-10-27,GE,311.6396179199219,4244400.0,Yahoo Finance,2026-09-21T04:37:35+00:00,2025-12-18
2025-10-28,GE,308.6013488769531,3058100.0,Yahoo Finance,2026-09-21T04:37:35+00:00,2025-12-18
2025-10-29,GE,313.0741271972656,3596800.0,Yahoo Finance,2026-09-21T04:37:35+00:00,2025-12-18
2025-10-30,GE,309.5576477050781,3782000.0,Yahoo Finance,2026-09-21T04:37:35+00:00,2025-12-18
2025-10-31,GE,307.7645568847656,4023800.0,Yahoo Finance,2026-09-21T04:37:35+00:00,2025-12-18
2025-11-03,GE,307.4358215332031,3297600.0,Yahoo Finance,2026-09-21T04:37:35+00:00,2025-12-18
2025-11-04,GE,303.03277587890625,3938200.0,Yahoo Finance,2026-09-21T04:37:35+00:00,2025-12-18
2025-11-05,GE,303.93927001953125,4711100.0,Yahoo Finance,2026-09-21T04:37:35+00:00,2025-12-18
2025-11-06,GE,304.0986633300781,3467800.0,Yahoo Finance,2026-09-21T04:37:35+00:00,2025-12-18
2025-11-07,GE,306.0909729003906,4766500.0,Yahoo Finance,2026-09-21T04:37:35+00:00,2025-12-18
2025-11-10,GE,310.74310302734375,3716400.0,Yahoo Finance,2026-09-21T04:37:35+00:00,2025-12-18
2025-11-11,GE,309.52777099609375,2682200.0,Yahoo Finance,2026-09-21T04:37:35+00:00,2025-12-18
2025-11-12,GE,307.83428955078125,3884500.0,Yahoo Finance,2026-09-21T04:37:35+00:00,2025-12-18
2025-11-13,GE,303.0029296875,4153300.0,Yahoo Finance,2026-09-21T04:37:35+00:00,2025-12-18
2025-11-14,GE,303.6504211425781,2803300.0,Yahoo Finance,2026-09-21T04:37:35+00:00,2025-12-18
2025-11-17,GE,298.9784240722656,3076600.0,Yahoo Finance,2026-09-21T04:37:35+00:00,2025-12-18
2025-11-18,GE,294.8742370605469,4053600.0,Yahoo Finance,2026-09-21T04:37:35+00:00,2025-12-18
2025-11-19,GE,299.665771484375,2952600.0,Yahoo Finance,2026-09-21T04:37:35+00:00,2025-12-18
2025-11-20,GE,289.5049133300781,3733900.0,Yahoo Finance,2026-09-21T04:37:35+00:00,2025-12-18
2025-11-21,GE,286.33709716796875,5604100.0,Yahoo Finance,2026-09-21T04:37:35+00:00,2025-12-18
2025-11-24,GE,292.9217224121094,11909200.0,Yahoo Finance,2026-09-21T04:37:35+00:00,2025-12-18
2025-11-25,GE,292.3140869140625,4693100.0,Yahoo Finance,2026-09-21T04:37:35+00:00,2025-12-18
2025-11-26,GE,295.48187255859375,4113700.0,Yahoo Finance,2026-09-21T04:37:35+00:00,2025-12-18
2025-11-28,GE,297.3049011230469,1376400.0,Yahoo Finance,2026-09-21T04:37:35+00:00,2025-12-18
2025-12-01,GE,287.3432312011719,3756300.0,Yahoo Finance,2026-09-21T04:37:35+00:00,2025-12-18
2025-12-02,GE,288.20989990234375,4255800.0,Yahoo Finance,2026-09-21T04:37:35+00:00,2025-12-18
2025-12-03,GE,287.383056640625,4059500.0,Yahoo Finance,2026-09-21T04:37:35+00:00,2025-12-18
2025-12-04,GE,290.7401123046875,4195300.0,Yahoo Finance,2026-09-21T04:37:35+00:00,2025-12-18
2025-12-05,GE,282.8505554199219,5220300.0,Yahoo Finance,2026-09-21T04:37:35+00:00,2025-12-18
2025-12-08,GE,286.0880432128906,4333200.0,Yahoo Finance,2026-09-21T04:37:35+00:00,2025-12-18
2025-12-09,GE,284.2152404785156,3553400.0,Yahoo Finance,2026-09-21T04:37:35+00:00,2025-12-18
2025-12-10,GE,282.5118408203125,5807400.0,Yahoo Finance,2026-09-21T04:37:35+00:00,2025-12-18
2025-12-11,GE,287.3133544921875,5971500.0,Yahoo Finance,2026-09-21T04:37:35+00:00,2025-12-18
2025-12-12,GE,298.6596374511719,9381900.0,Yahoo Finance,2026-09-21T04:37:35+00:00,2025-12-18
2025-12-15,GE,299.8251647949219,6808600.0,Yahoo Finance,2026-09-21T04:37:35+00:00,2025-12-18
2025-12-16,GE,297.5837707519531,5271300.0,Yahoo Finance,2026-09-21T04:37:35+00:00,2025-12-18
2025-12-17,GE,291.05889892578125,3802500.0,Yahoo Finance,2026-09-21T04:37:35+00:00,2025-12-18
2025-12-18,GE,300.5324401855469,4495100.0,Yahoo Finance,2026-09-21T04:37:35+00:00,2025-12-18
2024-11-13,GOOGL,177.63262939453125,23184000.0,Yahoo Finance,2026-09-21T04:37:35+00:00,2025-12-18
2024-11-14,GOOGL,174.35565185546875,31007500.0,Yahoo Finance,2026-09-21T04:37:35+00:00,2025-12-18
2024-11-15,GOOGL,171.2871856689453,32504600.0,Yahoo Finance,2026-09-21T04:37:35+00:00,2025-12-18
2024-11-18,GOOGL,174.0775909423828,20135300.0,Yahoo Finance,2026-09-21T04:37:35+00:00,2025-12-18
2024-11-19,GOOGL,176.8779296875,23434900.0,Yahoo Finance,2026-09-21T04:37:35+00:00,2025-12-18
2024-11-20,GOOGL,174.7528533935547,18997100.0,Yahoo Finance,2026-09-21T04:37:35+00:00,2025-12-18
2024-11-21,GOOGL,166.46107482910156,59734400.0,Yahoo Finance,2026-09-21T04:37:35+00:00,2025-12-18
2024-11-22,GOOGL,163.61109924316406,38604600.0,Yahoo Finance,2026-09-21T04:37:35+00:00,2025-12-18
2024-11-25,GOOGL,166.48095703125,33135300.0,Yahoo Finance,2026-09-21T04:37:35+00:00,2025-12-18
2024-11-26,GOOGL,167.94070434570312,20486700.0,Yahoo Finance,2026-09-21T04:37:35+00:00,2025-12-18
2024-11-27,GOOGL,168.0499267578125,19266500.0,Yahoo Finance,2026-09-21T04:37:35+00:00,2025-12-18
2024-11-29,GOOGL,167.77186584472656,14257200.0,Yahoo Finance,2026-09-21T04:37:35+00:00,2025-12-18
2024-12-02,GOOGL,170.29415893554688,23789100.0,Yahoo Finance,2026-09-21T04:37:35+00:00,2025-12-18
2024-12-03,GOOGL,170.14523315429688,22248700.0,Yahoo Finance,2026-09-21T04:37:35+00:00,2025-12-18
2024-12-04,GOOGL,173.1540985107422,31615100.0,Yahoo Finance,2026-09-21T04:37:35+00:00,2025-12-18
2024-12-05,GOOGL,171.43614196777344,21356200.0,Yahoo Finance,2026-09-21T04:37:35+00:00,2025-12-18
2024-12-06,GOOGL,173.4917449951172,21462400.0,Yahoo Finance,2026-09-21T04:37:35+00:00,2025-12-18
2024-12-09,GOOGL,174.34669494628906,25389600.0,Yahoo Finance,2026-09-21T04:37:35+00:00,2025-12-18
2024-12-10,GOOGL,184.0895233154297,54813000.0,Yahoo Finance,2026-09-21T04:37:35+00:00,2025-12-18
2024-12-11,GOOGL,194.2598114013672,67894100.0,Yahoo Finance,2026-09-21T04:37:35+00:00,2025-12-18
2024-12-12,GOOGL,190.83990478515625,34817500.0,Yahoo Finance,2026-09-21T04:37:35+00:00,2025-12-18
2024-12-13,GOOGL,188.71238708496094,25143500.0,Yahoo Finance,2026-09-21T04:37:35+00:00,2025-12-18
2024-12-16,GOOGL,195.51246643066406,44934900.0,Yahoo Finance,2026-09-21T04:37:35+00:00,2025-12-18
2024-12-17,GOOGL,194.27969360351562,43504000.0,Yahoo Finance,2026-09-21T04:37:35+00:00,2025-12-18
2024-12-18,GOOGL,187.30067443847656,34166100.0,Yahoo Finance,2026-09-21T04:37:35+00:00,2025-12-18
2024-12-19,GOOGL,187.41001892089844,32265200.0,Yahoo Finance,2026-09-21T04:37:35+00:00,2025-12-18
2024-12-20,GOOGL,190.29310607910156,63462900.0,Yahoo Finance,2026-09-21T04:37:35+00:00,2025-12-18
2024-12-23,GOOGL,193.4943084716797,25675000.0,Yahoo Finance,2026-09-21T04:37:35+00:00,2025-12-18
2024-12-24,GOOGL,194.96568298339844,10403300.0,Yahoo Finance,2026-09-21T04:37:35+00:00,2025-12-18
2024-12-26,GOOGL,194.4586639404297,12046600.0,Yahoo Finance,2026-09-21T04:37:35+00:00,2025-12-18
2024-12-27,GOOGL,191.6352081298828,18891400.0,Yahoo Finance,2026-09-21T04:37:35+00:00,2025-12-18
2024-12-30,GOOGL,190.1240997314453,14264700.0,Yahoo Finance,2026-09-21T04:37:35+00:00,2025-12-18
2024-12-31,GOOGL,188.19541931152344,17466900.0,Yahoo Finance,2026-09-21T04:37:35+00:00,2025-12-18
2025-01-02,GOOGL,188.3246612548828,20370800.0,Yahoo Finance,2026-09-21T04:37:35+00:00,2025-12-18
2025-01-03,GOOGL,190.67088317871094,18596200.0,Yahoo Finance,2026-09-21T04:37:35+00:00,2025-12-18
2025-01-06,GOOGL,195.72125244140625,29563600.0,Yahoo Finance,2026-09-21T04:37:35+00:00,2025-12-18
2025-01-07,GOOGL,194.34930419921875,26487200.0,Yahoo Finance,2026-09-21T04:37:35+00:00,2025-12-18
2025-01-08,GOOGL,192.81826782226562,24864800.0,Yahoo Finance,2026-09-21T04:37:35+00:00,2025-12-18
2025-01-10,GOOGL,190.91941833496094,26665200.0,Yahoo Finance,2026-09-21T04:37:35+00:00,2025-12-18
2025-01-13,GOOGL,189.8954315185547,21823700.0,Yahoo Finance,2026-09-21T04:37:35+00:00,2025-12-18
2025-01-14,GOOGL,188.55332946777344,17174900.0,Yahoo Finance,2026-09-21T04:37:35+00:00,2025-12-18
2025-01-15,GOOGL,194.40895080566406,21776000.0,Yahoo Finance,2026-09-21T04:37:35+00:00,2025-12-18
2025-01-16,GOOGL,191.78436279296875,17815400.0,Yahoo Finance,2026-09-21T04:37:35+00:00,2025-12-18
2025-01-17,GOOGL,194.85633850097656,27735100.0,Yahoo Finance,2026-09-21T04:37:35+00:00,2025-12-18
2025-01-21,GOOGL,196.8943634033203,29971300.0,Yahoo Finance,2026-09-21T04:37:35+00:00,2025-12-18
2025-01-22,GOOGL,197.2124786376953,26200600.0,Yahoo Finance,2026-09-21T04:37:35+00:00,2025-12-18
2025-01-23,GOOGL,196.8247833251953,26951400.0,Yahoo Finance,2026-09-21T04:37:35+00:00,2025-12-18
2025-01-24,GOOGL,199.04176330566406,23877500.0,Yahoo Finance,2026-09-21T04:37:35+00:00,2025-12-18
2025-01-27,GOOGL,190.6907958984375,41728900.0,Yahoo Finance,2026-09-21T04:37:35+00:00,2025-12-18
2025-01-28,GOOGL,194.160400390625,24157900.0,Yahoo Finance,2026-09-21T04:37:35+00:00,2025-12-18
2025-01-29,GOOGL,194.269775390625,18218300.0,Yahoo Finance,2026-09-21T04:37:35+00:00,2025-12-18
2025-01-30,GOOGL,199.69790649414062,24354700.0,Yahoo Finance,2026-09-21T04:37:35+00:00,2025-12-18
2025-01-31,GOOGL,202.8295135498047,32001100.0,Yahoo Finance,2026-09-21T04:37:35+00:00,2025-12-18
2025-02-03,GOOGL,200.05580139160156,27838300.0,Yahoo Finance,2026-09-21T04:37:35+00:00,2025-12-18
2025-02-04,GOOGL,205.17575073242188,43856400.0,Yahoo Finance,2026-09-21T04:37:35+00:00,2025-12-18
2025-02-05,GOOGL,190.21359252929688,70373900.0,Yahoo Finance,2026-09-21T04:37:35+00:00,2025-12-18
2025-02-06,GOOGL,190.48199462890625,29297400.0,Yahoo Finance,2026-09-21T04:37:35+00:00,2025-12-18
2025-02-07,GOOGL,184.25852966308594,49315000.0,Yahoo Finance,2026-09-21T04:37:35+00:00,2025-12-18
2025-02-10,GOOGL,185.38194274902344,23105600.0,Yahoo Finance,2026-09-21T04:37:35+00:00,2025-12-18
2025-02-11,GOOGL,184.23867797851562,21239500.0,Yahoo Finance,2026-09-21T04:37:35+00:00,2025-12-18
2025-02-12,GOOGL,182.5386199951172,22072600.0,Yahoo Finance,2026-09-21T04:37:35+00:00,2025-12-18
2025-02-13,GOOGL,185.05386352539062,21402500.0,Yahoo Finance,2026-09-21T04:37:35+00:00,2025-12-18
2025-02-14,GOOGL,184.14915466308594,20448400.0,Yahoo Finance,2026-09-21T04:37:35+00:00,2025-12-18
2025-02-18,GOOGL,182.69769287109375,29916700.0,Yahoo Finance,2026-09-21T04:37:35+00:00,2025-12-18
2025-02-19,GOOGL,184.18894958496094,19549400.0,Yahoo Finance,2026-09-21T04:37:35+00:00,2025-12-18
2025-02-20,GOOGL,183.4830780029297,20441500.0,Yahoo Finance,2026-09-21T04:37:35+00:00,2025-12-18
2025-02-21,GOOGL,178.61167907714844,35199200.0,Yahoo Finance,2026-09-21T04:37:35+00:00,2025-12-18
2025-02-24,GOOGL,178.2040557861328,29854200.0,Yahoo Finance,2026-09-21T04:37:35+00:00,2025-12-18
2025-02-25,GOOGL,174.39639282226562,41913400.0,Yahoo Finance,2026-09-21T04:37:35+00:00,2025-12-18
2025-02-26,GOOGL,171.7220916748047,35431300.0,Yahoo Finance,2026-09-21T04:37:35+00:00,2025-12-18
2025-02-27,GOOGL,167.51678466796875,39991000.0,Yahoo Finance,2026-09-21T04:37:35+00:00,2025-12-18
2025-02-28,GOOGL,169.28639221191406,48130600.0,Yahoo Finance,2026-09-21T04:37:35+00:00,2025-12-18
2025-03-03,GOOGL,166.03549194335938,40770500.0,Yahoo Finance,2026-09-21T04:37:35+00:00,2025-12-18
2025-03-04,GOOGL,169.92266845703125,45388000.0,Yahoo Finance,2026-09-21T04:37:35+00:00,2025-12-18
2025-03-05,GOOGL,172.0104522705078,30954900.0,Yahoo Finance,2026-09-21T04:37:35+00:00,2025-12-18
2025-03-06,GOOGL,171.34432983398438,28302000.0,Yahoo Finance,2026-09-21T04:37:35+00:00,2025-12-18
2025-03-07,GOOGL,172.84552001953125,27385800.0,Yahoo Finance,2026-09-21T04:37:35+00:00,2025-12-18
2025-03-10,GOOGL,165.092041015625,43604000.0,Yahoo Finance,2026-09-21T04:37:35+00:00,2025-12-18
2025-03-11,GOOGL,163.27061462402344,39587400.0,Yahoo Finance,2026-09-21T04:37:35+00:00,2025-12-18
2025-03-12,GOOGL,166.32623291015625,28372400.0,Yahoo Finance,2026-09-21T04:37:35+00:00,2025-12-18
2025-03-13,GOOGL,161.99664306640625,31756200.0,Yahoo Finance,2026-09-21T04:37:35+00:00,2025-12-18
2025-03-14,GOOGL,164.71383666992188,31995900.0,Yahoo Finance,2026-09-21T04:37:35+00:00,2025-12-18
2025-03-17,GOOGL,163.51943969726562,31184300.0,Yahoo Finance,2026-09-21T04:37:35+00:00,2025-12-18
2025-03-18,GOOGL,159.91644287109375,42074800.0,Yahoo Finance,2026-09-21T04:37:35+00:00,2025-12-18
2025-03-19,GOOGL,163.12132263183594,34275600.0,Yahoo Finance,2026-09-21T04:37:35+00:00,2025-12-18
2025-03-20,GOOGL,162.0364227294922,28138500.0,Yahoo Finance,2026-09-21T04:37:35+00:00,2025-12-18
2025-03-21,GOOGL,163.2208709716797,36625800.0,Yahoo Finance,2026-09-21T04:37:35+00:00,2025-12-18
2025-03-24,GOOGL,166.8935546875,30879100.0,Yahoo Finance,2026-09-21T04:37:35+00:00,2025-12-18
2025-03-25,GOOGL,169.7600555419922,24174400.0,Yahoo Finance,2026-09-21T04:37:35+00:00,2025-12-18
2025-03-26,GOOGL,164.28582763671875,28901600.0,Yahoo Finance,2026-09-21T04:37:35+00:00,2025-12-18
2025-03-27,GOOGL,161.4790802001953,24508300.0,Yahoo Finance,2026-09-21T04:37:35+00:00,2025-12-18
2025-03-28,GOOGL,153.60618591308594,48669300.0,Yahoo Finance,2026-09-21T04:37:35+00:00,2025-12-18
2025-03-31,GOOGL,153.9147186279297,54603500.0,Yahoo Finance,2026-09-21T04:37:35+00:00,2025-12-18
2025-04-01,GOOGL,156.3333282470703,30672900.0,Yahoo Finance,2026-09-21T04:37:35+00:00,2025-12-18
2025-04-02,GOOGL,156.30345153808594,25041700.0,Yahoo Finance,2026-09-21T04:37:35+00:00,2025-12-18
2025-04-03,GOOGL,150.01312255859375,46883400.0,Yahoo Finance,2026-09-21T04:37:35+00:00,2025-12-18
2025-04-04,GOOGL,144.9171142578125,62259500.0,Yahoo Finance,2026-09-21T04:37:35+00:00,2025-12-18
2025-04-07,GOOGL,146.06173706054688,76794100.0,Yahoo Finance,2026-09-21T04:37:35+00:00,2025-12-18
2025-04-08,GOOGL,144.02134704589844,52200200.0,Yahoo Finance,2026-09-21T04:37:35+00:00,2025-12-18
2025-04-09,GOOGL,157.96563720703125,70406200.0,Yahoo Finance,2026-09-21T04:37:35+00:00,2025-12-18
2025-04-10,GOOGL,152.10325622558594,48022000.0,Yahoo Finance,2026-09-21T04:37:35+00:00,2025-12-18
2025-04-11,GOOGL,156.40298461914062,33636200.0,Yahoo Finance,2026-09-21T04:37:35+00:00,2025-12-18
2025-04-14,GOOGL,158.32395935058594,30333000.0,Yahoo Finance,2026-09-21T04:37:35+00:00,2025-12-18
2025-04-15,GOOGL,155.576904296875,27551500.0,Yahoo Finance,2026-09-21T04:37:35+00:00,2025-12-18
2025-04-16,GOOGL,152.61087036132812,28187400.0,Yahoo Finance,2026-09-21T04:37:35+00:00,2025-12-18
2025-04-17,GOOGL,150.45103454589844,33046600.0,Yahoo Finance,2026-09-21T04:37:35+00:00,2025-12-18
2025-04-21,GOOGL,146.97740173339844,26049100.0,Yahoo Finance,2026-09-21T04:37:35+00:00,2025-12-18
2025-04-22,GOOGL,150.7595672607422,26971800.0,Yahoo Finance,2026-09-21T04:37:35+00:00,2025-12-18
2025-04-23,GOOGL,154.62139892578125,31128800.0,Yahoo Finance,2026-09-21T04:37:35+00:00,2025-12-18
2025-04-24,GOOGL,158.532958984375,45894000.0,Yahoo Finance,2026-09-21T04:37:35+00:00,2025-12-18
2025-04-25,GOOGL,161.2003936767578,56034000.0,Yahoo Finance,2026-09-21T04:37:35+00:00,2025-12-18
2025-04-28,GOOGL,159.85671997070312,29745800.0,Yahoo Finance,2026-09-21T04:37:35+00:00,2025-12-18
2025-04-29,GOOGL,159.40882873535156,26809000.0,Yahoo Finance,2026-09-21T04:37:35+00:00,2025-12-18
2025-04-30,GOOGL,158.05519104003906,34981100.0,Yahoo Finance,2026-09-21T04:37:35+00:00,2025-12-18
2025-05-01,GOOGL,160.54347229003906,30203200.0,Yahoo Finance,2026-09-21T04:37:35+00:00,2025-12-18
2025-05-02,GOOGL,163.26068115234375,25715000.0,Yahoo Finance,2026-09-21T04:37:35+00:00,2025-12-18
2025-05-05,GOOGL,163.4398651123047,21341800.0,Yahoo Finance,2026-09-21T04:37:35+00:00,2025-12-18
2025-05-06,GOOGL,162.4644317626953,21277200.0,Yahoo Finance,2026-09-21T04:37:35+00:00,2025-12-18
2025-05-07,GOOGL,150.67001342773438,127490100.0,Yahoo Finance,2026-09-21T04:37:35+00:00,2025-12-18
2025-05-08,GOOGL,153.55641174316406,57498700.0,Yahoo Finance,2026-09-21T04:37:35+00:00,2025-12-18
2025-05-09,GOOGL,152.03359985351562,32435300.0,Yahoo Finance,2026-09-21T04:37:35+00:00,2025-12-18
2025-05-12,GOOGL,157.71681213378906,44138800.0,Yahoo Finance,2026-09-21T04:37:35+00:00,2025-12-18
2025-05-13,GOOGL,158.7817840576172,42382100.0,Yahoo Finance,2026-09-21T04:37:35+00:00,2025-12-18
2025-05-14,GOOGL,164.59437561035156,48755900.0,Yahoo Finance,2026-09-21T04:37:35+00:00,2025-12-18
2025-05-15,GOOGL,163.19100952148438,33146700.0,Yahoo Finance,2026-09-21T04:37:35+00:00,2025-12-18
2025-05-16,GOOGL,165.41055297851562,42846900.0,Yahoo Finance,2026-09-21T04:37:35+00:00,2025-12-18
2025-05-19,GOOGL,165.75889587402344,30426100.0,Yahoo Finance,2026-09-21T04:37:35+00:00,2025-12-18
2025-05-20,GOOGL,163.21090698242188,46607700.0,Yahoo Finance,2026-09-21T04:37:35+00:00,2025-12-18
2025-05-21,GOOGL,167.76943969726562,73416000.0,Yahoo Finance,2026-09-21T04:37:35+00:00,2025-12-18
2025-05-22,GOOGL,170.06858825683594,74864400.0,Yahoo Finance,2026-09-21T04:37:35+00:00,2025-12-18
2025-05-23,GOOGL,167.67984008789062,35211400.0,Yahoo Finance,2026-09-21T04:37:35+00:00,2025-12-18
2025-05-27,GOOGL,172.08908081054688,37995700.0,Yahoo Finance,2026-09-21T04:37:35+00:00,2025-12-18
2025-05-28,GOOGL,171.5516357421875,34784000.0,Yahoo Finance,2026-09-21T04:37:35+00:00,2025-12-18
2025-05-29,GOOGL,171.053955078125,29317300.0,Yahoo Finance,2026-09-21T04:37:35+00:00,2025-12-18
2025-05-30,GOOGL,170.93453979492188,52639900.0,Yahoo Finance,2026-09-21T04:37:35+00:00,2025-12-18
2025-06-02,GOOGL,168.23724365234375,38612300.0,Yahoo Finance,2026-09-21T04:37:35+00:00,2025-12-18
2025-06-03,GOOGL,165.4005889892578,45084900.0,Yahoo Finance,2026-09-21T04:37:35+00:00,2025-12-18
2025-06-04,GOOGL,167.26182556152344,26900800.0,Yahoo Finance,2026-09-21T04:37:35+00:00,2025-12-18
2025-06-05,GOOGL,167.42111206054688,36379100.0,Yahoo Finance,2026-09-21T04:37:35+00:00,2025-12-18
2025-06-06,GOOGL,172.86541748046875,35731800.0,Yahoo Finance,2026-09-21T04:37:35+00:00,2025-12-18
2025-06-09,GOOGL,175.4762725830078,28935900.0,Yahoo Finance,2026-09-21T04:37:35+00:00,2025-12-18
2025-06-10,GOOGL,177.97755432128906,61766100.0,Yahoo Finance,2026-09-21T04:37:35+00:00,2025-12-18
2025-06-11,GOOGL,176.73190307617188,31646800.0,Yahoo Finance,2026-09-21T04:37:35+00:00,2025-12-18
2025-06-12,GOOGL,175.08763122558594,20941900.0,Yahoo Finance,2026-09-21T04:37:35+00:00,2025-12-18
2025-06-13,GOOGL,174.0612335205078,27663100.0,Yahoo Finance,2026-09-21T04:37:35+00:00,2025-12-18
2025-06-16,GOOGL,176.15391540527344,27389200.0,Yahoo Finance,2026-09-21T04:37:35+00:00,2025-12-18
2025-06-17,GOOGL,175.33677673339844,24973000.0,Yahoo Finance,2026-09-21T04:37:35+00:00,2025-12-18
2025-06-18,GOOGL,172.7159423828125,28707500.0,Yahoo Finance,2026-09-21T04:37:35+00:00,2025-12-18
2025-06-20,GOOGL,166.05921936035156,75659900.0,Yahoo Finance,2026-09-21T04:37:35+00:00,2025-12-18
2025-06-23,GOOGL,164.61427307128906,57671000.0,Yahoo Finance,2026-09-21T04:37:35+00:00,2025-12-18
2025-06-24,GOOGL,166.1887969970703,40524300.0,Yahoo Finance,2026-09-21T04:37:35+00:00,2025-12-18
2025-06-25,GOOGL,170.0851287841797,35479000.0,Yahoo Finance,2026-09-21T04:37:35+00:00,2025-12-18
2025-06-26,GOOGL,172.93516540527344,31796700.0,Yahoo Finance,2026-09-21T04:37:35+00:00,2025-12-18
2025-06-27,GOOGL,177.9077911376953,108140200.0,Yahoo Finance,2026-09-21T04:37:35+00:00,2025-12-18
2025-06-30,GOOGL,175.61578369140625,63378900.0,Yahoo Finance,2026-09-21T04:37:35+00:00,2025-12-18
2025-07-01,GOOGL,175.22715759277344,35904500.0,Yahoo Finance,2026-09-21T04:37:35+00:00,2025-12-18
2025-07-02,GOOGL,178.0174102783203,29128900.0,Yahoo Finance,2026-09-21T04:37:35+00:00,2025-12-18
2025-07-03,GOOGL,178.90431213378906,21689700.0,Yahoo Finance,2026-09-21T04:37:35+00:00,2025-12-18
2025-07-07,GOOGL,176.17384338378906,34175600.0,Yahoo Finance,2026-09-21T04:37:35+00:00,2025-12-18
2025-07-08,GOOGL,173.7523193359375,40442500.0,Yahoo Finance,2026-09-21T04:37:35+00:00,2025-12-18
2025-07-09,GOOGL,176.00445556640625,43025600.0,Yahoo Finance,2026-09-21T04:37:35+00:00,2025-12-18
2025-07-10,GOOGL,177.00096130371094,29252400.0,Yahoo Finance,2026-09-21T04:37:35+00:00,2025-12-18
2025-07-11,GOOGL,179.56201171875,34282900.0,Yahoo Finance,2026-09-21T04:37:35+00:00,2025-12-18
2025-07-14,GOOGL,180.92723083496094,32536600.0,Yahoo Finance,2026-09-21T04:37:35+00:00,2025-12-18
2025-07-15,GOOGL,181.3656768798828,33448300.0,Yahoo Finance,2026-09-21T04:37:35+00:00,2025-12-18
2025-07-16,GOOGL,182.3323211669922,33104200.0,Yahoo Finance,2026-09-21T04:37:35+00:00,2025-12-18
2025-07-17,GOOGL,182.940185546875,31992600.0,Yahoo Finance,2026-09-21T04:37:35+00:00,2025-12-18
2025-07-18,GOOGL,184.4150390625,34014500.0,Yahoo Finance,2026-09-21T04:37:35+00:00,2025-12-18
2025-07-21,GOOGL,189.4374542236328,45803100.0,Yahoo Finance,2026-09-21T04:37:35+00:00,2025-12-18
2025-07-22,GOOGL,190.6731414794922,44660200.0,Yahoo Finance,2026-09-21T04:37:35+00:00,2025-12-18
2025-07-23,GOOGL,189.5670166015625,58681900.0,Yahoo Finance,2026-09-21T04:37:35+00:00,2025-12-18
2025-07-24,GOOGL,191.50022888183594,74881700.0,Yahoo Finance,2026-09-21T04:37:35+00:00,2025-12-18
2025-07-25,GOOGL,192.50672912597656,39785900.0,Yahoo Finance,2026-09-21T04:37:35+00:00,2025-12-18
2025-07-28,GOOGL,191.9088134765625,38139500.0,Yahoo Finance,2026-09-21T04:37:35+00:00,2025-12-18
2025-07-29,GOOGL,195.06776428222656,41389200.0,Yahoo Finance,2026-09-21T04:37:35+00:00,2025-12-18
2025-07-30,GOOGL,195.84506225585938,32445400.0,Yahoo Finance,2026-09-21T04:37:35+00:00,2025-12-18
2025-07-31,GOOGL,191.231201171875,51329200.0,Yahoo Finance,2026-09-21T04:37:35+00:00,2025-12-18
2025-08-01,GOOGL,188.47085571289062,34832200.0,Yahoo Finance,2026-09-21T04:37:35+00:00,2025-12-18
2025-08-04,GOOGL,194.36026000976562,31547400.0,Yahoo Finance,2026-09-21T04:37:35+00:00,2025-12-18
2025-08-05,GOOGL,193.9915313720703,31602300.0,Yahoo Finance,2026-09-21T04:37:35+00:00,2025-12-18
2025-08-06,GOOGL,195.40658569335938,21562900.0,Yahoo Finance,2026-09-21T04:37:35+00:00,2025-12-18
2025-08-07,GOOGL,195.8350830078125,26321800.0,Yahoo Finance,2026-09-21T04:37:35+00:00,2025-12-18
2025-08-08,GOOGL,200.71800231933594,39161800.0,Yahoo Finance,2026-09-21T04:37:35+00:00,2025-12-18
2025-08-11,GOOGL,200.29946899414062,25832400.0,Yahoo Finance,2026-09-21T04:37:35+00:00,2025-12-18
2025-08-12,GOOGL,202.63131713867188,30397900.0,Yahoo Finance,2026-09-21T04:37:35+00:00,2025-12-18
2025-08-13,GOOGL,201.25613403320312,28342900.0,Yahoo Finance,2026-09-21T04:37:35+00:00,2025-12-18
2025-08-14,GOOGL,202.2327117919922,25230400.0,Yahoo Finance,2026-09-21T04:37:35+00:00,2025-12-18
2025-08-15,GOOGL,203.18936157226562,34931400.0,Yahoo Finance,2026-09-21T04:37:35+00:00,2025-12-18
2025-08-18,GOOGL,202.79075622558594,18526600.0,Yahoo Finance,2026-09-21T04:37:35+00:00,2025-12-18
2025-08-19,GOOGL,200.86749267578125,24240200.0,Yahoo Finance,2026-09-21T04:37:35+00:00,2025-12-18
2025-08-20,GOOGL,198.62535095214844,28955500.0,Yahoo Finance,2026-09-21T04:37:35+00:00,2025-12-18
2025-08-21,GOOGL,199.05381774902344,19774600.0,Yahoo Finance,2026-09-21T04:37:35+00:00,2025-12-18
2025-08-22,GOOGL,205.37173461914062,42827000.0,Yahoo Finance,2026-09-21T04:37:35+00:00,2025-12-18
2025-08-25,GOOGL,207.7633819580078,29928900.0,Yahoo Finance,2026-09-21T04:37:35+00:00,2025-12-18
2025-08-26,GOOGL,206.4180908203125,28464100.0,Yahoo Finance,2026-09-21T04:37:35+00:00,2025-12-18
2025-08-27,GOOGL,206.7568817138672,23022900.0,Yahoo Finance,2026-09-21T04:37:35+00:00,2025-12-18
2025-08-28,GOOGL,210.9023895263672,32339300.0,Yahoo Finance,2026-09-21T04:37:35+00:00,2025-12-18
2025-08-29,GOOGL,212.16796875,39728400.0,Yahoo Finance,2026-09-21T04:37:35+00:00,2025-12-18
2025-09-02,GOOGL,210.6134033203125,47523000.0,Yahoo Finance,2026-09-21T04:37:35+00:00,2025-12-18
2025-09-03,GOOGL,229.85610961914062,103336100.0,Yahoo Finance,2026-09-21T04:37:35+00:00,2025-12-18
2025-09-04,GOOGL,231.49037170410156,51684200.0,Yahoo Finance,2026-09-21T04:37:35+00:00,2025-12-18
2025-09-05,GOOGL,234.18099975585938,46588900.0,Yahoo Finance,2026-09-21T04:37:35+00:00,2025-12-18
2025-09-08,GOOGL,233.4329071044922,32474700.0,Yahoo Finance,2026-09-21T04:37:35+00:00,2025-12-18
2025-09-09,GOOGL,239.0084228515625,38061000.0,Yahoo Finance,2026-09-21T04:37:35+00:00,2025-12-18
2025-09-10,GOOGL,238.5496063232422,35141100.0,Yahoo Finance,2026-09-21T04:37:35+00:00,2025-12-18
2025-09-11,GOOGL,239.7465057373047,30599300.0,Yahoo Finance,2026-09-21T04:37:35+00:00,2025-12-18
2025-09-12,GOOGL,240.17538452148438,26771600.0,Yahoo Finance,2026-09-21T04:37:35+00:00,2025-12-18
2025-09-15,GOOGL,250.95733642578125,58383800.0,Yahoo Finance,2026-09-21T04:37:35+00:00,2025-12-18
2025-09-16,GOOGL,250.50851440429688,34109700.0,Yahoo Finance,2026-09-21T04:37:35+00:00,2025-12-18
2025-09-17,GOOGL,248.8827362060547,34108000.0,Yahoo Finance,2026-09-21T04:37:35+00:00,2025-12-18
2025-09-18,GOOGL,251.37625122070312,31239500.0,Yahoo Finance,2026-09-21T04:37:35+00:00,2025-12-18
2025-09-19,GOOGL,254.0592803955078,55571400.0,Yahoo Finance,2026-09-21T04:37:35+00:00,2025-12-18
2025-09-22,GOOGL,251.8749542236328,32290500.0,Yahoo Finance,2026-09-21T04:37:35+00:00,2025-12-18
2025-09-23,GOOGL,251.00721740722656,26628000.0,Yahoo Finance,2026-09-21T04:37:35+00:00,2025-12-18
2025-09-24,GOOGL,246.4989471435547,28201000.0,Yahoo Finance,2026-09-21T04:37:35+00:00,2025-12-18
2025-09-25,GOOGL,245.15243530273438,31020400.0,Yahoo Finance,2026-09-21T04:37:35+00:00,2025-12-18
2025-09-26,GOOGL,245.90048217773438,18503200.0,Yahoo Finance,2026-09-21T04:37:35+00:00,2025-12-18
2025-09-29,GOOGL,243.41696166992188,32505800.0,Yahoo Finance,2026-09-21T04:37:35+00:00,2025-12-18
2025-09-30,GOOGL,242.4694366455078,34724300.0,Yahoo Finance,2026-09-21T04:37:35+00:00,2025-12-18
2025-10-01,GOOGL,244.26473999023438,31658200.0,Yahoo Finance,2026-09-21T04:37:35+00:00,2025-12-18
2025-10-02,GOOGL,245.05271911621094,25483300.0,Yahoo Finance,2026-09-21T04:37:35+00:00,2025-12-18
2025-10-03,GOOGL,244.71359252929688,30249600.0,Yahoo Finance,2026-09-21T04:37:35+00:00,2025-12-18
2025-10-06,GOOGL,249.7803955078125,28894700.0,Yahoo Finance,2026-09-21T04:37:35+00:00,2025-12-18
2025-10-07,GOOGL,245.12252807617188,23181300.0,Yahoo Finance,2026-09-21T04:37:35+00:00,2025-12-18
2025-10-08,GOOGL,243.9854736328125,21307100.0,Yahoo Finance,2026-09-21T04:37:35+00:00,2025-12-18
2025-10-09,GOOGL,240.90350341796875,27892100.0,Yahoo Finance,2026-09-21T04:37:35+00:00,2025-12-18
2025-10-10,GOOGL,235.95635986328125,33180300.0,Yahoo Finance,2026-09-21T04:37:35+00:00,2025-12-18
2025-10-13,GOOGL,243.51670837402344,24995000.0,Yahoo Finance,2026-09-21T04:37:35+00:00,2025-12-18
2025-10-14,GOOGL,244.81332397460938,22111600.0,Yahoo Finance,2026-09-21T04:37:35+00:00,2025-12-18
2025-10-15,GOOGL,250.37884521484375,27007700.0,Yahoo Finance,2026-09-21T04:37:35+00:00,2025-12-18
2025-10-16,GOOGL,250.80772399902344,27997200.0,Yahoo Finance,2026-09-21T04:37:35+00:00,2025-12-18
2025-10-17,GOOGL,252.64297485351562,29671600.0,Yahoo Finance,2026-09-21T04:37:35+00:00,2025-12-18
2025-10-20,GOOGL,255.884521484375,22350200.0,Yahoo Finance,2026-09-21T04:37:35+00:00,2025-12-18
2025-10-21,GOOGL,249.81031799316406,47312100.0,Yahoo Finance,2026-09-21T04:37:35+00:00,2025-12-18
2025-10-22,GOOGL,251.03713989257812,35029400.0,Yahoo Finance,2026-09-21T04:37:35+00:00,2025-12-18
2025-10-23,GOOGL,252.4235382080078,19901400.0,Yahoo Finance,2026-09-21T04:37:35+00:00,2025-12-18
2025-10-24,GOOGL,259.2458190917969,28655100.0,Yahoo Finance,2026-09-21T04:37:35+00:00,2025-12-18
2025-10-27,GOOGL,268.5715026855469,35235200.0,Yahoo Finance,2026-09-21T04:37:35+00:00,2025-12-18
2025-10-28,GOOGL,266.7762451171875,29738600.0,Yahoo Finance,2026-09-21T04:37:35+00:00,2025-12-18
2025-10-29,GOOGL,273.8577880859375,43580300.0,Yahoo Finance,2026-09-21T04:37:35+00:00,2025-12-18
2025-10-30,GOOGL,280.7498779296875,74876000.0,Yahoo Finance,2026-09-21T04:37:35+00:00,2025-12-18
2025-10-31,GOOGL,280.46063232421875,39267900.0,Yahoo Finance,2026-09-21T04:37:35+00:00,2025-12-18
2025-11-03,GOOGL,282.98406982421875,29786000.0,Yahoo Finance,2026-09-21T04:37:35+00:00,2025-12-18
2025-11-04,GOOGL,276.8200988769531,30078400.0,Yahoo Finance,2026-09-21T04:37:35+00:00,2025-12-18
2025-11-05,GOOGL,283.5725402832031,31010300.0,Yahoo Finance,2026-09-21T04:37:35+00:00,2025-12-18
2025-11-06,GOOGL,284.0113830566406,37173600.0,Yahoo Finance,2026-09-21T04:37:35+00:00,2025-12-18
2025-11-07,GOOGL,278.1067199707031,34479600.0,Yahoo Finance,2026-09-21T04:37:35+00:00,2025-12-18
2025-11-10,GOOGL,289.3475341796875,29557300.0,Yahoo Finance,2026-09-21T04:37:35+00:00,2025-12-18
2025-11-11,GOOGL,290.5543518066406,19842100.0,Yahoo Finance,2026-09-21T04:37:35+00:00,2025-12-18
2025-11-12,GOOGL,285.96630859375,24829900.0,Yahoo Finance,2026-09-21T04:37:35+00:00,2025-12-18
2025-11-13,GOOGL,277.847412109375,29494000.0,Yahoo Finance,2026-09-21T04:37:35+00:00,2025-12-18
2025-11-14,GOOGL,275.6930236816406,31647200.0,Yahoo Finance,2026-09-21T04:37:35+00:00,2025-12-18
2025-11-17,GOOGL,284.28070068359375,52670200.0,Yahoo Finance,2026-09-21T04:37:35+00:00,2025-12-18
2025-11-18,GOOGL,283.5426025390625,49158700.0,Yahoo Finance,2026-09-21T04:37:35+00:00,2025-12-18
2025-11-19,GOOGL,292.05047607421875,68198900.0,Yahoo Finance,2026-09-21T04:37:35+00:00,2025-12-18
2025-11-20,GOOGL,288.69921875,62025200.0,Yahoo Finance,2026-09-21T04:37:35+00:00,2025-12-18
2025-11-21,GOOGL,298.8827209472656,74137700.0,Yahoo Finance,2026-09-21T04:37:35+00:00,2025-12-18
2025-11-24,GOOGL,317.7536315917969,85165100.0,Yahoo Finance,2026-09-21T04:37:35+00:00,2025-12-18
2025-11-25,GOOGL,322.60101318359375,88632100.0,Yahoo Finance,2026-09-21T04:37:35+00:00,2025-12-18
2025-11-26,GOOGL,319.1200866699219,51373400.0,Yahoo Finance,2026-09-21T04:37:35+00:00,2025-12-18
2025-11-28,GOOGL,319.3494873046875,26018600.0,Yahoo Finance,2026-09-21T04:37:35+00:00,2025-12-18
2025-12-01,GOOGL,314.0732116699219,41183000.0,Yahoo Finance,2026-09-21T04:37:35+00:00,2025-12-18
2025-12-02,GOOGL,314.9908142089844,35854700.0,Yahoo Finance,2026-09-21T04:37:35+00:00,2025-12-18
2025-12-03,GOOGL,318.8009338378906,41838300.0,Yahoo Finance,2026-09-21T04:37:35+00:00,2025-12-18
2025-12-04,GOOGL,316.796142578125,31240900.0,Yahoo Finance,2026-09-21T04:37:35+00:00,2025-12-18
2025-12-05,GOOGL,320.4366149902344,28851700.0,Yahoo Finance,2026-09-21T04:37:35+00:00,2025-12-18
2025-12-08,GOOGL,313.1109313964844,33909400.0,Yahoo Finance,2026-09-21T04:37:35+00:00,2025-12-18
2025-12-09,GOOGL,316.4643859863281,30194000.0,Yahoo Finance,2026-09-21T04:37:35+00:00,2025-12-18
2025-12-10,GOOGL,319.58831787109375,33428900.0,Yahoo Finance,2026-09-21T04:37:35+00:00,2025-12-18
2025-12-11,GOOGL,311.82342529296875,42353700.0,Yahoo Finance,2026-09-21T04:37:35+00:00,2025-12-18
2025-12-12,GOOGL,308.68951416015625,35940200.0,Yahoo Finance,2026-09-21T04:37:35+00:00,2025-12-18
2025-12-15,GOOGL,307.62158203125,29151900.0,Yahoo Finance,2026-09-21T04:37:35+00:00,2025-12-18
2025-12-16,GOOGL,305.97479248046875,30585000.0,Yahoo Finance,2026-09-21T04:37:35+00:00,2025-12-18
2025-12-17,GOOGL,296.1439208984375,43930400.0,Yahoo Finance,2026-09-21T04:37:35+00:00,2025-12-18
2025-12-18,GOOGL,301.872802734375,33518000.0,Yahoo Finance,2026-09-21T04:37:35+00:00,2025-12-18
2024-11-13,GS,571.1049194335938,1763100.0,Yahoo Finance,2026-09-21T04:37:35+00:00,2025-12-18
2024-11-14,GS,565.713134765625,1670500.0,Yahoo Finance,2026-09-21T04:37:35+00:00,2025-12-18
2024-11-15,GS,570.4512939453125,2007700.0,Yahoo Finance,2026-09-21T04:37:35+00:00,2025-12-18
2024-11-18,GS,565.1173095703125,1848900.0,Yahoo Finance,2026-09-21T04:37:35+00:00,2025-12-18
2024-11-19,GS,558.764404296875,2217400.0,Yahoo Finance,2026-09-21T04:37:35+00:00,2025-12-18
2024-11-20,GS,559.2930297851562,1528600.0,Yahoo Finance,2026-09-21T04:37:35+00:00,2025-12-18
2024-11-21,GS,572.92138671875,2281900.0,Yahoo Finance,2026-09-21T04:37:35+00:00,2025-12-18
2024-11-22,GS,579.3319702148438,1733700.0,Yahoo Finance,2026-09-21T04:37:35+00:00,2025-12-18
2024-11-25,GS,579.5722045898438,2940800.0,Yahoo Finance,2026-09-21T04:37:35+00:00,2025-12-18
2024-11-26,GS,581.9461669921875,2846500.0,Yahoo Finance,2026-09-21T04:37:35+00:00,2025-12-18
2024-11-27,GS,581.8789672851562,1424500.0,Yahoo Finance,2026-09-21T04:37:35+00:00,2025-12-18
2024-11-29,GS,584.8966674804688,1170200.0,Yahoo Finance,2026-09-21T04:37:35+00:00,2025-12-18
2024-12-02,GS,581.1685180664062,1804100.0,Yahoo Finance,2026-09-21T04:37:35+00:00,2025-12-18
2024-12-03,GS,581.52587890625,1718100.0,Yahoo Finance,2026-09-21T04:37:35+00:00,2025-12-18
2024-12-04,GS,578.27099609375,1617300.0,Yahoo Finance,2026-09-21T04:37:35+00:00,2025-12-18
2024-12-05,GS,576.4261474609375,1672800.0,Yahoo Finance,2026-09-21T04:37:35+00:00,2025-12-18
2024-12-06,GS,579.207763671875,1405700.0,Yahoo Finance,2026-09-21T04:37:35+00:00,2025-12-18
2024-12-09,GS,573.8375854492188,1633200.0,Yahoo Finance,2026-09-21T04:37:35+00:00,2025-12-18
2024-12-10,GS,565.0579223632812,2600800.0,Yahoo Finance,2026-09-21T04:37:35+00:00,2025-12-18
2024-12-11,GS,572.3308715820312,2195300.0,Yahoo Finance,2026-09-21T04:37:35+00:00,2025-12-18
2024-12-12,GS,571.4132690429688,1218400.0,Yahoo Finance,2026-09-21T04:37:35+00:00,2025-12-18
2024-12-13,GS,565.4924926757812,1215000.0,Yahoo Finance,2026-09-21T04:37:35+00:00,2025-12-18
2024-12-16,GS,566.3136596679688,1713300.0,Yahoo Finance,2026-09-21T04:37:35+00:00,2025-12-18
2024-12-17,GS,555.061279296875,2314100.0,Yahoo Finance,2026-09-21T04:37:35+00:00,2025-12-18
2024-12-18,GS,531.4652709960938,3271600.0,Yahoo Finance,2026-09-21T04:37:35+00:00,2025-12-18
2024-12-19,GS,535.0775756835938,2753300.0,Yahoo Finance,2026-09-21T04:37:35+00:00,2025-12-18
2024-12-20,GS,546.774169921875,4515900.0,Yahoo Finance,2026-09-21T04:37:35+00:00,2025-12-18
2024-12-23,GS,551.2944946289062,1519500.0,Yahoo Finance,2026-09-21T04:37:35+00:00,2025-12-18
2024-12-24,GS,562.8944702148438,913400.0,Yahoo Finance,2026-09-21T04:37:35+00:00,2025-12-18
2024-12-26,GS,561.3876342773438,1092000.0,Yahoo Finance,2026-09-21T04:37:35+00:00,2025-12-18
2024-12-27,GS,556.510009765625,1486000.0,Yahoo Finance,2026-09-21T04:37:35+00:00,2025-12-18
2024-12-30,GS,553.9697875976562,1265900.0,Yahoo Finance,2026-09-21T04:37:35+00:00,2025-12-18
2024-12-31,GS,553.0715942382812,1055800.0,Yahoo Finance,2026-09-21T04:37:35+00:00,2025-12-18
2025-01-02,GS,555.34130859375,2219000.0,Yahoo Finance,2026-09-21T04:37:35+00:00,2025-12-18
2025-01-03,GS,560.3251953125,1422600.0,Yahoo Finance,2026-09-21T04:37:35+00:00,2025-12-18
2025-01-06,GS,563.4740600585938,2257000.0,Yahoo Finance,2026-09-21T04:37:35+00:00,2025-12-18
2025-01-07,GS,560.3155517578125,2021900.0,Yahoo Finance,2026-09-21T04:37:35+00:00,2025-12-18
2025-01-08,GS,560.218994140625,1513400.0,Yahoo Finance,2026-09-21T04:37:35+00:00,2025-12-18
2025-01-10,GS,540.8823852539062,2817900.0,Yahoo Finance,2026-09-21T04:37:35+00:00,2025-12-18
2025-01-13,GS,543.731689453125,1871200.0,Yahoo Finance,2026-09-21T04:37:35+00:00,2025-12-18
2025-01-14,GS,552.0187377929688,2221900.0,Yahoo Finance,2026-09-21T04:37:35+00:00,2025-12-18
2025-01-15,GS,585.2347412109375,5119800.0,Yahoo Finance,2026-09-21T04:37:35+00:00,2025-12-18
2025-01-16,GS,592.0634155273438,3224500.0,Yahoo Finance,2026-09-21T04:37:35+00:00,2025-12-18
2025-01-17,GS,604.5713500976562,3425200.0,Yahoo Finance,2026-09-21T04:37:35+00:00,2025-12-18
2025-01-21,GS,613.0708618164062,5076700.0,Yahoo Finance,2026-09-21T04:37:35+00:00,2025-12-18
2025-01-22,GS,611.1294555664062,2835700.0,Yahoo Finance,2026-09-21T04:37:35+00:00,2025-12-18
2025-01-23,GS,617.66845703125,2582700.0,Yahoo Finance,2026-09-21T04:37:35+00:00,2025-12-18
2025-01-24,GS,615.1572265625,3183500.0,Yahoo Finance,2026-09-21T04:37:35+00:00,2025-12-18
2025-01-27,GS,611.6608276367188,3351700.0,Yahoo Finance,2026-09-21T04:37:35+00:00,2025-12-18
2025-01-28,GS,616.0263671875,2338000.0,Yahoo Finance,2026-09-21T04:37:35+00:00,2025-12-18
2025-01-29,GS,615.6207885742188,1918900.0,Yahoo Finance,2026-09-21T04:37:35+00:00,2025-12-18
2025-01-30,GS,623.65673828125,1812800.0,Yahoo Finance,2026-09-21T04:37:35+00:00,2025-12-18
2025-01-31,GS,618.5377197265625,1995100.0,Yahoo Finance,2026-09-21T04:37:35+00:00,2025-12-18
2025-02-03,GS,610.7818603515625,2102600.0,Yahoo Finance,2026-09-21T04:37:35+00:00,2025-12-18
2025-02-04,GS,612.530029296875,1743400.0,Yahoo Finance,2026-09-21T04:37:35+00:00,2025-12-18
2025-02-05,GS,623.4153442382812,1908200.0,Yahoo Finance,2026-09-21T04:37:35+00:00,2025-12-18
2025-02-06,GS,635.7493286132812,2439200.0,Yahoo Finance,2026-09-21T04:37:35+00:00,2025-12-18
2025-02-07,GS,633.5086059570312,2616700.0,Yahoo Finance,2026-09-21T04:37:35+00:00,2025-12-18
2025-02-10,GS,628.3218994140625,2351600.0,Yahoo Finance,2026-09-21T04:37:35+00:00,2025-12-18
2025-02-11,GS,625.1441040039062,2711400.0,Yahoo Finance,2026-09-21T04:37:35+00:00,2025-12-18
2025-02-12,GS,626.8440551757812,2295800.0,Yahoo Finance,2026-09-21T04:37:35+00:00,2025-12-18
2025-02-13,GS,626.7958984375,2031800.0,Yahoo Finance,2026-09-21T04:37:35+00:00,2025-12-18
2025-02-14,GS,637.999755859375,2246000.0,Yahoo Finance,2026-09-21T04:37:35+00:00,2025-12-18
2025-02-18,GS,649.2423706054688,2350100.0,Yahoo Finance,2026-09-21T04:37:35+00:00,2025-12-18
2025-02-19,GS,645.3403930664062,1953600.0,Yahoo Finance,2026-09-21T04:37:35+00:00,2025-12-18
2025-02-20,GS,620.334228515625,3929000.0,Yahoo Finance,2026-09-21T04:37:35+00:00,2025-12-18
2025-02-21,GS,604.242919921875,3000800.0,Yahoo Finance,2026-09-21T04:37:35+00:00,2025-12-18
2025-02-24,GS,604.7645874023438,3274100.0,Yahoo Finance,2026-09-21T04:37:35+00:00,2025-12-18
2025-02-25,GS,593.9179077148438,2885900.0,Yahoo Finance,2026-09-21T04:37:35+00:00,2025-12-18
2025-02-26,GS,596.6802368164062,2001200.0,Yahoo Finance,2026-09-21T04:37:35+00:00,2025-12-18
2025-02-27,GS,587.2437744140625,2396300.0,Yahoo Finance,2026-09-21T04:37:35+00:00,2025-12-18
2025-02-28,GS,604.0263061523438,3337200.0,Yahoo Finance,2026-09-21T04:37:35+00:00,2025-12-18
2025-03-03,GS,587.49609375,3152300.0,Yahoo Finance,2026-09-21T04:37:35+00:00,2025-12-18
2025-03-04,GS,564.083984375,4061000.0,Yahoo Finance,2026-09-21T04:37:35+00:00,2025-12-18
2025-03-05,GS,575.6639404296875,2600600.0,Yahoo Finance,2026-09-21T04:37:35+00:00,2025-12-18
2025-03-06,GS,551.0093383789062,4332300.0,Yahoo Finance,2026-09-21T04:37:35+00:00,2025-12-18
2025-03-07,GS,543.2442016601562,4069600.0,Yahoo Finance,2026-09-21T04:37:35+00:00,2025-12-18
2025-03-10,GS,516.0562744140625,5272100.0,Yahoo Finance,2026-09-21T04:37:35+00:00,2025-12-18
2025-03-11,GS,515.8329467773438,4190500.0,Yahoo Finance,2026-09-21T04:37:35+00:00,2025-12-18
2025-03-12,GS,519.9873657226562,3078100.0,Yahoo Finance,2026-09-21T04:37:35+00:00,2025-12-18
2025-03-13,GS,509.4072570800781,2529100.0,Yahoo Finance,2026-09-21T04:37:35+00:00,2025-12-18
2025-03-14,GS,525.5200805664062,2808100.0,Yahoo Finance,2026-09-21T04:37:35+00:00,2025-12-18
2025-03-17,GS,535.15869140625,2695600.0,Yahoo Finance,2026-09-21T04:37:35+00:00,2025-12-18
2025-03-18,GS,535.585693359375,2641000.0,Yahoo Finance,2026-09-21T04:37:35+00:00,2025-12-18
2025-03-19,GS,540.9824829101562,2769800.0,Yahoo Finance,2026-09-21T04:37:35+00:00,2025-12-18
2025-03-20,GS,546.1658935546875,2531300.0,Yahoo Finance,2026-09-21T04:37:35+00:00,2025-12-18
2025-03-21,GS,548.5536499023438,3565600.0,Yahoo Finance,2026-09-21T04:37:35+00:00,2025-12-18
2025-03-24,GS,563.0745849609375,1877700.0,Yahoo Finance,2026-09-21T04:37:35+00:00,2025-12-18
2025-03-25,GS,568.7431030273438,1875500.0,Yahoo Finance,2026-09-21T04:37:35+00:00,2025-12-18
2025-03-26,GS,557.075927734375,1944200.0,Yahoo Finance,2026-09-21T04:37:35+00:00,2025-12-18
2025-03-27,GS,542.5161743164062,2100900.0,Yahoo Finance,2026-09-21T04:37:35+00:00,2025-12-18
2025-03-28,GS,527.179931640625,2773100.0,Yahoo Finance,2026-09-21T04:37:35+00:00,2025-12-18
2025-03-31,GS,530.2568969726562,2455100.0,Yahoo Finance,2026-09-21T04:37:35+00:00,2025-12-18
2025-04-01,GS,532.3535766601562,1869600.0,Yahoo Finance,2026-09-21T04:37:35+00:00,2025-12-18
2025-04-02,GS,546.5734252929688,2560700.0,Yahoo Finance,2026-09-21T04:37:35+00:00,2025-12-18
2025-04-03,GS,496.2258605957031,5193900.0,Yahoo Finance,2026-09-21T04:37:35+00:00,2025-12-18
2025-04-04,GS,456.99212646484375,8105200.0,Yahoo Finance,2026-09-21T04:37:35+00:00,2025-12-18
2025-04-07,GS,451.8476867675781,6353800.0,Yahoo Finance,2026-09-21T04:37:35+00:00,2025-12-18
2025-04-08,GS,448.65423583984375,4240900.0,Yahoo Finance,2026-09-21T04:37:35+00:00,2025-12-18
2025-04-09,GS,501.7002868652344,7024100.0,Yahoo Finance,2026-09-21T04:37:35+00:00,2025-12-18
2025-04-10,GS,475.4247741699219,5374500.0,Yahoo Finance,2026-09-21T04:37:35+00:00,2025-12-18
2025-04-11,GS,479.9285888671875,3770200.0,Yahoo Finance,2026-09-21T04:37:35+00:00,2025-12-18
2025-04-14,GS,489.18865966796875,4392600.0,Yahoo Finance,2026-09-21T04:37:35+00:00,2025-12-18
2025-04-15,GS,492.98388671875,2501200.0,Yahoo Finance,2026-09-21T04:37:35+00:00,2025-12-18
2025-04-16,GS,484.4033203125,2765600.0,Yahoo Finance,2026-09-21T04:37:35+00:00,2025-12-18
2025-04-17,GS,494.5368957519531,2593500.0,Yahoo Finance,2026-09-21T04:37:35+00:00,2025-12-18
2025-04-21,GS,486.6454772949219,2859300.0,Yahoo Finance,2026-09-21T04:37:35+00:00,2025-12-18
2025-04-22,GS,504.7287902832031,2514600.0,Yahoo Finance,2026-09-21T04:37:35+00:00,2025-12-18
2025-04-23,GS,513.7752685546875,3048100.0,Yahoo Finance,2026-09-21T04:37:35+00:00,2025-12-18
2025-04-24,GS,529.3638916015625,2223600.0,Yahoo Finance,2026-09-21T04:37:35+00:00,2025-12-18
2025-04-25,GS,528.8687744140625,1612700.0,Yahoo Finance,2026-09-21T04:37:35+00:00,2025-12-18
2025-04-28,GS,530.3636474609375,1459700.0,Yahoo Finance,2026-09-21T04:37:35+00:00,2025-12-18
2025-04-29,GS,532.8096923828125,1695600.0,Yahoo Finance,2026-09-21T04:37:35+00:00,2025-12-18
2025-04-30,GS,531.4798583984375,2438300.0,Yahoo Finance,2026-09-21T04:37:35+00:00,2025-12-18
2025-05-01,GS,537.5755615234375,2583000.0,Yahoo Finance,2026-09-21T04:37:35+00:00,2025-12-18
2025-05-02,GS,549.4854736328125,2883000.0,Yahoo Finance,2026-09-21T04:37:35+00:00,2025-12-18
2025-05-05,GS,543.1373901367188,2197200.0,Yahoo Finance,2026-09-21T04:37:35+00:00,2025-12-18
2025-05-06,GS,533.2367553710938,2902500.0,Yahoo Finance,2026-09-21T04:37:35+00:00,2025-12-18
2025-05-07,GS,535.7215576171875,1954900.0,Yahoo Finance,2026-09-21T04:37:35+00:00,2025-12-18
2025-05-08,GS,549.0971069335938,1994600.0,Yahoo Finance,2026-09-21T04:37:35+00:00,2025-12-18
2025-05-09,GS,550.4560546875,1522500.0,Yahoo Finance,2026-09-21T04:37:35+00:00,2025-12-18
2025-05-12,GS,573.9846801757812,3527700.0,Yahoo Finance,2026-09-21T04:37:35+00:00,2025-12-18
2025-05-13,GS,586.0887451171875,2765800.0,Yahoo Finance,2026-09-21T04:37:35+00:00,2025-12-18
2025-05-14,GS,593.6500854492188,2874400.0,Yahoo Finance,2026-09-21T04:37:35+00:00,2025-12-18
2025-05-15,GS,597.8239135742188,2428100.0,Yahoo Finance,2026-09-21T04:37:35+00:00,2025-12-18
2025-05-16,GS,600.862060546875,2021800.0,Yahoo Finance,2026-09-21T04:37:35+00:00,2025-12-18
2025-05-19,GS,594.3294677734375,2842100.0,Yahoo Finance,2026-09-21T04:37:35+00:00,2025-12-18
2025-05-20,GS,588.7191772460938,1601600.0,Yahoo Finance,2026-09-21T04:37:35+00:00,2025-12-18
2025-05-21,GS,576.04248046875,2635900.0,Yahoo Finance,2026-09-21T04:37:35+00:00,2025-12-18
2025-05-22,GS,580.6725463867188,1939600.0,Yahoo Finance,2026-09-21T04:37:35+00:00,2025-12-18
2025-05-23,GS,580.973388671875,1530600.0,Yahoo Finance,2026-09-21T04:37:35+00:00,2025-12-18
2025-05-27,GS,597.6588745117188,2364700.0,Yahoo Finance,2026-09-21T04:37:35+00:00,2025-12-18
2025-05-28,GS,590.582763671875,2001900.0,Yahoo Finance,2026-09-21T04:37:35+00:00,2025-12-18
2025-05-29,GS,587.1078491210938,1736100.0,Yahoo Finance,2026-09-21T04:37:35+00:00,2025-12-18
2025-05-30,GS,585.732421875,2129500.0,Yahoo Finance,2026-09-21T04:37:35+00:00,2025-12-18
2025-06-02,GS,584.0447998046875,1221200.0,Yahoo Finance,2026-09-21T04:37:35+00:00,2025-12-18
2025-06-03,GS,589.029541015625,1730300.0,Yahoo Finance,2026-09-21T04:37:35+00:00,2025-12-18
2025-06-04,GS,584.5228271484375,1294900.0,Yahoo Finance,2026-09-21T04:37:35+00:00,2025-12-18
2025-06-05,GS,591.0293579101562,2086700.0,Yahoo Finance,2026-09-21T04:37:35+00:00,2025-12-18
2025-06-06,GS,598.9503173828125,1675900.0,Yahoo Finance,2026-09-21T04:37:35+00:00,2025-12-18
2025-06-09,GS,598.4821166992188,1610700.0,Yahoo Finance,2026-09-21T04:37:35+00:00,2025-12-18
2025-06-10,GS,599.7990112304688,1376400.0,Yahoo Finance,2026-09-21T04:37:35+00:00,2025-12-18
2025-06-11,GS,608.8709716796875,2063600.0,Yahoo Finance,2026-09-21T04:37:35+00:00,2025-12-18
2025-06-12,GS,609.7879028320312,1634700.0,Yahoo Finance,2026-09-21T04:37:35+00:00,2025-12-18
2025-06-13,GS,598.5015258789062,1674800.0,Yahoo Finance,2026-09-21T04:37:35+00:00,2025-12-18
2025-06-16,GS,612.4608154296875,1870400.0,Yahoo Finance,2026-09-21T04:37:35+00:00,2025-12-18
2025-06-17,GS,609.3295288085938,1479300.0,Yahoo Finance,2026-09-21T04:37:35+00:00,2025-12-18
2025-06-18,GS,619.6696166992188,2423100.0,Yahoo Finance,2026-09-21T04:37:35+00:00,2025-12-18
2025-06-20,GS,625.0933227539062,4115400.0,Yahoo Finance,2026-09-21T04:37:35+00:00,2025-12-18
2025-06-23,GS,631.0243530273438,2020800.0,Yahoo Finance,2026-09-21T04:37:35+00:00,2025-12-18
2025-06-24,GS,645.8810424804688,2307800.0,Yahoo Finance,2026-09-21T04:37:35+00:00,2025-12-18
2025-06-25,GS,653.4508666992188,1566400.0,Yahoo Finance,2026-09-21T04:37:35+00:00,2025-12-18
2025-06-26,GS,670.317138671875,2849500.0,Yahoo Finance,2026-09-21T04:37:35+00:00,2025-12-18
2025-06-27,GS,673.8776245117188,3650500.0,Yahoo Finance,2026-09-21T04:37:35+00:00,2025-12-18
2025-06-30,GS,690.4024047851562,3976400.0,Yahoo Finance,2026-09-21T04:37:35+00:00,2025-12-18
2025-07-01,GS,689.14404296875,3301000.0,Yahoo Finance,2026-09-21T04:37:35+00:00,2025-12-18
2025-07-02,GS,698.3428344726562,2906500.0,Yahoo Finance,2026-09-21T04:37:35+00:00,2025-12-18
2025-07-03,GS,705.9419555664062,1502000.0,Yahoo Finance,2026-09-21T04:37:35+00:00,2025-12-18
2025-07-07,GS,693.5045166015625,2863700.0,Yahoo Finance,2026-09-21T04:37:35+00:00,2025-12-18
2025-07-08,GS,680.1891479492188,3100700.0,Yahoo Finance,2026-09-21T04:37:35+00:00,2025-12-18
2025-07-09,GS,679.4866333007812,1763400.0,Yahoo Finance,2026-09-21T04:37:35+00:00,2025-12-18
2025-07-10,GS,691.7388305664062,1733500.0,Yahoo Finance,2026-09-21T04:37:35+00:00,2025-12-18
2025-07-11,GS,687.671142578125,1681800.0,Yahoo Finance,2026-09-21T04:37:35+00:00,2025-12-18
2025-07-14,GS,695.8162841796875,1909300.0,Yahoo Finance,2026-09-21T04:37:35+00:00,2025-12-18
2025-07-15,GS,685.2908325195312,1981200.0,Yahoo Finance,2026-09-21T04:37:35+00:00,2025-12-18
2025-07-16,GS,691.4461669921875,3323200.0,Yahoo Finance,2026-09-21T04:37:35+00:00,2025-12-18
2025-07-17,GS,688.5392456054688,2046100.0,Yahoo Finance,2026-09-21T04:37:35+00:00,2025-12-18
2025-07-18,GS,690.8999633789062,1925200.0,Yahoo Finance,2026-09-21T04:37:35+00:00,2025-12-18
2025-07-21,GS,688.6952514648438,2006500.0,Yahoo Finance,2026-09-21T04:37:35+00:00,2025-12-18
2025-07-22,GS,683.2423095703125,1978900.0,Yahoo Finance,2026-09-21T04:37:35+00:00,2025-12-18
2025-07-23,GS,699.9329833984375,2395700.0,Yahoo Finance,2026-09-21T04:37:35+00:00,2025-12-18
2025-07-24,GS,701.5523071289062,1974700.0,Yahoo Finance,2026-09-21T04:37:35+00:00,2025-12-18
2025-07-25,GS,711.1119384765625,1851400.0,Yahoo Finance,2026-09-21T04:37:35+00:00,2025-12-18
2025-07-28,GS,705.9127197265625,1464800.0,Yahoo Finance,2026-09-21T04:37:35+00:00,2025-12-18
2025-07-29,GS,714.0385131835938,2136000.0,Yahoo Finance,2026-09-21T04:37:35+00:00,2025-12-18
2025-07-30,GS,712.8387451171875,1816200.0,Yahoo Finance,2026-09-21T04:37:35+00:00,2025-12-18
2025-07-31,GS,705.854248046875,2358100.0,Yahoo Finance,2026-09-21T04:37:35+00:00,2025-12-18
2025-08-01,GS,692.1778564453125,2999100.0,Yahoo Finance,2026-09-21T04:37:35+00:00,2025-12-18
2025-08-04,GS,708.234375,1753700.0,Yahoo Finance,2026-09-21T04:37:35+00:00,2025-12-18
2025-08-05,GS,703.23974609375,1977300.0,Yahoo Finance,2026-09-21T04:37:35+00:00,2025-12-18
2025-08-06,GS,706.9760131835938,1477100.0,Yahoo Finance,2026-09-21T04:37:35+00:00,2025-12-18
2025-08-07,GS,702.0985107421875,1400400.0,Yahoo Finance,2026-09-21T04:37:35+00:00,2025-12-18
2025-08-08,GS,703.5910034179688,1275400.0,Yahoo Finance,2026-09-21T04:37:35+00:00,2025-12-18
2025-08-11,GS,701.6107788085938,1273500.0,Yahoo Finance,2026-09-21T04:37:35+00:00,2025-12-18
2025-08-12,GS,725.1591186523438,2418100.0,Yahoo Finance,2026-09-21T04:37:35+00:00,2025-12-18
2025-08-13,GS,726.43701171875,1862600.0,Yahoo Finance,2026-09-21T04:37:35+00:00,2025-12-18
2025-08-14,GS,728.8854370117188,1371200.0,Yahoo Finance,2026-09-21T04:37:35+00:00,2025-12-18
2025-08-15,GS,712.809326171875,1645900.0,Yahoo Finance,2026-09-21T04:37:35+00:00,2025-12-18
2025-08-18,GS,713.0435180664062,1157800.0,Yahoo Finance,2026-09-21T04:37:35+00:00,2025-12-18
2025-08-19,GS,703.6983642578125,1856400.0,Yahoo Finance,2026-09-21T04:37:35+00:00,2025-12-18
2025-08-20,GS,703.0155029296875,1872700.0,Yahoo Finance,2026-09-21T04:37:35+00:00,2025-12-18
2025-08-21,GS,698.4013671875,1162000.0,Yahoo Finance,2026-09-21T04:37:35+00:00,2025-12-18
2025-08-22,GS,723.7056274414062,1948600.0,Yahoo Finance,2026-09-21T04:37:35+00:00,2025-12-18
2025-08-25,GS,720.6815185546875,1381200.0,Yahoo Finance,2026-09-21T04:37:35+00:00,2025-12-18
2025-08-26,GS,730.5926513671875,1511600.0,Yahoo Finance,2026-09-21T04:37:35+00:00,2025-12-18
2025-08-27,GS,731.2948608398438,1534800.0,Yahoo Finance,2026-09-21T04:37:35+00:00,2025-12-18
2025-08-28,GS,732.806884765625,1411200.0,Yahoo Finance,2026-09-21T04:37:35+00:00,2025-12-18
2025-08-29,GS,730.8749389648438,1467000.0,Yahoo Finance,2026-09-21T04:37:35+00:00,2025-12-18
2025-09-02,GS,716.752685546875,2296400.0,Yahoo Finance,2026-09-21T04:37:35+00:00,2025-12-18
2025-09-03,GS,716.4683227539062,1485600.0,Yahoo Finance,2026-09-21T04:37:35+00:00,2025-12-18
2025-09-04,GS,734.4545288085938,1778200.0,Yahoo Finance,2026-09-21T04:37:35+00:00,2025-12-18
2025-09-05,GS,723.9707641601562,1822800.0,Yahoo Finance,2026-09-21T04:37:35+00:00,2025-12-18
2025-09-08,GS,727.5404663085938,1400100.0,Yahoo Finance,2026-09-21T04:37:35+00:00,2025-12-18
2025-09-09,GS,749.1847534179688,2611300.0,Yahoo Finance,2026-09-21T04:37:35+00:00,2025-12-18
2025-09-10,GS,754.735595703125,1996200.0,Yahoo Finance,2026-09-21T04:37:35+00:00,2025-12-18
2025-09-11,GS,769.5933837890625,2075700.0,Yahoo Finance,2026-09-21T04:37:35+00:00,2025-12-18
2025-09-12,GS,765.0134887695312,1099400.0,Yahoo Finance,2026-09-21T04:37:35+00:00,2025-12-18
2025-09-15,GS,771.584228515625,1292000.0,Yahoo Finance,2026-09-21T04:37:35+00:00,2025-12-18
2025-09-16,GS,770.3779907226562,1529500.0,Yahoo Finance,2026-09-21T04:37:35+00:00,2025-12-18
2025-09-17,GS,778.9002685546875,1945300.0,Yahoo Finance,2026-09-21T04:37:35+00:00,2025-12-18
2025-09-18,GS,788.7957153320312,1501600.0,Yahoo Finance,2026-09-21T04:37:35+00:00,2025-12-18
2025-09-19,GS,789.472412109375,3789800.0,Yahoo Finance,2026-09-21T04:37:35+00:00,2025-12-18
2025-09-22,GS,790.0216674804688,1151000.0,Yahoo Finance,2026-09-21T04:37:35+00:00,2025-12-18
2025-09-23,GS,790.7669677734375,1758800.0,Yahoo Finance,2026-09-21T04:37:35+00:00,2025-12-18
2025-09-24,GS,777.1448974609375,1402500.0,Yahoo Finance,2026-09-21T04:37:35+00:00,2025-12-18
2025-09-25,GS,779.429931640625,1413100.0,Yahoo Finance,2026-09-21T04:37:35+00:00,2025-12-18
2025-09-26,GS,787.0303955078125,1376200.0,Yahoo Finance,2026-09-21T04:37:35+00:00,2025-12-18
2025-09-29,GS,788.609375,1059000.0,Yahoo Finance,2026-09-21T04:37:35+00:00,2025-12-18
2025-09-30,GS,780.9892578125,2463900.0,Yahoo Finance,2026-09-21T04:37:35+00:00,2025-12-18
2025-10-01,GS,770.3583374023438,1788900.0,Yahoo Finance,2026-09-21T04:37:35+00:00,2025-12-18
2025-10-02,GS,764.3465576171875,1553700.0,Yahoo Finance,2026-09-21T04:37:35+00:00,2025-12-18
2025-10-03,GS,774.7420654296875,1470500.0,Yahoo Finance,2026-09-21T04:37:35+00:00,2025-12-18
2025-10-06,GS,781.4110107421875,1632600.0,Yahoo Finance,2026-09-21T04:37:35+00:00,2025-12-18
2025-10-07,GS,774.4185791015625,1547200.0,Yahoo Finance,2026-09-21T04:37:35+00:00,2025-12-18
2025-10-08,GS,761.5319213867188,1939300.0,Yahoo Finance,2026-09-21T04:37:35+00:00,2025-12-18
2025-10-09,GS,764.9154052734375,1575000.0,Yahoo Finance,2026-09-21T04:37:35+00:00,2025-12-18
2025-10-10,GS,749.6162719726562,2457900.0,Yahoo Finance,2026-09-21T04:37:35+00:00,2025-12-18
2025-10-13,GS,771.6039428710938,2766000.0,Yahoo Finance,2026-09-21T04:37:35+00:00,2025-12-18
2025-10-14,GS,755.8928833007812,4710800.0,Yahoo Finance,2026-09-21T04:37:35+00:00,2025-12-18
2025-10-15,GS,753.1174926757812,3217400.0,Yahoo Finance,2026-09-21T04:37:35+00:00,2025-12-18
2025-10-16,GS,743.46728515625,3160900.0,Yahoo Finance,2026-09-21T04:37:35+00:00,2025-12-18
2025-10-17,GS,736.2885131835938,2884700.0,Yahoo Finance,2026-09-21T04:37:35+00:00,2025-12-18
2025-10-20,GS,748.5963745117188,1925400.0,Yahoo Finance,2026-09-21T04:37:35+00:00,2025-12-18
2025-10-21,GS,744.3400268554688,1782200.0,Yahoo Finance,2026-09-21T04:37:35+00:00,2025-12-18
2025-10-22,GS,730.2373657226562,2141400.0,Yahoo Finance,2026-09-21T04:37:35+00:00,2025-12-18
2025-10-23,GS,736.29833984375,1615400.0,Yahoo Finance,2026-09-21T04:37:35+00:00,2025-12-18
2025-10-24,GS,768.759765625,2505600.0,Yahoo Finance,2026-09-21T04:37:35+00:00,2025-12-18
2025-10-27,GS,774.751953125,1645300.0,Yahoo Finance,2026-09-21T04:37:35+00:00,2025-12-18
2025-10-28,GS,776.8115234375,1242000.0,Yahoo Finance,2026-09-21T04:37:35+00:00,2025-12-18
2025-10-29,GS,767.95556640625,2251500.0,Yahoo Finance,2026-09-21T04:37:35+00:00,2025-12-18
2025-10-30,GS,774.9186401367188,1829500.0,Yahoo Finance,2026-09-21T04:37:35+00:00,2025-12-18
2025-10-31,GS,774.1439208984375,1328100.0,Yahoo Finance,2026-09-21T04:37:35+00:00,2025-12-18
2025-11-03,GS,770.3681030273438,1569100.0,Yahoo Finance,2026-09-21T04:37:35+00:00,2025-12-18
2025-11-04,GS,775.5757446289062,2046000.0,Yahoo Finance,2026-09-21T04:37:35+00:00,2025-12-18
2025-11-05,GS,777.7921142578125,1832700.0,Yahoo Finance,2026-09-21T04:37:35+00:00,2025-12-18
2025-11-06,GS,772.388427734375,1572500.0,Yahoo Finance,2026-09-21T04:37:35+00:00,2025-12-18
2025-11-07,GS,771.17236328125,2098400.0,Yahoo Finance,2026-09-21T04:37:35+00:00,2025-12-18
2025-11-10,GS,781.8228149414062,1698200.0,Yahoo Finance,2026-09-21T04:37:35+00:00,2025-12-18
2025-11-11,GS,794.679931640625,1521500.0,Yahoo Finance,2026-09-21T04:37:35+00:00,2025-12-18
2025-11-12,GS,822.787109375,2954100.0,Yahoo Finance,2026-09-21T04:37:35+00:00,2025-12-18
2025-11-13,GS,789.9628295898438,2557400.0,Yahoo Finance,2026-09-21T04:37:35+00:00,2025-12-18
2025-11-14,GS,775.6541748046875,2552000.0,Yahoo Finance,2026-09-21T04:37:35+00:00,2025-12-18
2025-11-17,GS,760.6002807617188,1850600.0,Yahoo Finance,2026-09-21T04:37:35+00:00,2025-12-18
2025-11-18,GS,761.3259887695312,1673500.0,Yahoo Finance,2026-09-21T04:37:35+00:00,2025-12-18
2025-11-19,GS,770.8290405273438,1521100.0,Yahoo Finance,2026-09-21T04:37:35+00:00,2025-12-18
2025-11-20,GS,758.776123046875,2599000.0,Yahoo Finance,2026-09-21T04:37:35+00:00,2025-12-18
2025-11-21,GS,759.0997924804688,2284700.0,Yahoo Finance,2026-09-21T04:37:35+00:00,2025-12-18
2025-11-24,GS,775.4580688476562,2319500.0,Yahoo Finance,2026-09-21T04:37:35+00:00,2025-12-18
2025-11-25,GS,786.8440551757812,2252900.0,Yahoo Finance,2026-09-21T04:37:35+00:00,2025-12-18
2025-11-26,GS,800.2700805664062,1862500.0,Yahoo Finance,2026-09-21T04:37:35+00:00,2025-12-18
2025-11-28,GS,810.1065673828125,868300.0,Yahoo Finance,2026-09-21T04:37:35+00:00,2025-12-18
2025-12-01,GS,795.2193603515625,2133200.0,Yahoo Finance,2026-09-21T04:37:35+00:00,2025-12-18
2025-12-02,GS,803.448974609375,2254200.0,Yahoo Finance,2026-09-21T04:37:35+00:00,2025-12-18
2025-12-03,GS,824.5007934570312,2347900.0,Yahoo Finance,2026-09-21T04:37:35+00:00,2025-12-18
2025-12-04,GS,825.7426147460938,1670800.0,Yahoo Finance,2026-09-21T04:37:35+00:00,2025-12-18
2025-12-05,GS,842.231201171875,2277500.0,Yahoo Finance,2026-09-21T04:37:35+00:00,2025-12-18
2025-12-08,GS,854.1862182617188,2238100.0,Yahoo Finance,2026-09-21T04:37:35+00:00,2025-12-18
2025-12-09,GS,863.9335327148438,2274800.0,Yahoo Finance,2026-09-21T04:37:35+00:00,2025-12-18
2025-12-10,GS,876.410888671875,2394300.0,Yahoo Finance,2026-09-21T04:37:35+00:00,2025-12-18
2025-12-11,GS,897.8865356445312,2683000.0,Yahoo Finance,2026-09-21T04:37:35+00:00,2025-12-18
2025-12-12,GS,875.1493530273438,2715200.0,Yahoo Finance,2026-09-21T04:37:35+00:00,2025-12-18
2025-12-15,GS,876.7559204101562,1976600.0,Yahoo Finance,2026-09-21T04:37:35+00:00,2025-12-18
2025-12-16,GS,866.4664916992188,2161600.0,Yahoo Finance,2026-09-21T04:37:35+00:00,2025-12-18
2025-12-17,GS,859.7449340820312,2213300.0,Yahoo Finance,2026-09-21T04:37:35+00:00,2025-12-18
2025-12-18,GS,863.6575317382812,2066300.0,Yahoo Finance,2026-09-21T04:37:35+00:00,2025-12-18
2024-11-13,HD,389.6560363769531,3083100.0,Yahoo Finance,2026-09-21T04:37:35+00:00,2025-12-18
2024-11-14,HD,385.40985107421875,3348100.0,Yahoo Finance,2026-09-21T04:37:35+00:00,2025-12-18
2024-11-15,HD,387.7467041015625,3239500.0,Yahoo Finance,2026-09-21T04:37:35+00:00,2025-12-18
2024-11-18,HD,389.8935241699219,3394300.0,Yahoo Finance,2026-09-21T04:37:35+00:00,2025-12-18
2024-11-19,HD,386.43572998046875,3239400.0,Yahoo Finance,2026-09-21T04:37:35+00:00,2025-12-18
2024-11-20,HD,379.9761657714844,4732200.0,Yahoo Finance,2026-09-21T04:37:35+00:00,2025-12-18
2024-11-21,HD,389.9030456542969,3722200.0,Yahoo Finance,2026-09-21T04:37:35+00:00,2025-12-18
2024-11-22,HD,398.9749755859375,4932500.0,Yahoo Finance,2026-09-21T04:37:35+00:00,2025-12-18
2024-11-25,HD,407.21099853515625,4544200.0,Yahoo Finance,2026-09-21T04:37:35+00:00,2025-12-18
2024-11-26,HD,408.0184020996094,2758600.0,Yahoo Finance,2026-09-21T04:37:35+00:00,2025-12-18
2024-11-27,HD,407.9420471191406,2293500.0,Yahoo Finance,2026-09-21T04:37:35+00:00,2025-12-18
2024-11-29,HD,409.7946472167969,2028700.0,Yahoo Finance,2026-09-21T04:37:35+00:00,2025-12-18
2024-12-02,HD,407.7224426269531,2617100.0,Yahoo Finance,2026-09-21T04:37:35+00:00,2025-12-18
2024-12-03,HD,410.0047302246094,2714000.0,Yahoo Finance,2026-09-21T04:37:35+00:00,2025-12-18
2024-12-04,HD,408.63916015625,1968800.0,Yahoo Finance,2026-09-21T04:37:35+00:00,2025-12-18
2024-12-05,HD,407.3213195800781,2523500.0,Yahoo Finance,2026-09-21T04:37:35+00:00,2025-12-18
2024-12-06,HD,411.9336853027344,3161400.0,Yahoo Finance,2026-09-21T04:37:35+00:00,2025-12-18
2024-12-09,HD,409.8423767089844,3426000.0,Yahoo Finance,2026-09-21T04:37:35+00:00,2025-12-18
2024-12-10,HD,403.5492858886719,3354900.0,Yahoo Finance,2026-09-21T04:37:35+00:00,2025-12-18
2024-12-11,HD,402.393798828125,4211200.0,Yahoo Finance,2026-09-21T04:37:35+00:00,2025-12-18
2024-12-12,HD,395.7474365234375,3673600.0,Yahoo Finance,2026-09-21T04:37:35+00:00,2025-12-18
2024-12-13,HD,398.19207763671875,2649500.0,Yahoo Finance,2026-09-21T04:37:35+00:00,2025-12-18
2024-12-16,HD,392.2045593261719,2879600.0,Yahoo Finance,2026-09-21T04:37:35+00:00,2025-12-18
2024-12-17,HD,390.0655212402344,3726500.0,Yahoo Finance,2026-09-21T04:37:35+00:00,2025-12-18
2024-12-18,HD,376.0755920410156,4225500.0,Yahoo Finance,2026-09-21T04:37:35+00:00,2025-12-18
2024-12-19,HD,367.6720886230469,4576100.0,Yahoo Finance,2026-09-21T04:37:35+00:00,2025-12-18
2024-12-20,HD,374.9105529785156,8046400.0,Yahoo Finance,2026-09-21T04:37:35+00:00,2025-12-18
2024-12-23,HD,374.767333984375,2433800.0,Yahoo Finance,2026-09-21T04:37:35+00:00,2025-12-18
2024-12-24,HD,378.2911071777344,1392600.0,Yahoo Finance,2026-09-21T04:37:35+00:00,2025-12-18
2024-12-26,HD,377.3360900878906,1319500.0,Yahoo Finance,2026-09-21T04:37:35+00:00,2025-12-18
2024-12-27,HD,375.1588439941406,1942700.0,Yahoo Finance,2026-09-21T04:37:35+00:00,2025-12-18
2024-12-30,HD,371.88336181640625,2444700.0,Yahoo Finance,2026-09-21T04:37:35+00:00,2025-12-18
2024-12-31,HD,371.46319580078125,2179700.0,Yahoo Finance,2026-09-21T04:37:35+00:00,2025-12-18
2025-01-02,HD,370.95709228515625,2415700.0,Yahoo Finance,2026-09-21T04:37:35+00:00,2025-12-18
2025-01-03,HD,371.6446533203125,2231600.0,Yahoo Finance,2026-09-21T04:37:35+00:00,2025-12-18
2025-01-06,HD,371.82611083984375,3274500.0,Yahoo Finance,2026-09-21T04:37:35+00:00,2025-12-18
2025-01-07,HD,366.9176940917969,2274300.0,Yahoo Finance,2026-09-21T04:37:35+00:00,2025-12-18
2025-01-08,HD,369.75390625,2848500.0,Yahoo Finance,2026-09-21T04:37:35+00:00,2025-12-18
2025-01-10,HD,372.3227233886719,5323400.0,Yahoo Finance,2026-09-21T04:37:35+00:00,2025-12-18
2025-01-13,HD,371.6446533203125,3512900.0,Yahoo Finance,2026-09-21T04:37:35+00:00,2025-12-18
2025-01-14,HD,375.0824279785156,3405200.0,Yahoo Finance,2026-09-21T04:37:35+00:00,2025-12-18
2025-01-15,HD,387.7927551269531,4584800.0,Yahoo Finance,2026-09-21T04:37:35+00:00,2025-12-18
2025-01-16,HD,390.8867492675781,2305900.0,Yahoo Finance,2026-09-21T04:37:35+00:00,2025-12-18
2025-01-17,HD,390.93450927734375,3229000.0,Yahoo Finance,2026-09-21T04:37:35+00:00,2025-12-18
2025-01-21,HD,399.5767517089844,3568100.0,Yahoo Finance,2026-09-21T04:37:35+00:00,2025-12-18
2025-01-22,HD,391.6220703125,3581400.0,Yahoo Finance,2026-09-21T04:37:35+00:00,2025-12-18
2025-01-23,HD,395.71875,3840300.0,Yahoo Finance,2026-09-21T04:37:35+00:00,2025-12-18
2025-01-24,HD,395.8238525390625,2369800.0,Yahoo Finance,2026-09-21T04:37:35+00:00,2025-12-18
2025-01-27,HD,405.7265625,3699200.0,Yahoo Finance,2026-09-21T04:37:35+00:00,2025-12-18
2025-01-28,HD,399.95867919921875,2818300.0,Yahoo Finance,2026-09-21T04:37:35+00:00,2025-12-18
2025-01-29,HD,394.79248046875,2384900.0,Yahoo Finance,2026-09-21T04:37:35+00:00,2025-12-18
2025-01-30,HD,395.8238525390625,3081300.0,Yahoo Finance,2026-09-21T04:37:35+00:00,2025-12-18
2025-01-31,HD,393.4173583984375,2761000.0,Yahoo Finance,2026-09-21T04:37:35+00:00,2025-12-18
2025-02-03,HD,390.3424377441406,2896200.0,Yahoo Finance,2026-09-21T04:37:35+00:00,2025-12-18
2025-02-04,HD,392.94940185546875,2150800.0,Yahoo Finance,2026-09-21T04:37:35+00:00,2025-12-18
2025-02-05,HD,395.17449951171875,2212100.0,Yahoo Finance,2026-09-21T04:37:35+00:00,2025-12-18
2025-02-06,HD,395.4991149902344,2023700.0,Yahoo Finance,2026-09-21T04:37:35+00:00,2025-12-18
2025-02-07,HD,389.01507568359375,2530200.0,Yahoo Finance,2026-09-21T04:37:35+00:00,2025-12-18
2025-02-10,HD,395.3367919921875,2617600.0,Yahoo Finance,2026-09-21T04:37:35+00:00,2025-12-18
2025-02-11,HD,397.6000061035156,1441800.0,Yahoo Finance,2026-09-21T04:37:35+00:00,2025-12-18
2025-02-12,HD,388.79547119140625,3387000.0,Yahoo Finance,2026-09-21T04:37:35+00:00,2025-12-18
2025-02-13,HD,393.8470458984375,3067900.0,Yahoo Finance,2026-09-21T04:37:35+00:00,2025-12-18
2025-02-14,HD,391.0490417480469,3004400.0,Yahoo Finance,2026-09-21T04:37:35+00:00,2025-12-18
2025-02-18,HD,385.1379699707031,3994000.0,Yahoo Finance,2026-09-21T04:37:35+00:00,2025-12-18
2025-02-19,HD,377.613037109375,3780000.0,Yahoo Finance,2026-09-21T04:37:35+00:00,2025-12-18
2025-02-20,HD,376.858642578125,2703500.0,Yahoo Finance,2026-09-21T04:37:35+00:00,2025-12-18
2025-02-21,HD,367.9394226074219,5287000.0,Yahoo Finance,2026-09-21T04:37:35+00:00,2025-12-18
2025-02-24,HD,365.1892395019531,5722000.0,Yahoo Finance,2026-09-21T04:37:35+00:00,2025-12-18
2025-02-25,HD,375.5694580078125,6823900.0,Yahoo Finance,2026-09-21T04:37:35+00:00,2025-12-18
2025-02-26,HD,372.8860778808594,3871500.0,Yahoo Finance,2026-09-21T04:37:35+00:00,2025-12-18
2025-02-27,HD,372.685546875,2825100.0,Yahoo Finance,2026-09-21T04:37:35+00:00,2025-12-18
2025-02-28,HD,378.7303161621094,4263500.0,Yahoo Finance,2026-09-21T04:37:35+00:00,2025-12-18
2025-03-03,HD,372.1316833496094,3397600.0,Yahoo Finance,2026-09-21T04:37:35+00:00,2025-12-18
2025-03-04,HD,364.4825744628906,4384800.0,Yahoo Finance,2026-09-21T04:37:35+00:00,2025-12-18
2025-03-05,HD,368.942138671875,2780300.0,Yahoo Finance,2026-09-21T04:37:35+00:00,2025-12-18
2025-03-06,HD,364.5303649902344,4222000.0,Yahoo Finance,2026-09-21T04:37:35+00:00,2025-12-18
2025-03-07,HD,359.8224792480469,4573900.0,Yahoo Finance,2026-09-21T04:37:35+00:00,2025-12-18
2025-03-10,HD,357.7693176269531,3710500.0,Yahoo Finance,2026-09-21T04:37:35+00:00,2025-12-18
2025-03-11,HD,351.5717468261719,4013300.0,Yahoo Finance,2026-09-21T04:37:35+00:00,2025-12-18
2025-03-12,HD,348.29632568359375,3368000.0,Yahoo Finance,2026-09-21T04:37:35+00:00,2025-12-18
2025-03-13,HD,333.7082824707031,7062400.0,Yahoo Finance,2026-09-21T04:37:35+00:00,2025-12-18
2025-03-14,HD,337.60992431640625,5510700.0,Yahoo Finance,2026-09-21T04:37:35+00:00,2025-12-18
2025-03-17,HD,340.3200378417969,3681300.0,Yahoo Finance,2026-09-21T04:37:35+00:00,2025-12-18
2025-03-18,HD,335.9378356933594,3008200.0,Yahoo Finance,2026-09-21T04:37:35+00:00,2025-12-18
2025-03-19,HD,339.63763427734375,2990200.0,Yahoo Finance,2026-09-21T04:37:35+00:00,2025-12-18
2025-03-20,HD,341.65576171875,3391200.0,Yahoo Finance,2026-09-21T04:37:35+00:00,2025-12-18
2025-03-21,HD,337.4562072753906,8205400.0,Yahoo Finance,2026-09-21T04:37:35+00:00,2025-12-18
2025-03-24,HD,349.58404541015625,4023200.0,Yahoo Finance,2026-09-21T04:37:35+00:00,2025-12-18
2025-03-25,HD,346.91241455078125,2799500.0,Yahoo Finance,2026-09-21T04:37:35+00:00,2025-12-18
2025-03-26,HD,348.0080261230469,3140900.0,Yahoo Finance,2026-09-21T04:37:35+00:00,2025-12-18
2025-03-27,HD,348.5845947265625,3036600.0,Yahoo Finance,2026-09-21T04:37:35+00:00,2025-12-18
2025-03-28,HD,344.1831970214844,2980200.0,Yahoo Finance,2026-09-21T04:37:35+00:00,2025-12-18
2025-03-31,HD,352.197998046875,4498800.0,Yahoo Finance,2026-09-21T04:37:35+00:00,2025-12-18
2025-04-01,HD,351.26580810546875,2801600.0,Yahoo Finance,2026-09-21T04:37:35+00:00,2025-12-18
2025-04-02,HD,356.4263916015625,3189500.0,Yahoo Finance,2026-09-21T04:37:35+00:00,2025-12-18
2025-04-03,HD,342.03057861328125,5407100.0,Yahoo Finance,2026-09-21T04:37:35+00:00,2025-12-18
2025-04-04,HD,340.09893798828125,7531100.0,Yahoo Finance,2026-09-21T04:37:35+00:00,2025-12-18
2025-04-07,HD,328.192138671875,6950500.0,Yahoo Finance,2026-09-21T04:37:35+00:00,2025-12-18
2025-04-08,HD,322.1666564941406,4868000.0,Yahoo Finance,2026-09-21T04:37:35+00:00,2025-12-18
2025-04-09,HD,341.53082275390625,6793000.0,Yahoo Finance,2026-09-21T04:37:35+00:00,2025-12-18
2025-04-10,HD,339.8298645019531,5574800.0,Yahoo Finance,2026-09-21T04:37:35+00:00,2025-12-18
2025-04-11,HD,340.0605163574219,3576400.0,Yahoo Finance,2026-09-21T04:37:35+00:00,2025-12-18
2025-04-14,HD,343.270263671875,2841800.0,Yahoo Finance,2026-09-21T04:37:35+00:00,2025-12-18
2025-04-15,HD,340.3007507324219,2883100.0,Yahoo Finance,2026-09-21T04:37:35+00:00,2025-12-18
2025-04-16,HD,332.49737548828125,2637200.0,Yahoo Finance,2026-09-21T04:37:35+00:00,2025-12-18
2025-04-17,HD,341.2137145996094,3232400.0,Yahoo Finance,2026-09-21T04:37:35+00:00,2025-12-18
2025-04-21,HD,333.3719177246094,4015200.0,Yahoo Finance,2026-09-21T04:37:35+00:00,2025-12-18
2025-04-22,HD,340.6082763671875,2802400.0,Yahoo Finance,2026-09-21T04:37:35+00:00,2025-12-18
2025-04-23,HD,342.5207214355469,3283300.0,Yahoo Finance,2026-09-21T04:37:35+00:00,2025-12-18
2025-04-24,HD,345.6151428222656,2749500.0,Yahoo Finance,2026-09-21T04:37:35+00:00,2025-12-18
2025-04-25,HD,343.63543701171875,2811300.0,Yahoo Finance,2026-09-21T04:37:35+00:00,2025-12-18
2025-04-28,HD,343.0011901855469,2413000.0,Yahoo Finance,2026-09-21T04:37:35+00:00,2025-12-18
2025-04-29,HD,345.00006103515625,2836900.0,Yahoo Finance,2026-09-21T04:37:35+00:00,2025-12-18
2025-04-30,HD,346.43194580078125,3741500.0,Yahoo Finance,2026-09-21T04:37:35+00:00,2025-12-18
2025-05-01,HD,344.32733154296875,3210100.0,Yahoo Finance,2026-09-21T04:37:35+00:00,2025-12-18
2025-05-02,HD,350.3047790527344,2283300.0,Yahoo Finance,2026-09-21T04:37:35+00:00,2025-12-18
2025-05-05,HD,347.6236267089844,2563500.0,Yahoo Finance,2026-09-21T04:37:35+00:00,2025-12-18
2025-05-06,HD,345.3652038574219,2299700.0,Yahoo Finance,2026-09-21T04:37:35+00:00,2025-12-18
2025-05-07,HD,348.6038513183594,2657200.0,Yahoo Finance,2026-09-21T04:37:35+00:00,2025-12-18
2025-05-08,HD,350.6315612792969,3035800.0,Yahoo Finance,2026-09-21T04:37:35+00:00,2025-12-18
2025-05-09,HD,348.56536865234375,1970700.0,Yahoo Finance,2026-09-21T04:37:35+00:00,2025-12-18
2025-05-12,HD,361.90411376953125,3831400.0,Yahoo Finance,2026-09-21T04:37:35+00:00,2025-12-18
2025-05-13,HD,359.0307312011719,2726800.0,Yahoo Finance,2026-09-21T04:37:35+00:00,2025-12-18
2025-05-14,HD,358.2715148925781,2587400.0,Yahoo Finance,2026-09-21T04:37:35+00:00,2025-12-18
2025-05-15,HD,363.8646240234375,2830500.0,Yahoo Finance,2026-09-21T04:37:35+00:00,2025-12-18
2025-05-16,HD,365.93072509765625,3129100.0,Yahoo Finance,2026-09-21T04:37:35+00:00,2025-12-18
2025-05-19,HD,364.5853271484375,4428200.0,Yahoo Finance,2026-09-21T04:37:35+00:00,2025-12-18
2025-05-20,HD,362.34619140625,6287400.0,Yahoo Finance,2026-09-21T04:37:35+00:00,2025-12-18
2025-05-21,HD,356.37835693359375,3966000.0,Yahoo Finance,2026-09-21T04:37:35+00:00,2025-12-18
2025-05-22,HD,351.85198974609375,2957300.0,Yahoo Finance,2026-09-21T04:37:35+00:00,2025-12-18
2025-05-23,HD,348.56536865234375,3115000.0,Yahoo Finance,2026-09-21T04:37:35+00:00,2025-12-18
2025-05-27,HD,355.95550537109375,3998500.0,Yahoo Finance,2026-09-21T04:37:35+00:00,2025-12-18
2025-05-28,HD,353.706787109375,2986100.0,Yahoo Finance,2026-09-21T04:37:35+00:00,2025-12-18
2025-05-29,HD,353.9278259277344,3034800.0,Yahoo Finance,2026-09-21T04:37:35+00:00,2025-12-18
2025-05-30,HD,353.9278259277344,4110400.0,Yahoo Finance,2026-09-21T04:37:35+00:00,2025-12-18
2025-06-02,HD,353.61065673828125,2506900.0,Yahoo Finance,2026-09-21T04:37:35+00:00,2025-12-18
2025-06-03,HD,358.5309753417969,3359500.0,Yahoo Finance,2026-09-21T04:37:35+00:00,2025-12-18
2025-06-04,HD,357.87750244140625,2428800.0,Yahoo Finance,2026-09-21T04:37:35+00:00,2025-12-18
2025-06-05,HD,357.0845642089844,2324100.0,Yahoo Finance,2026-09-21T04:37:35+00:00,2025-12-18
2025-06-06,HD,355.1990051269531,2349700.0,Yahoo Finance,2026-09-21T04:37:35+00:00,2025-12-18
2025-06-09,HD,353.13934326171875,2619700.0,Yahoo Finance,2026-09-21T04:37:35+00:00,2025-12-18
2025-06-10,HD,355.75982666015625,3014900.0,Yahoo Finance,2026-09-21T04:37:35+00:00,2025-12-18
2025-06-11,HD,348.5558776855469,3793500.0,Yahoo Finance,2026-09-21T04:37:35+00:00,2025-12-18
2025-06-12,HD,351.16668701171875,2921900.0,Yahoo Finance,2026-09-21T04:37:35+00:00,2025-12-18
2025-06-13,HD,342.9474182128906,3364400.0,Yahoo Finance,2026-09-21T04:37:35+00:00,2025-12-18
2025-06-16,HD,341.88372802734375,3688600.0,Yahoo Finance,2026-09-21T04:37:35+00:00,2025-12-18
2025-06-17,HD,337.2615966796875,4230100.0,Yahoo Finance,2026-09-21T04:37:35+00:00,2025-12-18
2025-06-18,HD,335.56939697265625,4453900.0,Yahoo Finance,2026-09-21T04:37:35+00:00,2025-12-18
2025-06-20,HD,338.0738830566406,8056500.0,Yahoo Finance,2026-09-21T04:37:35+00:00,2025-12-18
2025-06-23,HD,345.17144775390625,3862400.0,Yahoo Finance,2026-09-21T04:37:35+00:00,2025-12-18
2025-06-24,HD,348.5172119140625,4089600.0,Yahoo Finance,2026-09-21T04:37:35+00:00,2025-12-18
2025-06-25,HD,349.9096374511719,4159600.0,Yahoo Finance,2026-09-21T04:37:35+00:00,2025-12-18
2025-06-26,HD,351.4954528808594,3187900.0,Yahoo Finance,2026-09-21T04:37:35+00:00,2025-12-18
2025-06-27,HD,356.5624084472656,5503700.0,Yahoo Finance,2026-09-21T04:37:35+00:00,2025-12-18
2025-06-30,HD,354.53179931640625,4600700.0,Yahoo Finance,2026-09-21T04:37:35+00:00,2025-12-18
2025-07-01,HD,360.8364562988281,5152600.0,Yahoo Finance,2026-09-21T04:37:35+00:00,2025-12-18
2025-07-02,HD,359.5697326660156,3011400.0,Yahoo Finance,2026-09-21T04:37:35+00:00,2025-12-18
2025-07-03,HD,359.40533447265625,2573600.0,Yahoo Finance,2026-09-21T04:37:35+00:00,2025-12-18
2025-07-07,HD,355.4987487792969,3433100.0,Yahoo Finance,2026-09-21T04:37:35+00:00,2025-12-18
2025-07-08,HD,355.3633728027344,2531700.0,Yahoo Finance,2026-09-21T04:37:35+00:00,2025-12-18
2025-07-09,HD,358.7864685058594,3384200.0,Yahoo Finance,2026-09-21T04:37:35+00:00,2025-12-18
2025-07-10,HD,360.9718322753906,3701700.0,Yahoo Finance,2026-09-21T04:37:35+00:00,2025-12-18
2025-07-11,HD,357.8485107421875,3068900.0,Yahoo Finance,2026-09-21T04:37:35+00:00,2025-12-18
2025-07-14,HD,357.8871765136719,2481100.0,Yahoo Finance,2026-09-21T04:37:35+00:00,2025-12-18
2025-07-15,HD,346.7959899902344,3868700.0,Yahoo Finance,2026-09-21T04:37:35+00:00,2025-12-18
2025-07-16,HD,345.596923828125,4259800.0,Yahoo Finance,2026-09-21T04:37:35+00:00,2025-12-18
2025-07-17,HD,347.1827697753906,3128900.0,Yahoo Finance,2026-09-21T04:37:35+00:00,2025-12-18
2025-07-18,HD,347.5308837890625,3361600.0,Yahoo Finance,2026-09-21T04:37:35+00:00,2025-12-18
2025-07-21,HD,352.01763916015625,3503900.0,Yahoo Finance,2026-09-21T04:37:35+00:00,2025-12-18
2025-07-22,HD,358.7574768066406,3095400.0,Yahoo Finance,2026-09-21T04:37:35+00:00,2025-12-18
2025-07-23,HD,363.9211120605469,3238000.0,Yahoo Finance,2026-09-21T04:37:35+00:00,2025-12-18
2025-07-24,HD,360.768798828125,3088000.0,Yahoo Finance,2026-09-21T04:37:35+00:00,2025-12-18
2025-07-25,HD,362.9444580078125,2221000.0,Yahoo Finance,2026-09-21T04:37:35+00:00,2025-12-18
2025-07-28,HD,364.7720947265625,4062800.0,Yahoo Finance,2026-09-21T04:37:35+00:00,2025-12-18
2025-07-29,HD,364.87841796875,2931600.0,Yahoo Finance,2026-09-21T04:37:35+00:00,2025-12-18
2025-07-30,HD,359.7921447753906,3110700.0,Yahoo Finance,2026-09-21T04:37:35+00:00,2025-12-18
2025-07-31,HD,355.3730773925781,3091600.0,Yahoo Finance,2026-09-21T04:37:35+00:00,2025-12-18
2025-08-01,HD,361.3199462890625,3008200.0,Yahoo Finance,2026-09-21T04:37:35+00:00,2025-12-18
2025-08-04,HD,368.2434997558594,2844300.0,Yahoo Finance,2026-09-21T04:37:35+00:00,2025-12-18
2025-08-05,HD,372.681884765625,2931400.0,Yahoo Finance,2026-09-21T04:37:35+00:00,2025-12-18
2025-08-06,HD,374.0260314941406,2812800.0,Yahoo Finance,2026-09-21T04:37:35+00:00,2025-12-18
2025-08-07,HD,373.41680908203125,2433000.0,Yahoo Finance,2026-09-21T04:37:35+00:00,2025-12-18
2025-08-08,HD,375.04132080078125,2326700.0,Yahoo Finance,2026-09-21T04:37:35+00:00,2025-12-18
2025-08-11,HD,374.7319030761719,2605800.0,Yahoo Finance,2026-09-21T04:37:35+00:00,2025-12-18
2025-08-12,HD,382.92218017578125,2911300.0,Yahoo Finance,2026-09-21T04:37:35+00:00,2025-12-18
2025-08-13,HD,393.7329406738281,5187500.0,Yahoo Finance,2026-09-21T04:37:35+00:00,2025-12-18
2025-08-14,HD,387.09954833984375,3600200.0,Yahoo Finance,2026-09-21T04:37:35+00:00,2025-12-18
2025-08-15,HD,386.1905517578125,3841400.0,Yahoo Finance,2026-09-21T04:37:35+00:00,2025-12-18
2025-08-18,HD,381.66510009765625,4407100.0,Yahoo Finance,2026-09-21T04:37:35+00:00,2025-12-18
2025-08-19,HD,393.75225830078125,7629300.0,Yahoo Finance,2026-09-21T04:37:35+00:00,2025-12-18
2025-08-20,HD,388.47259521484375,4195300.0,Yahoo Finance,2026-09-21T04:37:35+00:00,2025-12-18
2025-08-21,HD,384.5660400390625,2942600.0,Yahoo Finance,2026-09-21T04:37:35+00:00,2025-12-18
2025-08-22,HD,399.15771484375,5284700.0,Yahoo Finance,2026-09-21T04:37:35+00:00,2025-12-18
2025-08-25,HD,395.3961486816406,3579500.0,Yahoo Finance,2026-09-21T04:37:35+00:00,2025-12-18
2025-08-26,HD,394.0810852050781,3180900.0,Yahoo Finance,2026-09-21T04:37:35+00:00,2025-12-18
2025-08-27,HD,394.7579345703125,2487800.0,Yahoo Finance,2026-09-21T04:37:35+00:00,2025-12-18
2025-08-28,HD,393.9940490722656,4051600.0,Yahoo Finance,2026-09-21T04:37:35+00:00,2025-12-18
2025-08-29,HD,393.33648681640625,2210300.0,Yahoo Finance,2026-09-21T04:37:35+00:00,2025-12-18
2025-09-02,HD,392.8916931152344,3328600.0,Yahoo Finance,2026-09-21T04:37:35+00:00,2025-12-18
2025-09-03,HD,394.2454528808594,3025100.0,Yahoo Finance,2026-09-21T04:37:35+00:00,2025-12-18
2025-09-04,HD,400.3525085449219,3873100.0,Yahoo Finance,2026-09-21T04:37:35+00:00,2025-12-18
2025-09-05,HD,407.4125671386719,5855600.0,Yahoo Finance,2026-09-21T04:37:35+00:00,2025-12-18
2025-09-08,HD,408.3753356933594,3742600.0,Yahoo Finance,2026-09-21T04:37:35+00:00,2025-12-18
2025-09-09,HD,403.9020080566406,3516000.0,Yahoo Finance,2026-09-21T04:37:35+00:00,2025-12-18
2025-09-10,HD,401.8501281738281,2897800.0,Yahoo Finance,2026-09-21T04:37:35+00:00,2025-12-18
2025-09-11,HD,411.7594909667969,5316400.0,Yahoo Finance,2026-09-21T04:37:35+00:00,2025-12-18
2025-09-12,HD,411.0495910644531,5004200.0,Yahoo Finance,2026-09-21T04:37:35+00:00,2025-12-18
2025-09-15,HD,411.06903076171875,4884700.0,Yahoo Finance,2026-09-21T04:37:35+00:00,2025-12-18
2025-09-16,HD,409.8437805175781,3726700.0,Yahoo Finance,2026-09-21T04:37:35+00:00,2025-12-18
2025-09-17,HD,405.5162658691406,4771700.0,Yahoo Finance,2026-09-21T04:37:35+00:00,2025-12-18
2025-09-18,HD,405.98309326171875,3677200.0,Yahoo Finance,2026-09-21T04:37:35+00:00,2025-12-18
2025-09-19,HD,404.24237060546875,6718400.0,Yahoo Finance,2026-09-21T04:37:35+00:00,2025-12-18
2025-09-22,HD,400.65399169921875,2656300.0,Yahoo Finance,2026-09-21T04:37:35+00:00,2025-12-18
2025-09-23,HD,399.593994140625,2597000.0,Yahoo Finance,2026-09-21T04:37:35+00:00,2025-12-18
2025-09-24,HD,398.4853515625,3220700.0,Yahoo Finance,2026-09-21T04:37:35+00:00,2025-12-18
2025-09-25,HD,396.2292785644531,2554300.0,Yahoo Finance,2026-09-21T04:37:35+00:00,2025-12-18
2025-09-26,HD,398.79656982421875,2316600.0,Yahoo Finance,2026-09-21T04:37:35+00:00,2025-12-18
2025-09-29,HD,395.59716796875,3008400.0,Yahoo Finance,2026-09-21T04:37:35+00:00,2025-12-18
2025-09-30,HD,394.0315246582031,3211600.0,Yahoo Finance,2026-09-21T04:37:35+00:00,2025-12-18
2025-10-01,HD,386.08648681640625,3787800.0,Yahoo Finance,2026-09-21T04:37:35+00:00,2025-12-18
2025-10-02,HD,384.13189697265625,2964700.0,Yahoo Finance,2026-09-21T04:37:35+00:00,2025-12-18
2025-10-03,HD,384.18048095703125,2951300.0,Yahoo Finance,2026-09-21T04:37:35+00:00,2025-12-18
2025-10-06,HD,378.6082763671875,3653700.0,Yahoo Finance,2026-09-21T04:37:35+00:00,2025-12-18
2025-10-07,HD,376.15771484375,2505700.0,Yahoo Finance,2026-09-21T04:37:35+00:00,2025-12-18
2025-10-08,HD,373.2208557128906,2517600.0,Yahoo Finance,2026-09-21T04:37:35+00:00,2025-12-18
2025-10-09,HD,367.2888488769531,3321400.0,Yahoo Finance,2026-09-21T04:37:35+00:00,2025-12-18
2025-10-10,HD,365.40228271484375,2992400.0,Yahoo Finance,2026-09-21T04:37:35+00:00,2025-12-18
2025-10-13,HD,368.922607421875,2925900.0,Yahoo Finance,2026-09-21T04:37:35+00:00,2025-12-18
2025-10-14,HD,377.0426330566406,4399900.0,Yahoo Finance,2026-09-21T04:37:35+00:00,2025-12-18
2025-10-15,HD,377.60662841796875,3690100.0,Yahoo Finance,2026-09-21T04:37:35+00:00,2025-12-18
2025-10-16,HD,376.7217102050781,2783700.0,Yahoo Finance,2026-09-21T04:37:35+00:00,2025-12-18
2025-10-17,HD,381.1075134277344,2657700.0,Yahoo Finance,2026-09-21T04:37:35+00:00,2025-12-18
2025-10-20,HD,378.180419921875,2761100.0,Yahoo Finance,2026-09-21T04:37:35+00:00,2025-12-18
2025-10-21,HD,380.1350402832031,2306900.0,Yahoo Finance,2026-09-21T04:37:35+00:00,2025-12-18
2025-10-22,HD,378.2581787109375,2857000.0,Yahoo Finance,2026-09-21T04:37:35+00:00,2025-12-18
2025-10-23,HD,374.4267272949219,2767300.0,Yahoo Finance,2026-09-21T04:37:35+00:00,2025-12-18
2025-10-24,HD,376.03125,2426800.0,Yahoo Finance,2026-09-21T04:37:35+00:00,2025-12-18
2025-10-27,HD,374.66009521484375,3065800.0,Yahoo Finance,2026-09-21T04:37:35+00:00,2025-12-18
2025-10-28,HD,375.1268615722656,2372800.0,Yahoo Finance,2026-09-21T04:37:35+00:00,2025-12-18
2025-10-29,HD,367.62921142578125,3852300.0,Yahoo Finance,2026-09-21T04:37:35+00:00,2025-12-18
2025-10-30,HD,369.0975646972656,2384300.0,Yahoo Finance,2026-09-21T04:37:35+00:00,2025-12-18
2025-10-31,HD,369.13653564453125,2643500.0,Yahoo Finance,2026-09-21T04:37:35+00:00,2025-12-18
2025-11-03,HD,367.9306640625,2897600.0,Yahoo Finance,2026-09-21T04:37:35+00:00,2025-12-18
2025-11-04,HD,372.5303649902344,2590000.0,Yahoo Finance,2026-09-21T04:37:35+00:00,2025-12-18
2025-11-05,HD,363.54486083984375,4763000.0,Yahoo Finance,2026-09-21T04:37:35+00:00,2025-12-18
2025-11-06,HD,358.90625,3622100.0,Yahoo Finance,2026-09-21T04:37:35+00:00,2025-12-18
2025-11-07,HD,360.8900146484375,2766400.0,Yahoo Finance,2026-09-21T04:37:35+00:00,2025-12-18
2025-11-10,HD,360.2287902832031,3257900.0,Yahoo Finance,2026-09-21T04:37:35+00:00,2025-12-18
2025-11-11,HD,363.933837890625,2407300.0,Yahoo Finance,2026-09-21T04:37:35+00:00,2025-12-18
2025-11-12,HD,360.90948486328125,3375800.0,Yahoo Finance,2026-09-21T04:37:35+00:00,2025-12-18
2025-11-13,HD,357.93377685546875,3034800.0,Yahoo Finance,2026-09-21T04:37:35+00:00,2025-12-18
2025-11-14,HD,352.3809814453125,3413300.0,Yahoo Finance,2026-09-21T04:37:35+00:00,2025-12-18
2025-11-17,HD,348.1702575683594,5127200.0,Yahoo Finance,2026-09-21T04:37:35+00:00,2025-12-18
2025-11-18,HD,327.2137145996094,10168500.0,Yahoo Finance,2026-09-21T04:37:35+00:00,2025-12-18
2025-11-19,HD,325.2882385253906,7595000.0,Yahoo Finance,2026-09-21T04:37:35+00:00,2025-12-18
2025-11-20,HD,323.22662353515625,4025300.0,Yahoo Finance,2026-09-21T04:37:35+00:00,2025-12-18
2025-11-21,HD,333.8653869628906,7441300.0,Yahoo Finance,2026-09-21T04:37:35+00:00,2025-12-18
2025-11-24,HD,327.3109436035156,6132900.0,Yahoo Finance,2026-09-21T04:37:35+00:00,2025-12-18
2025-11-25,HD,341.4019470214844,6316600.0,Yahoo Finance,2026-09-21T04:37:35+00:00,2025-12-18
2025-11-26,HD,345.6807556152344,4517300.0,Yahoo Finance,2026-09-21T04:37:35+00:00,2025-12-18
2025-11-28,HD,347.0908203125,2119600.0,Yahoo Finance,2026-09-21T04:37:35+00:00,2025-12-18
2025-12-01,HD,347.4895324707031,5107100.0,Yahoo Finance,2026-09-21T04:37:35+00:00,2025-12-18
2025-12-02,HD,344.2804260253906,3965300.0,Yahoo Finance,2026-09-21T04:37:35+00:00,2025-12-18
2025-12-03,HD,348.0535583496094,4166700.0,Yahoo Finance,2026-09-21T04:37:35+00:00,2025-12-18
2025-12-04,HD,343.7079162597656,4022800.0,Yahoo Finance,2026-09-21T04:37:35+00:00,2025-12-18
2025-12-05,HD,347.0747985839844,5959200.0,Yahoo Finance,2026-09-21T04:37:35+00:00,2025-12-18
2025-12-08,HD,342.47467041015625,7273000.0,Yahoo Finance,2026-09-21T04:37:35+00:00,2025-12-18
2025-12-09,HD,337.93328857421875,5063100.0,Yahoo Finance,2026-09-21T04:37:35+00:00,2025-12-18
2025-12-10,HD,343.66876220703125,6316100.0,Yahoo Finance,2026-09-21T04:37:35+00:00,2025-12-18
2025-12-11,HD,349.8642578125,6609800.0,Yahoo Finance,2026-09-21T04:37:35+00:00,2025-12-18
2025-12-12,HD,352.0077209472656,3861200.0,Yahoo Finance,2026-09-21T04:37:35+00:00,2025-12-18
2025-12-15,HD,349.40423583984375,4387400.0,Yahoo Finance,2026-09-21T04:37:35+00:00,2025-12-18
2025-12-16,HD,345.1858215332031,3497200.0,Yahoo Finance,2026-09-21T04:37:35+00:00,2025-12-18
2025-12-17,HD,349.1693420410156,3875200.0,Yahoo Finance,2026-09-21T04:37:35+00:00,2025-12-18
2025-12-18,HD,347.44671630859375,4805200.0,Yahoo Finance,2026-09-21T04:37:35+00:00,2025-12-18
2024-11-13,JEF,70.62968444824219,2171400.0,Yahoo Finance,2026-09-21T04:37:35+00:00,2025-12-18
2024-11-14,JEF,69.60689544677734,1704800.0,Yahoo Finance,2026-09-21T04:37:35+00:00,2025-12-18
2024-11-15,JEF,70.2697982788086,1131400.0,Yahoo Finance,2026-09-21T04:37:35+00:00,2025-12-18
2024-11-18,JEF,70.25077056884766,1127300.0,Yahoo Finance,2026-09-21T04:37:35+00:00,2025-12-18
2024-11-19,JEF,71.00247955322266,846700.0,Yahoo Finance,2026-09-21T04:37:35+00:00,2025-12-18
2024-11-20,JEF,71.2784194946289,1019400.0,Yahoo Finance,2026-09-21T04:37:35+00:00,2025-12-18
2024-11-21,JEF,73.04824829101562,1319300.0,Yahoo Finance,2026-09-21T04:37:35+00:00,2025-12-18
2024-11-22,JEF,74.77051544189453,2058300.0,Yahoo Finance,2026-09-21T04:37:35+00:00,2025-12-18
2024-11-25,JEF,75.62686920166016,2085000.0,Yahoo Finance,2026-09-21T04:37:35+00:00,2025-12-18
2024-11-26,JEF,75.59833526611328,1425200.0,Yahoo Finance,2026-09-21T04:37:35+00:00,2025-12-18
2024-11-27,JEF,75.10353088378906,1296500.0,Yahoo Finance,2026-09-21T04:37:35+00:00,2025-12-18
2024-11-29,JEF,75.3033447265625,532100.0,Yahoo Finance,2026-09-21T04:37:35+00:00,2025-12-18
2024-12-02,JEF,74.42794799804688,1181800.0,Yahoo Finance,2026-09-21T04:37:35+00:00,2025-12-18
2024-12-03,JEF,74.17103576660156,1192500.0,Yahoo Finance,2026-09-21T04:37:35+00:00,2025-12-18
2024-12-04,JEF,73.59060668945312,1029700.0,Yahoo Finance,2026-09-21T04:37:35+00:00,2025-12-18
2024-12-05,JEF,74.20909881591797,933600.0,Yahoo Finance,2026-09-21T04:37:35+00:00,2025-12-18
2024-12-06,JEF,74.33280181884766,935400.0,Yahoo Finance,2026-09-21T04:37:35+00:00,2025-12-18
2024-12-09,JEF,75.6554183959961,1786800.0,Yahoo Finance,2026-09-21T04:37:35+00:00,2025-12-18
2024-12-10,JEF,74.62777709960938,1421200.0,Yahoo Finance,2026-09-21T04:37:35+00:00,2025-12-18
2024-12-11,JEF,76.35954284667969,1404400.0,Yahoo Finance,2026-09-21T04:37:35+00:00,2025-12-18
2024-12-12,JEF,77.1493148803711,1112900.0,Yahoo Finance,2026-09-21T04:37:35+00:00,2025-12-18
2024-12-13,JEF,76.99706268310547,1153900.0,Yahoo Finance,2026-09-21T04:37:35+00:00,2025-12-18
2024-12-16,JEF,77.78683471679688,994000.0,Yahoo Finance,2026-09-21T04:37:35+00:00,2025-12-18
2024-12-17,JEF,75.35093688964844,1504000.0,Yahoo Finance,2026-09-21T04:37:35+00:00,2025-12-18
2024-12-18,JEF,72.08721160888672,2351800.0,Yahoo Finance,2026-09-21T04:37:35+00:00,2025-12-18
2024-12-19,JEF,71.61144256591797,1932600.0,Yahoo Finance,2026-09-21T04:37:35+00:00,2025-12-18
2024-12-20,JEF,72.52491760253906,3515900.0,Yahoo Finance,2026-09-21T04:37:35+00:00,2025-12-18
2024-12-23,JEF,73.77140808105469,1401400.0,Yahoo Finance,2026-09-21T04:37:35+00:00,2025-12-18
2024-12-24,JEF,74.78002166748047,425200.0,Yahoo Finance,2026-09-21T04:37:35+00:00,2025-12-18
2024-12-26,JEF,75.93136596679688,988700.0,Yahoo Finance,2026-09-21T04:37:35+00:00,2025-12-18
2024-12-27,JEF,75.02741241455078,1090500.0,Yahoo Finance,2026-09-21T04:37:35+00:00,2025-12-18
2024-12-30,JEF,75.04645538330078,1307400.0,Yahoo Finance,2026-09-21T04:37:35+00:00,2025-12-18
2024-12-31,JEF,74.59922790527344,1394300.0,Yahoo Finance,2026-09-21T04:37:35+00:00,2025-12-18
2025-01-02,JEF,75.18916320800781,1679100.0,Yahoo Finance,2026-09-21T04:37:35+00:00,2025-12-18
2025-01-03,JEF,77.07318115234375,1492800.0,Yahoo Finance,2026-09-21T04:37:35+00:00,2025-12-18
2025-01-06,JEF,77.36814880371094,2385600.0,Yahoo Finance,2026-09-21T04:37:35+00:00,2025-12-18
2025-01-07,JEF,75.7220230102539,2278500.0,Yahoo Finance,2026-09-21T04:37:35+00:00,2025-12-18
2025-01-08,JEF,76.24535369873047,2063100.0,Yahoo Finance,2026-09-21T04:37:35+00:00,2025-12-18
2025-01-10,JEF,68.01470184326172,5237100.0,Yahoo Finance,2026-09-21T04:37:35+00:00,2025-12-18
2025-01-13,JEF,67.44378662109375,3056800.0,Yahoo Finance,2026-09-21T04:37:35+00:00,2025-12-18
2025-01-14,JEF,68.0527572631836,1623300.0,Yahoo Finance,2026-09-21T04:37:35+00:00,2025-12-18
2025-01-15,JEF,70.71702575683594,2289200.0,Yahoo Finance,2026-09-21T04:37:35+00:00,2025-12-18
2025-01-16,JEF,70.85022735595703,1235100.0,Yahoo Finance,2026-09-21T04:37:35+00:00,2025-12-18
2025-01-17,JEF,72.07770538330078,1636900.0,Yahoo Finance,2026-09-21T04:37:35+00:00,2025-12-18
2025-01-21,JEF,74.09492492675781,1531900.0,Yahoo Finance,2026-09-21T04:37:35+00:00,2025-12-18
2025-01-22,JEF,73.14340209960938,1112200.0,Yahoo Finance,2026-09-21T04:37:35+00:00,2025-12-18
2025-01-23,JEF,72.14430236816406,1019200.0,Yahoo Finance,2026-09-21T04:37:35+00:00,2025-12-18
2025-01-24,JEF,72.46781921386719,1004500.0,Yahoo Finance,2026-09-21T04:37:35+00:00,2025-12-18
2025-01-27,JEF,71.25939178466797,1218100.0,Yahoo Finance,2026-09-21T04:37:35+00:00,2025-12-18
2025-01-28,JEF,72.59151458740234,804700.0,Yahoo Finance,2026-09-21T04:37:35+00:00,2025-12-18
2025-01-29,JEF,72.03012084960938,1171900.0,Yahoo Finance,2026-09-21T04:37:35+00:00,2025-12-18
2025-01-30,JEF,73.40031433105469,1169000.0,Yahoo Finance,2026-09-21T04:37:35+00:00,2025-12-18
2025-01-31,JEF,73.16244506835938,1194600.0,Yahoo Finance,2026-09-21T04:37:35+00:00,2025-12-18
2025-02-03,JEF,70.95491027832031,1284200.0,Yahoo Finance,2026-09-21T04:37:35+00:00,2025-12-18
2025-02-04,JEF,71.10714721679688,1719100.0,Yahoo Finance,2026-09-21T04:37:35+00:00,2025-12-18
2025-02-05,JEF,71.66854095458984,1514900.0,Yahoo Finance,2026-09-21T04:37:35+00:00,2025-12-18
2025-02-06,JEF,72.78182220458984,1488000.0,Yahoo Finance,2026-09-21T04:37:35+00:00,2025-12-18
2025-02-07,JEF,71.0215072631836,992900.0,Yahoo Finance,2026-09-21T04:37:35+00:00,2025-12-18
2025-02-10,JEF,69.70841217041016,1163200.0,Yahoo Finance,2026-09-21T04:37:35+00:00,2025-12-18
2025-02-11,JEF,68.43335723876953,1614200.0,Yahoo Finance,2026-09-21T04:37:35+00:00,2025-12-18
2025-02-12,JEF,67.33911895751953,2012300.0,Yahoo Finance,2026-09-21T04:37:35+00:00,2025-12-18
2025-02-13,JEF,67.46282196044922,1009100.0,Yahoo Finance,2026-09-21T04:37:35+00:00,2025-12-18
2025-02-14,JEF,68.40059661865234,1110300.0,Yahoo Finance,2026-09-21T04:37:35+00:00,2025-12-18
2025-02-18,JEF,68.83121490478516,1613500.0,Yahoo Finance,2026-09-21T04:37:35+00:00,2025-12-18
2025-02-19,JEF,66.49633026123047,1586900.0,Yahoo Finance,2026-09-21T04:37:35+00:00,2025-12-18
2025-02-20,JEF,63.87437057495117,2146400.0,Yahoo Finance,2026-09-21T04:37:35+00:00,2025-12-18
2025-02-21,JEF,62.793060302734375,2070200.0,Yahoo Finance,2026-09-21T04:37:35+00:00,2025-12-18
2025-02-24,JEF,62.36244583129883,2180300.0,Yahoo Finance,2026-09-21T04:37:35+00:00,2025-12-18
2025-02-25,JEF,62.008384704589844,2175900.0,Yahoo Finance,2026-09-21T04:37:35+00:00,2025-12-18
2025-02-26,JEF,62.93658447265625,1331000.0,Yahoo Finance,2026-09-21T04:37:35+00:00,2025-12-18
2025-02-27,JEF,62.0657958984375,1186200.0,Yahoo Finance,2026-09-21T04:37:35+00:00,2025-12-18
2025-02-28,JEF,63.34806823730469,1306600.0,Yahoo Finance,2026-09-21T04:37:35+00:00,2025-12-18
2025-03-03,JEF,61.02275466918945,1437700.0,Yahoo Finance,2026-09-21T04:37:35+00:00,2025-12-18
2025-03-04,JEF,57.8075065612793,3105800.0,Yahoo Finance,2026-09-21T04:37:35+00:00,2025-12-18
2025-03-05,JEF,58.23812484741211,1991100.0,Yahoo Finance,2026-09-21T04:37:35+00:00,2025-12-18
2025-03-06,JEF,55.2620964050293,4074700.0,Yahoo Finance,2026-09-21T04:37:35+00:00,2025-12-18
2025-03-07,JEF,53.82672119140625,3711100.0,Yahoo Finance,2026-09-21T04:37:35+00:00,2025-12-18
2025-03-10,JEF,51.29088592529297,2954400.0,Yahoo Finance,2026-09-21T04:37:35+00:00,2025-12-18
2025-03-11,JEF,52.06599044799805,2892000.0,Yahoo Finance,2026-09-21T04:37:35+00:00,2025-12-18
2025-03-12,JEF,52.55401611328125,1583000.0,Yahoo Finance,2026-09-21T04:37:35+00:00,2025-12-18
2025-03-13,JEF,51.922447204589844,2159400.0,Yahoo Finance,2026-09-21T04:37:35+00:00,2025-12-18
2025-03-14,JEF,53.90327453613281,1643000.0,Yahoo Finance,2026-09-21T04:37:35+00:00,2025-12-18
2025-03-17,JEF,55.1376953125,1668100.0,Yahoo Finance,2026-09-21T04:37:35+00:00,2025-12-18
2025-03-18,JEF,55.94150924682617,2471700.0,Yahoo Finance,2026-09-21T04:37:35+00:00,2025-12-18
2025-03-19,JEF,56.745323181152344,2141900.0,Yahoo Finance,2026-09-21T04:37:35+00:00,2025-12-18
2025-03-20,JEF,56.6304931640625,1475500.0,Yahoo Finance,2026-09-21T04:37:35+00:00,2025-12-18
2025-03-21,JEF,56.81230545043945,1907300.0,Yahoo Finance,2026-09-21T04:37:35+00:00,2025-12-18
2025-03-24,JEF,59.49168014526367,1332700.0,Yahoo Finance,2026-09-21T04:37:35+00:00,2025-12-18
2025-03-25,JEF,59.041927337646484,1437500.0,Yahoo Finance,2026-09-21T04:37:35+00:00,2025-12-18
2025-03-26,JEF,57.69268035888672,2823100.0,Yahoo Finance,2026-09-21T04:37:35+00:00,2025-12-18
2025-03-27,JEF,52.00857162475586,5406200.0,Yahoo Finance,2026-09-21T04:37:35+00:00,2025-12-18
2025-03-28,JEF,49.97032928466797,3817500.0,Yahoo Finance,2026-09-21T04:37:35+00:00,2025-12-18
2025-03-31,JEF,51.26217269897461,3612600.0,Yahoo Finance,2026-09-21T04:37:35+00:00,2025-12-18
2025-04-01,JEF,51.23347091674805,1796200.0,Yahoo Finance,2026-09-21T04:37:35+00:00,2025-12-18
2025-04-02,JEF,52.76453399658203,2202500.0,Yahoo Finance,2026-09-21T04:37:35+00:00,2025-12-18
2025-04-03,JEF,45.8842887878418,4053200.0,Yahoo Finance,2026-09-21T04:37:35+00:00,2025-12-18
2025-04-04,JEF,41.2815055847168,4042500.0,Yahoo Finance,2026-09-21T04:37:35+00:00,2025-12-18
2025-04-07,JEF,40.324581146240234,4146600.0,Yahoo Finance,2026-09-21T04:37:35+00:00,2025-12-18
2025-04-08,JEF,39.29111099243164,2223400.0,Yahoo Finance,2026-09-21T04:37:35+00:00,2025-12-18
2025-04-09,JEF,45.166603088378906,3751000.0,Yahoo Finance,2026-09-21T04:37:35+00:00,2025-12-18
2025-04-10,JEF,40.69778060913086,2293800.0,Yahoo Finance,2026-09-21T04:37:35+00:00,2025-12-18
2025-04-11,JEF,40.91787338256836,1774300.0,Yahoo Finance,2026-09-21T04:37:35+00:00,2025-12-18
2025-04-14,JEF,41.88436508178711,2674000.0,Yahoo Finance,2026-09-21T04:37:35+00:00,2025-12-18
2025-04-15,JEF,42.257564544677734,1170500.0,Yahoo Finance,2026-09-21T04:37:35+00:00,2025-12-18
2025-04-16,JEF,40.764766693115234,1181400.0,Yahoo Finance,2026-09-21T04:37:35+00:00,2025-12-18
2025-04-17,JEF,40.99442672729492,1346100.0,Yahoo Finance,2026-09-21T04:37:35+00:00,2025-12-18
2025-04-21,JEF,39.78871154785156,1282000.0,Yahoo Finance,2026-09-21T04:37:35+00:00,2025-12-18
2025-04-22,JEF,41.53030776977539,919800.0,Yahoo Finance,2026-09-21T04:37:35+00:00,2025-12-18
2025-04-23,JEF,43.281463623046875,1579900.0,Yahoo Finance,2026-09-21T04:37:35+00:00,2025-12-18
2025-04-24,JEF,44.70728302001953,1627600.0,Yahoo Finance,2026-09-21T04:37:35+00:00,2025-12-18
2025-04-25,JEF,44.78382873535156,1540600.0,Yahoo Finance,2026-09-21T04:37:35+00:00,2025-12-18
2025-04-28,JEF,44.9273681640625,1267000.0,Yahoo Finance,2026-09-21T04:37:35+00:00,2025-12-18
2025-04-29,JEF,45.06134033203125,1046300.0,Yahoo Finance,2026-09-21T04:37:35+00:00,2025-12-18
2025-04-30,JEF,44.71684646606445,1508200.0,Yahoo Finance,2026-09-21T04:37:35+00:00,2025-12-18
2025-05-01,JEF,45.12832260131836,840100.0,Yahoo Finance,2026-09-21T04:37:35+00:00,2025-12-18
2025-05-02,JEF,47.14741897583008,1256900.0,Yahoo Finance,2026-09-21T04:37:35+00:00,2025-12-18
2025-05-05,JEF,46.64982604980469,1117900.0,Yahoo Finance,2026-09-21T04:37:35+00:00,2025-12-18
2025-05-06,JEF,46.11394500732422,1215700.0,Yahoo Finance,2026-09-21T04:37:35+00:00,2025-12-18
2025-05-07,JEF,46.630680084228516,848400.0,Yahoo Finance,2026-09-21T04:37:35+00:00,2025-12-18
2025-05-08,JEF,48.19046401977539,1176500.0,Yahoo Finance,2026-09-21T04:37:35+00:00,2025-12-18
2025-05-09,JEF,48.152191162109375,730500.0,Yahoo Finance,2026-09-21T04:37:35+00:00,2025-12-18
2025-05-12,JEF,51.72149658203125,2199200.0,Yahoo Finance,2026-09-21T04:37:35+00:00,2025-12-18
2025-05-13,JEF,52.0277099609375,1155800.0,Yahoo Finance,2026-09-21T04:37:35+00:00,2025-12-18
2025-05-14,JEF,51.9033088684082,1143700.0,Yahoo Finance,2026-09-21T04:37:35+00:00,2025-12-18
2025-05-15,JEF,51.109073638916016,1258700.0,Yahoo Finance,2026-09-21T04:37:35+00:00,2025-12-18
2025-05-16,JEF,50.429656982421875,1500200.0,Yahoo Finance,2026-09-21T04:37:35+00:00,2025-12-18
2025-05-19,JEF,49.47506332397461,2022700.0,Yahoo Finance,2026-09-21T04:37:35+00:00,2025-12-18
2025-05-20,JEF,48.86758804321289,1262500.0,Yahoo Finance,2026-09-21T04:37:35+00:00,2025-12-18
2025-05-21,JEF,46.59198760986328,1489100.0,Yahoo Finance,2026-09-21T04:37:35+00:00,2025-12-18
2025-05-22,JEF,47.141605377197266,892500.0,Yahoo Finance,2026-09-21T04:37:35+00:00,2025-12-18
2025-05-23,JEF,46.68840789794922,1918400.0,Yahoo Finance,2026-09-21T04:37:35+00:00,2025-12-18
2025-05-27,JEF,47.98048400878906,1698100.0,Yahoo Finance,2026-09-21T04:37:35+00:00,2025-12-18
2025-05-28,JEF,47.344093322753906,777400.0,Yahoo Finance,2026-09-21T04:37:35+00:00,2025-12-18
2025-05-29,JEF,47.64300537109375,1252400.0,Yahoo Finance,2026-09-21T04:37:35+00:00,2025-12-18
2025-05-30,JEF,46.86197280883789,1513500.0,Yahoo Finance,2026-09-21T04:37:35+00:00,2025-12-18
2025-06-02,JEF,46.620914459228516,1714900.0,Yahoo Finance,2026-09-21T04:37:35+00:00,2025-12-18
2025-06-03,JEF,47.49837112426758,1625300.0,Yahoo Finance,2026-09-21T04:37:35+00:00,2025-12-18
2025-06-04,JEF,47.32481002807617,1186100.0,Yahoo Finance,2026-09-21T04:37:35+00:00,2025-12-18
2025-06-05,JEF,49.19542694091797,2874900.0,Yahoo Finance,2026-09-21T04:37:35+00:00,2025-12-18
2025-06-06,JEF,50.53571701049805,2434600.0,Yahoo Finance,2026-09-21T04:37:35+00:00,2025-12-18
2025-06-09,JEF,51.50960159301758,2807200.0,Yahoo Finance,2026-09-21T04:37:35+00:00,2025-12-18
2025-06-10,JEF,50.81534957885742,2451700.0,Yahoo Finance,2026-09-21T04:37:35+00:00,2025-12-18
2025-06-11,JEF,51.57709503173828,2306800.0,Yahoo Finance,2026-09-21T04:37:35+00:00,2025-12-18
2025-06-12,JEF,51.673519134521484,2418200.0,Yahoo Finance,2026-09-21T04:37:35+00:00,2025-12-18
2025-06-13,JEF,50.333229064941406,1296000.0,Yahoo Finance,2026-09-21T04:37:35+00:00,2025-12-18
2025-06-16,JEF,51.97243881225586,1478400.0,Yahoo Finance,2026-09-21T04:37:35+00:00,2025-12-18
2025-06-17,JEF,50.80570602416992,1131000.0,Yahoo Finance,2026-09-21T04:37:35+00:00,2025-12-18
2025-06-18,JEF,51.31675338745117,1594600.0,Yahoo Finance,2026-09-21T04:37:35+00:00,2025-12-18
2025-06-20,JEF,50.96963119506836,1968200.0,Yahoo Finance,2026-09-21T04:37:35+00:00,2025-12-18
2025-06-23,JEF,51.982078552246094,2054600.0,Yahoo Finance,2026-09-21T04:37:35+00:00,2025-12-18
2025-06-24,JEF,53.36094284057617,2382800.0,Yahoo Finance,2026-09-21T04:37:35+00:00,2025-12-18
2025-06-25,JEF,53.920196533203125,2795400.0,Yahoo Finance,2026-09-21T04:37:35+00:00,2025-12-18
2025-06-26,JEF,54.0841178894043,4393400.0,Yahoo Finance,2026-09-21T04:37:35+00:00,2025-12-18
2025-06-27,JEF,53.75627899169922,3682700.0,Yahoo Finance,2026-09-21T04:37:35+00:00,2025-12-18
2025-06-30,JEF,52.73418426513672,1772800.0,Yahoo Finance,2026-09-21T04:37:35+00:00,2025-12-18
2025-07-01,JEF,53.57307434082031,1474300.0,Yahoo Finance,2026-09-21T04:37:35+00:00,2025-12-18
2025-07-02,JEF,54.59516525268555,1480500.0,Yahoo Finance,2026-09-21T04:37:35+00:00,2025-12-18
2025-07-03,JEF,54.90372085571289,766700.0,Yahoo Finance,2026-09-21T04:37:35+00:00,2025-12-18
2025-07-07,JEF,53.621280670166016,1231700.0,Yahoo Finance,2026-09-21T04:37:35+00:00,2025-12-18
2025-07-08,JEF,52.71489715576172,1413100.0,Yahoo Finance,2026-09-21T04:37:35+00:00,2025-12-18
2025-07-09,JEF,52.74382400512695,1997100.0,Yahoo Finance,2026-09-21T04:37:35+00:00,2025-12-18
2025-07-10,JEF,53.698421478271484,1632500.0,Yahoo Finance,2026-09-21T04:37:35+00:00,2025-12-18
2025-07-11,JEF,52.73418426513672,1333500.0,Yahoo Finance,2026-09-21T04:37:35+00:00,2025-12-18
2025-07-14,JEF,53.85269546508789,3840800.0,Yahoo Finance,2026-09-21T04:37:35+00:00,2025-12-18
2025-07-15,JEF,52.84989547729492,1797400.0,Yahoo Finance,2026-09-21T04:37:35+00:00,2025-12-18
2025-07-16,JEF,53.01381301879883,1328600.0,Yahoo Finance,2026-09-21T04:37:35+00:00,2025-12-18
2025-07-17,JEF,54.30588912963867,1509900.0,Yahoo Finance,2026-09-21T04:37:35+00:00,2025-12-18
2025-07-18,JEF,54.22875213623047,777200.0,Yahoo Finance,2026-09-21T04:37:35+00:00,2025-12-18
2025-07-21,JEF,53.73698806762695,1307500.0,Yahoo Finance,2026-09-21T04:37:35+00:00,2025-12-18
2025-07-22,JEF,54.1612548828125,1093600.0,Yahoo Finance,2026-09-21T04:37:35+00:00,2025-12-18
2025-07-23,JEF,55.000144958496094,1075900.0,Yahoo Finance,2026-09-21T04:37:35+00:00,2025-12-18
2025-07-24,JEF,54.990501403808594,1035000.0,Yahoo Finance,2026-09-21T04:37:35+00:00,2025-12-18
2025-07-25,JEF,55.59796905517578,886700.0,Yahoo Finance,2026-09-21T04:37:35+00:00,2025-12-18
2025-07-28,JEF,55.46297836303711,886600.0,Yahoo Finance,2026-09-21T04:37:35+00:00,2025-12-18
2025-07-29,JEF,56.2729377746582,1432000.0,Yahoo Finance,2026-09-21T04:37:35+00:00,2025-12-18
2025-07-30,JEF,56.494712829589844,1744100.0,Yahoo Finance,2026-09-21T04:37:35+00:00,2025-12-18
2025-07-31,JEF,55.59796905517578,1585400.0,Yahoo Finance,2026-09-21T04:37:35+00:00,2025-12-18
2025-08-01,JEF,53.91054916381836,1164100.0,Yahoo Finance,2026-09-21T04:37:35+00:00,2025-12-18
2025-08-04,JEF,54.54695129394531,1026200.0,Yahoo Finance,2026-09-21T04:37:35+00:00,2025-12-18
2025-08-05,JEF,55.626895904541016,1162400.0,Yahoo Finance,2026-09-21T04:37:35+00:00,2025-12-18
2025-08-06,JEF,55.713680267333984,1045600.0,Yahoo Finance,2026-09-21T04:37:35+00:00,2025-12-18
2025-08-07,JEF,55.53047180175781,2021200.0,Yahoo Finance,2026-09-21T04:37:35+00:00,2025-12-18
2025-08-08,JEF,56.38864517211914,1167000.0,Yahoo Finance,2026-09-21T04:37:35+00:00,2025-12-18
2025-08-11,JEF,56.78398132324219,2401200.0,Yahoo Finance,2026-09-21T04:37:35+00:00,2025-12-18
2025-08-12,JEF,59.04029846191406,1161000.0,Yahoo Finance,2026-09-21T04:37:35+00:00,2025-12-18
2025-08-13,JEF,60.737361907958984,2621300.0,Yahoo Finance,2026-09-21T04:37:35+00:00,2025-12-18
2025-08-14,JEF,59.49348831176758,1707000.0,Yahoo Finance,2026-09-21T04:37:35+00:00,2025-12-18
2025-08-15,JEF,58.0857048034668,1297800.0,Yahoo Finance,2026-09-21T04:37:35+00:00,2025-12-18
2025-08-18,JEF,58.27013397216797,1138600.0,Yahoo Finance,2026-09-21T04:37:35+00:00,2025-12-18
2025-08-19,JEF,58.017757415771484,1267700.0,Yahoo Finance,2026-09-21T04:37:35+00:00,2025-12-18
2025-08-20,JEF,57.629478454589844,2394300.0,Yahoo Finance,2026-09-21T04:37:35+00:00,2025-12-18
2025-08-21,JEF,57.41593551635742,984500.0,Yahoo Finance,2026-09-21T04:37:35+00:00,2025-12-18
2025-08-22,JEF,60.70655059814453,1096600.0,Yahoo Finance,2026-09-21T04:37:35+00:00,2025-12-18
2025-08-25,JEF,60.318275451660156,797400.0,Yahoo Finance,2026-09-21T04:37:35+00:00,2025-12-18
2025-08-26,JEF,62.19169998168945,1451500.0,Yahoo Finance,2026-09-21T04:37:35+00:00,2025-12-18
2025-08-27,JEF,62.86146545410156,1832300.0,Yahoo Finance,2026-09-21T04:37:35+00:00,2025-12-18
2025-08-28,JEF,63.570068359375,1270700.0,Yahoo Finance,2026-09-21T04:37:35+00:00,2025-12-18
2025-08-29,JEF,62.94882583618164,1450700.0,Yahoo Finance,2026-09-21T04:37:35+00:00,2025-12-18
2025-09-02,JEF,62.240234375,1207400.0,Yahoo Finance,2026-09-21T04:37:35+00:00,2025-12-18
2025-09-03,JEF,61.94902038574219,1710300.0,Yahoo Finance,2026-09-21T04:37:35+00:00,2025-12-18
2025-09-04,JEF,63.065311431884766,1307200.0,Yahoo Finance,2026-09-21T04:37:35+00:00,2025-12-18
2025-09-05,JEF,61.63840866088867,1504600.0,Yahoo Finance,2026-09-21T04:37:35+00:00,2025-12-18
2025-09-08,JEF,62.33729934692383,1121700.0,Yahoo Finance,2026-09-21T04:37:35+00:00,2025-12-18
2025-09-09,JEF,62.40524673461914,1203400.0,Yahoo Finance,2026-09-21T04:37:35+00:00,2025-12-18
2025-09-10,JEF,63.65742874145508,1072500.0,Yahoo Finance,2026-09-21T04:37:35+00:00,2025-12-18
2025-09-11,JEF,65.21052551269531,1115200.0,Yahoo Finance,2026-09-21T04:37:35+00:00,2025-12-18
2025-09-12,JEF,64.6960678100586,890700.0,Yahoo Finance,2026-09-21T04:37:35+00:00,2025-12-18
2025-09-15,JEF,64.94844818115234,1029000.0,Yahoo Finance,2026-09-21T04:37:35+00:00,2025-12-18
2025-09-16,JEF,64.4533920288086,1602700.0,Yahoo Finance,2026-09-21T04:37:35+00:00,2025-12-18
2025-09-17,JEF,64.57957458496094,2297700.0,Yahoo Finance,2026-09-21T04:37:35+00:00,2025-12-18
2025-09-18,JEF,68.29728698730469,3275600.0,Yahoo Finance,2026-09-21T04:37:35+00:00,2025-12-18
2025-09-19,JEF,67.45278930664062,4388300.0,Yahoo Finance,2026-09-21T04:37:35+00:00,2025-12-18
2025-09-22,JEF,67.61782836914062,1365100.0,Yahoo Finance,2026-09-21T04:37:35+00:00,2025-12-18
2025-09-23,JEF,66.14237976074219,1717100.0,Yahoo Finance,2026-09-21T04:37:35+00:00,2025-12-18
2025-09-24,JEF,64.75430297851562,1655900.0,Yahoo Finance,2026-09-21T04:37:35+00:00,2025-12-18
2025-09-25,JEF,63.99716567993164,2023400.0,Yahoo Finance,2026-09-21T04:37:35+00:00,2025-12-18
2025-09-26,JEF,64.75430297851562,2301800.0,Yahoo Finance,2026-09-21T04:37:35+00:00,2025-12-18
2025-09-29,JEF,64.70577239990234,2812300.0,Yahoo Finance,2026-09-21T04:37:35+00:00,2025-12-18
2025-09-30,JEF,63.50211715698242,4335900.0,Yahoo Finance,2026-09-21T04:37:35+00:00,2025-12-18
2025-10-01,JEF,61.62870407104492,2786200.0,Yahoo Finance,2026-09-21T04:37:35+00:00,2025-12-18
2025-10-02,JEF,61.221012115478516,1794900.0,Yahoo Finance,2026-09-21T04:37:35+00:00,2025-12-18
2025-10-03,JEF,60.59977340698242,2268100.0,Yahoo Finance,2026-09-21T04:37:35+00:00,2025-12-18
2025-10-06,JEF,59.38642120361328,2098200.0,Yahoo Finance,2026-09-21T04:37:35+00:00,2025-12-18
2025-10-07,JEF,57.36739730834961,2439300.0,Yahoo Finance,2026-09-21T04:37:35+00:00,2025-12-18
2025-10-08,JEF,52.84400939941406,7907700.0,Yahoo Finance,2026-09-21T04:37:35+00:00,2025-12-18
2025-10-09,JEF,51.4559326171875,5833000.0,Yahoo Finance,2026-09-21T04:37:35+00:00,2025-12-18
2025-10-10,JEF,49.39808654785156,5134300.0,Yahoo Finance,2026-09-21T04:37:35+00:00,2025-12-18
2025-10-13,JEF,52.15483093261719,6610200.0,Yahoo Finance,2026-09-21T04:37:35+00:00,2025-12-18
2025-10-14,JEF,52.242191314697266,3306700.0,Yahoo Finance,2026-09-21T04:37:35+00:00,2025-12-18
2025-10-15,JEF,52.999324798583984,3548600.0,Yahoo Finance,2026-09-21T04:37:35+00:00,2025-12-18
2025-10-16,JEF,47.36935806274414,7667300.0,Yahoo Finance,2026-09-21T04:37:35+00:00,2025-12-18
2025-10-17,JEF,50.18434143066406,7232700.0,Yahoo Finance,2026-09-21T04:37:35+00:00,2025-12-18
2025-10-20,JEF,52.45574188232422,4146700.0,Yahoo Finance,2026-09-21T04:37:35+00:00,2025-12-18
2025-10-21,JEF,53.455543518066406,5086000.0,Yahoo Finance,2026-09-21T04:37:35+00:00,2025-12-18
2025-10-22,JEF,53.42642593383789,2304400.0,Yahoo Finance,2026-09-21T04:37:35+00:00,2025-12-18
2025-10-23,JEF,53.290531158447266,1704400.0,Yahoo Finance,2026-09-21T04:37:35+00:00,2025-12-18
2025-10-24,JEF,55.13482666015625,1797400.0,Yahoo Finance,2026-09-21T04:37:35+00:00,2025-12-18
2025-10-27,JEF,54.911563873291016,1548500.0,Yahoo Finance,2026-09-21T04:37:35+00:00,2025-12-18
2025-10-28,JEF,53.8729362487793,1259600.0,Yahoo Finance,2026-09-21T04:37:35+00:00,2025-12-18
2025-10-29,JEF,51.35886764526367,2913500.0,Yahoo Finance,2026-09-21T04:37:35+00:00,2025-12-18
2025-10-30,JEF,51.47534942626953,1590500.0,Yahoo Finance,2026-09-21T04:37:35+00:00,2025-12-18
2025-10-31,JEF,51.28121566772461,1807000.0,Yahoo Finance,2026-09-21T04:37:35+00:00,2025-12-18
2025-11-03,JEF,51.35886764526367,2991100.0,Yahoo Finance,2026-09-21T04:37:35+00:00,2025-12-18
2025-11-04,JEF,51.44622802734375,1682400.0,Yahoo Finance,2026-09-21T04:37:35+00:00,2025-12-18
2025-11-05,JEF,52.34896469116211,1534200.0,Yahoo Finance,2026-09-21T04:37:35+00:00,2025-12-18
2025-11-06,JEF,51.76655578613281,1620000.0,Yahoo Finance,2026-09-21T04:37:35+00:00,2025-12-18
2025-11-07,JEF,52.91196060180664,1433400.0,Yahoo Finance,2026-09-21T04:37:35+00:00,2025-12-18
2025-11-10,JEF,54.173851013183594,1835200.0,Yahoo Finance,2026-09-21T04:37:35+00:00,2025-12-18
2025-11-11,JEF,54.63977813720703,1615400.0,Yahoo Finance,2026-09-21T04:37:35+00:00,2025-12-18
2025-11-12,JEF,57.668312072753906,3080100.0,Yahoo Finance,2026-09-21T04:37:35+00:00,2025-12-18
2025-11-13,JEF,54.251502990722656,2449600.0,Yahoo Finance,2026-09-21T04:37:35+00:00,2025-12-18
2025-11-14,JEF,53.86323165893555,1867200.0,Yahoo Finance,2026-09-21T04:37:35+00:00,2025-12-18
2025-11-17,JEF,51.32113265991211,2313500.0,Yahoo Finance,2026-09-21T04:37:35+00:00,2025-12-18
2025-11-18,JEF,52.04465103149414,2324000.0,Yahoo Finance,2026-09-21T04:37:35+00:00,2025-12-18
2025-11-19,JEF,53.54057693481445,1533200.0,Yahoo Finance,2026-09-21T04:37:35+00:00,2025-12-18
2025-11-20,JEF,52.44552230834961,2304900.0,Yahoo Finance,2026-09-21T04:37:35+00:00,2025-12-18
2025-11-21,JEF,53.42325210571289,1633400.0,Yahoo Finance,2026-09-21T04:37:35+00:00,2025-12-18
2025-11-24,JEF,54.107666015625,1361300.0,Yahoo Finance,2026-09-21T04:37:35+00:00,2025-12-18
2025-11-25,JEF,55.58403396606445,1375700.0,Yahoo Finance,2026-09-21T04:37:35+00:00,2025-12-18
2025-11-26,JEF,55.9555778503418,1364000.0,Yahoo Finance,2026-09-21T04:37:35+00:00,2025-12-18
2025-11-28,JEF,56.278228759765625,1049300.0,Yahoo Finance,2026-09-21T04:37:35+00:00,2025-12-18
2025-12-01,JEF,55.6524772644043,1937600.0,Yahoo Finance,2026-09-21T04:37:35+00:00,2025-12-18
2025-12-02,JEF,55.52537536621094,1281700.0,Yahoo Finance,2026-09-21T04:37:35+00:00,2025-12-18
2025-12-03,JEF,57.10929870605469,1012500.0,Yahoo Finance,2026-09-21T04:37:35+00:00,2025-12-18
2025-12-04,JEF,57.51016616821289,1204600.0,Yahoo Finance,2026-09-21T04:37:35+00:00,2025-12-18
2025-12-05,JEF,57.80348587036133,1475800.0,Yahoo Finance,2026-09-21T04:37:35+00:00,2025-12-18
2025-12-08,JEF,57.72527313232422,2106600.0,Yahoo Finance,2026-09-21T04:37:35+00:00,2025-12-18
2025-12-09,JEF,58.25325012207031,1858100.0,Yahoo Finance,2026-09-21T04:37:35+00:00,2025-12-18
2025-12-10,JEF,60.453147888183594,2273100.0,Yahoo Finance,2026-09-21T04:37:35+00:00,2025-12-18
2025-12-11,JEF,61.83174514770508,2375800.0,Yahoo Finance,2026-09-21T04:37:35+00:00,2025-12-18
2025-12-12,JEF,60.61935806274414,2456800.0,Yahoo Finance,2026-09-21T04:37:35+00:00,2025-12-18
2025-12-15,JEF,60.179378509521484,1452700.0,Yahoo Finance,2026-09-21T04:37:35+00:00,2025-12-18
2025-12-16,JEF,59.895835876464844,1621500.0,Yahoo Finance,2026-09-21T04:37:35+00:00,2025-12-18
2025-12-17,JEF,59.68073654174805,978900.0,Yahoo Finance,2026-09-21T04:37:35+00:00,2025-12-18
2025-12-18,JEF,60.521583557128906,1336000.0,Yahoo Finance,2026-09-21T04:37:35+00:00,2025-12-18
2024-11-13,JPM,232.85418701171875,11472600.0,Yahoo Finance,2026-09-21T04:37:35+00:00,2025-12-18
2024-11-14,JPM,233.53973388671875,10172200.0,Yahoo Finance,2026-09-21T04:37:35+00:00,2025-12-18
2024-11-15,JPM,236.8612823486328,11518800.0,Yahoo Finance,2026-09-21T04:37:35+00:00,2025-12-18
2024-11-18,JPM,236.59092712402344,9051400.0,Yahoo Finance,2026-09-21T04:37:35+00:00,2025-12-18
2024-11-19,JPM,234.7177276611328,6792700.0,Yahoo Finance,2026-09-21T04:37:35+00:00,2025-12-18
2024-11-20,JPM,232.48728942871094,9015300.0,Yahoo Finance,2026-09-21T04:37:35+00:00,2025-12-18
2024-11-21,JPM,236.3302001953125,8783500.0,Yahoo Finance,2026-09-21T04:37:35+00:00,2025-12-18
2024-11-22,JPM,239.98968505859375,7997300.0,Yahoo Finance,2026-09-21T04:37:35+00:00,2025-12-18
2024-11-25,JPM,241.66973876953125,10295400.0,Yahoo Finance,2026-09-21T04:37:35+00:00,2025-12-18
2024-11-26,JPM,241.36077880859375,6212100.0,Yahoo Finance,2026-09-21T04:37:35+00:00,2025-12-18
2024-11-27,JPM,241.18698120117188,5472300.0,Yahoo Finance,2026-09-21T04:37:35+00:00,2025-12-18
2024-11-29,JPM,241.11940002441406,5494800.0,Yahoo Finance,2026-09-21T04:37:35+00:00,2025-12-18
2024-12-02,JPM,237.7688751220703,8899700.0,Yahoo Finance,2026-09-21T04:37:35+00:00,2025-12-18
2024-12-03,JPM,236.38815307617188,6657700.0,Yahoo Finance,2026-09-21T04:37:35+00:00,2025-12-18
2024-12-04,JPM,235.01705932617188,7346300.0,Yahoo Finance,2026-09-21T04:37:35+00:00,2025-12-18
2024-12-05,JPM,237.0254364013672,6572500.0,Yahoo Finance,2026-09-21T04:37:35+00:00,2025-12-18
2024-12-06,JPM,238.84068298339844,5519700.0,Yahoo Finance,2026-09-21T04:37:35+00:00,2025-12-18
2024-12-09,JPM,235.41293334960938,7076500.0,Yahoo Finance,2026-09-21T04:37:35+00:00,2025-12-18
2024-12-10,JPM,234.49563598632812,9108300.0,Yahoo Finance,2026-09-21T04:37:35+00:00,2025-12-18
2024-12-11,JPM,235.142578125,7884400.0,Yahoo Finance,2026-09-21T04:37:35+00:00,2025-12-18
2024-12-12,JPM,233.21144104003906,6113800.0,Yahoo Finance,2026-09-21T04:37:35+00:00,2025-12-18
2024-12-13,JPM,231.6762237548828,10392700.0,Yahoo Finance,2026-09-21T04:37:35+00:00,2025-12-18
2024-12-16,JPM,231.32859802246094,9032000.0,Yahoo Finance,2026-09-21T04:37:35+00:00,2025-12-18
2024-12-17,JPM,230.15065002441406,8083600.0,Yahoo Finance,2026-09-21T04:37:35+00:00,2025-12-18
2024-12-18,JPM,222.43582153320312,11322400.0,Yahoo Finance,2026-09-21T04:37:35+00:00,2025-12-18
2024-12-19,JPM,224.93661499023438,11790800.0,Yahoo Finance,2026-09-21T04:37:35+00:00,2025-12-18
2024-12-20,JPM,229.41683959960938,32348400.0,Yahoo Finance,2026-09-21T04:37:35+00:00,2025-12-18
2024-12-23,JPM,230.1796112060547,8611500.0,Yahoo Finance,2026-09-21T04:37:35+00:00,2025-12-18
2024-12-24,JPM,233.96458435058594,3729100.0,Yahoo Finance,2026-09-21T04:37:35+00:00,2025-12-18
2024-12-26,JPM,234.76602172851562,4451800.0,Yahoo Finance,2026-09-21T04:37:35+00:00,2025-12-18
2024-12-27,JPM,232.8638458251953,5730200.0,Yahoo Finance,2026-09-21T04:37:35+00:00,2025-12-18
2024-12-30,JPM,231.0775909423828,5723800.0,Yahoo Finance,2026-09-21T04:37:35+00:00,2025-12-18
2024-12-31,JPM,231.4541473388672,4871000.0,Yahoo Finance,2026-09-21T04:37:35+00:00,2025-12-18
2025-01-02,JPM,231.73414611816406,9220900.0,Yahoo Finance,2026-09-21T04:37:35+00:00,2025-12-18
2025-01-03,JPM,234.90118408203125,9491100.0,Yahoo Finance,2026-09-21T04:37:35+00:00,2025-12-18
2025-01-06,JPM,233.7559356689453,9917800.0,Yahoo Finance,2026-09-21T04:37:35+00:00,2025-12-18
2025-01-07,JPM,236.00759887695312,8753400.0,Yahoo Finance,2026-09-21T04:37:35+00:00,2025-12-18
2025-01-08,JPM,235.96878051757812,8675300.0,Yahoo Finance,2026-09-21T04:37:35+00:00,2025-12-18
2025-01-10,JPM,232.80479431152344,10256800.0,Yahoo Finance,2026-09-21T04:37:35+00:00,2025-12-18
2025-01-13,JPM,237.01698303222656,10005300.0,Yahoo Finance,2026-09-21T04:37:35+00:00,2025-12-18
2025-01-14,JPM,240.18093872070312,12407400.0,Yahoo Finance,2026-09-21T04:37:35+00:00,2025-12-18
2025-01-15,JPM,244.91722106933594,18448500.0,Yahoo Finance,2026-09-21T04:37:35+00:00,2025-12-18
2025-01-16,JPM,246.78065490722656,15292300.0,Yahoo Finance,2026-09-21T04:37:35+00:00,2025-12-18
2025-01-17,JPM,251.52664184570312,17678100.0,Yahoo Finance,2026-09-21T04:37:35+00:00,2025-12-18
2025-01-21,JPM,255.2826385498047,13712100.0,Yahoo Finance,2026-09-21T04:37:35+00:00,2025-12-18
2025-01-22,JPM,255.0982208251953,9021900.0,Yahoo Finance,2026-09-21T04:37:35+00:00,2025-12-18
2025-01-23,JPM,258.11663818359375,10749700.0,Yahoo Finance,2026-09-21T04:37:35+00:00,2025-12-18
2025-01-24,JPM,257.0393371582031,7666300.0,Yahoo Finance,2026-09-21T04:37:35+00:00,2025-12-18
2025-01-27,JPM,258.0196533203125,7522300.0,Yahoo Finance,2026-09-21T04:37:35+00:00,2025-12-18
2025-01-28,JPM,259.2716064453125,7375400.0,Yahoo Finance,2026-09-21T04:37:35+00:00,2025-12-18
2025-01-29,JPM,258.7280578613281,7684900.0,Yahoo Finance,2026-09-21T04:37:35+00:00,2025-12-18
2025-01-30,JPM,260.3294677734375,8753500.0,Yahoo Finance,2026-09-21T04:37:35+00:00,2025-12-18
2025-01-31,JPM,259.4268798828125,7193800.0,Yahoo Finance,2026-09-21T04:37:35+00:00,2025-12-18
2025-02-03,JPM,258.9512634277344,8381400.0,Yahoo Finance,2026-09-21T04:37:35+00:00,2025-12-18
2025-02-04,JPM,260.0480651855469,5626000.0,Yahoo Finance,2026-09-21T04:37:35+00:00,2025-12-18
2025-02-05,JPM,262.46466064453125,5704400.0,Yahoo Finance,2026-09-21T04:37:35+00:00,2025-12-18
2025-02-06,JPM,268.74407958984375,7264400.0,Yahoo Finance,2026-09-21T04:37:35+00:00,2025-12-18
2025-02-07,JPM,267.6764831542969,6857900.0,Yahoo Finance,2026-09-21T04:37:35+00:00,2025-12-18
2025-02-10,JPM,263.0567321777344,8627400.0,Yahoo Finance,2026-09-21T04:37:35+00:00,2025-12-18
2025-02-11,JPM,266.8903503417969,7196400.0,Yahoo Finance,2026-09-21T04:37:35+00:00,2025-12-18
2025-02-12,JPM,267.3368225097656,6683900.0,Yahoo Finance,2026-09-21T04:37:35+00:00,2025-12-18
2025-02-13,JPM,268.18121337890625,8398700.0,Yahoo Finance,2026-09-21T04:37:35+00:00,2025-12-18
2025-02-14,JPM,268.4432373046875,5688600.0,Yahoo Finance,2026-09-21T04:37:35+00:00,2025-12-18
2025-02-18,JPM,271.70428466796875,7919800.0,Yahoo Finance,2026-09-21T04:37:35+00:00,2025-12-18
2025-02-19,JPM,271.02490234375,7007200.0,Yahoo Finance,2026-09-21T04:37:35+00:00,2025-12-18
2025-02-20,JPM,258.9416198730469,13846700.0,Yahoo Finance,2026-09-21T04:37:35+00:00,2025-12-18
2025-02-21,JPM,256.4570007324219,12835600.0,Yahoo Finance,2026-09-21T04:37:35+00:00,2025-12-18
2025-02-24,JPM,253.64244079589844,10372800.0,Yahoo Finance,2026-09-21T04:37:35+00:00,2025-12-18
2025-02-25,JPM,249.81846618652344,9608400.0,Yahoo Finance,2026-09-21T04:37:35+00:00,2025-12-18
2025-02-26,JPM,251.1675567626953,5943600.0,Yahoo Finance,2026-09-21T04:37:35+00:00,2025-12-18
2025-02-27,JPM,251.41986083984375,8204400.0,Yahoo Finance,2026-09-21T04:37:35+00:00,2025-12-18
2025-02-28,JPM,256.85491943359375,10467100.0,Yahoo Finance,2026-09-21T04:37:35+00:00,2025-12-18
2025-03-03,JPM,252.94363403320312,9058300.0,Yahoo Finance,2026-09-21T04:37:35+00:00,2025-12-18
2025-03-04,JPM,242.8790740966797,13465600.0,Yahoo Finance,2026-09-21T04:37:35+00:00,2025-12-18
2025-03-05,JPM,244.12136840820312,7861400.0,Yahoo Finance,2026-09-21T04:37:35+00:00,2025-12-18
2025-03-06,JPM,239.27833557128906,9983200.0,Yahoo Finance,2026-09-21T04:37:35+00:00,2025-12-18
2025-03-07,JPM,235.14382934570312,20498700.0,Yahoo Finance,2026-09-21T04:37:35+00:00,2025-12-18
2025-03-10,JPM,225.38014221191406,18887200.0,Yahoo Finance,2026-09-21T04:37:35+00:00,2025-12-18
2025-03-11,JPM,222.39083862304688,18143000.0,Yahoo Finance,2026-09-21T04:37:35+00:00,2025-12-18
2025-03-12,JPM,221.1873779296875,16054000.0,Yahoo Finance,2026-09-21T04:37:35+00:00,2025-12-18
2025-03-13,JPM,218.55718994140625,16467900.0,Yahoo Finance,2026-09-21T04:37:35+00:00,2025-12-18
2025-03-14,JPM,225.59364318847656,11962100.0,Yahoo Finance,2026-09-21T04:37:35+00:00,2025-12-18
2025-03-17,JPM,227.03976440429688,9586000.0,Yahoo Finance,2026-09-21T04:37:35+00:00,2025-12-18
2025-03-18,JPM,228.0491180419922,10344900.0,Yahoo Finance,2026-09-21T04:37:35+00:00,2025-12-18
2025-03-19,JPM,232.0671844482422,10120600.0,Yahoo Finance,2026-09-21T04:37:35+00:00,2025-12-18
2025-03-20,JPM,231.97012329101562,8328500.0,Yahoo Finance,2026-09-21T04:37:35+00:00,2025-12-18
2025-03-21,JPM,234.51295471191406,19326900.0,Yahoo Finance,2026-09-21T04:37:35+00:00,2025-12-18
2025-03-24,JPM,240.7535858154297,9422700.0,Yahoo Finance,2026-09-21T04:37:35+00:00,2025-12-18
2025-03-25,JPM,243.733154296875,9287700.0,Yahoo Finance,2026-09-21T04:37:35+00:00,2025-12-18
2025-03-26,JPM,243.63609313964844,12779300.0,Yahoo Finance,2026-09-21T04:37:35+00:00,2025-12-18
2025-03-27,JPM,240.8118133544922,8022500.0,Yahoo Finance,2026-09-21T04:37:35+00:00,2025-12-18
2025-03-28,JPM,235.69703674316406,11978400.0,Yahoo Finance,2026-09-21T04:37:35+00:00,2025-12-18
2025-03-31,JPM,238.0748748779297,13603000.0,Yahoo Finance,2026-09-21T04:37:35+00:00,2025-12-18
2025-04-01,JPM,236.48318481445312,8054700.0,Yahoo Finance,2026-09-21T04:37:35+00:00,2025-12-18
2025-04-02,JPM,238.57957458496094,7758800.0,Yahoo Finance,2026-09-21T04:37:35+00:00,2025-12-18
2025-04-03,JPM,221.9541015625,17188500.0,Yahoo Finance,2026-09-21T04:37:35+00:00,2025-12-18
2025-04-04,JPM,205.34344482421875,27170700.0,Yahoo Finance,2026-09-21T04:37:35+00:00,2025-12-18
2025-04-07,JPM,209.40577697753906,22914400.0,Yahoo Finance,2026-09-21T04:37:35+00:00,2025-12-18
2025-04-08,JPM,211.77871704101562,19485700.0,Yahoo Finance,2026-09-21T04:37:35+00:00,2025-12-18
2025-04-09,JPM,228.83859252929688,24022400.0,Yahoo Finance,2026-09-21T04:37:35+00:00,2025-12-18
2025-04-10,JPM,221.7783203125,18896400.0,Yahoo Finance,2026-09-21T04:37:35+00:00,2025-12-18
2025-04-11,JPM,230.65493774414062,20284500.0,Yahoo Finance,2026-09-21T04:37:35+00:00,2025-12-18
2025-04-14,JPM,229.2096710205078,13017800.0,Yahoo Finance,2026-09-21T04:37:35+00:00,2025-12-18
2025-04-15,JPM,227.65699768066406,10912900.0,Yahoo Finance,2026-09-21T04:37:35+00:00,2025-12-18
2025-04-16,JPM,224.21963500976562,9322300.0,Yahoo Finance,2026-09-21T04:37:35+00:00,2025-12-18
2025-04-17,JPM,226.5144805908203,9557900.0,Yahoo Finance,2026-09-21T04:37:35+00:00,2025-12-18
2025-04-21,JPM,223.61419677734375,8716200.0,Yahoo Finance,2026-09-21T04:37:35+00:00,2025-12-18
2025-04-22,JPM,230.05923461914062,10701400.0,Yahoo Finance,2026-09-21T04:37:35+00:00,2025-12-18
2025-04-23,JPM,235.22508239746094,14126800.0,Yahoo Finance,2026-09-21T04:37:35+00:00,2025-12-18
2025-04-24,JPM,238.89678955078125,9055200.0,Yahoo Finance,2026-09-21T04:37:35+00:00,2025-12-18
2025-04-25,JPM,237.83238220214844,8588600.0,Yahoo Finance,2026-09-21T04:37:35+00:00,2025-12-18
2025-04-28,JPM,237.51011657714844,7394300.0,Yahoo Finance,2026-09-21T04:37:35+00:00,2025-12-18
2025-04-29,JPM,238.87725830078125,7216800.0,Yahoo Finance,2026-09-21T04:37:35+00:00,2025-12-18
2025-04-30,JPM,238.87725830078125,12991700.0,Yahoo Finance,2026-09-21T04:37:35+00:00,2025-12-18
2025-05-01,JPM,241.09397888183594,8689600.0,Yahoo Finance,2026-09-21T04:37:35+00:00,2025-12-18
2025-05-02,JPM,246.58203125,7165000.0,Yahoo Finance,2026-09-21T04:37:35+00:00,2025-12-18
2025-05-05,JPM,246.63084411621094,5450700.0,Yahoo Finance,2026-09-21T04:37:35+00:00,2025-12-18
2025-05-06,JPM,243.39857482910156,6369900.0,Yahoo Finance,2026-09-21T04:37:35+00:00,2025-12-18
2025-05-07,JPM,243.5352783203125,8724100.0,Yahoo Finance,2026-09-21T04:37:35+00:00,2025-12-18
2025-05-08,JPM,247.51951599121094,8320100.0,Yahoo Finance,2026-09-21T04:37:35+00:00,2025-12-18
2025-05-09,JPM,247.13865661621094,5087600.0,Yahoo Finance,2026-09-21T04:37:35+00:00,2025-12-18
2025-05-12,JPM,253.94500732421875,9603900.0,Yahoo Finance,2026-09-21T04:37:35+00:00,2025-12-18
2025-05-13,JPM,256.8355407714844,8589000.0,Yahoo Finance,2026-09-21T04:37:35+00:00,2025-12-18
2025-05-14,JPM,259.40380859375,8643100.0,Yahoo Finance,2026-09-21T04:37:35+00:00,2025-12-18
2025-05-15,JPM,261.2103576660156,9214600.0,Yahoo Finance,2026-09-21T04:37:35+00:00,2025-12-18
2025-05-16,JPM,261.2787170410156,8932900.0,Yahoo Finance,2026-09-21T04:37:35+00:00,2025-12-18
2025-05-19,JPM,258.66162109375,12145000.0,Yahoo Finance,2026-09-21T04:37:35+00:00,2025-12-18
2025-05-20,JPM,259.44287109375,8436300.0,Yahoo Finance,2026-09-21T04:37:35+00:00,2025-12-18
2025-05-21,JPM,254.91177368164062,7464000.0,Yahoo Finance,2026-09-21T04:37:35+00:00,2025-12-18
2025-05-22,JPM,254.5504913330078,6514100.0,Yahoo Finance,2026-09-21T04:37:35+00:00,2025-12-18
2025-05-23,JPM,254.58950805664062,6671800.0,Yahoo Finance,2026-09-21T04:37:35+00:00,2025-12-18
2025-05-27,JPM,259.06201171875,7506600.0,Yahoo Finance,2026-09-21T04:37:35+00:00,2025-12-18
2025-05-28,JPM,257.30426025390625,5535400.0,Yahoo Finance,2026-09-21T04:37:35+00:00,2025-12-18
2025-05-29,JPM,258.1636047363281,5081200.0,Yahoo Finance,2026-09-21T04:37:35+00:00,2025-12-18
2025-05-30,JPM,257.8022766113281,10977700.0,Yahoo Finance,2026-09-21T04:37:35+00:00,2025-12-18
2025-06-02,JPM,258.4468078613281,6011200.0,Yahoo Finance,2026-09-21T04:37:35+00:00,2025-12-18
2025-06-03,JPM,260.01898193359375,6998400.0,Yahoo Finance,2026-09-21T04:37:35+00:00,2025-12-18
2025-06-04,JPM,258.01708984375,5915700.0,Yahoo Finance,2026-09-21T04:37:35+00:00,2025-12-18
2025-06-05,JPM,255.80044555664062,8173800.0,Yahoo Finance,2026-09-21T04:37:35+00:00,2025-12-18
2025-06-06,JPM,259.4916687011719,7738100.0,Yahoo Finance,2026-09-21T04:37:35+00:00,2025-12-18
2025-06-09,JPM,260.4779357910156,8285000.0,Yahoo Finance,2026-09-21T04:37:35+00:00,2025-12-18
2025-06-10,JPM,262.2943115234375,7538100.0,Yahoo Finance,2026-09-21T04:37:35+00:00,2025-12-18
2025-06-11,JPM,261.8548583984375,7434100.0,Yahoo Finance,2026-09-21T04:37:35+00:00,2025-12-18
2025-06-12,JPM,261.9427490234375,6618000.0,Yahoo Finance,2026-09-21T04:37:35+00:00,2025-12-18
2025-06-13,JPM,258.7300109863281,7098300.0,Yahoo Finance,2026-09-21T04:37:35+00:00,2025-12-18
2025-06-16,JPM,264.0129699707031,8566000.0,Yahoo Finance,2026-09-21T04:37:35+00:00,2025-12-18
2025-06-17,JPM,263.1927185058594,6739300.0,Yahoo Finance,2026-09-21T04:37:35+00:00,2025-12-18
2025-06-18,JPM,267.5284423828125,9586400.0,Yahoo Finance,2026-09-21T04:37:35+00:00,2025-12-18
2025-06-20,JPM,268.5440368652344,13969700.0,Yahoo Finance,2026-09-21T04:37:35+00:00,2025-12-18
2025-06-23,JPM,271.7372741699219,8094600.0,Yahoo Finance,2026-09-21T04:37:35+00:00,2025-12-18
2025-06-24,JPM,274.6570739746094,9267900.0,Yahoo Finance,2026-09-21T04:37:35+00:00,2025-12-18
2025-06-25,JPM,277.391357421875,6826900.0,Yahoo Finance,2026-09-21T04:37:35+00:00,2025-12-18
2025-06-26,JPM,281.97125244140625,8942100.0,Yahoo Finance,2026-09-21T04:37:35+00:00,2025-12-18
2025-06-27,JPM,280.3697509765625,17868600.0,Yahoo Finance,2026-09-21T04:37:35+00:00,2025-12-18
2025-06-30,JPM,283.1040344238281,12689200.0,Yahoo Finance,2026-09-21T04:37:35+00:00,2025-12-18
2025-07-01,JPM,283.59228515625,9338300.0,Yahoo Finance,2026-09-21T04:37:35+00:00,2025-12-18
2025-07-02,JPM,285.1449890136719,8158700.0,Yahoo Finance,2026-09-21T04:37:35+00:00,2025-12-18
2025-07-03,JPM,290.443603515625,6541600.0,Yahoo Finance,2026-09-21T04:37:35+00:00,2025-12-18
2025-07-07,JPM,286.4892272949219,8825700.0,Yahoo Finance,2026-09-21T04:37:35+00:00,2025-12-18
2025-07-08,JPM,277.4717712402344,15440900.0,Yahoo Finance,2026-09-21T04:37:35+00:00,2025-12-18
2025-07-09,JPM,277.8446350097656,11273800.0,Yahoo Finance,2026-09-21T04:37:35+00:00,2025-12-18
2025-07-10,JPM,282.7801818847656,8410900.0,Yahoo Finance,2026-09-21T04:37:35+00:00,2025-12-18
2025-07-11,JPM,281.47515869140625,7384700.0,Yahoo Finance,2026-09-21T04:37:35+00:00,2025-12-18
2025-07-14,JPM,283.2806701660156,9079900.0,Yahoo Finance,2026-09-21T04:37:35+00:00,2025-12-18
2025-07-15,JPM,281.17095947265625,12526100.0,Yahoo Finance,2026-09-21T04:37:35+00:00,2025-12-18
2025-07-16,JPM,280.4546813964844,9979800.0,Yahoo Finance,2026-09-21T04:37:35+00:00,2025-12-18
2025-07-17,JPM,284.4580993652344,8509500.0,Yahoo Finance,2026-09-21T04:37:35+00:00,2025-12-18
2025-07-18,JPM,285.8023986816406,12217000.0,Yahoo Finance,2026-09-21T04:37:35+00:00,2025-12-18
2025-07-21,JPM,285.50799560546875,7898100.0,Yahoo Finance,2026-09-21T04:37:35+00:00,2025-12-18
2025-07-22,JPM,285.9593811035156,6717500.0,Yahoo Finance,2026-09-21T04:37:35+00:00,2025-12-18
2025-07-23,JPM,291.1893005371094,7083500.0,Yahoo Finance,2026-09-21T04:37:35+00:00,2025-12-18
2025-07-24,JPM,290.9832458496094,7001200.0,Yahoo Finance,2026-09-21T04:37:35+00:00,2025-12-18
2025-07-25,JPM,293.014404296875,5918500.0,Yahoo Finance,2026-09-21T04:37:35+00:00,2025-12-18
2025-07-28,JPM,292.6807861328125,5840400.0,Yahoo Finance,2026-09-21T04:37:35+00:00,2025-12-18
2025-07-29,JPM,291.46405029296875,7635700.0,Yahoo Finance,2026-09-21T04:37:35+00:00,2025-12-18
2025-07-30,JPM,294.0054626464844,8061700.0,Yahoo Finance,2026-09-21T04:37:35+00:00,2025-12-18
2025-07-31,JPM,290.6791076660156,14749700.0,Yahoo Finance,2026-09-21T04:37:35+00:00,2025-12-18
2025-08-01,JPM,283.93804931640625,12007100.0,Yahoo Finance,2026-09-21T04:37:35+00:00,2025-12-18
2025-08-04,JPM,288.73626708984375,6649500.0,Yahoo Finance,2026-09-21T04:37:35+00:00,2025-12-18
2025-08-05,JPM,285.9004821777344,7182300.0,Yahoo Finance,2026-09-21T04:37:35+00:00,2025-12-18
2025-08-06,JPM,285.880859375,6330200.0,Yahoo Finance,2026-09-21T04:37:35+00:00,2025-12-18
2025-08-07,JPM,281.55364990234375,8057100.0,Yahoo Finance,2026-09-21T04:37:35+00:00,2025-12-18
2025-08-08,JPM,283.33953857421875,6634100.0,Yahoo Finance,2026-09-21T04:37:35+00:00,2025-12-18
2025-08-11,JPM,284.12451171875,5510100.0,Yahoo Finance,2026-09-21T04:37:35+00:00,2025-12-18
2025-08-12,JPM,287.3527526855469,8570900.0,Yahoo Finance,2026-09-21T04:37:35+00:00,2025-12-18
2025-08-13,JPM,285.0762634277344,8420400.0,Yahoo Finance,2026-09-21T04:37:35+00:00,2025-12-18
2025-08-14,JPM,288.6381530761719,6322400.0,Yahoo Finance,2026-09-21T04:37:35+00:00,2025-12-18
2025-08-15,JPM,285.0370178222656,7340500.0,Yahoo Finance,2026-09-21T04:37:35+00:00,2025-12-18
2025-08-18,JPM,286.0575256347656,5386900.0,Yahoo Finance,2026-09-21T04:37:35+00:00,2025-12-18
2025-08-19,JPM,285.203857421875,6031500.0,Yahoo Finance,2026-09-21T04:37:35+00:00,2025-12-18
2025-08-20,JPM,286.754150390625,7374200.0,Yahoo Finance,2026-09-21T04:37:35+00:00,2025-12-18
2025-08-21,JPM,285.9986267089844,6624000.0,Yahoo Finance,2026-09-21T04:37:35+00:00,2025-12-18
2025-08-22,JPM,290.6791076660156,8552800.0,Yahoo Finance,2026-09-21T04:37:35+00:00,2025-12-18
2025-08-25,JPM,289.3642578125,5856300.0,Yahoo Finance,2026-09-21T04:37:35+00:00,2025-12-18
2025-08-26,JPM,292.9653625488281,6714700.0,Yahoo Finance,2026-09-21T04:37:35+00:00,2025-12-18
2025-08-27,JPM,293.66204833984375,6056500.0,Yahoo Finance,2026-09-21T04:37:35+00:00,2025-12-18
2025-08-28,JPM,295.4184265136719,6410500.0,Yahoo Finance,2026-09-21T04:37:35+00:00,2025-12-18
2025-08-29,JPM,295.7618713378906,6796400.0,Yahoo Finance,2026-09-21T04:37:35+00:00,2025-12-18
2025-09-02,JPM,294.0741271972656,7221900.0,Yahoo Finance,2026-09-21T04:37:35+00:00,2025-12-18
2025-09-03,JPM,293.8877258300781,6316900.0,Yahoo Finance,2026-09-21T04:37:35+00:00,2025-12-18
2025-09-04,JPM,298.1168518066406,6605800.0,Yahoo Finance,2026-09-21T04:37:35+00:00,2025-12-18
2025-09-05,JPM,288.8540344238281,9837700.0,Yahoo Finance,2026-09-21T04:37:35+00:00,2025-12-18
2025-09-08,JPM,287.41162109375,8188500.0,Yahoo Finance,2026-09-21T04:37:35+00:00,2025-12-18
2025-09-09,JPM,292.2588806152344,7848200.0,Yahoo Finance,2026-09-21T04:37:35+00:00,2025-12-18
2025-09-10,JPM,294.8983459472656,7787300.0,Yahoo Finance,2026-09-21T04:37:35+00:00,2025-12-18
2025-09-11,JPM,299.82415771484375,7942500.0,Yahoo Finance,2026-09-21T04:37:35+00:00,2025-12-18
2025-09-12,JPM,301.1488342285156,6846700.0,Yahoo Finance,2026-09-21T04:37:35+00:00,2025-12-18
2025-09-15,JPM,303.1014404296875,7122000.0,Yahoo Finance,2026-09-21T04:37:35+00:00,2025-12-18
2025-09-16,JPM,303.385986328125,10525600.0,Yahoo Finance,2026-09-21T04:37:35+00:00,2025-12-18
2025-09-17,JPM,305.89794921875,8657800.0,Yahoo Finance,2026-09-21T04:37:35+00:00,2025-12-18
2025-09-18,JPM,307.3501892089844,8050700.0,Yahoo Finance,2026-09-21T04:37:35+00:00,2025-12-18
2025-09-19,JPM,308.8710632324219,23568600.0,Yahoo Finance,2026-09-21T04:37:35+00:00,2025-12-18
2025-09-22,JPM,306.57501220703125,7520200.0,Yahoo Finance,2026-09-21T04:37:35+00:00,2025-12-18
2025-09-23,JPM,306.8693542480469,8584400.0,Yahoo Finance,2026-09-21T04:37:35+00:00,2025-12-18
2025-09-24,JPM,307.53662109375,7310500.0,Yahoo Finance,2026-09-21T04:37:35+00:00,2025-12-18
2025-09-25,JPM,307.5660705566406,7083200.0,Yahoo Finance,2026-09-21T04:37:35+00:00,2025-12-18
2025-09-26,JPM,310.12701416015625,7258100.0,Yahoo Finance,2026-09-21T04:37:35+00:00,2025-12-18
2025-09-29,JPM,309.76397705078125,6462400.0,Yahoo Finance,2026-09-21T04:37:35+00:00,2025-12-18
2025-09-30,JPM,309.50885009765625,11823300.0,Yahoo Finance,2026-09-21T04:37:35+00:00,2025-12-18
2025-10-01,JPM,304.8774719238281,9235200.0,Yahoo Finance,2026-09-21T04:37:35+00:00,2025-12-18
2025-10-02,JPM,301.77679443359375,7600000.0,Yahoo Finance,2026-09-21T04:37:35+00:00,2025-12-18
2025-10-03,JPM,304.2102355957031,6029900.0,Yahoo Finance,2026-09-21T04:37:35+00:00,2025-12-18
2025-10-06,JPM,304.8511047363281,7214500.0,Yahoo Finance,2026-09-21T04:37:35+00:00,2025-12-18
2025-10-07,JPM,303.3819885253906,8454200.0,Yahoo Finance,2026-09-21T04:37:35+00:00,2025-12-18
2025-10-08,JPM,299.77325439453125,6489900.0,Yahoo Finance,2026-09-21T04:37:35+00:00,2025-12-18
2025-10-09,JPM,301.2522277832031,7060300.0,Yahoo Finance,2026-09-21T04:37:35+00:00,2025-12-18
2025-10-10,JPM,296.6772155761719,8597400.0,Yahoo Finance,2026-09-21T04:37:35+00:00,2025-12-18
2025-10-13,JPM,303.6580505371094,10788700.0,Yahoo Finance,2026-09-21T04:37:35+00:00,2025-12-18
2025-10-14,JPM,297.85052490234375,16178800.0,Yahoo Finance,2026-09-21T04:37:35+00:00,2025-12-18
2025-10-15,JPM,301.40997314453125,11354800.0,Yahoo Finance,2026-09-21T04:37:35+00:00,2025-12-18
2025-10-16,JPM,294.360107421875,10549400.0,Yahoo Finance,2026-09-21T04:37:35+00:00,2025-12-18
2025-10-17,JPM,293.3938293457031,10153500.0,Yahoo Finance,2026-09-21T04:37:35+00:00,2025-12-18
2025-10-20,JPM,298.1265869140625,6894900.0,Yahoo Finance,2026-09-21T04:37:35+00:00,2025-12-18
2025-10-21,JPM,292.9303894042969,7372700.0,Yahoo Finance,2026-09-21T04:37:35+00:00,2025-12-18
2025-10-22,JPM,289.9920959472656,8054100.0,Yahoo Finance,2026-09-21T04:37:35+00:00,2025-12-18
2025-10-23,JPM,290.4161071777344,5438800.0,Yahoo Finance,2026-09-21T04:37:35+00:00,2025-12-18
2025-10-24,JPM,296.2334899902344,7228300.0,Yahoo Finance,2026-09-21T04:37:35+00:00,2025-12-18
2025-10-27,JPM,299.89154052734375,5642200.0,Yahoo Finance,2026-09-21T04:37:35+00:00,2025-12-18
2025-10-28,JPM,301.0845947265625,6336000.0,Yahoo Finance,2026-09-21T04:37:35+00:00,2025-12-18
2025-10-29,JPM,301.2325134277344,7520300.0,Yahoo Finance,2026-09-21T04:37:35+00:00,2025-12-18
2025-10-30,JPM,305.10748291015625,7514600.0,Yahoo Finance,2026-09-21T04:37:35+00:00,2025-12-18
2025-10-31,JPM,306.7639465332031,7721300.0,Yahoo Finance,2026-09-21T04:37:35+00:00,2025-12-18
2025-11-03,JPM,305.0187683105469,7770000.0,Yahoo Finance,2026-09-21T04:37:35+00:00,2025-12-18
2025-11-04,JPM,304.920166015625,7085200.0,Yahoo Finance,2026-09-21T04:37:35+00:00,2025-12-18
2025-11-05,JPM,307.3161315917969,6865200.0,Yahoo Finance,2026-09-21T04:37:35+00:00,2025-12-18
2025-11-06,JPM,309.0317687988281,7206100.0,Yahoo Finance,2026-09-21T04:37:35+00:00,2025-12-18
2025-11-07,JPM,309.8106994628906,7302300.0,Yahoo Finance,2026-09-21T04:37:35+00:00,2025-12-18
2025-11-10,JPM,312.45318603515625,5794100.0,Yahoo Finance,2026-09-21T04:37:35+00:00,2025-12-18
2025-11-11,JPM,311.200927734375,5030200.0,Yahoo Finance,2026-09-21T04:37:35+00:00,2025-12-18
2025-11-12,JPM,315.92388916015625,10578300.0,Yahoo Finance,2026-09-21T04:37:35+00:00,2025-12-18
2025-11-13,JPM,305.14697265625,8973300.0,Yahoo Finance,2026-09-21T04:37:35+00:00,2025-12-18
2025-11-14,JPM,299.35906982421875,10327000.0,Yahoo Finance,2026-09-21T04:37:35+00:00,2025-12-18
2025-11-17,JPM,296.1644592285156,8344000.0,Yahoo Finance,2026-09-21T04:37:35+00:00,2025-12-18
2025-11-18,JPM,295.2179260253906,8077300.0,Yahoo Finance,2026-09-21T04:37:35+00:00,2025-12-18
2025-11-19,JPM,299.0238342285156,5546600.0,Yahoo Finance,2026-09-21T04:37:35+00:00,2025-12-18
2025-11-20,JPM,294.20233154296875,7501600.0,Yahoo Finance,2026-09-21T04:37:35+00:00,2025-12-18
2025-11-21,JPM,293.84735107421875,11766800.0,Yahoo Finance,2026-09-21T04:37:35+00:00,2025-12-18
2025-11-24,JPM,293.8276672363281,10940200.0,Yahoo Finance,2026-09-21T04:37:35+00:00,2025-12-18
2025-11-25,JPM,298.7576599121094,8877200.0,Yahoo Finance,2026-09-21T04:37:35+00:00,2025-12-18
2025-11-26,JPM,303.33270263671875,7910900.0,Yahoo Finance,2026-09-21T04:37:35+00:00,2025-12-18
2025-11-28,JPM,308.6965026855469,4322400.0,Yahoo Finance,2026-09-21T04:37:35+00:00,2025-12-18
2025-12-01,JPM,304.5947570800781,7727300.0,Yahoo Finance,2026-09-21T04:37:35+00:00,2025-12-18
2025-12-02,JPM,303.5693359375,7249000.0,Yahoo Finance,2026-09-21T04:37:35+00:00,2025-12-18
2025-12-03,JPM,307.75982666015625,8535300.0,Yahoo Finance,2026-09-21T04:37:35+00:00,2025-12-18
2025-12-04,JPM,311.67425537109375,9627800.0,Yahoo Finance,2026-09-21T04:37:35+00:00,2025-12-18
2025-12-05,JPM,310.62908935546875,6518900.0,Yahoo Finance,2026-09-21T04:37:35+00:00,2025-12-18
2025-12-08,JPM,310.79669189453125,7417200.0,Yahoo Finance,2026-09-21T04:37:35+00:00,2025-12-18
2025-12-09,JPM,296.30255126953125,18049200.0,Yahoo Finance,2026-09-21T04:37:35+00:00,2025-12-18
2025-12-10,JPM,305.76806640625,18874100.0,Yahoo Finance,2026-09-21T04:37:35+00:00,2025-12-18
2025-12-11,JPM,312.9363098144531,9721900.0,Yahoo Finance,2026-09-21T04:37:35+00:00,2025-12-18
2025-12-12,JPM,314.06036376953125,8982900.0,Yahoo Finance,2026-09-21T04:37:35+00:00,2025-12-18
2025-12-15,JPM,315.53936767578125,10864100.0,Yahoo Finance,2026-09-21T04:37:35+00:00,2025-12-18
2025-12-16,JPM,311.1319580078125,8331300.0,Yahoo Finance,2026-09-21T04:37:35+00:00,2025-12-18
2025-12-17,JPM,310.5699157714844,8718700.0,Yahoo Finance,2026-09-21T04:37:35+00:00,2025-12-18
2025-12-18,JPM,308.61767578125,11444900.0,Yahoo Finance,2026-09-21T04:37:35+00:00,2025-12-18
2024-11-13,LAZ,51.07810592651367,861500.0,Yahoo Finance,2026-09-21T04:37:35+00:00,2025-12-18
2024-11-14,LAZ,51.831031799316406,569800.0,Yahoo Finance,2026-09-21T04:37:35+00:00,2025-12-18
2024-11-15,LAZ,51.12458801269531,415100.0,Yahoo Finance,2026-09-21T04:37:35+00:00,2025-12-18
2024-11-18,LAZ,51.10599136352539,366100.0,Yahoo Finance,2026-09-21T04:37:35+00:00,2025-12-18
2024-11-19,LAZ,51.12458801269531,579600.0,Yahoo Finance,2026-09-21T04:37:35+00:00,2025-12-18
2024-11-20,LAZ,51.07810592651367,399800.0,Yahoo Finance,2026-09-21T04:37:35+00:00,2025-12-18
2024-11-21,LAZ,53.0952033996582,1056000.0,Yahoo Finance,2026-09-21T04:37:35+00:00,2025-12-18
2024-11-22,LAZ,53.634334564208984,797000.0,Yahoo Finance,2026-09-21T04:37:35+00:00,2025-12-18
2024-11-25,LAZ,55.456233978271484,804300.0,Yahoo Finance,2026-09-21T04:37:35+00:00,2025-12-18
2024-11-26,LAZ,54.06192398071289,918000.0,Yahoo Finance,2026-09-21T04:37:35+00:00,2025-12-18
2024-11-27,LAZ,53.65292739868164,760700.0,Yahoo Finance,2026-09-21T04:37:35+00:00,2025-12-18
2024-11-29,LAZ,53.97826385498047,277900.0,Yahoo Finance,2026-09-21T04:37:35+00:00,2025-12-18
2024-12-02,LAZ,53.08591079711914,477800.0,Yahoo Finance,2026-09-21T04:37:35+00:00,2025-12-18
2024-12-03,LAZ,52.64902114868164,382100.0,Yahoo Finance,2026-09-21T04:37:35+00:00,2025-12-18
2024-12-04,LAZ,52.68621063232422,519800.0,Yahoo Finance,2026-09-21T04:37:35+00:00,2025-12-18
2024-12-05,LAZ,51.88679885864258,651900.0,Yahoo Finance,2026-09-21T04:37:35+00:00,2025-12-18
2024-12-06,LAZ,52.723388671875,815300.0,Yahoo Finance,2026-09-21T04:37:35+00:00,2025-12-18
2024-12-09,LAZ,50.80854034423828,779600.0,Yahoo Finance,2026-09-21T04:37:35+00:00,2025-12-18
2024-12-10,LAZ,49.3305778503418,1166600.0,Yahoo Finance,2026-09-21T04:37:35+00:00,2025-12-18
2024-12-11,LAZ,50.23222351074219,1188900.0,Yahoo Finance,2026-09-21T04:37:35+00:00,2025-12-18
2024-12-12,LAZ,49.748870849609375,652500.0,Yahoo Finance,2026-09-21T04:37:35+00:00,2025-12-18
2024-12-13,LAZ,49.2655029296875,768200.0,Yahoo Finance,2026-09-21T04:37:35+00:00,2025-12-18
2024-12-16,LAZ,49.64661407470703,927300.0,Yahoo Finance,2026-09-21T04:37:35+00:00,2025-12-18
2024-12-17,LAZ,49.02383041381836,895300.0,Yahoo Finance,2026-09-21T04:37:35+00:00,2025-12-18
2024-12-18,LAZ,47.18334197998047,1267200.0,Yahoo Finance,2026-09-21T04:37:35+00:00,2025-12-18
2024-12-19,LAZ,46.93236541748047,1081900.0,Yahoo Finance,2026-09-21T04:37:35+00:00,2025-12-18
2024-12-20,LAZ,48.37314987182617,2505000.0,Yahoo Finance,2026-09-21T04:37:35+00:00,2025-12-18
2024-12-23,LAZ,48.5776481628418,611400.0,Yahoo Finance,2026-09-21T04:37:35+00:00,2025-12-18
2024-12-24,LAZ,48.261600494384766,436600.0,Yahoo Finance,2026-09-21T04:37:35+00:00,2025-12-18
2024-12-26,LAZ,48.33597183227539,339500.0,Yahoo Finance,2026-09-21T04:37:35+00:00,2025-12-18
2024-12-27,LAZ,48.29878616333008,427700.0,Yahoo Finance,2026-09-21T04:37:35+00:00,2025-12-18
2024-12-30,LAZ,48.02921676635742,509800.0,Yahoo Finance,2026-09-21T04:37:35+00:00,2025-12-18
2024-12-31,LAZ,47.85260772705078,653700.0,Yahoo Finance,2026-09-21T04:37:35+00:00,2025-12-18
2025-01-02,LAZ,47.16474914550781,614300.0,Yahoo Finance,2026-09-21T04:37:35+00:00,2025-12-18
2025-01-03,LAZ,45.98424530029297,993600.0,Yahoo Finance,2026-09-21T04:37:35+00:00,2025-12-18
2025-01-06,LAZ,46.904483795166016,1596400.0,Yahoo Finance,2026-09-21T04:37:35+00:00,2025-12-18
2025-01-07,LAZ,46.66279983520508,881100.0,Yahoo Finance,2026-09-21T04:37:35+00:00,2025-12-18
2025-01-08,LAZ,46.4954833984375,680700.0,Yahoo Finance,2026-09-21T04:37:35+00:00,2025-12-18
2025-01-10,LAZ,43.96714401245117,1205200.0,Yahoo Finance,2026-09-21T04:37:35+00:00,2025-12-18
2025-01-13,LAZ,42.55424118041992,1041800.0,Yahoo Finance,2026-09-21T04:37:35+00:00,2025-12-18
2025-01-14,LAZ,43.586029052734375,1324700.0,Yahoo Finance,2026-09-21T04:37:35+00:00,2025-12-18
2025-01-15,LAZ,46.22591781616211,1400800.0,Yahoo Finance,2026-09-21T04:37:35+00:00,2025-12-18
2025-01-16,LAZ,46.1887321472168,854900.0,Yahoo Finance,2026-09-21T04:37:35+00:00,2025-12-18
2025-01-17,LAZ,47.54586410522461,890800.0,Yahoo Finance,2026-09-21T04:37:35+00:00,2025-12-18
2025-01-21,LAZ,49.6373176574707,985600.0,Yahoo Finance,2026-09-21T04:37:35+00:00,2025-12-18
2025-01-22,LAZ,50.306583404541016,1302000.0,Yahoo Finance,2026-09-21T04:37:35+00:00,2025-12-18
2025-01-23,LAZ,49.451416015625,1047200.0,Yahoo Finance,2026-09-21T04:37:35+00:00,2025-12-18
2025-01-24,LAZ,50.10209274291992,637000.0,Yahoo Finance,2026-09-21T04:37:35+00:00,2025-12-18
2025-01-27,LAZ,48.9401741027832,774700.0,Yahoo Finance,2026-09-21T04:37:35+00:00,2025-12-18
2025-01-28,LAZ,49.85111618041992,866000.0,Yahoo Finance,2026-09-21T04:37:35+00:00,2025-12-18
2025-01-29,LAZ,49.00523376464844,1265300.0,Yahoo Finance,2026-09-21T04:37:35+00:00,2025-12-18
2025-01-30,LAZ,51.27330780029297,1984500.0,Yahoo Finance,2026-09-21T04:37:35+00:00,2025-12-18
2025-01-31,LAZ,50.53897476196289,1525900.0,Yahoo Finance,2026-09-21T04:37:35+00:00,2025-12-18
2025-02-03,LAZ,49.2562141418457,1009200.0,Yahoo Finance,2026-09-21T04:37:35+00:00,2025-12-18
2025-02-04,LAZ,48.521881103515625,772500.0,Yahoo Finance,2026-09-21T04:37:35+00:00,2025-12-18
2025-02-05,LAZ,49.94407272338867,1048000.0,Yahoo Finance,2026-09-21T04:37:35+00:00,2025-12-18
2025-02-06,LAZ,50.743473052978516,568800.0,Yahoo Finance,2026-09-21T04:37:35+00:00,2025-12-18
2025-02-07,LAZ,49.470008850097656,1036300.0,Yahoo Finance,2026-09-21T04:37:35+00:00,2025-12-18
2025-02-10,LAZ,49.02897644042969,583500.0,Yahoo Finance,2026-09-21T04:37:35+00:00,2025-12-18
2025-02-11,LAZ,49.01021194458008,881200.0,Yahoo Finance,2026-09-21T04:37:35+00:00,2025-12-18
2025-02-12,LAZ,50.31452178955078,1174300.0,Yahoo Finance,2026-09-21T04:37:35+00:00,2025-12-18
2025-02-13,LAZ,50.6429443359375,704500.0,Yahoo Finance,2026-09-21T04:37:35+00:00,2025-12-18
2025-02-14,LAZ,51.834659576416016,730300.0,Yahoo Finance,2026-09-21T04:37:35+00:00,2025-12-18
2025-02-18,LAZ,51.33732604980469,1107400.0,Yahoo Finance,2026-09-21T04:37:35+00:00,2025-12-18
2025-02-19,LAZ,50.58665084838867,1191200.0,Yahoo Finance,2026-09-21T04:37:35+00:00,2025-12-18
2025-02-20,LAZ,48.81315612792969,1414400.0,Yahoo Finance,2026-09-21T04:37:35+00:00,2025-12-18
2025-02-21,LAZ,46.48603820800781,1206100.0,Yahoo Finance,2026-09-21T04:37:35+00:00,2025-12-18
2025-02-24,LAZ,46.20453643798828,1374400.0,Yahoo Finance,2026-09-21T04:37:35+00:00,2025-12-18
2025-02-25,LAZ,45.92301940917969,1050000.0,Yahoo Finance,2026-09-21T04:37:35+00:00,2025-12-18
2025-02-26,LAZ,46.52357864379883,712500.0,Yahoo Finance,2026-09-21T04:37:35+00:00,2025-12-18
2025-02-27,LAZ,45.60398483276367,803100.0,Yahoo Finance,2026-09-21T04:37:35+00:00,2025-12-18
2025-02-28,LAZ,47.058433532714844,999400.0,Yahoo Finance,2026-09-21T04:37:35+00:00,2025-12-18
2025-03-03,LAZ,45.72597122192383,1068000.0,Yahoo Finance,2026-09-21T04:37:35+00:00,2025-12-18
2025-03-04,LAZ,43.642826080322266,1833700.0,Yahoo Finance,2026-09-21T04:37:35+00:00,2025-12-18
2025-03-05,LAZ,45.40693664550781,1644700.0,Yahoo Finance,2026-09-21T04:37:35+00:00,2025-12-18
2025-03-06,LAZ,44.675018310546875,2066200.0,Yahoo Finance,2026-09-21T04:37:35+00:00,2025-12-18
2025-03-07,LAZ,45.92301940917969,1995300.0,Yahoo Finance,2026-09-21T04:37:35+00:00,2025-12-18
2025-03-10,LAZ,42.08516311645508,2328300.0,Yahoo Finance,2026-09-21T04:37:35+00:00,2025-12-18
2025-03-11,LAZ,43.15488052368164,1750900.0,Yahoo Finance,2026-09-21T04:37:35+00:00,2025-12-18
2025-03-12,LAZ,43.014129638671875,1534200.0,Yahoo Finance,2026-09-21T04:37:35+00:00,2025-12-18
2025-03-13,LAZ,42.16022872924805,1300200.0,Yahoo Finance,2026-09-21T04:37:35+00:00,2025-12-18
2025-03-14,LAZ,42.16022872924805,1969100.0,Yahoo Finance,2026-09-21T04:37:35+00:00,2025-12-18
2025-03-17,LAZ,42.90153121948242,893400.0,Yahoo Finance,2026-09-21T04:37:35+00:00,2025-12-18
2025-03-18,LAZ,43.29563522338867,900000.0,Yahoo Finance,2026-09-21T04:37:35+00:00,2025-12-18
2025-03-19,LAZ,43.69913101196289,1003100.0,Yahoo Finance,2026-09-21T04:37:35+00:00,2025-12-18
2025-03-20,LAZ,42.948448181152344,876900.0,Yahoo Finance,2026-09-21T04:37:35+00:00,2025-12-18
2025-03-21,LAZ,43.07981872558594,1687300.0,Yahoo Finance,2026-09-21T04:37:35+00:00,2025-12-18
2025-03-24,LAZ,44.168304443359375,675500.0,Yahoo Finance,2026-09-21T04:37:35+00:00,2025-12-18
2025-03-25,LAZ,43.94309997558594,675600.0,Yahoo Finance,2026-09-21T04:37:35+00:00,2025-12-18
2025-03-26,LAZ,43.333168029785156,540200.0,Yahoo Finance,2026-09-21T04:37:35+00:00,2025-12-18
2025-03-27,LAZ,42.04762649536133,685900.0,Yahoo Finance,2026-09-21T04:37:35+00:00,2025-12-18
2025-03-28,LAZ,40.508724212646484,852800.0,Yahoo Finance,2026-09-21T04:37:35+00:00,2025-12-18
2025-03-31,LAZ,40.630714416503906,886500.0,Yahoo Finance,2026-09-21T04:37:35+00:00,2025-12-18
2025-04-01,LAZ,41.118656158447266,783500.0,Yahoo Finance,2026-09-21T04:37:35+00:00,2025-12-18
2025-04-02,LAZ,42.676326751708984,1127400.0,Yahoo Finance,2026-09-21T04:37:35+00:00,2025-12-18
2025-04-03,LAZ,36.23921585083008,3689800.0,Yahoo Finance,2026-09-21T04:37:35+00:00,2025-12-18
2025-04-04,LAZ,33.06758117675781,2458800.0,Yahoo Finance,2026-09-21T04:37:35+00:00,2025-12-18
2025-04-07,LAZ,31.941560745239258,3497700.0,Yahoo Finance,2026-09-21T04:37:35+00:00,2025-12-18
2025-04-08,LAZ,31.35039710998535,1663900.0,Yahoo Finance,2026-09-21T04:37:35+00:00,2025-12-18
2025-04-09,LAZ,36.0703125,2579500.0,Yahoo Finance,2026-09-21T04:37:35+00:00,2025-12-18
2025-04-10,LAZ,32.81422805786133,2358600.0,Yahoo Finance,2026-09-21T04:37:35+00:00,2025-12-18
2025-04-11,LAZ,32.53272247314453,1721000.0,Yahoo Finance,2026-09-21T04:37:35+00:00,2025-12-18
2025-04-14,LAZ,33.386627197265625,1198100.0,Yahoo Finance,2026-09-21T04:37:35+00:00,2025-12-18
2025-04-15,LAZ,33.59306335449219,981300.0,Yahoo Finance,2026-09-21T04:37:35+00:00,2025-12-18
2025-04-16,LAZ,32.72039031982422,651100.0,Yahoo Finance,2026-09-21T04:37:35+00:00,2025-12-18
2025-04-17,LAZ,33.34908676147461,695800.0,Yahoo Finance,2026-09-21T04:37:35+00:00,2025-12-18
2025-04-21,LAZ,32.28874588012695,658500.0,Yahoo Finance,2026-09-21T04:37:35+00:00,2025-12-18
2025-04-22,LAZ,34.15607833862305,1217000.0,Yahoo Finance,2026-09-21T04:37:35+00:00,2025-12-18
2025-04-23,LAZ,35.59175109863281,1802700.0,Yahoo Finance,2026-09-21T04:37:35+00:00,2025-12-18
2025-04-24,LAZ,37.41215896606445,2011500.0,Yahoo Finance,2026-09-21T04:37:35+00:00,2025-12-18
2025-04-25,LAZ,36.25798416137695,2016500.0,Yahoo Finance,2026-09-21T04:37:35+00:00,2025-12-18
2025-04-28,LAZ,36.73654556274414,926100.0,Yahoo Finance,2026-09-21T04:37:35+00:00,2025-12-18
2025-04-29,LAZ,36.58640670776367,799200.0,Yahoo Finance,2026-09-21T04:37:35+00:00,2025-12-18
2025-04-30,LAZ,36.501956939697266,782800.0,Yahoo Finance,2026-09-21T04:37:35+00:00,2025-12-18
2025-05-01,LAZ,36.98990249633789,827700.0,Yahoo Finance,2026-09-21T04:37:35+00:00,2025-12-18
2025-05-02,LAZ,38.83845520019531,1013700.0,Yahoo Finance,2026-09-21T04:37:35+00:00,2025-12-18
2025-05-05,LAZ,38.458526611328125,815500.0,Yahoo Finance,2026-09-21T04:37:35+00:00,2025-12-18
2025-05-06,LAZ,37.97411346435547,1403200.0,Yahoo Finance,2026-09-21T04:37:35+00:00,2025-12-18
2025-05-07,LAZ,38.63898468017578,960800.0,Yahoo Finance,2026-09-21T04:37:35+00:00,2025-12-18
2025-05-08,LAZ,40.842594146728516,1483300.0,Yahoo Finance,2026-09-21T04:37:35+00:00,2025-12-18
2025-05-09,LAZ,40.40567398071289,807500.0,Yahoo Finance,2026-09-21T04:37:35+00:00,2025-12-18
2025-05-12,LAZ,43.67307662963867,1981000.0,Yahoo Finance,2026-09-21T04:37:35+00:00,2025-12-18
2025-05-13,LAZ,44.053009033203125,1915100.0,Yahoo Finance,2026-09-21T04:37:35+00:00,2025-12-18
2025-05-14,LAZ,44.13849639892578,595100.0,Yahoo Finance,2026-09-21T04:37:35+00:00,2025-12-18
2025-05-15,LAZ,43.891536712646484,581000.0,Yahoo Finance,2026-09-21T04:37:35+00:00,2025-12-18
2025-05-16,LAZ,44.03401565551758,970800.0,Yahoo Finance,2026-09-21T04:37:35+00:00,2025-12-18
2025-05-19,LAZ,43.72056579589844,643500.0,Yahoo Finance,2026-09-21T04:37:35+00:00,2025-12-18
2025-05-20,LAZ,42.7612419128418,530000.0,Yahoo Finance,2026-09-21T04:37:35+00:00,2025-12-18
2025-05-21,LAZ,40.69062042236328,1049700.0,Yahoo Finance,2026-09-21T04:37:35+00:00,2025-12-18
2025-05-22,LAZ,40.985069274902344,818900.0,Yahoo Finance,2026-09-21T04:37:35+00:00,2025-12-18
2025-05-23,LAZ,40.842594146728516,518700.0,Yahoo Finance,2026-09-21T04:37:35+00:00,2025-12-18
2025-05-27,LAZ,42.31482696533203,649400.0,Yahoo Finance,2026-09-21T04:37:35+00:00,2025-12-18
2025-05-28,LAZ,41.88740158081055,746300.0,Yahoo Finance,2026-09-21T04:37:35+00:00,2025-12-18
2025-05-29,LAZ,42.03937530517578,527700.0,Yahoo Finance,2026-09-21T04:37:35+00:00,2025-12-18
2025-05-30,LAZ,41.22252655029297,1218800.0,Yahoo Finance,2026-09-21T04:37:35+00:00,2025-12-18
2025-06-02,LAZ,40.766605377197266,616900.0,Yahoo Finance,2026-09-21T04:37:35+00:00,2025-12-18
2025-06-03,LAZ,41.48847579956055,1352800.0,Yahoo Finance,2026-09-21T04:37:35+00:00,2025-12-18
2025-06-04,LAZ,41.05155944824219,1003100.0,Yahoo Finance,2026-09-21T04:37:35+00:00,2025-12-18
2025-06-05,LAZ,41.3175048828125,1013200.0,Yahoo Finance,2026-09-21T04:37:35+00:00,2025-12-18
2025-06-06,LAZ,42.63776779174805,673100.0,Yahoo Finance,2026-09-21T04:37:35+00:00,2025-12-18
2025-06-09,LAZ,41.73543167114258,1159000.0,Yahoo Finance,2026-09-21T04:37:35+00:00,2025-12-18
2025-06-10,LAZ,40.567142486572266,762500.0,Yahoo Finance,2026-09-21T04:37:35+00:00,2025-12-18
2025-06-11,LAZ,41.61195755004883,859100.0,Yahoo Finance,2026-09-21T04:37:35+00:00,2025-12-18
2025-06-12,LAZ,41.98238754272461,671500.0,Yahoo Finance,2026-09-21T04:37:35+00:00,2025-12-18
2025-06-13,LAZ,40.97556686401367,673600.0,Yahoo Finance,2026-09-21T04:37:35+00:00,2025-12-18
2025-06-16,LAZ,41.95389175415039,739500.0,Yahoo Finance,2026-09-21T04:37:35+00:00,2025-12-18
2025-06-17,LAZ,40.795101165771484,621800.0,Yahoo Finance,2026-09-21T04:37:35+00:00,2025-12-18
2025-06-18,LAZ,41.36499786376953,662700.0,Yahoo Finance,2026-09-21T04:37:35+00:00,2025-12-18
2025-06-20,LAZ,41.45048141479492,911200.0,Yahoo Finance,2026-09-21T04:37:35+00:00,2025-12-18
2025-06-23,LAZ,43.055694580078125,920400.0,Yahoo Finance,2026-09-21T04:37:35+00:00,2025-12-18
2025-06-24,LAZ,44.34746170043945,953900.0,Yahoo Finance,2026-09-21T04:37:35+00:00,2025-12-18
2025-06-25,LAZ,44.48043441772461,983200.0,Yahoo Finance,2026-09-21T04:37:35+00:00,2025-12-18
2025-06-26,LAZ,45.202301025390625,700600.0,Yahoo Finance,2026-09-21T04:37:35+00:00,2025-12-18
2025-06-27,LAZ,45.46825408935547,2751700.0,Yahoo Finance,2026-09-21T04:37:35+00:00,2025-12-18
2025-06-30,LAZ,45.57273483276367,877600.0,Yahoo Finance,2026-09-21T04:37:35+00:00,2025-12-18
2025-07-01,LAZ,46.323097229003906,939400.0,Yahoo Finance,2026-09-21T04:37:35+00:00,2025-12-18
2025-07-02,LAZ,47.510379791259766,1184500.0,Yahoo Finance,2026-09-21T04:37:35+00:00,2025-12-18
2025-07-03,LAZ,47.84282302856445,788400.0,Yahoo Finance,2026-09-21T04:37:35+00:00,2025-12-18
2025-07-07,LAZ,47.30141830444336,871500.0,Yahoo Finance,2026-09-21T04:37:35+00:00,2025-12-18
2025-07-08,LAZ,47.54838180541992,1054500.0,Yahoo Finance,2026-09-21T04:37:35+00:00,2025-12-18
2025-07-09,LAZ,48.279747009277344,919700.0,Yahoo Finance,2026-09-21T04:37:35+00:00,2025-12-18
2025-07-10,LAZ,49.40053939819336,1020000.0,Yahoo Finance,2026-09-21T04:37:35+00:00,2025-12-18
2025-07-11,LAZ,49.31505584716797,1242000.0,Yahoo Finance,2026-09-21T04:37:35+00:00,2025-12-18
2025-07-14,LAZ,50.54033279418945,1045500.0,Yahoo Finance,2026-09-21T04:37:35+00:00,2025-12-18
2025-07-15,LAZ,49.33405303955078,1137100.0,Yahoo Finance,2026-09-21T04:37:35+00:00,2025-12-18
2025-07-16,LAZ,49.95144271850586,939200.0,Yahoo Finance,2026-09-21T04:37:35+00:00,2025-12-18
2025-07-17,LAZ,51.44267272949219,1234800.0,Yahoo Finance,2026-09-21T04:37:35+00:00,2025-12-18
2025-07-18,LAZ,51.62313461303711,773400.0,Yahoo Finance,2026-09-21T04:37:35+00:00,2025-12-18
2025-07-21,LAZ,50.12240982055664,1312200.0,Yahoo Finance,2026-09-21T04:37:35+00:00,2025-12-18
2025-07-22,LAZ,51.08173370361328,694100.0,Yahoo Finance,2026-09-21T04:37:35+00:00,2025-12-18
2025-07-23,LAZ,52.212032318115234,959900.0,Yahoo Finance,2026-09-21T04:37:35+00:00,2025-12-18
2025-07-24,LAZ,51.870094299316406,1340100.0,Yahoo Finance,2026-09-21T04:37:35+00:00,2025-12-18
2025-07-25,LAZ,52.098045349121094,989900.0,Yahoo Finance,2026-09-21T04:37:35+00:00,2025-12-18
2025-07-28,LAZ,51.60414123535156,1647700.0,Yahoo Finance,2026-09-21T04:37:35+00:00,2025-12-18
2025-07-29,LAZ,50.30287551879883,1489600.0,Yahoo Finance,2026-09-21T04:37:35+00:00,2025-12-18
2025-07-30,LAZ,50.46434783935547,1102900.0,Yahoo Finance,2026-09-21T04:37:35+00:00,2025-12-18
2025-07-31,LAZ,49.37204360961914,770600.0,Yahoo Finance,2026-09-21T04:37:35+00:00,2025-12-18
2025-08-01,LAZ,47.671852111816406,1327300.0,Yahoo Finance,2026-09-21T04:37:35+00:00,2025-12-18
2025-08-04,LAZ,49.1301155090332,799900.0,Yahoo Finance,2026-09-21T04:37:35+00:00,2025-12-18
2025-08-05,LAZ,49.782501220703125,875600.0,Yahoo Finance,2026-09-21T04:37:35+00:00,2025-12-18
2025-08-06,LAZ,49.581031799316406,608800.0,Yahoo Finance,2026-09-21T04:37:35+00:00,2025-12-18
2025-08-07,LAZ,49.1972770690918,432600.0,Yahoo Finance,2026-09-21T04:37:35+00:00,2025-12-18
2025-08-08,LAZ,49.69615936279297,1093200.0,Yahoo Finance,2026-09-21T04:37:35+00:00,2025-12-18
2025-08-11,LAZ,49.43711853027344,816500.0,Yahoo Finance,2026-09-21T04:37:35+00:00,2025-12-18
2025-08-12,LAZ,51.78761672973633,962000.0,Yahoo Finance,2026-09-21T04:37:35+00:00,2025-12-18
2025-08-13,LAZ,53.1595344543457,998400.0,Yahoo Finance,2026-09-21T04:37:35+00:00,2025-12-18
2025-08-14,LAZ,53.07319259643555,644400.0,Yahoo Finance,2026-09-21T04:37:35+00:00,2025-12-18
2025-08-15,LAZ,51.81639862060547,530300.0,Yahoo Finance,2026-09-21T04:37:35+00:00,2025-12-18
2025-08-18,LAZ,51.39426803588867,471600.0,Yahoo Finance,2026-09-21T04:37:35+00:00,2025-12-18
2025-08-19,LAZ,51.557369232177734,640000.0,Yahoo Finance,2026-09-21T04:37:35+00:00,2025-12-18
2025-08-20,LAZ,51.231178283691406,632600.0,Yahoo Finance,2026-09-21T04:37:35+00:00,2025-12-18
2025-08-21,LAZ,51.068077087402344,552200.0,Yahoo Finance,2026-09-21T04:37:35+00:00,2025-12-18
2025-08-22,LAZ,53.71598434448242,1256100.0,Yahoo Finance,2026-09-21T04:37:35+00:00,2025-12-18
2025-08-25,LAZ,54.45470428466797,1036900.0,Yahoo Finance,2026-09-21T04:37:35+00:00,2025-12-18
2025-08-26,LAZ,55.10708999633789,1003000.0,Yahoo Finance,2026-09-21T04:37:35+00:00,2025-12-18
2025-08-27,LAZ,55.356529235839844,899700.0,Yahoo Finance,2026-09-21T04:37:35+00:00,2025-12-18
2025-08-28,LAZ,55.40449905395508,479300.0,Yahoo Finance,2026-09-21T04:37:35+00:00,2025-12-18
2025-08-29,LAZ,54.838462829589844,749600.0,Yahoo Finance,2026-09-21T04:37:35+00:00,2025-12-18
2025-09-02,LAZ,54.090145111083984,734200.0,Yahoo Finance,2026-09-21T04:37:35+00:00,2025-12-18
2025-09-03,LAZ,52.75659942626953,920700.0,Yahoo Finance,2026-09-21T04:37:35+00:00,2025-12-18
2025-09-04,LAZ,54.512271881103516,949400.0,Yahoo Finance,2026-09-21T04:37:35+00:00,2025-12-18
2025-09-05,LAZ,54.128517150878906,770700.0,Yahoo Finance,2026-09-21T04:37:35+00:00,2025-12-18
2025-09-08,LAZ,53.888671875,897000.0,Yahoo Finance,2026-09-21T04:37:35+00:00,2025-12-18
2025-09-09,LAZ,52.97726058959961,716500.0,Yahoo Finance,2026-09-21T04:37:35+00:00,2025-12-18
2025-09-10,LAZ,53.38979721069336,1088500.0,Yahoo Finance,2026-09-21T04:37:35+00:00,2025-12-18
2025-09-11,LAZ,54.387550354003906,994900.0,Yahoo Finance,2026-09-21T04:37:35+00:00,2025-12-18
2025-09-12,LAZ,53.33222961425781,686900.0,Yahoo Finance,2026-09-21T04:37:35+00:00,2025-12-18
2025-09-15,LAZ,51.94112014770508,1071500.0,Yahoo Finance,2026-09-21T04:37:35+00:00,2025-12-18
2025-09-16,LAZ,52.113807678222656,848900.0,Yahoo Finance,2026-09-21T04:37:35+00:00,2025-12-18
2025-09-17,LAZ,53.351417541503906,938100.0,Yahoo Finance,2026-09-21T04:37:35+00:00,2025-12-18
2025-09-18,LAZ,54.89603042602539,928000.0,Yahoo Finance,2026-09-21T04:37:35+00:00,2025-12-18
2025-09-19,LAZ,54.52186965942383,1978800.0,Yahoo Finance,2026-09-21T04:37:35+00:00,2025-12-18
2025-09-22,LAZ,54.13811492919922,773500.0,Yahoo Finance,2026-09-21T04:37:35+00:00,2025-12-18
2025-09-23,LAZ,53.85029602050781,547300.0,Yahoo Finance,2026-09-21T04:37:35+00:00,2025-12-18
2025-09-24,LAZ,52.73740768432617,408300.0,Yahoo Finance,2026-09-21T04:37:35+00:00,2025-12-18
2025-09-25,LAZ,51.54777145385742,809400.0,Yahoo Finance,2026-09-21T04:37:35+00:00,2025-12-18
2025-09-26,LAZ,51.76842498779297,385500.0,Yahoo Finance,2026-09-21T04:37:35+00:00,2025-12-18
2025-09-29,LAZ,50.96254348754883,730500.0,Yahoo Finance,2026-09-21T04:37:35+00:00,2025-12-18
2025-09-30,LAZ,50.6363525390625,944300.0,Yahoo Finance,2026-09-21T04:37:35+00:00,2025-12-18
2025-10-01,LAZ,49.43711853027344,923000.0,Yahoo Finance,2026-09-21T04:37:35+00:00,2025-12-18
2025-10-02,LAZ,50.13747024536133,601600.0,Yahoo Finance,2026-09-21T04:37:35+00:00,2025-12-18
2025-10-03,LAZ,49.68656539916992,1026100.0,Yahoo Finance,2026-09-21T04:37:35+00:00,2025-12-18
2025-10-06,LAZ,48.47774124145508,624100.0,Yahoo Finance,2026-09-21T04:37:35+00:00,2025-12-18
2025-10-07,LAZ,47.863731384277344,945500.0,Yahoo Finance,2026-09-21T04:37:35+00:00,2025-12-18
2025-10-08,LAZ,47.115413665771484,553800.0,Yahoo Finance,2026-09-21T04:37:35+00:00,2025-12-18
2025-10-09,LAZ,47.172969818115234,568000.0,Yahoo Finance,2026-09-21T04:37:35+00:00,2025-12-18
2025-10-10,LAZ,45.91617965698242,1008700.0,Yahoo Finance,2026-09-21T04:37:35+00:00,2025-12-18
2025-10-13,LAZ,47.20175552368164,707700.0,Yahoo Finance,2026-09-21T04:37:35+00:00,2025-12-18
2025-10-14,LAZ,47.66225814819336,722600.0,Yahoo Finance,2026-09-21T04:37:35+00:00,2025-12-18
2025-10-15,LAZ,47.786983489990234,784800.0,Yahoo Finance,2026-09-21T04:37:35+00:00,2025-12-18
2025-10-16,LAZ,46.66450119018555,804200.0,Yahoo Finance,2026-09-21T04:37:35+00:00,2025-12-18
2025-10-17,LAZ,46.654911041259766,563200.0,Yahoo Finance,2026-09-21T04:37:35+00:00,2025-12-18
2025-10-20,LAZ,47.96926498413086,433400.0,Yahoo Finance,2026-09-21T04:37:35+00:00,2025-12-18
2025-10-21,LAZ,48.851898193359375,840900.0,Yahoo Finance,2026-09-21T04:37:35+00:00,2025-12-18
2025-10-22,LAZ,47.767791748046875,1481500.0,Yahoo Finance,2026-09-21T04:37:35+00:00,2025-12-18
2025-10-23,LAZ,47.12500762939453,1868900.0,Yahoo Finance,2026-09-21T04:37:35+00:00,2025-12-18
2025-10-24,LAZ,47.21134567260742,1152800.0,Yahoo Finance,2026-09-21T04:37:35+00:00,2025-12-18
2025-10-27,LAZ,48.23788833618164,774400.0,Yahoo Finance,2026-09-21T04:37:35+00:00,2025-12-18
2025-10-28,LAZ,47.01947021484375,776900.0,Yahoo Finance,2026-09-21T04:37:35+00:00,2025-12-18
2025-10-29,LAZ,45.91617965698242,1194900.0,Yahoo Finance,2026-09-21T04:37:35+00:00,2025-12-18
2025-10-30,LAZ,46.789222717285156,698100.0,Yahoo Finance,2026-09-21T04:37:35+00:00,2025-12-18
2025-10-31,LAZ,46.81800079345703,1445100.0,Yahoo Finance,2026-09-21T04:37:35+00:00,2025-12-18
2025-11-03,LAZ,46.84708023071289,729800.0,Yahoo Finance,2026-09-21T04:37:35+00:00,2025-12-18
2025-11-04,LAZ,46.97309112548828,706400.0,Yahoo Finance,2026-09-21T04:37:35+00:00,2025-12-18
2025-11-05,LAZ,48.10719299316406,609800.0,Yahoo Finance,2026-09-21T04:37:35+00:00,2025-12-18
2025-11-06,LAZ,48.02964782714844,649500.0,Yahoo Finance,2026-09-21T04:37:35+00:00,2025-12-18
2025-11-07,LAZ,48.96989059448242,701000.0,Yahoo Finance,2026-09-21T04:37:35+00:00,2025-12-18
2025-11-10,LAZ,49.415771484375,807400.0,Yahoo Finance,2026-09-21T04:37:35+00:00,2025-12-18
2025-11-11,LAZ,49.79380416870117,502000.0,Yahoo Finance,2026-09-21T04:37:35+00:00,2025-12-18
2025-11-12,LAZ,50.317237854003906,962300.0,Yahoo Finance,2026-09-21T04:37:35+00:00,2025-12-18
2025-11-13,LAZ,48.54338455200195,516600.0,Yahoo Finance,2026-09-21T04:37:35+00:00,2025-12-18
2025-11-14,LAZ,47.95210647583008,561600.0,Yahoo Finance,2026-09-21T04:37:35+00:00,2025-12-18
2025-11-17,LAZ,46.178253173828125,802400.0,Yahoo Finance,2026-09-21T04:37:35+00:00,2025-12-18
2025-11-18,LAZ,45.17985534667969,1058800.0,Yahoo Finance,2026-09-21T04:37:35+00:00,2025-12-18
2025-11-19,LAZ,45.451263427734375,1621400.0,Yahoo Finance,2026-09-21T04:37:35+00:00,2025-12-18
2025-11-20,LAZ,44.82121276855469,1100700.0,Yahoo Finance,2026-09-21T04:37:35+00:00,2025-12-18
2025-11-21,LAZ,46.47874069213867,753800.0,Yahoo Finance,2026-09-21T04:37:35+00:00,2025-12-18
2025-11-24,LAZ,47.312355041503906,639300.0,Yahoo Finance,2026-09-21T04:37:35+00:00,2025-12-18
2025-11-25,LAZ,48.79541015625,781400.0,Yahoo Finance,2026-09-21T04:37:35+00:00,2025-12-18
2025-11-26,LAZ,48.87295150756836,808800.0,Yahoo Finance,2026-09-21T04:37:35+00:00,2025-12-18
2025-11-28,LAZ,48.95050048828125,288300.0,Yahoo Finance,2026-09-21T04:37:35+00:00,2025-12-18
2025-12-01,LAZ,49.29945373535156,615700.0,Yahoo Finance,2026-09-21T04:37:35+00:00,2025-12-18
2025-12-02,LAZ,49.52239227294922,720900.0,Yahoo Finance,2026-09-21T04:37:35+00:00,2025-12-18
2025-12-03,LAZ,51.83906173706055,879700.0,Yahoo Finance,2026-09-21T04:37:35+00:00,2025-12-18
2025-12-04,LAZ,51.829368591308594,1630700.0,Yahoo Finance,2026-09-21T04:37:35+00:00,2025-12-18
2025-12-05,LAZ,53.07009506225586,1101400.0,Yahoo Finance,2026-09-21T04:37:35+00:00,2025-12-18
2025-12-08,LAZ,49.1055908203125,1857300.0,Yahoo Finance,2026-09-21T04:37:35+00:00,2025-12-18
2025-12-09,LAZ,49.75503158569336,1043400.0,Yahoo Finance,2026-09-21T04:37:35+00:00,2025-12-18
2025-12-10,LAZ,48.91172790527344,1972800.0,Yahoo Finance,2026-09-21T04:37:35+00:00,2025-12-18
2025-12-11,LAZ,49.17344284057617,955000.0,Yahoo Finance,2026-09-21T04:37:35+00:00,2025-12-18
2025-12-12,LAZ,49.17344284057617,915100.0,Yahoo Finance,2026-09-21T04:37:35+00:00,2025-12-18
2025-12-15,LAZ,49.11528015136719,809400.0,Yahoo Finance,2026-09-21T04:37:35+00:00,2025-12-18
2025-12-16,LAZ,49.14436340332031,1031300.0,Yahoo Finance,2026-09-21T04:37:35+00:00,2025-12-18
2025-12-17,LAZ,48.843875885009766,1009400.0,Yahoo Finance,2026-09-21T04:37:35+00:00,2025-12-18
2025-12-18,LAZ,48.97957992553711,848000.0,Yahoo Finance,2026-09-21T04:37:35+00:00,2025-12-18
2024-11-13,META,576.68212890625,10757600.0,Yahoo Finance,2026-09-21T04:37:35+00:00,2025-12-18
2024-11-14,META,573.8583984375,11053700.0,Yahoo Finance,2026-09-21T04:37:35+00:00,2025-12-18
2024-11-15,META,550.9104614257812,17712900.0,Yahoo Finance,2026-09-21T04:37:35+00:00,2025-12-18
2024-11-18,META,551.2286376953125,14327300.0,Yahoo Finance,2026-09-21T04:37:35+00:00,2025-12-18
2024-11-19,META,557.8804321289062,9522400.0,Yahoo Finance,2026-09-21T04:37:35+00:00,2025-12-18
2024-11-20,META,562.2850341796875,9797300.0,Yahoo Finance,2026-09-21T04:37:35+00:00,2025-12-18
2024-11-21,META,559.868896484375,11154700.0,Yahoo Finance,2026-09-21T04:37:35+00:00,2025-12-18
2024-11-22,META,555.9415283203125,9164000.0,Yahoo Finance,2026-09-21T04:37:35+00:00,2025-12-18
2024-11-25,META,561.8773193359375,13599800.0,Yahoo Finance,2026-09-21T04:37:35+00:00,2025-12-18
2024-11-26,META,570.2590942382812,10356600.0,Yahoo Finance,2026-09-21T04:37:35+00:00,2025-12-18
2024-11-27,META,565.9439697265625,7200200.0,Yahoo Finance,2026-09-21T04:37:35+00:00,2025-12-18
2024-11-29,META,571.0345458984375,7130500.0,Yahoo Finance,2026-09-21T04:37:35+00:00,2025-12-18
2024-12-02,META,589.4387817382812,12522400.0,Yahoo Finance,2026-09-21T04:37:35+00:00,2025-12-18
2024-12-03,META,610.1396484375,14907200.0,Yahoo Finance,2026-09-21T04:37:35+00:00,2025-12-18
2024-12-04,META,610.2689208984375,14697000.0,Yahoo Finance,2026-09-21T04:37:35+00:00,2025-12-18
2024-12-05,META,605.4467163085938,8081200.0,Yahoo Finance,2026-09-21T04:37:35+00:00,2025-12-18
2024-12-06,META,620.2017822265625,16935500.0,Yahoo Finance,2026-09-21T04:37:35+00:00,2025-12-18
2024-12-09,META,610.0601196289062,11426000.0,Yahoo Finance,2026-09-21T04:37:35+00:00,2025-12-18
2024-12-10,META,615.7771606445312,10938900.0,Yahoo Finance,2026-09-21T04:37:35+00:00,2025-12-18
2024-12-11,META,629.0608520507812,10837200.0,Yahoo Finance,2026-09-21T04:37:35+00:00,2025-12-18
2024-12-12,META,627.1815795898438,7474700.0,Yahoo Finance,2026-09-21T04:37:35+00:00,2025-12-18
2024-12-13,META,616.8013305664062,8453300.0,Yahoo Finance,2026-09-21T04:37:35+00:00,2025-12-18
2024-12-16,META,621.169677734375,10885600.0,Yahoo Finance,2026-09-21T04:37:35+00:00,2025-12-18
2024-12-17,META,616.3933715820312,12897800.0,Yahoo Finance,2026-09-21T04:37:35+00:00,2025-12-18
2024-12-18,META,594.2527465820312,17075500.0,Yahoo Finance,2026-09-21T04:37:35+00:00,2025-12-18
2024-12-19,META,592.6408081054688,14958100.0,Yahoo Finance,2026-09-21T04:37:35+00:00,2025-12-18
2024-12-20,META,582.3714599609375,48989400.0,Yahoo Finance,2026-09-21T04:37:35+00:00,2025-12-18
2024-12-23,META,596.899658203125,10205800.0,Yahoo Finance,2026-09-21T04:37:35+00:00,2025-12-18
2024-12-24,META,604.7608642578125,4726100.0,Yahoo Finance,2026-09-21T04:37:35+00:00,2025-12-18
2024-12-26,META,600.3824462890625,6081400.0,Yahoo Finance,2026-09-21T04:37:35+00:00,2025-12-18
2024-12-27,META,596.85986328125,8084200.0,Yahoo Finance,2026-09-21T04:37:35+00:00,2025-12-18
2024-12-30,META,588.3319702148438,7025900.0,Yahoo Finance,2026-09-21T04:37:35+00:00,2025-12-18
2024-12-31,META,582.6302490234375,6019500.0,Yahoo Finance,2026-09-21T04:37:35+00:00,2025-12-18
2025-01-02,META,596.2926635742188,12682300.0,Yahoo Finance,2026-09-21T04:37:35+00:00,2025-12-18
2025-01-03,META,601.6561279296875,11436800.0,Yahoo Finance,2026-09-21T04:37:35+00:00,2025-12-18
2025-01-06,META,627.1004028320312,14560800.0,Yahoo Finance,2026-09-21T04:37:35+00:00,2025-12-18
2025-01-07,META,614.8509521484375,12071500.0,Yahoo Finance,2026-09-21T04:37:35+00:00,2025-12-18
2025-01-08,META,607.7161865234375,10085800.0,Yahoo Finance,2026-09-21T04:37:35+00:00,2025-12-18
2025-01-10,META,612.8309326171875,19256600.0,Yahoo Finance,2026-09-21T04:37:35+00:00,2025-12-18
2025-01-13,META,605.3380126953125,10785000.0,Yahoo Finance,2026-09-21T04:37:35+00:00,2025-12-18
2025-01-14,META,591.3272705078125,13598000.0,Yahoo Finance,2026-09-21T04:37:35+00:00,2025-12-18
2025-01-15,META,614.0848388671875,15524300.0,Yahoo Finance,2026-09-21T04:37:35+00:00,2025-12-18
2025-01-16,META,608.2933349609375,8355300.0,Yahoo Finance,2026-09-21T04:37:35+00:00,2025-12-18
2025-01-17,META,609.7561645507812,17280600.0,Yahoo Finance,2026-09-21T04:37:35+00:00,2025-12-18
2025-01-21,META,613.4280395507812,11674000.0,Yahoo Finance,2026-09-21T04:37:35+00:00,2025-12-18
2025-01-22,META,620.433349609375,12274000.0,Yahoo Finance,2026-09-21T04:37:35+00:00,2025-12-18
2025-01-23,META,633.3196411132812,9910200.0,Yahoo Finance,2026-09-21T04:37:35+00:00,2025-12-18
2025-01-24,META,644.3053588867188,19065300.0,Yahoo Finance,2026-09-21T04:37:35+00:00,2025-12-18
2025-01-27,META,656.6343994140625,28399200.0,Yahoo Finance,2026-09-21T04:37:35+00:00,2025-12-18
2025-01-28,META,671.013427734375,20950100.0,Yahoo Finance,2026-09-21T04:37:35+00:00,2025-12-18
2025-01-29,META,673.1627197265625,21377800.0,Yahoo Finance,2026-09-21T04:37:35+00:00,2025-12-18
2025-01-30,META,683.6210327148438,29322900.0,Yahoo Finance,2026-09-21T04:37:35+00:00,2025-12-18
2025-01-31,META,685.7903442382812,19303900.0,Yahoo Finance,2026-09-21T04:37:35+00:00,2025-12-18
2025-02-03,META,694.0296020507812,21415700.0,Yahoo Finance,2026-09-21T04:37:35+00:00,2025-12-18
2025-02-04,META,700.7264404296875,13826300.0,Yahoo Finance,2026-09-21T04:37:35+00:00,2025-12-18
2025-02-05,META,701.4031372070312,17778200.0,Yahoo Finance,2026-09-21T04:37:35+00:00,2025-12-18
2025-02-06,META,708.4880981445312,13080700.0,Yahoo Finance,2026-09-21T04:37:35+00:00,2025-12-18
2025-02-07,META,711.0057373046875,16427100.0,Yahoo Finance,2026-09-21T04:37:35+00:00,2025-12-18
2025-02-10,META,713.87158203125,12904300.0,Yahoo Finance,2026-09-21T04:37:35+00:00,2025-12-18
2025-02-11,META,716.259765625,12998000.0,Yahoo Finance,2026-09-21T04:37:35+00:00,2025-12-18
2025-02-12,META,721.812255859375,12016500.0,Yahoo Finance,2026-09-21T04:37:35+00:00,2025-12-18
2025-02-13,META,724.9766235351562,12569100.0,Yahoo Finance,2026-09-21T04:37:35+00:00,2025-12-18
2025-02-14,META,733.0467529296875,16901200.0,Yahoo Finance,2026-09-21T04:37:35+00:00,2025-12-18
2025-02-18,META,712.8466186523438,21938700.0,Yahoo Finance,2026-09-21T04:37:35+00:00,2025-12-18
2025-02-19,META,700.30859375,17535500.0,Yahoo Finance,2026-09-21T04:37:35+00:00,2025-12-18
2025-02-20,META,691.422607421875,12587400.0,Yahoo Finance,2026-09-21T04:37:35+00:00,2025-12-18
2025-02-21,META,680.18798828125,15660400.0,Yahoo Finance,2026-09-21T04:37:35+00:00,2025-12-18
2025-02-24,META,664.8438720703125,15677000.0,Yahoo Finance,2026-09-21T04:37:35+00:00,2025-12-18
2025-02-25,META,654.26611328125,20579700.0,Yahoo Finance,2026-09-21T04:37:35+00:00,2025-12-18
2025-02-26,META,670.386474609375,14488700.0,Yahoo Finance,2026-09-21T04:37:35+00:00,2025-12-18
2025-02-27,META,655.0025024414062,12500000.0,Yahoo Finance,2026-09-21T04:37:35+00:00,2025-12-18
2025-02-28,META,664.91357421875,17534200.0,Yahoo Finance,2026-09-21T04:37:35+00:00,2025-12-18
2025-03-03,META,651.8281860351562,10843800.0,Yahoo Finance,2026-09-21T04:37:35+00:00,2025-12-18
2025-03-04,META,636.8522338867188,21495200.0,Yahoo Finance,2026-09-21T04:37:35+00:00,2025-12-18
2025-03-05,META,653.2411499023438,13770000.0,Yahoo Finance,2026-09-21T04:37:35+00:00,2025-12-18
2025-03-06,META,624.841552734375,13446500.0,Yahoo Finance,2026-09-21T04:37:35+00:00,2025-12-18
2025-03-07,META,622.5826416015625,21375700.0,Yahoo Finance,2026-09-21T04:37:35+00:00,2025-12-18
2025-03-10,META,595.0488891601562,21999900.0,Yahoo Finance,2026-09-21T04:37:35+00:00,2025-12-18
2025-03-11,META,602.7308959960938,17401500.0,Yahoo Finance,2026-09-21T04:37:35+00:00,2025-12-18
2025-03-12,META,616.5127563476562,15747000.0,Yahoo Finance,2026-09-21T04:37:35+00:00,2025-12-18
2025-03-13,META,587.7349243164062,16480300.0,Yahoo Finance,2026-09-21T04:37:35+00:00,2025-12-18
2025-03-14,META,605.1494140625,12364500.0,Yahoo Finance,2026-09-21T04:37:35+00:00,2025-12-18
2025-03-17,META,602.4603881835938,15473900.0,Yahoo Finance,2026-09-21T04:37:35+00:00,2025-12-18
2025-03-18,META,580.01123046875,20297700.0,Yahoo Finance,2026-09-21T04:37:35+00:00,2025-12-18
2025-03-19,META,581.7044067382812,20537500.0,Yahoo Finance,2026-09-21T04:37:35+00:00,2025-12-18
2025-03-20,META,583.6365356445312,24336500.0,Yahoo Finance,2026-09-21T04:37:35+00:00,2025-12-18
2025-03-21,META,593.8452758789062,25015900.0,Yahoo Finance,2026-09-21T04:37:35+00:00,2025-12-18
2025-03-24,META,616.3540649414062,15741300.0,Yahoo Finance,2026-09-21T04:37:35+00:00,2025-12-18
2025-03-25,META,623.783935546875,15312500.0,Yahoo Finance,2026-09-21T04:37:35+00:00,2025-12-18
2025-03-26,META,608.5157470703125,12609800.0,Yahoo Finance,2026-09-21T04:37:35+00:00,2025-12-18
2025-03-27,META,600.149658203125,10436500.0,Yahoo Finance,2026-09-21T04:37:35+00:00,2025-12-18
2025-03-28,META,574.4139404296875,17602800.0,Yahoo Finance,2026-09-21T04:37:35+00:00,2025-12-18
2025-03-31,META,574.0354614257812,21124700.0,Yahoo Finance,2026-09-21T04:37:35+00:00,2025-12-18
2025-04-01,META,583.6365356445312,12836600.0,Yahoo Finance,2026-09-21T04:37:35+00:00,2025-12-18
2025-04-02,META,581.5748901367188,13470800.0,Yahoo Finance,2026-09-21T04:37:35+00:00,2025-12-18
2025-04-03,META,529.4758911132812,34777500.0,Yahoo Finance,2026-09-21T04:37:35+00:00,2025-12-18
2025-04-04,META,502.6943664550781,38589800.0,Yahoo Finance,2026-09-21T04:37:35+00:00,2025-12-18
2025-04-07,META,514.1678466796875,36606100.0,Yahoo Finance,2026-09-21T04:37:35+00:00,2025-12-18
2025-04-08,META,508.39129638671875,28034200.0,Yahoo Finance,2026-09-21T04:37:35+00:00,2025-12-18
2025-04-09,META,583.407470703125,39216600.0,Yahoo Finance,2026-09-21T04:37:35+00:00,2025-12-18
2025-04-10,META,544.0867309570312,28173500.0,Yahoo Finance,2026-09-21T04:37:35+00:00,2025-12-18
2025-04-11,META,541.3777465820312,17642300.0,Yahoo Finance,2026-09-21T04:37:35+00:00,2025-12-18
2025-04-14,META,529.33642578125,14130900.0,Yahoo Finance,2026-09-21T04:37:35+00:00,2025-12-18
2025-04-15,META,519.4166259765625,15558700.0,Yahoo Finance,2026-09-21T04:37:35+00:00,2025-12-18
2025-04-16,META,500.2840881347656,18735100.0,Yahoo Finance,2026-09-21T04:37:35+00:00,2025-12-18
2025-04-17,META,499.45745849609375,14593500.0,Yahoo Finance,2026-09-21T04:37:35+00:00,2025-12-18
2025-04-21,META,482.705322265625,16166000.0,Yahoo Finance,2026-09-21T04:37:35+00:00,2025-12-18
2025-04-22,META,498.2622985839844,17399400.0,Yahoo Finance,2026-09-21T04:37:35+00:00,2025-12-18
2025-04-23,META,518.1717529296875,18173900.0,Yahoo Finance,2026-09-21T04:37:35+00:00,2025-12-18
2025-04-24,META,530.9998168945312,13910000.0,Yahoo Finance,2026-09-21T04:37:35+00:00,2025-12-18
2025-04-25,META,545.0628051757812,17098900.0,Yahoo Finance,2026-09-21T04:37:35+00:00,2025-12-18
2025-04-28,META,547.5228271484375,15179000.0,Yahoo Finance,2026-09-21T04:37:35+00:00,2025-12-18
2025-04-29,META,552.2039794921875,11835000.0,Yahoo Finance,2026-09-21T04:37:35+00:00,2025-12-18
2025-04-30,META,546.7858276367188,29244000.0,Yahoo Finance,2026-09-21T04:37:35+00:00,2025-12-18
2025-05-01,META,569.9022216796875,31159000.0,Yahoo Finance,2026-09-21T04:37:35+00:00,2025-12-18
2025-05-02,META,594.6121826171875,24739300.0,Yahoo Finance,2026-09-21T04:37:35+00:00,2025-12-18
2025-05-05,META,596.8530883789062,13887700.0,Yahoo Finance,2026-09-21T04:37:35+00:00,2025-12-18
2025-05-06,META,584.9413452148438,10600700.0,Yahoo Finance,2026-09-21T04:37:35+00:00,2025-12-18
2025-05-07,META,594.4030151367188,13139100.0,Yahoo Finance,2026-09-21T04:37:35+00:00,2025-12-18
2025-05-08,META,595.5982055664062,14622800.0,Yahoo Finance,2026-09-21T04:37:35+00:00,2025-12-18
2025-05-09,META,590.1004028320312,10427300.0,Yahoo Finance,2026-09-21T04:37:35+00:00,2025-12-18
2025-05-12,META,636.85107421875,21965100.0,Yahoo Finance,2026-09-21T04:37:35+00:00,2025-12-18
2025-05-13,META,653.3840942382812,18570800.0,Yahoo Finance,2026-09-21T04:37:35+00:00,2025-12-18
2025-05-14,META,656.7006225585938,12348200.0,Yahoo Finance,2026-09-21T04:37:35+00:00,2025-12-18
2025-05-15,META,641.2831420898438,14341800.0,Yahoo Finance,2026-09-21T04:37:35+00:00,2025-12-18
2025-05-16,META,637.7573852539062,18519000.0,Yahoo Finance,2026-09-21T04:37:35+00:00,2025-12-18
2025-05-19,META,637.8469848632812,9592400.0,Yahoo Finance,2026-09-21T04:37:35+00:00,2025-12-18
2025-05-20,META,634.530517578125,6743500.0,Yahoo Finance,2026-09-21T04:37:35+00:00,2025-12-18
2025-05-21,META,632.9369506835938,11464600.0,Yahoo Finance,2026-09-21T04:37:35+00:00,2025-12-18
2025-05-22,META,634.002685546875,8228400.0,Yahoo Finance,2026-09-21T04:37:35+00:00,2025-12-18
2025-05-23,META,624.5309448242188,8454100.0,Yahoo Finance,2026-09-21T04:37:35+00:00,2025-12-18
2025-05-27,META,639.7293701171875,9508400.0,Yahoo Finance,2026-09-21T04:37:35+00:00,2025-12-18
2025-05-28,META,640.984375,9042900.0,Yahoo Finance,2026-09-21T04:37:35+00:00,2025-12-18
2025-05-29,META,642.4484252929688,8858800.0,Yahoo Finance,2026-09-21T04:37:35+00:00,2025-12-18
2025-05-30,META,644.8785400390625,16241000.0,Yahoo Finance,2026-09-21T04:37:35+00:00,2025-12-18
2025-06-02,META,668.1941528320312,15766300.0,Yahoo Finance,2026-09-21T04:37:35+00:00,2025-12-18
2025-06-03,META,664.1604614257812,11585000.0,Yahoo Finance,2026-09-21T04:37:35+00:00,2025-12-18
2025-06-04,META,685.1753540039062,14031900.0,Yahoo Finance,2026-09-21T04:37:35+00:00,2025-12-18
2025-06-05,META,681.8588256835938,13083100.0,Yahoo Finance,2026-09-21T04:37:35+00:00,2025-12-18
2025-06-06,META,694.8960571289062,11728000.0,Yahoo Finance,2026-09-21T04:37:35+00:00,2025-12-18
2025-06-09,META,691.2607421875,12773200.0,Yahoo Finance,2026-09-21T04:37:35+00:00,2025-12-18
2025-06-10,META,699.567138671875,10850100.0,Yahoo Finance,2026-09-21T04:37:35+00:00,2025-12-18
2025-06-11,META,691.3404541015625,9582500.0,Yahoo Finance,2026-09-21T04:37:35+00:00,2025-12-18
2025-06-12,META,690.5635375976562,7322700.0,Yahoo Finance,2026-09-21T04:37:35+00:00,2025-12-18
2025-06-13,META,680.1158447265625,9274400.0,Yahoo Finance,2026-09-21T04:37:35+00:00,2025-12-18
2025-06-16,META,699.8262939453125,13720300.0,Yahoo Finance,2026-09-21T04:37:35+00:00,2025-12-18
2025-06-17,META,694.9522705078125,10066100.0,Yahoo Finance,2026-09-21T04:37:35+00:00,2025-12-18
2025-06-18,META,693.4970703125,10068300.0,Yahoo Finance,2026-09-21T04:37:35+00:00,2025-12-18
2025-06-20,META,680.120849609375,22538600.0,Yahoo Finance,2026-09-21T04:37:35+00:00,2025-12-18
2025-06-23,META,696.248046875,11080100.0,Yahoo Finance,2026-09-21T04:37:35+00:00,2025-12-18
2025-06-24,META,709.8733520507812,13823200.0,Yahoo Finance,2026-09-21T04:37:35+00:00,2025-12-18
2025-06-25,META,706.3648681640625,9320400.0,Yahoo Finance,2026-09-21T04:37:35+00:00,2025-12-18
2025-06-26,META,723.7180786132812,13964800.0,Yahoo Finance,2026-09-21T04:37:35+00:00,2025-12-18
2025-06-27,META,731.2333374023438,18775700.0,Yahoo Finance,2026-09-21T04:37:35+00:00,2025-12-18
2025-06-30,META,735.6788940429688,15402100.0,Yahoo Finance,2026-09-21T04:37:35+00:00,2025-12-18
2025-07-01,META,716.8704223632812,13431200.0,Yahoo Finance,2026-09-21T04:37:35+00:00,2025-12-18
2025-07-02,META,711.2389526367188,9336700.0,Yahoo Finance,2026-09-21T04:37:35+00:00,2025-12-18
2025-07-03,META,716.6611938476562,8601700.0,Yahoo Finance,2026-09-21T04:37:35+00:00,2025-12-18
2025-07-07,META,716.0032348632812,9457100.0,Yahoo Finance,2026-09-21T04:37:35+00:00,2025-12-18
2025-07-08,META,718.3157348632812,7770700.0,Yahoo Finance,2026-09-21T04:37:35+00:00,2025-12-18
2025-07-09,META,730.3861694335938,11418000.0,Yahoo Finance,2026-09-21T04:37:35+00:00,2025-12-18
2025-07-10,META,724.8642578125,9913600.0,Yahoo Finance,2026-09-21T04:37:35+00:00,2025-12-18
2025-07-11,META,715.1660766601562,10873900.0,Yahoo Finance,2026-09-21T04:37:35+00:00,2025-12-18
2025-07-14,META,718.5648803710938,8939400.0,Yahoo Finance,2026-09-21T04:37:35+00:00,2025-12-18
2025-07-15,META,708.0692749023438,11529500.0,Yahoo Finance,2026-09-21T04:37:35+00:00,2025-12-18
2025-07-16,META,700.6136474609375,13067600.0,Yahoo Finance,2026-09-21T04:37:35+00:00,2025-12-18
2025-07-17,META,699.1185913085938,11803300.0,Yahoo Finance,2026-09-21T04:37:35+00:00,2025-12-18
2025-07-18,META,701.979248046875,12779800.0,Yahoo Finance,2026-09-21T04:37:35+00:00,2025-12-18
2025-07-21,META,710.6408081054688,9404400.0,Yahoo Finance,2026-09-21T04:37:35+00:00,2025-12-18
2025-07-22,META,702.5075073242188,8921100.0,Yahoo Finance,2026-09-21T04:37:35+00:00,2025-12-18
2025-07-23,META,711.2489013671875,8771600.0,Yahoo Finance,2026-09-21T04:37:35+00:00,2025-12-18
2025-07-24,META,712.4649047851562,10920800.0,Yahoo Finance,2026-09-21T04:37:35+00:00,2025-12-18
2025-07-25,META,710.351806640625,8271700.0,Yahoo Finance,2026-09-21T04:37:35+00:00,2025-12-18
2025-07-28,META,715.28564453125,8715700.0,Yahoo Finance,2026-09-21T04:37:35+00:00,2025-12-18
2025-07-29,META,697.7132568359375,13267000.0,Yahoo Finance,2026-09-21T04:37:35+00:00,2025-12-18
2025-07-30,META,692.9389038085938,27077300.0,Yahoo Finance,2026-09-21T04:37:35+00:00,2025-12-18
2025-07-31,META,770.913330078125,38831100.0,Yahoo Finance,2026-09-21T04:37:35+00:00,2025-12-18
2025-08-01,META,747.5598754882812,19028700.0,Yahoo Finance,2026-09-21T04:37:35+00:00,2025-12-18
2025-08-04,META,773.833740234375,15801700.0,Yahoo Finance,2026-09-21T04:37:35+00:00,2025-12-18
2025-08-05,META,760.9660034179688,11640300.0,Yahoo Finance,2026-09-21T04:37:35+00:00,2025-12-18
2025-08-06,META,769.468017578125,9733900.0,Yahoo Finance,2026-09-21T04:37:35+00:00,2025-12-18
2025-08-07,META,759.3412475585938,9019700.0,Yahoo Finance,2026-09-21T04:37:35+00:00,2025-12-18
2025-08-08,META,766.786865234375,7320800.0,Yahoo Finance,2026-09-21T04:37:35+00:00,2025-12-18
2025-08-11,META,763.3680419921875,7612000.0,Yahoo Finance,2026-09-21T04:37:35+00:00,2025-12-18
2025-08-12,META,787.419189453125,14563100.0,Yahoo Finance,2026-09-21T04:37:35+00:00,2025-12-18
2025-08-13,META,777.5315551757812,8811800.0,Yahoo Finance,2026-09-21T04:37:35+00:00,2025-12-18
2025-08-14,META,779.5748901367188,8116200.0,Yahoo Finance,2026-09-21T04:37:35+00:00,2025-12-18
2025-08-15,META,782.664794921875,13375400.0,Yahoo Finance,2026-09-21T04:37:35+00:00,2025-12-18
2025-08-18,META,764.8631591796875,16513700.0,Yahoo Finance,2026-09-21T04:37:35+00:00,2025-12-18
2025-08-19,META,749.0249633789062,12286700.0,Yahoo Finance,2026-09-21T04:37:35+00:00,2025-12-18
2025-08-20,META,745.2772827148438,11898200.0,Yahoo Finance,2026-09-21T04:37:35+00:00,2025-12-18
2025-08-21,META,736.6854858398438,8876300.0,Yahoo Finance,2026-09-21T04:37:35+00:00,2025-12-18
2025-08-22,META,752.32421875,10612700.0,Yahoo Finance,2026-09-21T04:37:35+00:00,2025-12-18
2025-08-25,META,750.839111328125,6861200.0,Yahoo Finance,2026-09-21T04:37:35+00:00,2025-12-18
2025-08-26,META,751.636474609375,7601800.0,Yahoo Finance,2026-09-21T04:37:35+00:00,2025-12-18
2025-08-27,META,744.9385375976562,8315400.0,Yahoo Finance,2026-09-21T04:37:35+00:00,2025-12-18
2025-08-28,META,748.65625,7468000.0,Yahoo Finance,2026-09-21T04:37:35+00:00,2025-12-18
2025-08-29,META,736.2867431640625,9070500.0,Yahoo Finance,2026-09-21T04:37:35+00:00,2025-12-18
2025-09-02,META,732.70849609375,9350900.0,Yahoo Finance,2026-09-21T04:37:35+00:00,2025-12-18
2025-09-03,META,734.6421508789062,7699300.0,Yahoo Finance,2026-09-21T04:37:35+00:00,2025-12-18
2025-09-04,META,746.2042846679688,11439100.0,Yahoo Finance,2026-09-21T04:37:35+00:00,2025-12-18
2025-09-05,META,749.991943359375,9663400.0,Yahoo Finance,2026-09-21T04:37:35+00:00,2025-12-18
2025-09-08,META,749.8423461914062,13087800.0,Yahoo Finance,2026-09-21T04:37:35+00:00,2025-12-18
2025-09-09,META,763.1986083984375,10999000.0,Yahoo Finance,2026-09-21T04:37:35+00:00,2025-12-18
2025-09-10,META,749.5234375,12478300.0,Yahoo Finance,2026-09-21T04:37:35+00:00,2025-12-18
2025-09-11,META,748.447021484375,7923300.0,Yahoo Finance,2026-09-21T04:37:35+00:00,2025-12-18
2025-09-12,META,753.1216430664062,8248600.0,Yahoo Finance,2026-09-21T04:37:35+00:00,2025-12-18
2025-09-15,META,762.2018432617188,10533800.0,Yahoo Finance,2026-09-21T04:37:35+00:00,2025-12-18
2025-09-16,META,776.4551391601562,11782500.0,Yahoo Finance,2026-09-21T04:37:35+00:00,2025-12-18
2025-09-17,META,773.1858520507812,9400900.0,Yahoo Finance,2026-09-21T04:37:35+00:00,2025-12-18
2025-09-18,META,777.7011108398438,10955000.0,Yahoo Finance,2026-09-21T04:37:35+00:00,2025-12-18
2025-09-19,META,775.837158203125,23696800.0,Yahoo Finance,2026-09-21T04:37:35+00:00,2025-12-18
2025-09-22,META,763.1751098632812,11706900.0,Yahoo Finance,2026-09-21T04:37:35+00:00,2025-12-18
2025-09-23,META,753.4404296875,10872600.0,Yahoo Finance,2026-09-21T04:37:35+00:00,2025-12-18
2025-09-24,META,758.686767578125,8828200.0,Yahoo Finance,2026-09-21T04:37:35+00:00,2025-12-18
2025-09-25,META,746.9672241210938,10591100.0,Yahoo Finance,2026-09-21T04:37:35+00:00,2025-12-18
2025-09-26,META,741.8206787109375,9696300.0,Yahoo Finance,2026-09-21T04:37:35+00:00,2025-12-18
2025-09-29,META,741.4715576171875,9246800.0,Yahoo Finance,2026-09-21T04:37:35+00:00,2025-12-18
2025-09-30,META,732.4749755859375,16226800.0,Yahoo Finance,2026-09-21T04:37:35+00:00,2025-12-18
2025-10-01,META,715.4791259765625,20419600.0,Yahoo Finance,2026-09-21T04:37:35+00:00,2025-12-18
2025-10-02,META,725.1639404296875,11415300.0,Yahoo Finance,2026-09-21T04:37:35+00:00,2025-12-18
2025-10-03,META,708.7167358398438,16154300.0,Yahoo Finance,2026-09-21T04:37:35+00:00,2025-12-18
2025-10-06,META,713.8035278320312,21654700.0,Yahoo Finance,2026-09-21T04:37:35+00:00,2025-12-18
2025-10-07,META,711.230224609375,12062900.0,Yahoo Finance,2026-09-21T04:37:35+00:00,2025-12-18
2025-10-08,META,715.9779052734375,10790600.0,Yahoo Finance,2026-09-21T04:37:35+00:00,2025-12-18
2025-10-09,META,731.6072387695312,12717200.0,Yahoo Finance,2026-09-21T04:37:35+00:00,2025-12-18
2025-10-10,META,703.4703979492188,16980100.0,Yahoo Finance,2026-09-21T04:37:35+00:00,2025-12-18
2025-10-13,META,713.8433837890625,9251800.0,Yahoo Finance,2026-09-21T04:37:35+00:00,2025-12-18
2025-10-14,META,706.8117065429688,8829800.0,Yahoo Finance,2026-09-21T04:37:35+00:00,2025-12-18
2025-10-15,META,715.6885986328125,10246800.0,Yahoo Finance,2026-09-21T04:37:35+00:00,2025-12-18
2025-10-16,META,710.2228393554688,9017000.0,Yahoo Finance,2026-09-21T04:37:35+00:00,2025-12-18
2025-10-17,META,715.0602416992188,12232400.0,Yahoo Finance,2026-09-21T04:37:35+00:00,2025-12-18
2025-10-20,META,730.2706909179688,8900200.0,Yahoo Finance,2026-09-21T04:37:35+00:00,2025-12-18
2025-10-21,META,731.3678588867188,7647300.0,Yahoo Finance,2026-09-21T04:37:35+00:00,2025-12-18
2025-10-22,META,731.5074462890625,8734500.0,Yahoo Finance,2026-09-21T04:37:35+00:00,2025-12-18
2025-10-23,META,732.095947265625,9856000.0,Yahoo Finance,2026-09-21T04:37:35+00:00,2025-12-18
2025-10-24,META,736.444580078125,9151300.0,Yahoo Finance,2026-09-21T04:37:35+00:00,2025-12-18
2025-10-27,META,748.872314453125,11321100.0,Yahoo Finance,2026-09-21T04:37:35+00:00,2025-12-18
2025-10-28,META,749.49072265625,12193800.0,Yahoo Finance,2026-09-21T04:37:35+00:00,2025-12-18
2025-10-29,META,749.7200927734375,26818600.0,Yahoo Finance,2026-09-21T04:37:35+00:00,2025-12-18
2025-10-30,META,664.7410888671875,88440100.0,Yahoo Finance,2026-09-21T04:37:35+00:00,2025-12-18
2025-10-31,META,646.6680908203125,56953200.0,Yahoo Finance,2026-09-21T04:37:35+00:00,2025-12-18
2025-11-03,META,636.0557250976562,33003600.0,Yahoo Finance,2026-09-21T04:37:35+00:00,2025-12-18
2025-11-04,META,625.6926879882812,27356600.0,Yahoo Finance,2026-09-21T04:37:35+00:00,2025-12-18
2025-11-05,META,634.30029296875,20219900.0,Yahoo Finance,2026-09-21T04:37:35+00:00,2025-12-18
2025-11-06,META,617.3344116210938,23628800.0,Yahoo Finance,2026-09-21T04:37:35+00:00,2025-12-18
2025-11-07,META,620.0972290039062,29946800.0,Yahoo Finance,2026-09-21T04:37:35+00:00,2025-12-18
2025-11-10,META,630.1212158203125,19245000.0,Yahoo Finance,2026-09-21T04:37:35+00:00,2025-12-18
2025-11-11,META,625.4533081054688,13302200.0,Yahoo Finance,2026-09-21T04:37:35+00:00,2025-12-18
2025-11-12,META,607.43017578125,24493300.0,Yahoo Finance,2026-09-21T04:37:35+00:00,2025-12-18
2025-11-13,META,608.3079223632812,20973800.0,Yahoo Finance,2026-09-21T04:37:35+00:00,2025-12-18
2025-11-14,META,607.8790283203125,20724100.0,Yahoo Finance,2026-09-21T04:37:35+00:00,2025-12-18
2025-11-17,META,600.4483642578125,16501300.0,Yahoo Finance,2026-09-21T04:37:35+00:00,2025-12-18
2025-11-18,META,596.1395874023438,25500600.0,Yahoo Finance,2026-09-21T04:37:35+00:00,2025-12-18
2025-11-19,META,588.7886352539062,24744700.0,Yahoo Finance,2026-09-21T04:37:35+00:00,2025-12-18
2025-11-20,META,587.6217041015625,20603000.0,Yahoo Finance,2026-09-21T04:37:35+00:00,2025-12-18
2025-11-21,META,592.70849609375,21052600.0,Yahoo Finance,2026-09-21T04:37:35+00:00,2025-12-18
2025-11-24,META,611.4596557617188,23554900.0,Yahoo Finance,2026-09-21T04:37:35+00:00,2025-12-18
2025-11-25,META,634.569580078125,25213000.0,Yahoo Finance,2026-09-21T04:37:35+00:00,2025-12-18
2025-11-26,META,631.9663696289062,15209500.0,Yahoo Finance,2026-09-21T04:37:35+00:00,2025-12-18
2025-11-28,META,646.2691650390625,11033200.0,Yahoo Finance,2026-09-21T04:37:35+00:00,2025-12-18
2025-12-01,META,639.20751953125,13029900.0,Yahoo Finance,2026-09-21T04:37:35+00:00,2025-12-18
2025-12-02,META,645.42138671875,11640900.0,Yahoo Finance,2026-09-21T04:37:35+00:00,2025-12-18
2025-12-03,META,637.9408569335938,11134300.0,Yahoo Finance,2026-09-21T04:37:35+00:00,2025-12-18
2025-12-04,META,659.81396484375,29874600.0,Yahoo Finance,2026-09-21T04:37:35+00:00,2025-12-18
2025-12-05,META,671.673095703125,21207900.0,Yahoo Finance,2026-09-21T04:37:35+00:00,2025-12-18
2025-12-08,META,665.0702514648438,13161000.0,Yahoo Finance,2026-09-21T04:37:35+00:00,2025-12-18
2025-12-09,META,655.2557983398438,12997100.0,Yahoo Finance,2026-09-21T04:37:35+00:00,2025-12-18
2025-12-10,META,648.4434814453125,16910900.0,Yahoo Finance,2026-09-21T04:37:35+00:00,2025-12-18
2025-12-11,META,651.016845703125,13056700.0,Yahoo Finance,2026-09-21T04:37:35+00:00,2025-12-18
2025-12-12,META,642.5587768554688,14016900.0,Yahoo Finance,2026-09-21T04:37:35+00:00,2025-12-18
2025-12-15,META,646.3570556640625,15549100.0,Yahoo Finance,2026-09-21T04:37:35+00:00,2025-12-18
2025-12-16,META,655.9798583984375,14309100.0,Yahoo Finance,2026-09-21T04:37:35+00:00,2025-12-18
2025-12-17,META,648.343505859375,15598500.0,Yahoo Finance,2026-09-21T04:37:35+00:00,2025-12-18
2025-12-18,META,663.2669067382812,20260300.0,Yahoo Finance,2026-09-21T04:37:35+00:00,2025-12-18
2024-11-13,MS,127.04989624023438,6134800.0,Yahoo Finance,2026-09-21T04:37:35+00:00,2025-12-18
2024-11-14,MS,126.73407745361328,7344200.0,Yahoo Finance,2026-09-21T04:37:35+00:00,2025-12-18
2024-11-15,MS,128.2939910888672,7281900.0,Yahoo Finance,2026-09-21T04:37:35+00:00,2025-12-18
2024-11-18,MS,128.02603149414062,6434100.0,Yahoo Finance,2026-09-21T04:37:35+00:00,2025-12-18
2024-11-19,MS,126.55227661132812,7244800.0,Yahoo Finance,2026-09-21T04:37:35+00:00,2025-12-18
2024-11-20,MS,126.02593994140625,5125600.0,Yahoo Finance,2026-09-21T04:37:35+00:00,2025-12-18
2024-11-21,MS,129.18399047851562,5547400.0,Yahoo Finance,2026-09-21T04:37:35+00:00,2025-12-18
2024-11-22,MS,128.8968963623047,6334100.0,Yahoo Finance,2026-09-21T04:37:35+00:00,2025-12-18
2024-11-25,MS,127.91119384765625,8012300.0,Yahoo Finance,2026-09-21T04:37:35+00:00,2025-12-18
2024-11-26,MS,125.63356018066406,8817300.0,Yahoo Finance,2026-09-21T04:37:35+00:00,2025-12-18
2024-11-27,MS,125.56658172607422,5507800.0,Yahoo Finance,2026-09-21T04:37:35+00:00,2025-12-18
2024-11-29,MS,125.94934844970703,4068200.0,Yahoo Finance,2026-09-21T04:37:35+00:00,2025-12-18
2024-12-02,MS,125.39429473876953,5512100.0,Yahoo Finance,2026-09-21T04:37:35+00:00,2025-12-18
2024-12-03,MS,124.82969665527344,4791300.0,Yahoo Finance,2026-09-21T04:37:35+00:00,2025-12-18
2024-12-04,MS,124.39905548095703,6203700.0,Yahoo Finance,2026-09-21T04:37:35+00:00,2025-12-18
2024-12-05,MS,124.71485137939453,4991900.0,Yahoo Finance,2026-09-21T04:37:35+00:00,2025-12-18
2024-12-06,MS,124.3703384399414,5013200.0,Yahoo Finance,2026-09-21T04:37:35+00:00,2025-12-18
2024-12-09,MS,123.0496826171875,7753900.0,Yahoo Finance,2026-09-21T04:37:35+00:00,2025-12-18
2024-12-10,MS,121.33666229248047,6551300.0,Yahoo Finance,2026-09-21T04:37:35+00:00,2025-12-18
2024-12-11,MS,122.10226440429688,8835400.0,Yahoo Finance,2026-09-21T04:37:35+00:00,2025-12-18
2024-12-12,MS,122.40850830078125,3610500.0,Yahoo Finance,2026-09-21T04:37:35+00:00,2025-12-18
2024-12-13,MS,121.9204330444336,6091500.0,Yahoo Finance,2026-09-21T04:37:35+00:00,2025-12-18
2024-12-16,MS,123.48033142089844,5659700.0,Yahoo Finance,2026-09-21T04:37:35+00:00,2025-12-18
2024-12-17,MS,122.24581909179688,7141400.0,Yahoo Finance,2026-09-21T04:37:35+00:00,2025-12-18
2024-12-18,MS,115.83397674560547,7858800.0,Yahoo Finance,2026-09-21T04:37:35+00:00,2025-12-18
2024-12-19,MS,115.31721496582031,8632400.0,Yahoo Finance,2026-09-21T04:37:35+00:00,2025-12-18
2024-12-20,MS,118.1307601928711,14884000.0,Yahoo Finance,2026-09-21T04:37:35+00:00,2025-12-18
2024-12-23,MS,119.09730529785156,5074100.0,Yahoo Finance,2026-09-21T04:37:35+00:00,2025-12-18
2024-12-24,MS,121.59506225585938,2902800.0,Yahoo Finance,2026-09-21T04:37:35+00:00,2025-12-18
2024-12-26,MS,122.5233383178711,3013500.0,Yahoo Finance,2026-09-21T04:37:35+00:00,2025-12-18
2024-12-27,MS,121.30796813964844,3088100.0,Yahoo Finance,2026-09-21T04:37:35+00:00,2025-12-18
2024-12-30,MS,120.3414077758789,2637900.0,Yahoo Finance,2026-09-21T04:37:35+00:00,2025-12-18
2024-12-31,MS,120.31269073486328,2970000.0,Yahoo Finance,2026-09-21T04:37:35+00:00,2025-12-18
2025-01-02,MS,119.41313171386719,5014300.0,Yahoo Finance,2026-09-21T04:37:35+00:00,2025-12-18
2025-01-03,MS,120.52323150634766,3988400.0,Yahoo Finance,2026-09-21T04:37:35+00:00,2025-12-18
2025-01-06,MS,123.10710144042969,6665200.0,Yahoo Finance,2026-09-21T04:37:35+00:00,2025-12-18
2025-01-07,MS,121.42280578613281,7268800.0,Yahoo Finance,2026-09-21T04:37:35+00:00,2025-12-18
2025-01-08,MS,122.36064910888672,5744500.0,Yahoo Finance,2026-09-21T04:37:35+00:00,2025-12-18
2025-01-10,MS,118.14033508300781,6873800.0,Yahoo Finance,2026-09-21T04:37:35+00:00,2025-12-18
2025-01-13,MS,118.65709686279297,5433000.0,Yahoo Finance,2026-09-21T04:37:35+00:00,2025-12-18
2025-01-14,MS,119.260009765625,8999900.0,Yahoo Finance,2026-09-21T04:37:35+00:00,2025-12-18
2025-01-15,MS,124.9349594116211,11349500.0,Yahoo Finance,2026-09-21T04:37:35+00:00,2025-12-18
2025-01-16,MS,129.96868896484375,16235700.0,Yahoo Finance,2026-09-21T04:37:35+00:00,2025-12-18
2025-01-17,MS,131.94009399414062,12481500.0,Yahoo Finance,2026-09-21T04:37:35+00:00,2025-12-18
2025-01-21,MS,131.39462280273438,11213300.0,Yahoo Finance,2026-09-21T04:37:35+00:00,2025-12-18
2025-01-22,MS,130.15052795410156,7177500.0,Yahoo Finance,2026-09-21T04:37:35+00:00,2025-12-18
2025-01-23,MS,131.8731231689453,6911000.0,Yahoo Finance,2026-09-21T04:37:35+00:00,2025-12-18
2025-01-24,MS,131.89227294921875,6475500.0,Yahoo Finance,2026-09-21T04:37:35+00:00,2025-12-18
2025-01-27,MS,130.7725830078125,6460700.0,Yahoo Finance,2026-09-21T04:37:35+00:00,2025-12-18
2025-01-28,MS,132.581298828125,5885100.0,Yahoo Finance,2026-09-21T04:37:35+00:00,2025-12-18
2025-01-29,MS,132.74400329589844,5719800.0,Yahoo Finance,2026-09-21T04:37:35+00:00,2025-12-18
2025-01-30,MS,133.9210968017578,4545700.0,Yahoo Finance,2026-09-21T04:37:35+00:00,2025-12-18
2025-01-31,MS,133.3574981689453,5502700.0,Yahoo Finance,2026-09-21T04:37:35+00:00,2025-12-18
2025-02-03,MS,132.13404846191406,5307000.0,Yahoo Finance,2026-09-21T04:37:35+00:00,2025-12-18
2025-02-04,MS,131.75836181640625,5997300.0,Yahoo Finance,2026-09-21T04:37:35+00:00,2025-12-18
2025-02-05,MS,133.8391876220703,5871200.0,Yahoo Finance,2026-09-21T04:37:35+00:00,2025-12-18
2025-02-06,MS,135.91043090820312,4576600.0,Yahoo Finance,2026-09-21T04:37:35+00:00,2025-12-18
2025-02-07,MS,134.85072326660156,3529000.0,Yahoo Finance,2026-09-21T04:37:35+00:00,2025-12-18
2025-02-10,MS,132.27854919433594,5517700.0,Yahoo Finance,2026-09-21T04:37:35+00:00,2025-12-18
2025-02-11,MS,132.740966796875,5096800.0,Yahoo Finance,2026-09-21T04:37:35+00:00,2025-12-18
2025-02-12,MS,132.0858917236328,4688900.0,Yahoo Finance,2026-09-21T04:37:35+00:00,2025-12-18
2025-02-13,MS,131.82579040527344,4699800.0,Yahoo Finance,2026-09-21T04:37:35+00:00,2025-12-18
2025-02-14,MS,133.85845947265625,5044500.0,Yahoo Finance,2026-09-21T04:37:35+00:00,2025-12-18
2025-02-18,MS,135.55397033691406,3797000.0,Yahoo Finance,2026-09-21T04:37:35+00:00,2025-12-18
2025-02-19,MS,135.5347137451172,3623100.0,Yahoo Finance,2026-09-21T04:37:35+00:00,2025-12-18
2025-02-20,MS,129.41737365722656,8860800.0,Yahoo Finance,2026-09-21T04:37:35+00:00,2025-12-18
2025-02-21,MS,126.86450958251953,6704100.0,Yahoo Finance,2026-09-21T04:37:35+00:00,2025-12-18
2025-02-24,MS,125.20751190185547,7784500.0,Yahoo Finance,2026-09-21T04:37:35+00:00,2025-12-18
2025-02-25,MS,124.85107421875,7458500.0,Yahoo Finance,2026-09-21T04:37:35+00:00,2025-12-18
2025-02-26,MS,126.24795532226562,5493600.0,Yahoo Finance,2026-09-21T04:37:35+00:00,2025-12-18
2025-02-27,MS,124.5042724609375,5538700.0,Yahoo Finance,2026-09-21T04:37:35+00:00,2025-12-18
2025-02-28,MS,128.23245239257812,7424200.0,Yahoo Finance,2026-09-21T04:37:35+00:00,2025-12-18
2025-03-03,MS,124.3982925415039,5969400.0,Yahoo Finance,2026-09-21T04:37:35+00:00,2025-12-18
2025-03-04,MS,117.25983428955078,12996500.0,Yahoo Finance,2026-09-21T04:37:35+00:00,2025-12-18
2025-03-05,MS,119.21543884277344,7291900.0,Yahoo Finance,2026-09-21T04:37:35+00:00,2025-12-18
2025-03-06,MS,114.99593353271484,8611500.0,Yahoo Finance,2026-09-21T04:37:35+00:00,2025-12-18
2025-03-07,MS,114.91886901855469,8513500.0,Yahoo Finance,2026-09-21T04:37:35+00:00,2025-12-18
2025-03-10,MS,107.59735107421875,16765700.0,Yahoo Finance,2026-09-21T04:37:35+00:00,2025-12-18
2025-03-11,MS,107.93452453613281,13490400.0,Yahoo Finance,2026-09-21T04:37:35+00:00,2025-12-18
2025-03-12,MS,109.82270050048828,7925500.0,Yahoo Finance,2026-09-21T04:37:35+00:00,2025-12-18
2025-03-13,MS,107.58771514892578,7435500.0,Yahoo Finance,2026-09-21T04:37:35+00:00,2025-12-18
2025-03-14,MS,111.11359405517578,6879400.0,Yahoo Finance,2026-09-21T04:37:35+00:00,2025-12-18
2025-03-17,MS,113.6375961303711,8374900.0,Yahoo Finance,2026-09-21T04:37:35+00:00,2025-12-18
2025-03-18,MS,113.7821044921875,7234900.0,Yahoo Finance,2026-09-21T04:37:35+00:00,2025-12-18
2025-03-19,MS,115.4583511352539,8430800.0,Yahoo Finance,2026-09-21T04:37:35+00:00,2025-12-18
2025-03-20,MS,116.05562591552734,7026000.0,Yahoo Finance,2026-09-21T04:37:35+00:00,2025-12-18
2025-03-21,MS,115.73770904541016,10989900.0,Yahoo Finance,2026-09-21T04:37:35+00:00,2025-12-18
2025-03-24,MS,119.71637725830078,6184400.0,Yahoo Finance,2026-09-21T04:37:35+00:00,2025-12-18
2025-03-25,MS,120.6123046875,4326300.0,Yahoo Finance,2026-09-21T04:37:35+00:00,2025-12-18
2025-03-26,MS,117.72222900390625,5084600.0,Yahoo Finance,2026-09-21T04:37:35+00:00,2025-12-18
2025-03-27,MS,114.63948059082031,8239400.0,Yahoo Finance,2026-09-21T04:37:35+00:00,2025-12-18
2025-03-28,MS,111.1039810180664,7349400.0,Yahoo Finance,2026-09-21T04:37:35+00:00,2025-12-18
2025-03-31,MS,112.3948745727539,7616600.0,Yahoo Finance,2026-09-21T04:37:35+00:00,2025-12-18
2025-04-01,MS,111.49893951416016,6651000.0,Yahoo Finance,2026-09-21T04:37:35+00:00,2025-12-18
2025-04-02,MS,114.89959716796875,8415300.0,Yahoo Finance,2026-09-21T04:37:35+00:00,2025-12-18
2025-04-03,MS,103.97512817382812,15186100.0,Yahoo Finance,2026-09-21T04:37:35+00:00,2025-12-18
2025-04-04,MS,96.17193603515625,18876900.0,Yahoo Finance,2026-09-21T04:37:35+00:00,2025-12-18
2025-04-07,MS,97.22200012207031,20721400.0,Yahoo Finance,2026-09-21T04:37:35+00:00,2025-12-18
2025-04-08,MS,96.63434600830078,10710100.0,Yahoo Finance,2026-09-21T04:37:35+00:00,2025-12-18
2025-04-09,MS,107.60697174072266,16919500.0,Yahoo Finance,2026-09-21T04:37:35+00:00,2025-12-18
2025-04-10,MS,102.67459869384766,10956700.0,Yahoo Finance,2026-09-21T04:37:35+00:00,2025-12-18
2025-04-11,MS,104.15815734863281,10573200.0,Yahoo Finance,2026-09-21T04:37:35+00:00,2025-12-18
2025-04-14,MS,105.11189270019531,8224500.0,Yahoo Finance,2026-09-21T04:37:35+00:00,2025-12-18
2025-04-15,MS,106.3931655883789,6003800.0,Yahoo Finance,2026-09-21T04:37:35+00:00,2025-12-18
2025-04-16,MS,103.90769958496094,6520100.0,Yahoo Finance,2026-09-21T04:37:35+00:00,2025-12-18
2025-04-17,MS,105.1793212890625,5233100.0,Yahoo Finance,2026-09-21T04:37:35+00:00,2025-12-18
2025-04-21,MS,102.40485382080078,7784500.0,Yahoo Finance,2026-09-21T04:37:35+00:00,2025-12-18
2025-04-22,MS,106.33535766601562,6571300.0,Yahoo Finance,2026-09-21T04:37:35+00:00,2025-12-18
2025-04-23,MS,108.19463348388672,9243800.0,Yahoo Finance,2026-09-21T04:37:35+00:00,2025-12-18
2025-04-24,MS,111.36408233642578,6640700.0,Yahoo Finance,2026-09-21T04:37:35+00:00,2025-12-18
2025-04-25,MS,111.75906372070312,5013200.0,Yahoo Finance,2026-09-21T04:37:35+00:00,2025-12-18
2025-04-28,MS,111.58565521240234,4171200.0,Yahoo Finance,2026-09-21T04:37:35+00:00,2025-12-18
2025-04-29,MS,111.95172119140625,4689800.0,Yahoo Finance,2026-09-21T04:37:35+00:00,2025-12-18
2025-04-30,MS,112.08282470703125,6502400.0,Yahoo Finance,2026-09-21T04:37:35+00:00,2025-12-18
2025-05-01,MS,113.38407897949219,7743600.0,Yahoo Finance,2026-09-21T04:37:35+00:00,2025-12-18
2025-05-02,MS,116.7440414428711,6894400.0,Yahoo Finance,2026-09-21T04:37:35+00:00,2025-12-18
2025-05-05,MS,116.14196014404297,6540300.0,Yahoo Finance,2026-09-21T04:37:35+00:00,2025-12-18
2025-05-06,MS,114.90868377685547,5739600.0,Yahoo Finance,2026-09-21T04:37:35+00:00,2025-12-18
2025-05-07,MS,115.65641784667969,4680600.0,Yahoo Finance,2026-09-21T04:37:35+00:00,2025-12-18
2025-05-08,MS,118.35604095458984,6449300.0,Yahoo Finance,2026-09-21T04:37:35+00:00,2025-12-18
2025-05-09,MS,118.18124389648438,4240100.0,Yahoo Finance,2026-09-21T04:37:35+00:00,2025-12-18
2025-05-12,MS,123.38627624511719,9162100.0,Yahoo Finance,2026-09-21T04:37:35+00:00,2025-12-18
2025-05-13,MS,125.61006927490234,6086700.0,Yahoo Finance,2026-09-21T04:37:35+00:00,2025-12-18
2025-05-14,MS,127.25119018554688,6273400.0,Yahoo Finance,2026-09-21T04:37:35+00:00,2025-12-18
2025-05-15,MS,128.67868041992188,7209300.0,Yahoo Finance,2026-09-21T04:37:35+00:00,2025-12-18
2025-05-16,MS,128.3582305908203,6303800.0,Yahoo Finance,2026-09-21T04:37:35+00:00,2025-12-18
2025-05-19,MS,127.05697631835938,7703500.0,Yahoo Finance,2026-09-21T04:37:35+00:00,2025-12-18
2025-05-20,MS,125.39641571044922,5220100.0,Yahoo Finance,2026-09-21T04:37:35+00:00,2025-12-18
2025-05-21,MS,121.67715454101562,6371600.0,Yahoo Finance,2026-09-21T04:37:35+00:00,2025-12-18
2025-05-22,MS,122.60940551757812,5689200.0,Yahoo Finance,2026-09-21T04:37:35+00:00,2025-12-18
2025-05-23,MS,122.42488861083984,3361400.0,Yahoo Finance,2026-09-21T04:37:35+00:00,2025-12-18
2025-05-27,MS,125.47410583496094,5472400.0,Yahoo Finance,2026-09-21T04:37:35+00:00,2025-12-18
2025-05-28,MS,123.82325744628906,4050900.0,Yahoo Finance,2026-09-21T04:37:35+00:00,2025-12-18
2025-05-29,MS,124.4544677734375,4337500.0,Yahoo Finance,2026-09-21T04:37:35+00:00,2025-12-18
2025-05-30,MS,124.3282241821289,6436100.0,Yahoo Finance,2026-09-21T04:37:35+00:00,2025-12-18
2025-06-02,MS,124.68751525878906,3607900.0,Yahoo Finance,2026-09-21T04:37:35+00:00,2025-12-18
2025-06-03,MS,124.95942687988281,4145600.0,Yahoo Finance,2026-09-21T04:37:35+00:00,2025-12-18
2025-06-04,MS,124.4544677734375,3123200.0,Yahoo Finance,2026-09-21T04:37:35+00:00,2025-12-18
2025-06-05,MS,126.84332275390625,6193300.0,Yahoo Finance,2026-09-21T04:37:35+00:00,2025-12-18
2025-06-06,MS,128.00865173339844,5004400.0,Yahoo Finance,2026-09-21T04:37:35+00:00,2025-12-18
2025-06-09,MS,128.13487243652344,4838600.0,Yahoo Finance,2026-09-21T04:37:35+00:00,2025-12-18
2025-06-10,MS,128.00865173339844,3816900.0,Yahoo Finance,2026-09-21T04:37:35+00:00,2025-12-18
2025-06-11,MS,127.99893188476562,5810200.0,Yahoo Finance,2026-09-21T04:37:35+00:00,2025-12-18
2025-06-12,MS,128.1057586669922,4258700.0,Yahoo Finance,2026-09-21T04:37:35+00:00,2025-12-18
2025-06-13,MS,125.74601745605469,4367500.0,Yahoo Finance,2026-09-21T04:37:35+00:00,2025-12-18
2025-06-16,MS,127.11522674560547,6240500.0,Yahoo Finance,2026-09-21T04:37:35+00:00,2025-12-18
2025-06-17,MS,126.32867431640625,4767700.0,Yahoo Finance,2026-09-21T04:37:35+00:00,2025-12-18
2025-06-18,MS,128.68841552734375,6170400.0,Yahoo Finance,2026-09-21T04:37:35+00:00,2025-12-18
2025-06-20,MS,128.87290954589844,8904400.0,Yahoo Finance,2026-09-21T04:37:35+00:00,2025-12-18
2025-06-23,MS,130.1256103515625,5232400.0,Yahoo Finance,2026-09-21T04:37:35+00:00,2025-12-18
2025-06-24,MS,131.97067260742188,5599900.0,Yahoo Finance,2026-09-21T04:37:35+00:00,2025-12-18
2025-06-25,MS,133.738037109375,5736400.0,Yahoo Finance,2026-09-21T04:37:35+00:00,2025-12-18
2025-06-26,MS,135.70936584472656,6013200.0,Yahoo Finance,2026-09-21T04:37:35+00:00,2025-12-18
2025-06-27,MS,136.6221923828125,7249300.0,Yahoo Finance,2026-09-21T04:37:35+00:00,2025-12-18
2025-06-30,MS,136.78726196289062,8034400.0,Yahoo Finance,2026-09-21T04:37:35+00:00,2025-12-18
2025-07-01,MS,136.99119567871094,6166700.0,Yahoo Finance,2026-09-21T04:37:35+00:00,2025-12-18
2025-07-02,MS,138.72943115234375,5494500.0,Yahoo Finance,2026-09-21T04:37:35+00:00,2025-12-18
2025-07-03,MS,139.97242736816406,3974700.0,Yahoo Finance,2026-09-21T04:37:35+00:00,2025-12-18
2025-07-07,MS,139.583984375,5991600.0,Yahoo Finance,2026-09-21T04:37:35+00:00,2025-12-18
2025-07-08,MS,137.04946899414062,6620400.0,Yahoo Finance,2026-09-21T04:37:35+00:00,2025-12-18
2025-07-09,MS,137.4573211669922,4837000.0,Yahoo Finance,2026-09-21T04:37:35+00:00,2025-12-18
2025-07-10,MS,138.95277404785156,5622800.0,Yahoo Finance,2026-09-21T04:37:35+00:00,2025-12-18
2025-07-11,MS,138.1662139892578,3647500.0,Yahoo Finance,2026-09-21T04:37:35+00:00,2025-12-18
2025-07-14,MS,139.80735778808594,5376100.0,Yahoo Finance,2026-09-21T04:37:35+00:00,2025-12-18
2025-07-15,MS,137.49615478515625,7392200.0,Yahoo Finance,2026-09-21T04:37:35+00:00,2025-12-18
2025-07-16,MS,135.74818420410156,10610800.0,Yahoo Finance,2026-09-21T04:37:35+00:00,2025-12-18
2025-07-17,MS,136.8260955810547,7695800.0,Yahoo Finance,2026-09-21T04:37:35+00:00,2025-12-18
2025-07-18,MS,136.75811767578125,5572300.0,Yahoo Finance,2026-09-21T04:37:35+00:00,2025-12-18
2025-07-21,MS,136.40853881835938,5853400.0,Yahoo Finance,2026-09-21T04:37:35+00:00,2025-12-18
2025-07-22,MS,135.990966796875,5257200.0,Yahoo Finance,2026-09-21T04:37:35+00:00,2025-12-18
2025-07-23,MS,138.09823608398438,6612900.0,Yahoo Finance,2026-09-21T04:37:35+00:00,2025-12-18
2025-07-24,MS,138.3798370361328,3817900.0,Yahoo Finance,2026-09-21T04:37:35+00:00,2025-12-18
2025-07-25,MS,138.87510681152344,3463000.0,Yahoo Finance,2026-09-21T04:37:35+00:00,2025-12-18
2025-07-28,MS,138.4381103515625,3729300.0,Yahoo Finance,2026-09-21T04:37:35+00:00,2025-12-18
2025-07-29,MS,139.40921020507812,5158700.0,Yahoo Finance,2026-09-21T04:37:35+00:00,2025-12-18
2025-07-30,MS,140.74929809570312,5236800.0,Yahoo Finance,2026-09-21T04:37:35+00:00,2025-12-18
2025-07-31,MS,139.30210876464844,5523700.0,Yahoo Finance,2026-09-21T04:37:35+00:00,2025-12-18
2025-08-01,MS,136.00682067871094,6678500.0,Yahoo Finance,2026-09-21T04:37:35+00:00,2025-12-18
2025-08-04,MS,138.2264862060547,3851500.0,Yahoo Finance,2026-09-21T04:37:35+00:00,2025-12-18
2025-08-05,MS,137.34645080566406,5331100.0,Yahoo Finance,2026-09-21T04:37:35+00:00,2025-12-18
2025-08-06,MS,138.16781616210938,3765800.0,Yahoo Finance,2026-09-21T04:37:35+00:00,2025-12-18
2025-08-07,MS,137.79623413085938,3728600.0,Yahoo Finance,2026-09-21T04:37:35+00:00,2025-12-18
2025-08-08,MS,140.00613403320312,3943500.0,Yahoo Finance,2026-09-21T04:37:35+00:00,2025-12-18
2025-08-11,MS,140.69064331054688,4024700.0,Yahoo Finance,2026-09-21T04:37:35+00:00,2025-12-18
2025-08-12,MS,144.02503967285156,7111600.0,Yahoo Finance,2026-09-21T04:37:35+00:00,2025-12-18
2025-08-13,MS,144.484619140625,5542000.0,Yahoo Finance,2026-09-21T04:37:35+00:00,2025-12-18
2025-08-14,MS,145.21800231933594,4188600.0,Yahoo Finance,2026-09-21T04:37:35+00:00,2025-12-18
2025-08-15,MS,141.42401123046875,4986000.0,Yahoo Finance,2026-09-21T04:37:35+00:00,2025-12-18
2025-08-18,MS,141.5706787109375,3548700.0,Yahoo Finance,2026-09-21T04:37:35+00:00,2025-12-18
2025-08-19,MS,140.87643432617188,4257700.0,Yahoo Finance,2026-09-21T04:37:35+00:00,2025-12-18
2025-08-20,MS,140.92530822753906,4619300.0,Yahoo Finance,2026-09-21T04:37:35+00:00,2025-12-18
2025-08-21,MS,140.84707641601562,3269400.0,Yahoo Finance,2026-09-21T04:37:35+00:00,2025-12-18
2025-08-22,MS,144.73886108398438,6759600.0,Yahoo Finance,2026-09-21T04:37:35+00:00,2025-12-18
2025-08-25,MS,144.37704467773438,2596500.0,Yahoo Finance,2026-09-21T04:37:35+00:00,2025-12-18
2025-08-26,MS,145.6678009033203,4453800.0,Yahoo Finance,2026-09-21T04:37:35+00:00,2025-12-18
2025-08-27,MS,146.0687255859375,3329200.0,Yahoo Finance,2026-09-21T04:37:35+00:00,2025-12-18
2025-08-28,MS,146.85096740722656,3898100.0,Yahoo Finance,2026-09-21T04:37:35+00:00,2025-12-18
2025-08-29,MS,147.14431762695312,3629400.0,Yahoo Finance,2026-09-21T04:37:35+00:00,2025-12-18
2025-09-02,MS,145.55047607421875,5330200.0,Yahoo Finance,2026-09-21T04:37:35+00:00,2025-12-18
2025-09-03,MS,145.23756408691406,4338900.0,Yahoo Finance,2026-09-21T04:37:35+00:00,2025-12-18
2025-09-04,MS,147.19320678710938,3955000.0,Yahoo Finance,2026-09-21T04:37:35+00:00,2025-12-18
2025-09-05,MS,144.80731201171875,5697300.0,Yahoo Finance,2026-09-21T04:37:35+00:00,2025-12-18
2025-09-08,MS,145.4917755126953,3820800.0,Yahoo Finance,2026-09-21T04:37:35+00:00,2025-12-18
2025-09-09,MS,148.84576416015625,6673200.0,Yahoo Finance,2026-09-21T04:37:35+00:00,2025-12-18
2025-09-10,MS,150.70362854003906,4945600.0,Yahoo Finance,2026-09-21T04:37:35+00:00,2025-12-18
2025-09-11,MS,153.01132202148438,7399500.0,Yahoo Finance,2026-09-21T04:37:35+00:00,2025-12-18
2025-09-12,MS,152.92332458496094,4341600.0,Yahoo Finance,2026-09-21T04:37:35+00:00,2025-12-18
2025-09-15,MS,153.16778564453125,4829900.0,Yahoo Finance,2026-09-21T04:37:35+00:00,2025-12-18
2025-09-16,MS,152.35618591308594,7539500.0,Yahoo Finance,2026-09-21T04:37:35+00:00,2025-12-18
2025-09-17,MS,153.9207305908203,4604200.0,Yahoo Finance,2026-09-21T04:37:35+00:00,2025-12-18
2025-09-18,MS,155.71014404296875,4323700.0,Yahoo Finance,2026-09-21T04:37:35+00:00,2025-12-18
2025-09-19,MS,156.3653106689453,14902000.0,Yahoo Finance,2026-09-21T04:37:35+00:00,2025-12-18
2025-09-22,MS,157.14756774902344,4421200.0,Yahoo Finance,2026-09-21T04:37:35+00:00,2025-12-18
2025-09-23,MS,157.1964569091797,5335900.0,Yahoo Finance,2026-09-21T04:37:35+00:00,2025-12-18
2025-09-24,MS,154.3802947998047,5195200.0,Yahoo Finance,2026-09-21T04:37:35+00:00,2025-12-18
2025-09-25,MS,155.4265594482422,5351100.0,Yahoo Finance,2026-09-21T04:37:35+00:00,2025-12-18
2025-09-26,MS,156.5608673095703,5326800.0,Yahoo Finance,2026-09-21T04:37:35+00:00,2025-12-18
2025-09-29,MS,157.58758544921875,4186000.0,Yahoo Finance,2026-09-21T04:37:35+00:00,2025-12-18
2025-09-30,MS,155.43637084960938,5547100.0,Yahoo Finance,2026-09-21T04:37:35+00:00,2025-12-18
2025-10-01,MS,153.41224670410156,5467400.0,Yahoo Finance,2026-09-21T04:37:35+00:00,2025-12-18
2025-10-02,MS,151.85748291015625,5087400.0,Yahoo Finance,2026-09-21T04:37:35+00:00,2025-12-18
2025-10-03,MS,154.09671020507812,5182100.0,Yahoo Finance,2026-09-21T04:37:35+00:00,2025-12-18
2025-10-06,MS,154.5856475830078,4696300.0,Yahoo Finance,2026-09-21T04:37:35+00:00,2025-12-18
2025-10-07,MS,152.51263427734375,4589700.0,Yahoo Finance,2026-09-21T04:37:35+00:00,2025-12-18
2025-10-08,MS,152.19972229003906,4038600.0,Yahoo Finance,2026-09-21T04:37:35+00:00,2025-12-18
2025-10-09,MS,152.8059844970703,6092600.0,Yahoo Finance,2026-09-21T04:37:35+00:00,2025-12-18
2025-10-10,MS,148.49375915527344,5531700.0,Yahoo Finance,2026-09-21T04:37:35+00:00,2025-12-18
2025-10-13,MS,151.69125366210938,4735800.0,Yahoo Finance,2026-09-21T04:37:35+00:00,2025-12-18
2025-10-14,MS,151.89657592773438,8023800.0,Yahoo Finance,2026-09-21T04:37:35+00:00,2025-12-18
2025-10-15,MS,159.0445556640625,13673700.0,Yahoo Finance,2026-09-21T04:37:35+00:00,2025-12-18
2025-10-16,MS,156.4728546142578,10477500.0,Yahoo Finance,2026-09-21T04:37:35+00:00,2025-12-18
2025-10-17,MS,155.1527862548828,7965000.0,Yahoo Finance,2026-09-21T04:37:35+00:00,2025-12-18
2025-10-20,MS,158.379638671875,5741000.0,Yahoo Finance,2026-09-21T04:37:35+00:00,2025-12-18
2025-10-21,MS,155.7003631591797,4220600.0,Yahoo Finance,2026-09-21T04:37:35+00:00,2025-12-18
2025-10-22,MS,154.61497497558594,4360200.0,Yahoo Finance,2026-09-21T04:37:35+00:00,2025-12-18
2025-10-23,MS,155.77859497070312,3735600.0,Yahoo Finance,2026-09-21T04:37:35+00:00,2025-12-18
2025-10-24,MS,160.22772216796875,5547500.0,Yahoo Finance,2026-09-21T04:37:35+00:00,2025-12-18
2025-10-27,MS,162.33984375,5056000.0,Yahoo Finance,2026-09-21T04:37:35+00:00,2025-12-18
2025-10-28,MS,161.54782104492188,3601000.0,Yahoo Finance,2026-09-21T04:37:35+00:00,2025-12-18
2025-10-29,MS,160.39395141601562,4963500.0,Yahoo Finance,2026-09-21T04:37:35+00:00,2025-12-18
2025-10-30,MS,161.59669494628906,4960500.0,Yahoo Finance,2026-09-21T04:37:35+00:00,2025-12-18
2025-10-31,MS,161.34091186523438,5323500.0,Yahoo Finance,2026-09-21T04:37:35+00:00,2025-12-18
2025-11-03,MS,160.99659729003906,4719200.0,Yahoo Finance,2026-09-21T04:37:35+00:00,2025-12-18
2025-11-04,MS,161.3507537841797,5739200.0,Yahoo Finance,2026-09-21T04:37:35+00:00,2025-12-18
2025-11-05,MS,162.5017852783203,4133000.0,Yahoo Finance,2026-09-21T04:37:35+00:00,2025-12-18
2025-11-06,MS,160.7703094482422,4292900.0,Yahoo Finance,2026-09-21T04:37:35+00:00,2025-12-18
2025-11-07,MS,159.72750854492188,6323300.0,Yahoo Finance,2026-09-21T04:37:35+00:00,2025-12-18
2025-11-10,MS,162.3739013671875,5015400.0,Yahoo Finance,2026-09-21T04:37:35+00:00,2025-12-18
2025-11-11,MS,163.80038452148438,3237600.0,Yahoo Finance,2026-09-21T04:37:35+00:00,2025-12-18
2025-11-12,MS,167.1649169921875,6892900.0,Yahoo Finance,2026-09-21T04:37:35+00:00,2025-12-18
2025-11-13,MS,162.92481994628906,6090900.0,Yahoo Finance,2026-09-21T04:37:35+00:00,2025-12-18
2025-11-14,MS,161.20318603515625,6691200.0,Yahoo Finance,2026-09-21T04:37:35+00:00,2025-12-18
2025-11-17,MS,156.86468505859375,5727200.0,Yahoo Finance,2026-09-21T04:37:35+00:00,2025-12-18
2025-11-18,MS,157.238525390625,4864900.0,Yahoo Finance,2026-09-21T04:37:35+00:00,2025-12-18
2025-11-19,MS,159.6586456298828,6413600.0,Yahoo Finance,2026-09-21T04:37:35+00:00,2025-12-18
2025-11-20,MS,156.12684631347656,5258600.0,Yahoo Finance,2026-09-21T04:37:35+00:00,2025-12-18
2025-11-21,MS,155.60543823242188,9021300.0,Yahoo Finance,2026-09-21T04:37:35+00:00,2025-12-18
2025-11-24,MS,160.1898956298828,10125700.0,Yahoo Finance,2026-09-21T04:37:35+00:00,2025-12-18
2025-11-25,MS,162.7477264404297,5561000.0,Yahoo Finance,2026-09-21T04:37:35+00:00,2025-12-18
2025-11-26,MS,165.217041015625,4844200.0,Yahoo Finance,2026-09-21T04:37:35+00:00,2025-12-18
2025-11-28,MS,166.90914916992188,2133700.0,Yahoo Finance,2026-09-21T04:37:35+00:00,2025-12-18
2025-12-01,MS,165.73843383789062,4393500.0,Yahoo Finance,2026-09-21T04:37:35+00:00,2025-12-18
2025-12-02,MS,166.348388671875,4338700.0,Yahoo Finance,2026-09-21T04:37:35+00:00,2025-12-18
2025-12-03,MS,170.9033203125,6223300.0,Yahoo Finance,2026-09-21T04:37:35+00:00,2025-12-18
2025-12-04,MS,172.05435180664062,4813200.0,Yahoo Finance,2026-09-21T04:37:35+00:00,2025-12-18
2025-12-05,MS,173.64808654785156,4641600.0,Yahoo Finance,2026-09-21T04:37:35+00:00,2025-12-18
2025-12-08,MS,173.962890625,7271700.0,Yahoo Finance,2026-09-21T04:37:35+00:00,2025-12-18
2025-12-09,MS,175.93045043945312,4191200.0,Yahoo Finance,2026-09-21T04:37:35+00:00,2025-12-18
2025-12-10,MS,176.79620361328125,6591200.0,Yahoo Finance,2026-09-21T04:37:35+00:00,2025-12-18
2025-12-11,MS,177.36679077148438,7598700.0,Yahoo Finance,2026-09-21T04:37:35+00:00,2025-12-18
2025-12-12,MS,175.5172882080078,4961500.0,Yahoo Finance,2026-09-21T04:37:35+00:00,2025-12-18
2025-12-15,MS,174.90733337402344,5219000.0,Yahoo Finance,2026-09-21T04:37:35+00:00,2025-12-18
2025-12-16,MS,173.64808654785156,6840500.0,Yahoo Finance,2026-09-21T04:37:35+00:00,2025-12-18
2025-12-17,MS,171.96580505371094,5796100.0,Yahoo Finance,2026-09-21T04:37:35+00:00,2025-12-18
2025-12-18,MS,170.15565490722656,7993400.0,Yahoo Finance,2026-09-21T04:37:35+00:00,2025-12-18
2024-11-13,MSFT,418.5876159667969,21502200.0,Yahoo Finance,2026-09-21T04:37:35+00:00,2025-12-18
2024-11-14,MSFT,420.2513427734375,30246900.0,Yahoo Finance,2026-09-21T04:37:35+00:00,2025-12-18
2024-11-15,MSFT,408.54620361328125,28247600.0,Yahoo Finance,2026-09-21T04:37:35+00:00,2025-12-18
2024-11-18,MSFT,409.29443359375,24727000.0,Yahoo Finance,2026-09-21T04:37:35+00:00,2025-12-18
2024-11-19,MSFT,411.2928161621094,18133500.0,Yahoo Finance,2026-09-21T04:37:35+00:00,2025-12-18
2024-11-20,MSFT,409.0285949707031,19191700.0,Yahoo Finance,2026-09-21T04:37:35+00:00,2025-12-18
2024-11-21,MSFT,407.26287841796875,20780200.0,Yahoo Finance,2026-09-21T04:37:35+00:00,2025-12-18
2024-11-22,MSFT,411.3368225097656,24814600.0,Yahoo Finance,2026-09-21T04:37:35+00:00,2025-12-18
2024-11-25,MSFT,413.10247802734375,27691100.0,Yahoo Finance,2026-09-21T04:37:35+00:00,2025-12-18
2024-11-26,MSFT,422.17755126953125,23458900.0,Yahoo Finance,2026-09-21T04:37:35+00:00,2025-12-18
2024-11-27,MSFT,417.2454528808594,18332400.0,Yahoo Finance,2026-09-21T04:37:35+00:00,2025-12-18
2024-11-29,MSFT,417.7090759277344,16271900.0,Yahoo Finance,2026-09-21T04:37:35+00:00,2025-12-18
2024-12-02,MSFT,425.126953125,20207200.0,Yahoo Finance,2026-09-21T04:37:35+00:00,2025-12-18
2024-12-03,MSFT,425.3439636230469,18302000.0,Yahoo Finance,2026-09-21T04:37:35+00:00,2025-12-18
2024-12-04,MSFT,431.4795227050781,26009400.0,Yahoo Finance,2026-09-21T04:37:35+00:00,2025-12-18
2024-12-05,MSFT,436.6088562011719,21697800.0,Yahoo Finance,2026-09-21T04:37:35+00:00,2025-12-18
2024-12-06,MSFT,437.5459899902344,18821000.0,Yahoo Finance,2026-09-21T04:37:35+00:00,2025-12-18
2024-12-09,MSFT,439.96270751953125,19144400.0,Yahoo Finance,2026-09-21T04:37:35+00:00,2025-12-18
2024-12-10,MSFT,437.3092041015625,18469500.0,Yahoo Finance,2026-09-21T04:37:35+00:00,2025-12-18
2024-12-11,MSFT,442.892333984375,19200200.0,Yahoo Finance,2026-09-21T04:37:35+00:00,2025-12-18
2024-12-12,MSFT,443.4546203613281,20834800.0,Yahoo Finance,2026-09-21T04:37:35+00:00,2025-12-18
2024-12-13,MSFT,441.1956787109375,20177800.0,Yahoo Finance,2026-09-21T04:37:35+00:00,2025-12-18
2024-12-16,MSFT,445.4570617675781,23598800.0,Yahoo Finance,2026-09-21T04:37:35+00:00,2025-12-18
2024-12-17,MSFT,448.2880554199219,22733500.0,Yahoo Finance,2026-09-21T04:37:35+00:00,2025-12-18
2024-12-18,MSFT,431.4499206542969,24444500.0,Yahoo Finance,2026-09-21T04:37:35+00:00,2025-12-18
2024-12-19,MSFT,431.0948181152344,22963700.0,Yahoo Finance,2026-09-21T04:37:35+00:00,2025-12-18
2024-12-20,MSFT,430.670654296875,64263700.0,Yahoo Finance,2026-09-21T04:37:35+00:00,2025-12-18
2024-12-23,MSFT,429.33892822265625,19152500.0,Yahoo Finance,2026-09-21T04:37:35+00:00,2025-12-18
2024-12-24,MSFT,433.3634948730469,7164500.0,Yahoo Finance,2026-09-21T04:37:35+00:00,2025-12-18
2024-12-26,MSFT,432.1601257324219,8194200.0,Yahoo Finance,2026-09-21T04:37:35+00:00,2025-12-18
2024-12-27,MSFT,424.6830749511719,18117700.0,Yahoo Finance,2026-09-21T04:37:35+00:00,2025-12-18
2024-12-30,MSFT,419.0604553222656,13158700.0,Yahoo Finance,2026-09-21T04:37:35+00:00,2025-12-18
2024-12-31,MSFT,415.77569580078125,13246500.0,Yahoo Finance,2026-09-21T04:37:35+00:00,2025-12-18
2025-01-02,MSFT,412.8952941894531,16896500.0,Yahoo Finance,2026-09-21T04:37:35+00:00,2025-12-18
2025-01-03,MSFT,417.6005554199219,16662900.0,Yahoo Finance,2026-09-21T04:37:35+00:00,2025-12-18
2025-01-06,MSFT,422.0394592285156,20573600.0,Yahoo Finance,2026-09-21T04:37:35+00:00,2025-12-18
2025-01-07,MSFT,416.63385009765625,18139100.0,Yahoo Finance,2026-09-21T04:37:35+00:00,2025-12-18
2025-01-08,MSFT,418.794189453125,15054600.0,Yahoo Finance,2026-09-21T04:37:35+00:00,2025-12-18
2025-01-10,MSFT,413.2603759765625,20201100.0,Yahoo Finance,2026-09-21T04:37:35+00:00,2025-12-18
2025-01-13,MSFT,411.52423095703125,17604800.0,Yahoo Finance,2026-09-21T04:37:35+00:00,2025-12-18
2025-01-14,MSFT,410.02490234375,16935900.0,Yahoo Finance,2026-09-21T04:37:35+00:00,2025-12-18
2025-01-15,MSFT,420.5203552246094,19637800.0,Yahoo Finance,2026-09-21T04:37:35+00:00,2025-12-18
2025-01-16,MSFT,418.8138122558594,15300000.0,Yahoo Finance,2026-09-21T04:37:35+00:00,2025-12-18
2025-01-17,MSFT,423.2033996582031,26197500.0,Yahoo Finance,2026-09-21T04:37:35+00:00,2025-12-18
2025-01-21,MSFT,422.6806335449219,26085700.0,Yahoo Finance,2026-09-21T04:37:35+00:00,2025-12-18
2025-01-22,MSFT,440.1402587890625,27803800.0,Yahoo Finance,2026-09-21T04:37:35+00:00,2025-12-18
2025-01-23,MSFT,440.643310546875,18389300.0,Yahoo Finance,2026-09-21T04:37:35+00:00,2025-12-18
2025-01-24,MSFT,438.029296875,15549500.0,Yahoo Finance,2026-09-21T04:37:35+00:00,2025-12-18
2025-01-27,MSFT,428.6583251953125,35647800.0,Yahoo Finance,2026-09-21T04:37:35+00:00,2025-12-18
2025-01-28,MSFT,441.1266784667969,23491700.0,Yahoo Finance,2026-09-21T04:37:35+00:00,2025-12-18
2025-01-29,MSFT,436.3227844238281,23581400.0,Yahoo Finance,2026-09-21T04:37:35+00:00,2025-12-18
2025-01-30,MSFT,409.35406494140625,54586300.0,Yahoo Finance,2026-09-21T04:37:35+00:00,2025-12-18
2025-01-31,MSFT,409.4231262207031,34161900.0,Yahoo Finance,2026-09-21T04:37:35+00:00,2025-12-18
2025-02-03,MSFT,405.33935546875,25679100.0,Yahoo Finance,2026-09-21T04:37:35+00:00,2025-12-18
2025-02-04,MSFT,406.76971435546875,20532100.0,Yahoo Finance,2026-09-21T04:37:35+00:00,2025-12-18
2025-02-05,MSFT,407.67718505859375,16316700.0,Yahoo Finance,2026-09-21T04:37:35+00:00,2025-12-18
2025-02-06,MSFT,410.1728515625,16309800.0,Yahoo Finance,2026-09-21T04:37:35+00:00,2025-12-18
2025-02-07,MSFT,404.1852722167969,22886800.0,Yahoo Finance,2026-09-21T04:37:35+00:00,2025-12-18
2025-02-10,MSFT,406.6217346191406,20817900.0,Yahoo Finance,2026-09-21T04:37:35+00:00,2025-12-18
2025-02-11,MSFT,405.852294921875,18140600.0,Yahoo Finance,2026-09-21T04:37:35+00:00,2025-12-18
2025-02-12,MSFT,403.48492431640625,19121700.0,Yahoo Finance,2026-09-21T04:37:35+00:00,2025-12-18
2025-02-13,MSFT,404.9645080566406,23891700.0,Yahoo Finance,2026-09-21T04:37:35+00:00,2025-12-18
2025-02-14,MSFT,402.8832092285156,22758500.0,Yahoo Finance,2026-09-21T04:37:35+00:00,2025-12-18
2025-02-18,MSFT,404.0767517089844,21423100.0,Yahoo Finance,2026-09-21T04:37:35+00:00,2025-12-18
2025-02-19,MSFT,409.1370849609375,24114200.0,Yahoo Finance,2026-09-21T04:37:35+00:00,2025-12-18
2025-02-20,MSFT,411.30169677734375,23508700.0,Yahoo Finance,2026-09-21T04:37:35+00:00,2025-12-18
2025-02-21,MSFT,403.47357177734375,27524800.0,Yahoo Finance,2026-09-21T04:37:35+00:00,2025-12-18
2025-02-24,MSFT,399.31243896484375,26443700.0,Yahoo Finance,2026-09-21T04:37:35+00:00,2025-12-18
2025-02-25,MSFT,393.2831726074219,29387400.0,Yahoo Finance,2026-09-21T04:37:35+00:00,2025-12-18
2025-02-26,MSFT,395.09197998046875,19619000.0,Yahoo Finance,2026-09-21T04:37:35+00:00,2025-12-18
2025-02-27,MSFT,387.97552490234375,21127400.0,Yahoo Finance,2026-09-21T04:37:35+00:00,2025-12-18
2025-02-28,MSFT,392.3837585449219,32845700.0,Yahoo Finance,2026-09-21T04:37:35+00:00,2025-12-18
2025-03-03,MSFT,383.9823913574219,23007700.0,Yahoo Finance,2026-09-21T04:37:35+00:00,2025-12-18
2025-03-04,MSFT,384.1009826660156,29342900.0,Yahoo Finance,2026-09-21T04:37:35+00:00,2025-12-18
2025-03-05,MSFT,396.36700439453125,23433100.0,Yahoo Finance,2026-09-21T04:37:35+00:00,2025-12-18
2025-03-06,MSFT,392.2849426269531,23304600.0,Yahoo Finance,2026-09-21T04:37:35+00:00,2025-12-18
2025-03-07,MSFT,388.7464599609375,22034100.0,Yahoo Finance,2026-09-21T04:37:35+00:00,2025-12-18
2025-03-10,MSFT,375.7490539550781,32840100.0,Yahoo Finance,2026-09-21T04:37:35+00:00,2025-12-18
2025-03-11,MSFT,376.0356750488281,30380200.0,Yahoo Finance,2026-09-21T04:37:35+00:00,2025-12-18
2025-03-12,MSFT,378.82293701171875,24253600.0,Yahoo Finance,2026-09-21T04:37:35+00:00,2025-12-18
2025-03-13,MSFT,374.37518310546875,20473000.0,Yahoo Finance,2026-09-21T04:37:35+00:00,2025-12-18
2025-03-14,MSFT,384.0516052246094,19952800.0,Yahoo Finance,2026-09-21T04:37:35+00:00,2025-12-18
2025-03-17,MSFT,384.1899719238281,22474300.0,Yahoo Finance,2026-09-21T04:37:35+00:00,2025-12-18
2025-03-18,MSFT,379.070068359375,19486900.0,Yahoo Finance,2026-09-21T04:37:35+00:00,2025-12-18
2025-03-19,MSFT,383.3201904296875,19185500.0,Yahoo Finance,2026-09-21T04:37:35+00:00,2025-12-18
2025-03-20,MSFT,382.3515625,18470500.0,Yahoo Finance,2026-09-21T04:37:35+00:00,2025-12-18
2025-03-21,MSFT,386.72027587890625,39675900.0,Yahoo Finance,2026-09-21T04:37:35+00:00,2025-12-18
2025-03-24,MSFT,388.5191345214844,21004500.0,Yahoo Finance,2026-09-21T04:37:35+00:00,2025-12-18
2025-03-25,MSFT,390.5749816894531,15775000.0,Yahoo Finance,2026-09-21T04:37:35+00:00,2025-12-18
2025-03-26,MSFT,385.44525146484375,16108400.0,Yahoo Finance,2026-09-21T04:37:35+00:00,2025-12-18
2025-03-27,MSFT,386.048095703125,13766800.0,Yahoo Finance,2026-09-21T04:37:35+00:00,2025-12-18
2025-03-28,MSFT,374.4048156738281,21632000.0,Yahoo Finance,2026-09-21T04:37:35+00:00,2025-12-18
2025-03-31,MSFT,371.0343933105469,35184700.0,Yahoo Finance,2026-09-21T04:37:35+00:00,2025-12-18
2025-04-01,MSFT,377.7554626464844,19689500.0,Yahoo Finance,2026-09-21T04:37:35+00:00,2025-12-18
2025-04-02,MSFT,377.7060546875,16092600.0,Yahoo Finance,2026-09-21T04:37:35+00:00,2025-12-18
2025-04-03,MSFT,368.78082275390625,30198000.0,Yahoo Finance,2026-09-21T04:37:35+00:00,2025-12-18
2025-04-04,MSFT,355.664794921875,49209900.0,Yahoo Finance,2026-09-21T04:37:35+00:00,2025-12-18
2025-04-07,MSFT,353.7077941894531,50425000.0,Yahoo Finance,2026-09-21T04:37:35+00:00,2025-12-18
2025-04-08,MSFT,350.44610595703125,35868900.0,Yahoo Finance,2026-09-21T04:37:35+00:00,2025-12-18
2025-04-09,MSFT,385.9591979980469,50199700.0,Yahoo Finance,2026-09-21T04:37:35+00:00,2025-12-18
2025-04-10,MSFT,376.9252014160156,38024400.0,Yahoo Finance,2026-09-21T04:37:35+00:00,2025-12-18
2025-04-11,MSFT,383.94287109375,23839200.0,Yahoo Finance,2026-09-21T04:37:35+00:00,2025-12-18
2025-04-14,MSFT,383.310302734375,19251200.0,Yahoo Finance,2026-09-21T04:37:35+00:00,2025-12-18
2025-04-15,MSFT,381.2544250488281,17199900.0,Yahoo Finance,2026-09-21T04:37:35+00:00,2025-12-18
2025-04-16,MSFT,367.2982177734375,21967800.0,Yahoo Finance,2026-09-21T04:37:35+00:00,2025-12-18
2025-04-17,MSFT,363.5126647949219,21120200.0,Yahoo Finance,2026-09-21T04:37:35+00:00,2025-12-18
2025-04-21,MSFT,354.9531555175781,20807300.0,Yahoo Finance,2026-09-21T04:37:35+00:00,2025-12-18
2025-04-22,MSFT,362.5638427734375,19485000.0,Yahoo Finance,2026-09-21T04:37:35+00:00,2025-12-18
2025-04-23,MSFT,370.04595947265625,20545500.0,Yahoo Finance,2026-09-21T04:37:35+00:00,2025-12-18
2025-04-24,MSFT,382.8061828613281,22232300.0,Yahoo Finance,2026-09-21T04:37:35+00:00,2025-12-18
2025-04-25,MSFT,387.30340576171875,18973200.0,Yahoo Finance,2026-09-21T04:37:35+00:00,2025-12-18
2025-04-28,MSFT,386.6214294433594,16579400.0,Yahoo Finance,2026-09-21T04:37:35+00:00,2025-12-18
2025-04-29,MSFT,389.468017578125,14974000.0,Yahoo Finance,2026-09-21T04:37:35+00:00,2025-12-18
2025-04-30,MSFT,390.6738586425781,36461100.0,Yahoo Finance,2026-09-21T04:37:35+00:00,2025-12-18
2025-05-01,MSFT,420.464111328125,58938100.0,Yahoo Finance,2026-09-21T04:37:35+00:00,2025-12-18
2025-05-02,MSFT,430.2294921875,30757400.0,Yahoo Finance,2026-09-21T04:37:35+00:00,2025-12-18
2025-05-05,MSFT,431.1092224121094,20136100.0,Yahoo Finance,2026-09-21T04:37:35+00:00,2025-12-18
2025-05-06,MSFT,428.2823486328125,15104200.0,Yahoo Finance,2026-09-21T04:37:35+00:00,2025-12-18
2025-05-07,MSFT,428.3218688964844,23295300.0,Yahoo Finance,2026-09-21T04:37:35+00:00,2025-12-18
2025-05-08,MSFT,433.08599853515625,23491300.0,Yahoo Finance,2026-09-21T04:37:35+00:00,2025-12-18
2025-05-09,MSFT,433.63946533203125,15324200.0,Yahoo Finance,2026-09-21T04:37:35+00:00,2025-12-18
2025-05-12,MSFT,444.0472717285156,22821900.0,Yahoo Finance,2026-09-21T04:37:35+00:00,2025-12-18
2025-05-13,MSFT,443.9287109375,23618800.0,Yahoo Finance,2026-09-21T04:37:35+00:00,2025-12-18
2025-05-14,MSFT,447.6846008300781,19902800.0,Yahoo Finance,2026-09-21T04:37:35+00:00,2025-12-18
2025-05-15,MSFT,448.6946105957031,21992300.0,Yahoo Finance,2026-09-21T04:37:35+00:00,2025-12-18
2025-05-16,MSFT,449.8233947753906,23849800.0,Yahoo Finance,2026-09-21T04:37:35+00:00,2025-12-18
2025-05-19,MSFT,454.37841796875,21336500.0,Yahoo Finance,2026-09-21T04:37:35+00:00,2025-12-18
2025-05-20,MSFT,453.6852722167969,15441800.0,Yahoo Finance,2026-09-21T04:37:35+00:00,2025-12-18
2025-05-21,MSFT,448.1401062011719,19216900.0,Yahoo Finance,2026-09-21T04:37:35+00:00,2025-12-18
2025-05-22,MSFT,450.40765380859375,18025600.0,Yahoo Finance,2026-09-21T04:37:35+00:00,2025-12-18
2025-05-23,MSFT,445.7734680175781,16883500.0,Yahoo Finance,2026-09-21T04:37:35+00:00,2025-12-18
2025-05-27,MSFT,456.18060302734375,20974300.0,Yahoo Finance,2026-09-21T04:37:35+00:00,2025-12-18
2025-05-28,MSFT,452.8831787109375,17086300.0,Yahoo Finance,2026-09-21T04:37:35+00:00,2025-12-18
2025-05-29,MSFT,454.1903076171875,13974800.0,Yahoo Finance,2026-09-21T04:37:35+00:00,2025-12-18
2025-05-30,MSFT,455.85382080078125,34770500.0,Yahoo Finance,2026-09-21T04:37:35+00:00,2025-12-18
2025-06-02,MSFT,457.4480895996094,16626500.0,Yahoo Finance,2026-09-21T04:37:35+00:00,2025-12-18
2025-06-03,MSFT,458.43829345703125,15743800.0,Yahoo Finance,2026-09-21T04:37:35+00:00,2025-12-18
2025-06-04,MSFT,459.3294677734375,14162700.0,Yahoo Finance,2026-09-21T04:37:35+00:00,2025-12-18
2025-06-05,MSFT,463.1022033691406,20131700.0,Yahoo Finance,2026-09-21T04:37:35+00:00,2025-12-18
2025-06-06,MSFT,465.7757263183594,15285600.0,Yahoo Finance,2026-09-21T04:37:35+00:00,2025-12-18
2025-06-09,MSFT,468.12255859375,16469900.0,Yahoo Finance,2026-09-21T04:37:35+00:00,2025-12-18
2025-06-10,MSFT,466.31048583984375,15375900.0,Yahoo Finance,2026-09-21T04:37:35+00:00,2025-12-18
2025-06-11,MSFT,467.99383544921875,16399200.0,Yahoo Finance,2026-09-21T04:37:35+00:00,2025-12-18
2025-06-12,MSFT,474.1826171875,18950600.0,Yahoo Finance,2026-09-21T04:37:35+00:00,2025-12-18
2025-06-13,MSFT,470.3109130859375,16814500.0,Yahoo Finance,2026-09-21T04:37:35+00:00,2025-12-18
2025-06-16,MSFT,474.45001220703125,15626100.0,Yahoo Finance,2026-09-21T04:37:35+00:00,2025-12-18
2025-06-17,MSFT,473.36077880859375,15414100.0,Yahoo Finance,2026-09-21T04:37:35+00:00,2025-12-18
2025-06-18,MSFT,475.53924560546875,17526500.0,Yahoo Finance,2026-09-21T04:37:35+00:00,2025-12-18
2025-06-20,MSFT,472.72698974609375,37576200.0,Yahoo Finance,2026-09-21T04:37:35+00:00,2025-12-18
2025-06-23,MSFT,481.24285888671875,24864000.0,Yahoo Finance,2026-09-21T04:37:35+00:00,2025-12-18
2025-06-24,MSFT,485.3126220703125,22305600.0,Yahoo Finance,2026-09-21T04:37:35+00:00,2025-12-18
2025-06-25,MSFT,487.45147705078125,17495100.0,Yahoo Finance,2026-09-21T04:37:35+00:00,2025-12-18
2025-06-26,MSFT,492.5807800292969,21578900.0,Yahoo Finance,2026-09-21T04:37:35+00:00,2025-12-18
2025-06-27,MSFT,491.0855712890625,34539200.0,Yahoo Finance,2026-09-21T04:37:35+00:00,2025-12-18
2025-06-30,MSFT,492.5411682128906,28369000.0,Yahoo Finance,2026-09-21T04:37:35+00:00,2025-12-18
2025-07-01,MSFT,487.23358154296875,19945400.0,Yahoo Finance,2026-09-21T04:37:35+00:00,2025-12-18
2025-07-02,MSFT,486.2830505371094,16319600.0,Yahoo Finance,2026-09-21T04:37:35+00:00,2025-12-18
2025-07-03,MSFT,493.95721435546875,13984800.0,Yahoo Finance,2026-09-21T04:37:35+00:00,2025-12-18
2025-07-07,MSFT,492.8481140136719,13981600.0,Yahoo Finance,2026-09-21T04:37:35+00:00,2025-12-18
2025-07-08,MSFT,491.7588806152344,11846600.0,Yahoo Finance,2026-09-21T04:37:35+00:00,2025-12-18
2025-07-09,MSFT,498.5814514160156,18659500.0,Yahoo Finance,2026-09-21T04:37:35+00:00,2025-12-18
2025-07-10,MSFT,496.5713195800781,16492100.0,Yahoo Finance,2026-09-21T04:37:35+00:00,2025-12-18
2025-07-11,MSFT,498.3933410644531,16459500.0,Yahoo Finance,2026-09-21T04:37:35+00:00,2025-12-18
2025-07-14,MSFT,498.0962219238281,12058800.0,Yahoo Finance,2026-09-21T04:37:35+00:00,2025-12-18
2025-07-15,MSFT,500.8688659667969,14927200.0,Yahoo Finance,2026-09-21T04:37:35+00:00,2025-12-18
2025-07-16,MSFT,500.6708068847656,15154400.0,Yahoo Finance,2026-09-21T04:37:35+00:00,2025-12-18
2025-07-17,MSFT,506.6912841796875,17503100.0,Yahoo Finance,2026-09-21T04:37:35+00:00,2025-12-18
2025-07-18,MSFT,505.05743408203125,21209700.0,Yahoo Finance,2026-09-21T04:37:35+00:00,2025-12-18
2025-07-21,MSFT,505.06732177734375,14066800.0,Yahoo Finance,2026-09-21T04:37:35+00:00,2025-12-18
2025-07-22,MSFT,500.3242492675781,13868600.0,Yahoo Finance,2026-09-21T04:37:35+00:00,2025-12-18
2025-07-23,MSFT,500.9183349609375,16396600.0,Yahoo Finance,2026-09-21T04:37:35+00:00,2025-12-18
2025-07-24,MSFT,505.8793029785156,16107000.0,Yahoo Finance,2026-09-21T04:37:35+00:00,2025-12-18
2025-07-25,MSFT,508.681640625,19125700.0,Yahoo Finance,2026-09-21T04:37:35+00:00,2025-12-18
2025-07-28,MSFT,507.4834899902344,14308000.0,Yahoo Finance,2026-09-21T04:37:35+00:00,2025-12-18
2025-07-29,MSFT,507.55279541015625,16469200.0,Yahoo Finance,2026-09-21T04:37:35+00:00,2025-12-18
2025-07-30,MSFT,508.21624755859375,26380400.0,Yahoo Finance,2026-09-21T04:37:35+00:00,2025-12-18
2025-07-31,MSFT,528.2778930664062,51617300.0,Yahoo Finance,2026-09-21T04:37:35+00:00,2025-12-18
2025-08-01,MSFT,518.9798583984375,28977600.0,Yahoo Finance,2026-09-21T04:37:35+00:00,2025-12-18
2025-08-04,MSFT,530.3969116210938,25349000.0,Yahoo Finance,2026-09-21T04:37:35+00:00,2025-12-18
2025-08-05,MSFT,522.584228515625,19171600.0,Yahoo Finance,2026-09-21T04:37:35+00:00,2025-12-18
2025-08-06,MSFT,519.8016967773438,21355700.0,Yahoo Finance,2026-09-21T04:37:35+00:00,2025-12-18
2025-08-07,MSFT,515.7418212890625,16079100.0,Yahoo Finance,2026-09-21T04:37:35+00:00,2025-12-18
2025-08-08,MSFT,516.9300537109375,15531000.0,Yahoo Finance,2026-09-21T04:37:35+00:00,2025-12-18
2025-08-11,MSFT,516.6627807617188,20194400.0,Yahoo Finance,2026-09-21T04:37:35+00:00,2025-12-18
2025-08-12,MSFT,524.0595092773438,18667000.0,Yahoo Finance,2026-09-21T04:37:35+00:00,2025-12-18
2025-08-13,MSFT,515.4844360351562,19619200.0,Yahoo Finance,2026-09-21T04:37:35+00:00,2025-12-18
2025-08-14,MSFT,517.36572265625,20269100.0,Yahoo Finance,2026-09-21T04:37:35+00:00,2025-12-18
2025-08-15,MSFT,515.0783081054688,25213300.0,Yahoo Finance,2026-09-21T04:37:35+00:00,2025-12-18
2025-08-18,MSFT,512.0383911132812,23760600.0,Yahoo Finance,2026-09-21T04:37:35+00:00,2025-12-18
2025-08-19,MSFT,504.7801818847656,21481000.0,Yahoo Finance,2026-09-21T04:37:35+00:00,2025-12-18
2025-08-20,MSFT,500.76983642578125,27723000.0,Yahoo Finance,2026-09-21T04:37:35+00:00,2025-12-18
2025-08-21,MSFT,500.1251525878906,18443300.0,Yahoo Finance,2026-09-21T04:37:35+00:00,2025-12-18
2025-08-22,MSFT,503.0907287597656,24324200.0,Yahoo Finance,2026-09-21T04:37:35+00:00,2025-12-18
2025-08-25,MSFT,500.1449890136719,21638600.0,Yahoo Finance,2026-09-21T04:37:35+00:00,2025-12-18
2025-08-26,MSFT,497.9430847167969,30835700.0,Yahoo Finance,2026-09-21T04:37:35+00:00,2025-12-18
2025-08-27,MSFT,502.604736328125,17277900.0,Yahoo Finance,2026-09-21T04:37:35+00:00,2025-12-18
2025-08-28,MSFT,505.4810791015625,18015600.0,Yahoo Finance,2026-09-21T04:37:35+00:00,2025-12-18
2025-08-29,MSFT,502.55511474609375,20961600.0,Yahoo Finance,2026-09-21T04:37:35+00:00,2025-12-18
2025-09-02,MSFT,500.9979248046875,18128000.0,Yahoo Finance,2026-09-21T04:37:35+00:00,2025-12-18
2025-09-03,MSFT,501.22607421875,16345100.0,Yahoo Finance,2026-09-21T04:37:35+00:00,2025-12-18
2025-09-04,MSFT,503.8246765136719,15509500.0,Yahoo Finance,2026-09-21T04:37:35+00:00,2025-12-18
2025-09-05,MSFT,490.9605407714844,31994800.0,Yahoo Finance,2026-09-21T04:37:35+00:00,2025-12-18
2025-09-08,MSFT,494.1344299316406,16771000.0,Yahoo Finance,2026-09-21T04:37:35+00:00,2025-12-18
2025-09-09,MSFT,494.34271240234375,14410500.0,Yahoo Finance,2026-09-21T04:37:35+00:00,2025-12-18
2025-09-10,MSFT,496.2867126464844,21611800.0,Yahoo Finance,2026-09-21T04:37:35+00:00,2025-12-18
2025-09-11,MSFT,496.9215087890625,18881600.0,Yahoo Finance,2026-09-21T04:37:35+00:00,2025-12-18
2025-09-12,MSFT,505.73895263671875,23624900.0,Yahoo Finance,2026-09-21T04:37:35+00:00,2025-12-18
2025-09-15,MSFT,511.1543884277344,17143800.0,Yahoo Finance,2026-09-21T04:37:35+00:00,2025-12-18
2025-09-16,MSFT,504.885986328125,19711900.0,Yahoo Finance,2026-09-21T04:37:35+00:00,2025-12-18
2025-09-17,MSFT,505.85797119140625,15816600.0,Yahoo Finance,2026-09-21T04:37:35+00:00,2025-12-18
2025-09-18,MSFT,504.3008117675781,18913700.0,Yahoo Finance,2026-09-21T04:37:35+00:00,2025-12-18
2025-09-19,MSFT,513.7034912109375,52474100.0,Yahoo Finance,2026-09-21T04:37:35+00:00,2025-12-18
2025-09-22,MSFT,510.2518310546875,20009300.0,Yahoo Finance,2026-09-21T04:37:35+00:00,2025-12-18
2025-09-23,MSFT,505.0744323730469,19799600.0,Yahoo Finance,2026-09-21T04:37:35+00:00,2025-12-18
2025-09-24,MSFT,505.9869079589844,13533700.0,Yahoo Finance,2026-09-21T04:37:35+00:00,2025-12-18
2025-09-25,MSFT,502.892333984375,15786500.0,Yahoo Finance,2026-09-21T04:37:35+00:00,2025-12-18
2025-09-26,MSFT,507.28619384765625,16213100.0,Yahoo Finance,2026-09-21T04:37:35+00:00,2025-12-18
2025-09-29,MSFT,510.4005126953125,17617800.0,Yahoo Finance,2026-09-21T04:37:35+00:00,2025-12-18
2025-09-30,MSFT,513.7232666015625,19728200.0,Yahoo Finance,2026-09-21T04:37:35+00:00,2025-12-18
2025-10-01,MSFT,515.4688110351562,22632300.0,Yahoo Finance,2026-09-21T04:37:35+00:00,2025-12-18
2025-10-02,MSFT,511.53131103515625,21222900.0,Yahoo Finance,2026-09-21T04:37:35+00:00,2025-12-18
2025-10-03,MSFT,513.1281127929688,15112300.0,Yahoo Finance,2026-09-21T04:37:35+00:00,2025-12-18
2025-10-06,MSFT,524.256591796875,21388600.0,Yahoo Finance,2026-09-21T04:37:35+00:00,2025-12-18
2025-10-07,MSFT,519.7040405273438,14615200.0,Yahoo Finance,2026-09-21T04:37:35+00:00,2025-12-18
2025-10-08,MSFT,520.5668334960938,13363400.0,Yahoo Finance,2026-09-21T04:37:35+00:00,2025-12-18
2025-10-09,MSFT,518.1369018554688,18343600.0,Yahoo Finance,2026-09-21T04:37:35+00:00,2025-12-18
2025-10-10,MSFT,506.790283203125,24133800.0,Yahoo Finance,2026-09-21T04:37:35+00:00,2025-12-18
2025-10-13,MSFT,509.8550720214844,14284200.0,Yahoo Finance,2026-09-21T04:37:35+00:00,2025-12-18
2025-10-14,MSFT,509.3789978027344,14684300.0,Yahoo Finance,2026-09-21T04:37:35+00:00,2025-12-18
2025-10-15,MSFT,509.2401428222656,14694700.0,Yahoo Finance,2026-09-21T04:37:35+00:00,2025-12-18
2025-10-16,MSFT,507.43499755859375,15559600.0,Yahoo Finance,2026-09-21T04:37:35+00:00,2025-12-18
2025-10-17,MSFT,509.3889465332031,19867800.0,Yahoo Finance,2026-09-21T04:37:35+00:00,2025-12-18
2025-10-20,MSFT,512.57275390625,14665600.0,Yahoo Finance,2026-09-21T04:37:35+00:00,2025-12-18
2025-10-21,MSFT,513.4356079101562,15586200.0,Yahoo Finance,2026-09-21T04:37:35+00:00,2025-12-18
2025-10-22,MSFT,516.2921142578125,18962700.0,Yahoo Finance,2026-09-21T04:37:35+00:00,2025-12-18
2025-10-23,MSFT,516.3118896484375,14023500.0,Yahoo Finance,2026-09-21T04:37:35+00:00,2025-12-18
2025-10-24,MSFT,519.3369750976562,15532400.0,Yahoo Finance,2026-09-21T04:37:35+00:00,2025-12-18
2025-10-27,MSFT,527.1825561523438,18734700.0,Yahoo Finance,2026-09-21T04:37:35+00:00,2025-12-18
2025-10-28,MSFT,537.6463623046875,29986700.0,Yahoo Finance,2026-09-21T04:37:35+00:00,2025-12-18
2025-10-29,MSFT,537.130615234375,36023000.0,Yahoo Finance,2026-09-21T04:37:35+00:00,2025-12-18
2025-10-30,MSFT,521.4695434570312,41023100.0,Yahoo Finance,2026-09-21T04:37:35+00:00,2025-12-18
2025-10-31,MSFT,513.5843505859375,34006400.0,Yahoo Finance,2026-09-21T04:37:35+00:00,2025-12-18
2025-11-03,MSFT,512.8107299804688,22374700.0,Yahoo Finance,2026-09-21T04:37:35+00:00,2025-12-18
2025-11-04,MSFT,510.1328430175781,20958700.0,Yahoo Finance,2026-09-21T04:37:35+00:00,2025-12-18
2025-11-05,MSFT,503.0213317871094,23024300.0,Yahoo Finance,2026-09-21T04:37:35+00:00,2025-12-18
2025-11-06,MSFT,493.04339599609375,27406500.0,Yahoo Finance,2026-09-21T04:37:35+00:00,2025-12-18
2025-11-07,MSFT,492.76568603515625,24019800.0,Yahoo Finance,2026-09-21T04:37:35+00:00,2025-12-18
2025-11-10,MSFT,501.8707580566406,26101500.0,Yahoo Finance,2026-09-21T04:37:35+00:00,2025-12-18
2025-11-11,MSFT,504.5289306640625,17980000.0,Yahoo Finance,2026-09-21T04:37:35+00:00,2025-12-18
2025-11-12,MSFT,506.9688415527344,26574900.0,Yahoo Finance,2026-09-21T04:37:35+00:00,2025-12-18
2025-11-13,MSFT,499.1828918457031,25273100.0,Yahoo Finance,2026-09-21T04:37:35+00:00,2025-12-18
2025-11-14,MSFT,506.01666259765625,28505700.0,Yahoo Finance,2026-09-21T04:37:35+00:00,2025-12-18
2025-11-17,MSFT,503.34857177734375,19092800.0,Yahoo Finance,2026-09-21T04:37:35+00:00,2025-12-18
2025-11-18,MSFT,489.76043701171875,33815100.0,Yahoo Finance,2026-09-21T04:37:35+00:00,2025-12-18
2025-11-19,MSFT,483.14483642578125,23245300.0,Yahoo Finance,2026-09-21T04:37:35+00:00,2025-12-18
2025-11-20,MSFT,475.41387939453125,26802500.0,Yahoo Finance,2026-09-21T04:37:35+00:00,2025-12-18
2025-11-21,MSFT,469.1436462402344,31769200.0,Yahoo Finance,2026-09-21T04:37:35+00:00,2025-12-18
2025-11-24,MSFT,471.0118103027344,34421000.0,Yahoo Finance,2026-09-21T04:37:35+00:00,2025-12-18
2025-11-25,MSFT,473.9829406738281,28019800.0,Yahoo Finance,2026-09-21T04:37:35+00:00,2025-12-18
2025-11-26,MSFT,482.4393310546875,25709100.0,Yahoo Finance,2026-09-21T04:37:35+00:00,2025-12-18
2025-11-28,MSFT,488.9082946777344,14386700.0,Yahoo Finance,2026-09-21T04:37:35+00:00,2025-12-18
2025-12-01,MSFT,483.6714782714844,23964000.0,Yahoo Finance,2026-09-21T04:37:35+00:00,2025-12-18
2025-12-02,MSFT,486.91094970703125,19562700.0,Yahoo Finance,2026-09-21T04:37:35+00:00,2025-12-18
2025-12-03,MSFT,474.7182922363281,34615100.0,Yahoo Finance,2026-09-21T04:37:35+00:00,2025-12-18
2025-12-04,MSFT,477.8087158203125,22318200.0,Yahoo Finance,2026-09-21T04:37:35+00:00,2025-12-18
2025-12-05,MSFT,480.11407470703125,22608700.0,Yahoo Finance,2026-09-21T04:37:35+00:00,2025-12-18
2025-12-08,MSFT,487.9245300292969,21965900.0,Yahoo Finance,2026-09-21T04:37:35+00:00,2025-12-18
2025-12-09,MSFT,488.9181823730469,14696100.0,Yahoo Finance,2026-09-21T04:37:35+00:00,2025-12-18
2025-12-10,MSFT,475.5430908203125,35756200.0,Yahoo Finance,2026-09-21T04:37:35+00:00,2025-12-18
2025-12-11,MSFT,480.422119140625,24669200.0,Yahoo Finance,2026-09-21T04:37:35+00:00,2025-12-18
2025-12-12,MSFT,475.51324462890625,21248100.0,Yahoo Finance,2026-09-21T04:37:35+00:00,2025-12-18
2025-12-15,MSFT,471.82666015625,23727700.0,Yahoo Finance,2026-09-21T04:37:35+00:00,2025-12-18
2025-12-16,MSFT,473.38677978515625,20705600.0,Yahoo Finance,2026-09-21T04:37:35+00:00,2025-12-18
2025-12-17,MSFT,473.1184387207031,24527200.0,Yahoo Finance,2026-09-21T04:37:35+00:00,2025-12-18
2025-12-18,MSFT,480.92889404296875,28573500.0,Yahoo Finance,2026-09-21T04:37:35+00:00,2025-12-18
2024-11-13,NVDA,145.87855529785156,191903300.0,Yahoo Finance,2026-09-21T04:37:35+00:00,2025-12-18
2024-11-14,NVDA,146.3672637939453,194463300.0,Yahoo Finance,2026-09-21T04:37:35+00:00,2025-12-18
2024-11-15,NVDA,141.60003662109375,250132900.0,Yahoo Finance,2026-09-21T04:37:35+00:00,2025-12-18
2024-11-18,NVDA,139.7749481201172,221205300.0,Yahoo Finance,2026-09-21T04:37:35+00:00,2025-12-18
2024-11-19,NVDA,146.6165771484375,227834900.0,Yahoo Finance,2026-09-21T04:37:35+00:00,2025-12-18
2024-11-20,NVDA,145.4995880126953,309871700.0,Yahoo Finance,2026-09-21T04:37:35+00:00,2025-12-18
2024-11-21,NVDA,146.27752685546875,400946600.0,Yahoo Finance,2026-09-21T04:37:35+00:00,2025-12-18
2024-11-22,NVDA,141.57012939453125,236406200.0,Yahoo Finance,2026-09-21T04:37:35+00:00,2025-12-18
2024-11-25,NVDA,135.656005859375,344941900.0,Yahoo Finance,2026-09-21T04:37:35+00:00,2025-12-18
2024-11-26,NVDA,136.5535888671875,190287700.0,Yahoo Finance,2026-09-21T04:37:35+00:00,2025-12-18
2024-11-27,NVDA,134.9778289794922,226370900.0,Yahoo Finance,2026-09-21T04:37:35+00:00,2025-12-18
2024-11-29,NVDA,137.8800506591797,141863200.0,Yahoo Finance,2026-09-21T04:37:35+00:00,2025-12-18
2024-12-02,NVDA,138.25901794433594,171682800.0,Yahoo Finance,2026-09-21T04:37:35+00:00,2025-12-18
2024-12-03,NVDA,139.88462829589844,164414000.0,Yahoo Finance,2026-09-21T04:37:35+00:00,2025-12-18
2024-12-04,NVDA,144.75157165527344,231224300.0,Yahoo Finance,2026-09-21T04:37:35+00:00,2025-12-18
2024-12-05,NVDA,144.68177795410156,172621200.0,Yahoo Finance,2026-09-21T04:37:35+00:00,2025-12-18
2024-12-06,NVDA,142.068603515625,188505600.0,Yahoo Finance,2026-09-21T04:37:35+00:00,2025-12-18
2024-12-09,NVDA,138.44805908203125,189308600.0,Yahoo Finance,2026-09-21T04:37:35+00:00,2025-12-18
2024-12-10,NVDA,134.71783447265625,210020900.0,Yahoo Finance,2026-09-21T04:37:35+00:00,2025-12-18
2024-12-11,NVDA,138.94677734375,184905200.0,Yahoo Finance,2026-09-21T04:37:35+00:00,2025-12-18
2024-12-12,NVDA,136.98190307617188,159211400.0,Yahoo Finance,2026-09-21T04:37:35+00:00,2025-12-18
2024-12-13,NVDA,133.89996337890625,231514900.0,Yahoo Finance,2026-09-21T04:37:35+00:00,2025-12-18
2024-12-16,NVDA,131.65582275390625,237951100.0,Yahoo Finance,2026-09-21T04:37:35+00:00,2025-12-18
2024-12-17,NVDA,130.05001831054688,259410300.0,Yahoo Finance,2026-09-21T04:37:35+00:00,2025-12-18
2024-12-18,NVDA,128.57388305664062,277444500.0,Yahoo Finance,2026-09-21T04:37:35+00:00,2025-12-18
2024-12-19,NVDA,130.33924865722656,209719200.0,Yahoo Finance,2026-09-21T04:37:35+00:00,2025-12-18
2024-12-20,NVDA,134.3488006591797,306528600.0,Yahoo Finance,2026-09-21T04:37:35+00:00,2025-12-18
2024-12-23,NVDA,139.30580139160156,176053500.0,Yahoo Finance,2026-09-21T04:37:35+00:00,2025-12-18
2024-12-24,NVDA,139.85440063476562,105157000.0,Yahoo Finance,2026-09-21T04:37:35+00:00,2025-12-18
2024-12-26,NVDA,139.5651397705078,116205600.0,Yahoo Finance,2026-09-21T04:37:35+00:00,2025-12-18
2024-12-27,NVDA,136.6527557373047,170582600.0,Yahoo Finance,2026-09-21T04:37:35+00:00,2025-12-18
2024-12-30,NVDA,137.1315155029297,167734700.0,Yahoo Finance,2026-09-21T04:37:35+00:00,2025-12-18
2024-12-31,NVDA,133.93984985351562,155659200.0,Yahoo Finance,2026-09-21T04:37:35+00:00,2025-12-18
2025-01-02,NVDA,137.94937133789062,198247200.0,Yahoo Finance,2026-09-21T04:37:35+00:00,2025-12-18
2025-01-03,NVDA,144.0933074951172,229322500.0,Yahoo Finance,2026-09-21T04:37:35+00:00,2025-12-18
2025-01-06,NVDA,149.0404052734375,265377400.0,Yahoo Finance,2026-09-21T04:37:35+00:00,2025-12-18
2025-01-07,NVDA,139.7746124267578,351782200.0,Yahoo Finance,2026-09-21T04:37:35+00:00,2025-12-18
2025-01-08,NVDA,139.74468994140625,227349900.0,Yahoo Finance,2026-09-21T04:37:35+00:00,2025-12-18
2025-01-10,NVDA,135.55564880371094,207602500.0,Yahoo Finance,2026-09-21T04:37:35+00:00,2025-12-18
2025-01-13,NVDA,132.88262939453125,204808900.0,Yahoo Finance,2026-09-21T04:37:35+00:00,2025-12-18
2025-01-14,NVDA,131.41644287109375,195590500.0,Yahoo Finance,2026-09-21T04:37:35+00:00,2025-12-18
2025-01-15,NVDA,135.884765625,185217300.0,Yahoo Finance,2026-09-21T04:37:35+00:00,2025-12-18
2025-01-16,NVDA,133.2217559814453,209235600.0,Yahoo Finance,2026-09-21T04:37:35+00:00,2025-12-18
2025-01-17,NVDA,137.3509521484375,201188800.0,Yahoo Finance,2026-09-21T04:37:35+00:00,2025-12-18
2025-01-21,NVDA,140.46279907226562,197749000.0,Yahoo Finance,2026-09-21T04:37:35+00:00,2025-12-18
2025-01-22,NVDA,146.68653869628906,237651400.0,Yahoo Finance,2026-09-21T04:37:35+00:00,2025-12-18
2025-01-23,NVDA,146.83616638183594,155915500.0,Yahoo Finance,2026-09-21T04:37:35+00:00,2025-12-18
2025-01-24,NVDA,142.24815368652344,234657600.0,Yahoo Finance,2026-09-21T04:37:35+00:00,2025-12-18
2025-01-27,NVDA,118.11123657226562,818830900.0,Yahoo Finance,2026-09-21T04:37:35+00:00,2025-12-18
2025-01-28,NVDA,128.65367126464844,579666400.0,Yahoo Finance,2026-09-21T04:37:35+00:00,2025-12-18
2025-01-29,NVDA,123.3774642944336,467120600.0,Yahoo Finance,2026-09-21T04:37:35+00:00,2025-12-18
2025-01-30,NVDA,124.32499694824219,392925500.0,Yahoo Finance,2026-09-21T04:37:35+00:00,2025-12-18
2025-01-31,NVDA,119.75692749023438,388161100.0,Yahoo Finance,2026-09-21T04:37:35+00:00,2025-12-18
2025-02-03,NVDA,116.3558349609375,371235700.0,Yahoo Finance,2026-09-21T04:37:35+00:00,2025-12-18
2025-02-04,NVDA,118.34062957763672,256550000.0,Yahoo Finance,2026-09-21T04:37:35+00:00,2025-12-18
2025-02-05,NVDA,124.50453186035156,262230800.0,Yahoo Finance,2026-09-21T04:37:35+00:00,2025-12-18
2025-02-06,NVDA,128.34446716308594,251483600.0,Yahoo Finance,2026-09-21T04:37:35+00:00,2025-12-18
2025-02-07,NVDA,129.50144958496094,228186300.0,Yahoo Finance,2026-09-21T04:37:35+00:00,2025-12-18
2025-02-10,NVDA,133.2217559814453,216989100.0,Yahoo Finance,2026-09-21T04:37:35+00:00,2025-12-18
2025-02-11,NVDA,132.45376586914062,178902400.0,Yahoo Finance,2026-09-21T04:37:35+00:00,2025-12-18
2025-02-12,NVDA,130.79806518554688,160278600.0,Yahoo Finance,2026-09-21T04:37:35+00:00,2025-12-18
2025-02-13,NVDA,134.937255859375,197430000.0,Yahoo Finance,2026-09-21T04:37:35+00:00,2025-12-18
2025-02-14,NVDA,138.4879608154297,195479600.0,Yahoo Finance,2026-09-21T04:37:35+00:00,2025-12-18
2025-02-18,NVDA,139.03652954101562,219176600.0,Yahoo Finance,2026-09-21T04:37:35+00:00,2025-12-18
2025-02-19,NVDA,138.86697387695312,167536000.0,Yahoo Finance,2026-09-21T04:37:35+00:00,2025-12-18
2025-02-20,NVDA,139.74468994140625,143903600.0,Yahoo Finance,2026-09-21T04:37:35+00:00,2025-12-18
2025-02-21,NVDA,134.07949829101562,228217600.0,Yahoo Finance,2026-09-21T04:37:35+00:00,2025-12-18
2025-02-24,NVDA,129.94032287597656,251381100.0,Yahoo Finance,2026-09-21T04:37:35+00:00,2025-12-18
2025-02-25,NVDA,126.2998275756836,271428700.0,Yahoo Finance,2026-09-21T04:37:35+00:00,2025-12-18
2025-02-26,NVDA,130.93772888183594,322553800.0,Yahoo Finance,2026-09-21T04:37:35+00:00,2025-12-18
2025-02-27,NVDA,119.83673095703125,443175800.0,Yahoo Finance,2026-09-21T04:37:35+00:00,2025-12-18
2025-02-28,NVDA,124.59428405761719,389091100.0,Yahoo Finance,2026-09-21T04:37:35+00:00,2025-12-18
2025-03-03,NVDA,113.76261138916016,411381400.0,Yahoo Finance,2026-09-21T04:37:35+00:00,2025-12-18
2025-03-04,NVDA,115.68756866455078,398163300.0,Yahoo Finance,2026-09-21T04:37:35+00:00,2025-12-18
2025-03-05,NVDA,116.9941635131836,284337900.0,Yahoo Finance,2026-09-21T04:37:35+00:00,2025-12-18
2025-03-06,NVDA,110.28170776367188,321181900.0,Yahoo Finance,2026-09-21T04:37:35+00:00,2025-12-18
2025-03-07,NVDA,112.39617919921875,341755500.0,Yahoo Finance,2026-09-21T04:37:35+00:00,2025-12-18
2025-03-10,NVDA,106.70105743408203,366487400.0,Yahoo Finance,2026-09-21T04:37:35+00:00,2025-12-18
2025-03-11,NVDA,108.47642517089844,354865700.0,Yahoo Finance,2026-09-21T04:37:35+00:00,2025-12-18
2025-03-12,NVDA,115.44884490966797,323857500.0,Yahoo Finance,2026-09-21T04:37:35+00:00,2025-12-18
2025-03-13,NVDA,115.28924560546875,299033100.0,Yahoo Finance,2026-09-21T04:37:35+00:00,2025-12-18
2025-03-14,NVDA,121.36392211914062,277593500.0,Yahoo Finance,2026-09-21T04:37:35+00:00,2025-12-18
2025-03-17,NVDA,119.22930908203125,255501500.0,Yahoo Finance,2026-09-21T04:37:35+00:00,2025-12-18
2025-03-18,NVDA,115.13961791992188,299686900.0,Yahoo Finance,2026-09-21T04:37:35+00:00,2025-12-18
2025-03-19,NVDA,117.22434997558594,273426200.0,Yahoo Finance,2026-09-21T04:37:35+00:00,2025-12-18
2025-03-20,NVDA,118.23181915283203,248829700.0,Yahoo Finance,2026-09-21T04:37:35+00:00,2025-12-18
2025-03-21,NVDA,117.4039077758789,266498500.0,Yahoo Finance,2026-09-21T04:37:35+00:00,2025-12-18
2025-03-24,NVDA,121.10458374023438,228452500.0,Yahoo Finance,2026-09-21T04:37:35+00:00,2025-12-18
2025-03-25,NVDA,120.38639831542969,167447200.0,Yahoo Finance,2026-09-21T04:37:35+00:00,2025-12-18
2025-03-26,NVDA,113.47382354736328,293463300.0,Yahoo Finance,2026-09-21T04:37:35+00:00,2025-12-18
2025-03-27,NVDA,111.14968872070312,236902100.0,Yahoo Finance,2026-09-21T04:37:35+00:00,2025-12-18
2025-03-28,NVDA,109.39411926269531,229872500.0,Yahoo Finance,2026-09-21T04:37:35+00:00,2025-12-18
2025-03-31,NVDA,108.10736083984375,299212700.0,Yahoo Finance,2026-09-21T04:37:35+00:00,2025-12-18
2025-04-01,NVDA,109.87291717529297,222614000.0,Yahoo Finance,2026-09-21T04:37:35+00:00,2025-12-18
2025-04-02,NVDA,110.14222717285156,220601200.0,Yahoo Finance,2026-09-21T04:37:35+00:00,2025-12-18
2025-04-03,NVDA,101.5439224243164,338769400.0,Yahoo Finance,2026-09-21T04:37:35+00:00,2025-12-18
2025-04-04,NVDA,94.07275390625,532273800.0,Yahoo Finance,2026-09-21T04:37:35+00:00,2025-12-18
2025-04-07,NVDA,97.39437103271484,611041300.0,Yahoo Finance,2026-09-21T04:37:35+00:00,2025-12-18
2025-04-08,NVDA,96.05775451660156,476243400.0,Yahoo Finance,2026-09-21T04:37:35+00:00,2025-12-18
2025-04-09,NVDA,114.04238891601562,612918300.0,Yahoo Finance,2026-09-21T04:37:35+00:00,2025-12-18
2025-04-10,NVDA,107.29939270019531,437812400.0,Yahoo Finance,2026-09-21T04:37:35+00:00,2025-12-18
2025-04-11,NVDA,110.65093994140625,313417300.0,Yahoo Finance,2026-09-21T04:37:35+00:00,2025-12-18
2025-04-14,NVDA,110.4314956665039,264705000.0,Yahoo Finance,2026-09-21T04:37:35+00:00,2025-12-18
2025-04-15,NVDA,111.9177474975586,228966900.0,Yahoo Finance,2026-09-21T04:37:35+00:00,2025-12-18
2025-04-16,NVDA,104.2271499633789,397016900.0,Yahoo Finance,2026-09-21T04:37:35+00:00,2025-12-18
2025-04-17,NVDA,101.23468780517578,292517500.0,Yahoo Finance,2026-09-21T04:37:35+00:00,2025-12-18
2025-04-21,NVDA,96.66622161865234,288501100.0,Yahoo Finance,2026-09-21T04:37:35+00:00,2025-12-18
2025-04-22,NVDA,98.64122772216797,241004800.0,Yahoo Finance,2026-09-21T04:37:35+00:00,2025-12-18
2025-04-23,NVDA,102.45162200927734,247526000.0,Yahoo Finance,2026-09-21T04:37:35+00:00,2025-12-18
2025-04-24,NVDA,106.1622543334961,220815000.0,Yahoo Finance,2026-09-21T04:37:35+00:00,2025-12-18
2025-04-25,NVDA,110.73075866699219,251064700.0,Yahoo Finance,2026-09-21T04:37:35+00:00,2025-12-18
2025-04-28,NVDA,108.45647430419922,207708500.0,Yahoo Finance,2026-09-21T04:37:35+00:00,2025-12-18
2025-04-29,NVDA,108.74574279785156,170444300.0,Yahoo Finance,2026-09-21T04:37:35+00:00,2025-12-18
2025-04-30,NVDA,108.64599609375,235044600.0,Yahoo Finance,2026-09-21T04:37:35+00:00,2025-12-18
2025-05-01,NVDA,111.32923126220703,236121500.0,Yahoo Finance,2026-09-21T04:37:35+00:00,2025-12-18
2025-05-02,NVDA,114.21196746826172,190194800.0,Yahoo Finance,2026-09-21T04:37:35+00:00,2025-12-18
2025-05-05,NVDA,113.53367614746094,133163200.0,Yahoo Finance,2026-09-21T04:37:35+00:00,2025-12-18
2025-05-06,NVDA,113.25439453125,158525600.0,Yahoo Finance,2026-09-21T04:37:35+00:00,2025-12-18
2025-05-07,NVDA,116.76553344726562,206758800.0,Yahoo Finance,2026-09-21T04:37:35+00:00,2025-12-18
2025-05-08,NVDA,117.07475280761719,198428100.0,Yahoo Finance,2026-09-21T04:37:35+00:00,2025-12-18
2025-05-09,NVDA,116.35655975341797,132972200.0,Yahoo Finance,2026-09-21T04:37:35+00:00,2025-12-18
2025-05-12,NVDA,122.69058227539062,225023300.0,Yahoo Finance,2026-09-21T04:37:35+00:00,2025-12-18
2025-05-13,NVDA,129.60313415527344,330430100.0,Yahoo Finance,2026-09-21T04:37:35+00:00,2025-12-18
2025-05-14,NVDA,134.99954223632812,281180800.0,Yahoo Finance,2026-09-21T04:37:35+00:00,2025-12-18
2025-05-15,NVDA,134.49081420898438,226632600.0,Yahoo Finance,2026-09-21T04:37:35+00:00,2025-12-18
2025-05-16,NVDA,135.0593719482422,226542500.0,Yahoo Finance,2026-09-21T04:37:35+00:00,2025-12-18
2025-05-19,NVDA,135.2289581298828,193154600.0,Yahoo Finance,2026-09-21T04:37:35+00:00,2025-12-18
2025-05-20,NVDA,134.04196166992188,161514200.0,Yahoo Finance,2026-09-21T04:37:35+00:00,2025-12-18
2025-05-21,NVDA,131.46844482421875,270608700.0,Yahoo Finance,2026-09-21T04:37:35+00:00,2025-12-18
2025-05-22,NVDA,132.49586486816406,187344000.0,Yahoo Finance,2026-09-21T04:37:35+00:00,2025-12-18
2025-05-23,NVDA,130.959716796875,198821300.0,Yahoo Finance,2026-09-21T04:37:35+00:00,2025-12-18
2025-05-27,NVDA,135.15914916992188,192953600.0,Yahoo Finance,2026-09-21T04:37:35+00:00,2025-12-18
2025-05-28,NVDA,134.47085571289062,304021100.0,Yahoo Finance,2026-09-21T04:37:35+00:00,2025-12-18
2025-05-29,NVDA,138.83985900878906,369241900.0,Yahoo Finance,2026-09-21T04:37:35+00:00,2025-12-18
2025-05-30,NVDA,134.79006958007812,333170900.0,Yahoo Finance,2026-09-21T04:37:35+00:00,2025-12-18
2025-06-02,NVDA,137.03440856933594,197663100.0,Yahoo Finance,2026-09-21T04:37:35+00:00,2025-12-18
2025-06-03,NVDA,140.86474609375,225578800.0,Yahoo Finance,2026-09-21T04:37:35+00:00,2025-12-18
2025-06-04,NVDA,141.56297302246094,167120800.0,Yahoo Finance,2026-09-21T04:37:35+00:00,2025-12-18
2025-06-05,NVDA,139.63783264160156,231397900.0,Yahoo Finance,2026-09-21T04:37:35+00:00,2025-12-18
2025-06-06,NVDA,141.36349487304688,153986200.0,Yahoo Finance,2026-09-21T04:37:35+00:00,2025-12-18
2025-06-09,NVDA,142.27122497558594,185114500.0,Yahoo Finance,2026-09-21T04:37:35+00:00,2025-12-18
2025-06-10,NVDA,143.59786987304688,155881900.0,Yahoo Finance,2026-09-21T04:37:35+00:00,2025-12-18
2025-06-11,NVDA,142.48060607910156,167694000.0,Yahoo Finance,2026-09-21T04:37:35+00:00,2025-12-18
2025-06-12,NVDA,144.64527893066406,162365000.0,Yahoo Finance,2026-09-21T04:37:35+00:00,2025-12-18
2025-06-13,NVDA,141.62269592285156,180820600.0,Yahoo Finance,2026-09-21T04:37:35+00:00,2025-12-18
2025-06-16,NVDA,144.33604431152344,183133700.0,Yahoo Finance,2026-09-21T04:37:35+00:00,2025-12-18
2025-06-17,NVDA,143.7674102783203,139108000.0,Yahoo Finance,2026-09-21T04:37:35+00:00,2025-12-18
2025-06-18,NVDA,145.12411499023438,161494100.0,Yahoo Finance,2026-09-21T04:37:35+00:00,2025-12-18
2025-06-20,NVDA,143.4980926513672,242956200.0,Yahoo Finance,2026-09-21T04:37:35+00:00,2025-12-18
2025-06-23,NVDA,143.8173065185547,154308900.0,Yahoo Finance,2026-09-21T04:37:35+00:00,2025-12-18
2025-06-24,NVDA,147.53817749023438,187566100.0,Yahoo Finance,2026-09-21T04:37:35+00:00,2025-12-18
2025-06-25,NVDA,153.9324951171875,269146500.0,Yahoo Finance,2026-09-21T04:37:35+00:00,2025-12-18
2025-06-26,NVDA,154.64077758789062,198145700.0,Yahoo Finance,2026-09-21T04:37:35+00:00,2025-12-18
2025-06-27,NVDA,157.36407470703125,263234500.0,Yahoo Finance,2026-09-21T04:37:35+00:00,2025-12-18
2025-06-30,NVDA,157.603515625,194580300.0,Yahoo Finance,2026-09-21T04:37:35+00:00,2025-12-18
2025-07-01,NVDA,152.92498779296875,213143600.0,Yahoo Finance,2026-09-21T04:37:35+00:00,2025-12-18
2025-07-02,NVDA,156.86532592773438,171224100.0,Yahoo Finance,2026-09-21T04:37:35+00:00,2025-12-18
2025-07-03,NVDA,158.95021057128906,143716100.0,Yahoo Finance,2026-09-21T04:37:35+00:00,2025-12-18
2025-07-07,NVDA,157.85289001464844,140139000.0,Yahoo Finance,2026-09-21T04:37:35+00:00,2025-12-18
2025-07-08,NVDA,159.60858154296875,138133000.0,Yahoo Finance,2026-09-21T04:37:35+00:00,2025-12-18
2025-07-09,NVDA,162.48155212402344,183656400.0,Yahoo Finance,2026-09-21T04:37:35+00:00,2025-12-18
2025-07-10,NVDA,163.6985626220703,167704100.0,Yahoo Finance,2026-09-21T04:37:35+00:00,2025-12-18
2025-07-11,NVDA,164.51654052734375,193633300.0,Yahoo Finance,2026-09-21T04:37:35+00:00,2025-12-18
2025-07-14,NVDA,163.6686248779297,136975800.0,Yahoo Finance,2026-09-21T04:37:35+00:00,2025-12-18
2025-07-15,NVDA,170.28240966796875,230627400.0,Yahoo Finance,2026-09-21T04:37:35+00:00,2025-12-18
2025-07-16,NVDA,170.95077514648438,158831500.0,Yahoo Finance,2026-09-21T04:37:35+00:00,2025-12-18
2025-07-17,NVDA,172.5767822265625,160841100.0,Yahoo Finance,2026-09-21T04:37:35+00:00,2025-12-18
2025-07-18,NVDA,171.9882354736328,146456400.0,Yahoo Finance,2026-09-21T04:37:35+00:00,2025-12-18
2025-07-21,NVDA,170.96075439453125,123126100.0,Yahoo Finance,2026-09-21T04:37:35+00:00,2025-12-18
2025-07-22,NVDA,166.6213836669922,193114300.0,Yahoo Finance,2026-09-21T04:37:35+00:00,2025-12-18
2025-07-23,NVDA,170.36221313476562,154082200.0,Yahoo Finance,2026-09-21T04:37:35+00:00,2025-12-18
2025-07-24,NVDA,173.3149871826172,128984600.0,Yahoo Finance,2026-09-21T04:37:35+00:00,2025-12-18
2025-07-25,NVDA,173.0755615234375,122316800.0,Yahoo Finance,2026-09-21T04:37:35+00:00,2025-12-18
2025-07-28,NVDA,176.31761169433594,140023500.0,Yahoo Finance,2026-09-21T04:37:35+00:00,2025-12-18
2025-07-29,NVDA,175.0806427001953,154077500.0,Yahoo Finance,2026-09-21T04:37:35+00:00,2025-12-18
2025-07-30,NVDA,178.83145141601562,174312200.0,Yahoo Finance,2026-09-21T04:37:35+00:00,2025-12-18
2025-07-31,NVDA,177.43487548828125,221685400.0,Yahoo Finance,2026-09-21T04:37:35+00:00,2025-12-18
2025-08-01,NVDA,173.29502868652344,204529000.0,Yahoo Finance,2026-09-21T04:37:35+00:00,2025-12-18
2025-08-04,NVDA,179.55966186523438,148174600.0,Yahoo Finance,2026-09-21T04:37:35+00:00,2025-12-18
2025-08-05,NVDA,177.8239288330078,156407600.0,Yahoo Finance,2026-09-21T04:37:35+00:00,2025-12-18
2025-08-06,NVDA,178.98106384277344,137192300.0,Yahoo Finance,2026-09-21T04:37:35+00:00,2025-12-18
2025-08-07,NVDA,180.32777404785156,151878400.0,Yahoo Finance,2026-09-21T04:37:35+00:00,2025-12-18
2025-08-08,NVDA,182.2530517578125,123396700.0,Yahoo Finance,2026-09-21T04:37:35+00:00,2025-12-18
2025-08-11,NVDA,181.6146240234375,138323200.0,Yahoo Finance,2026-09-21T04:37:35+00:00,2025-12-18
2025-08-12,NVDA,182.71192932128906,145485700.0,Yahoo Finance,2026-09-21T04:37:35+00:00,2025-12-18
2025-08-13,NVDA,181.14576721191406,179871700.0,Yahoo Finance,2026-09-21T04:37:35+00:00,2025-12-18
2025-08-14,NVDA,181.57472229003906,129554000.0,Yahoo Finance,2026-09-21T04:37:35+00:00,2025-12-18
2025-08-15,NVDA,180.00857543945312,156602200.0,Yahoo Finance,2026-09-21T04:37:35+00:00,2025-12-18
2025-08-18,NVDA,181.5647430419922,132008000.0,Yahoo Finance,2026-09-21T04:37:35+00:00,2025-12-18
2025-08-19,NVDA,175.2103271484375,185229200.0,Yahoo Finance,2026-09-21T04:37:35+00:00,2025-12-18
2025-08-20,NVDA,174.97091674804688,215142700.0,Yahoo Finance,2026-09-21T04:37:35+00:00,2025-12-18
2025-08-21,NVDA,174.55194091796875,140040900.0,Yahoo Finance,2026-09-21T04:37:35+00:00,2025-12-18
2025-08-22,NVDA,177.55458068847656,172789400.0,Yahoo Finance,2026-09-21T04:37:35+00:00,2025-12-18
2025-08-25,NVDA,179.3701171875,163012800.0,Yahoo Finance,2026-09-21T04:37:35+00:00,2025-12-18
2025-08-26,NVDA,181.32533264160156,168688200.0,Yahoo Finance,2026-09-21T04:37:35+00:00,2025-12-18
2025-08-27,NVDA,181.15574645996094,235518900.0,Yahoo Finance,2026-09-21T04:37:35+00:00,2025-12-18
2025-08-28,NVDA,179.729248046875,281787800.0,Yahoo Finance,2026-09-21T04:37:35+00:00,2025-12-18
2025-08-29,NVDA,173.75389099121094,243257900.0,Yahoo Finance,2026-09-21T04:37:35+00:00,2025-12-18
2025-09-02,NVDA,170.36221313476562,231164900.0,Yahoo Finance,2026-09-21T04:37:35+00:00,2025-12-18
2025-09-03,NVDA,170.20262145996094,164424900.0,Yahoo Finance,2026-09-21T04:37:35+00:00,2025-12-18
2025-09-04,NVDA,171.2400665283203,141670100.0,Yahoo Finance,2026-09-21T04:37:35+00:00,2025-12-18
2025-09-05,NVDA,166.61141967773438,224441400.0,Yahoo Finance,2026-09-21T04:37:35+00:00,2025-12-18
2025-09-08,NVDA,167.8982696533203,163769100.0,Yahoo Finance,2026-09-21T04:37:35+00:00,2025-12-18
2025-09-09,NVDA,170.34225463867188,157548400.0,Yahoo Finance,2026-09-21T04:37:35+00:00,2025-12-18
2025-09-10,NVDA,176.89620971679688,226852000.0,Yahoo Finance,2026-09-21T04:37:35+00:00,2025-12-18
2025-09-11,NVDA,176.74655151367188,151159300.0,Yahoo Finance,2026-09-21T04:37:35+00:00,2025-12-18
2025-09-12,NVDA,177.39498901367188,124911000.0,Yahoo Finance,2026-09-21T04:37:35+00:00,2025-12-18
2025-09-15,NVDA,177.3251495361328,147061600.0,Yahoo Finance,2026-09-21T04:37:35+00:00,2025-12-18
2025-09-16,NVDA,174.46202087402344,140737800.0,Yahoo Finance,2026-09-21T04:37:35+00:00,2025-12-18
2025-09-17,NVDA,169.88299560546875,211843800.0,Yahoo Finance,2026-09-21T04:37:35+00:00,2025-12-18
2025-09-18,NVDA,175.81878662109375,191763300.0,Yahoo Finance,2026-09-21T04:37:35+00:00,2025-12-18
2025-09-19,NVDA,176.2477264404297,237182100.0,Yahoo Finance,2026-09-21T04:37:35+00:00,2025-12-18
2025-09-22,NVDA,183.17117309570312,269637000.0,Yahoo Finance,2026-09-21T04:37:35+00:00,2025-12-18
2025-09-23,NVDA,178.0035400390625,192559600.0,Yahoo Finance,2026-09-21T04:37:35+00:00,2025-12-18
2025-09-24,NVDA,176.54701232910156,143564100.0,Yahoo Finance,2026-09-21T04:37:35+00:00,2025-12-18
2025-09-25,NVDA,177.26531982421875,191586700.0,Yahoo Finance,2026-09-21T04:37:35+00:00,2025-12-18
2025-09-26,NVDA,177.7641143798828,148573700.0,Yahoo Finance,2026-09-21T04:37:35+00:00,2025-12-18
2025-09-29,NVDA,181.41537475585938,193063500.0,Yahoo Finance,2026-09-21T04:37:35+00:00,2025-12-18
2025-09-30,NVDA,186.13404846191406,236981000.0,Yahoo Finance,2026-09-21T04:37:35+00:00,2025-12-18
2025-10-01,NVDA,186.79249572753906,173844900.0,Yahoo Finance,2026-09-21T04:37:35+00:00,2025-12-18
2025-10-02,NVDA,188.43853759765625,136805800.0,Yahoo Finance,2026-09-21T04:37:35+00:00,2025-12-18
2025-10-03,NVDA,187.1715545654297,137596900.0,Yahoo Finance,2026-09-21T04:37:35+00:00,2025-12-18
2025-10-06,NVDA,185.09654235839844,157678100.0,Yahoo Finance,2026-09-21T04:37:35+00:00,2025-12-18
2025-10-07,NVDA,184.5977325439453,140088000.0,Yahoo Finance,2026-09-21T04:37:35+00:00,2025-12-18
2025-10-08,NVDA,188.6580047607422,130168900.0,Yahoo Finance,2026-09-21T04:37:35+00:00,2025-12-18
2025-10-09,NVDA,192.1097412109375,182997200.0,Yahoo Finance,2026-09-21T04:37:35+00:00,2025-12-18
2025-10-10,NVDA,182.7222442626953,268774400.0,Yahoo Finance,2026-09-21T04:37:35+00:00,2025-12-18
2025-10-13,NVDA,187.86990356445312,153482800.0,Yahoo Finance,2026-09-21T04:37:35+00:00,2025-12-18
2025-10-14,NVDA,179.59971618652344,205641400.0,Yahoo Finance,2026-09-21T04:37:35+00:00,2025-12-18
2025-10-15,NVDA,179.4001922607422,214450500.0,Yahoo Finance,2026-09-21T04:37:35+00:00,2025-12-18
2025-10-16,NVDA,181.37545776367188,179723300.0,Yahoo Finance,2026-09-21T04:37:35+00:00,2025-12-18
2025-10-17,NVDA,182.78208923339844,173135200.0,Yahoo Finance,2026-09-21T04:37:35+00:00,2025-12-18
2025-10-20,NVDA,182.2034912109375,128544700.0,Yahoo Finance,2026-09-21T04:37:35+00:00,2025-12-18
2025-10-21,NVDA,180.72702026367188,124240200.0,Yahoo Finance,2026-09-21T04:37:35+00:00,2025-12-18
2025-10-22,NVDA,179.84910583496094,162249600.0,Yahoo Finance,2026-09-21T04:37:35+00:00,2025-12-18
2025-10-23,NVDA,181.72462463378906,111363700.0,Yahoo Finance,2026-09-21T04:37:35+00:00,2025-12-18
2025-10-24,NVDA,185.81480407714844,131296700.0,Yahoo Finance,2026-09-21T04:37:35+00:00,2025-12-18
2025-10-27,NVDA,191.03231811523438,153452700.0,Yahoo Finance,2026-09-21T04:37:35+00:00,2025-12-18
2025-10-28,NVDA,200.54953002929688,297986200.0,Yahoo Finance,2026-09-21T04:37:35+00:00,2025-12-18
2025-10-29,NVDA,206.545166015625,308829600.0,Yahoo Finance,2026-09-21T04:37:35+00:00,2025-12-18
2025-10-30,NVDA,202.4050750732422,178864400.0,Yahoo Finance,2026-09-21T04:37:35+00:00,2025-12-18
2025-10-31,NVDA,202.00604248046875,179802200.0,Yahoo Finance,2026-09-21T04:37:35+00:00,2025-12-18
2025-11-03,NVDA,206.38552856445312,180267300.0,Yahoo Finance,2026-09-21T04:37:35+00:00,2025-12-18
2025-11-04,NVDA,198.21510314941406,188919300.0,Yahoo Finance,2026-09-21T04:37:35+00:00,2025-12-18
2025-11-05,NVDA,194.74343872070312,171350300.0,Yahoo Finance,2026-09-21T04:37:35+00:00,2025-12-18
2025-11-06,NVDA,187.6304931640625,223029800.0,Yahoo Finance,2026-09-21T04:37:35+00:00,2025-12-18
2025-11-07,NVDA,187.70030212402344,264942300.0,Yahoo Finance,2026-09-21T04:37:35+00:00,2025-12-18
2025-11-10,NVDA,198.5742645263672,198897100.0,Yahoo Finance,2026-09-21T04:37:35+00:00,2025-12-18
2025-11-11,NVDA,192.69833374023438,176483300.0,Yahoo Finance,2026-09-21T04:37:35+00:00,2025-12-18
2025-11-12,NVDA,193.3367919921875,154935300.0,Yahoo Finance,2026-09-21T04:37:35+00:00,2025-12-18
2025-11-13,NVDA,186.41339111328125,207423100.0,Yahoo Finance,2026-09-21T04:37:35+00:00,2025-12-18
2025-11-14,NVDA,189.71546936035156,186591900.0,Yahoo Finance,2026-09-21T04:37:35+00:00,2025-12-18
2025-11-17,NVDA,186.15402221679688,173628900.0,Yahoo Finance,2026-09-21T04:37:35+00:00,2025-12-18
2025-11-18,NVDA,180.92652893066406,213598900.0,Yahoo Finance,2026-09-21T04:37:35+00:00,2025-12-18
2025-11-19,NVDA,186.07420349121094,247246400.0,Yahoo Finance,2026-09-21T04:37:35+00:00,2025-12-18
2025-11-20,NVDA,180.208251953125,343504800.0,Yahoo Finance,2026-09-21T04:37:35+00:00,2025-12-18
2025-11-21,NVDA,178.45245361328125,346926200.0,Yahoo Finance,2026-09-21T04:37:35+00:00,2025-12-18
2025-11-24,NVDA,182.11367797851562,256618300.0,Yahoo Finance,2026-09-21T04:37:35+00:00,2025-12-18
2025-11-25,NVDA,177.39498901367188,320600300.0,Yahoo Finance,2026-09-21T04:37:35+00:00,2025-12-18
2025-11-26,NVDA,179.8291473388672,183852000.0,Yahoo Finance,2026-09-21T04:37:35+00:00,2025-12-18
2025-11-28,NVDA,176.5769500732422,121332800.0,Yahoo Finance,2026-09-21T04:37:35+00:00,2025-12-18
2025-12-01,NVDA,179.489990234375,188131000.0,Yahoo Finance,2026-09-21T04:37:35+00:00,2025-12-18
2025-12-02,NVDA,181.02630615234375,182632200.0,Yahoo Finance,2026-09-21T04:37:35+00:00,2025-12-18
2025-12-03,NVDA,179.1607666015625,165138000.0,Yahoo Finance,2026-09-21T04:37:35+00:00,2025-12-18
2025-12-04,NVDA,182.95188903808594,167364900.0,Yahoo Finance,2026-09-21T04:37:35+00:00,2025-12-18
2025-12-05,NVDA,181.98416137695312,143971100.0,Yahoo Finance,2026-09-21T04:37:35+00:00,2025-12-18
2025-12-08,NVDA,185.11683654785156,204378100.0,Yahoo Finance,2026-09-21T04:37:35+00:00,2025-12-18
2025-12-09,NVDA,184.53817749023438,144719700.0,Yahoo Finance,2026-09-21T04:37:35+00:00,2025-12-18
2025-12-10,NVDA,183.35096740722656,162785400.0,Yahoo Finance,2026-09-21T04:37:35+00:00,2025-12-18
2025-12-11,NVDA,180.50759887695312,182136600.0,Yahoo Finance,2026-09-21T04:37:35+00:00,2025-12-18
2025-12-12,NVDA,174.6114044189453,204274900.0,Yahoo Finance,2026-09-21T04:37:35+00:00,2025-12-18
2025-12-15,NVDA,175.87841796875,164775600.0,Yahoo Finance,2026-09-21T04:37:35+00:00,2025-12-18
2025-12-16,NVDA,177.3050994873047,148588100.0,Yahoo Finance,2026-09-21T04:37:35+00:00,2025-12-18
2025-12-17,NVDA,170.54092407226562,222775500.0,Yahoo Finance,2026-09-21T04:37:35+00:00,2025-12-18
2025-12-18,NVDA,173.73345947265625,176096000.0,Yahoo Finance,2026-09-21T04:37:35+00:00,2025-12-18
2024-11-13,PG,158.758544921875,5412300.0,Yahoo Finance,2026-09-21T04:37:35+00:00,2025-12-18
2024-11-14,PG,159.23504638671875,7444300.0,Yahoo Finance,2026-09-21T04:37:35+00:00,2025-12-18
2024-11-15,PG,161.57952880859375,9939400.0,Yahoo Finance,2026-09-21T04:37:35+00:00,2025-12-18
2024-11-18,PG,162.73275756835938,6681000.0,Yahoo Finance,2026-09-21T04:37:35+00:00,2025-12-18
2024-11-19,PG,162.74227905273438,5683700.0,Yahoo Finance,2026-09-21T04:37:35+00:00,2025-12-18
2024-11-20,PG,162.86618041992188,7081100.0,Yahoo Finance,2026-09-21T04:37:35+00:00,2025-12-18
2024-11-21,PG,164.63885498046875,6240400.0,Yahoo Finance,2026-09-21T04:37:35+00:00,2025-12-18
2024-11-22,PG,168.00311279296875,10609800.0,Yahoo Finance,2026-09-21T04:37:35+00:00,2025-12-18
2024-11-25,PG,169.06097412109375,19357000.0,Yahoo Finance,2026-09-21T04:37:35+00:00,2025-12-18
2024-11-26,PG,170.89085388183594,6276700.0,Yahoo Finance,2026-09-21T04:37:35+00:00,2025-12-18
2024-11-27,PG,170.93849182128906,5522900.0,Yahoo Finance,2026-09-21T04:37:35+00:00,2025-12-18
2024-11-29,PG,170.84317016601562,3823700.0,Yahoo Finance,2026-09-21T04:37:35+00:00,2025-12-18
2024-12-02,PG,171.26254272460938,5728200.0,Yahoo Finance,2026-09-21T04:37:35+00:00,2025-12-18
2024-12-03,PG,167.1834716796875,8127300.0,Yahoo Finance,2026-09-21T04:37:35+00:00,2025-12-18
2024-12-04,PG,166.8880157470703,6823500.0,Yahoo Finance,2026-09-21T04:37:35+00:00,2025-12-18
2024-12-05,PG,167.76486206054688,5022200.0,Yahoo Finance,2026-09-21T04:37:35+00:00,2025-12-18
2024-12-06,PG,165.6586151123047,5741200.0,Yahoo Finance,2026-09-21T04:37:35+00:00,2025-12-18
2024-12-09,PG,162.77085876464844,7164300.0,Yahoo Finance,2026-09-21T04:37:35+00:00,2025-12-18
2024-12-10,PG,164.19091796875,6219900.0,Yahoo Finance,2026-09-21T04:37:35+00:00,2025-12-18
2024-12-11,PG,162.61837768554688,5237500.0,Yahoo Finance,2026-09-21T04:37:35+00:00,2025-12-18
2024-12-12,PG,162.82806396484375,4072800.0,Yahoo Finance,2026-09-21T04:37:35+00:00,2025-12-18
2024-12-13,PG,163.02821350097656,3884500.0,Yahoo Finance,2026-09-21T04:37:35+00:00,2025-12-18
2024-12-16,PG,163.10443115234375,5943600.0,Yahoo Finance,2026-09-21T04:37:35+00:00,2025-12-18
2024-12-17,PG,162.3324737548828,6069200.0,Yahoo Finance,2026-09-21T04:37:35+00:00,2025-12-18
2024-12-18,PG,161.14117431640625,7517100.0,Yahoo Finance,2026-09-21T04:37:35+00:00,2025-12-18
2024-12-19,PG,161.2460174560547,8585200.0,Yahoo Finance,2026-09-21T04:37:35+00:00,2025-12-18
2024-12-20,PG,160.1690673828125,21999300.0,Yahoo Finance,2026-09-21T04:37:35+00:00,2025-12-18
2024-12-23,PG,160.21670532226562,6983900.0,Yahoo Finance,2026-09-21T04:37:35+00:00,2025-12-18
2024-12-24,PG,161.00772094726562,2460800.0,Yahoo Finance,2026-09-21T04:37:35+00:00,2025-12-18
2024-12-26,PG,162.1704559326172,3629400.0,Yahoo Finance,2026-09-21T04:37:35+00:00,2025-12-18
2024-12-27,PG,161.5700225830078,4367900.0,Yahoo Finance,2026-09-21T04:37:35+00:00,2025-12-18
2024-12-30,PG,159.24459838867188,4354500.0,Yahoo Finance,2026-09-21T04:37:35+00:00,2025-12-18
2024-12-31,PG,159.77830505371094,3957600.0,Yahoo Finance,2026-09-21T04:37:35+00:00,2025-12-18
2025-01-02,PG,158.18673706054688,5401700.0,Yahoo Finance,2026-09-21T04:37:35+00:00,2025-12-18
2025-01-03,PG,157.3766326904297,5256600.0,Yahoo Finance,2026-09-21T04:37:35+00:00,2025-12-18
2025-01-06,PG,153.059326171875,8731700.0,Yahoo Finance,2026-09-21T04:37:35+00:00,2025-12-18
2025-01-07,PG,153.72647094726562,8447400.0,Yahoo Finance,2026-09-21T04:37:35+00:00,2025-12-18
2025-01-08,PG,154.48887634277344,4974800.0,Yahoo Finance,2026-09-21T04:37:35+00:00,2025-12-18
2025-01-10,PG,151.11509704589844,8501500.0,Yahoo Finance,2026-09-21T04:37:35+00:00,2025-12-18
2025-01-13,PG,151.3819580078125,6772200.0,Yahoo Finance,2026-09-21T04:37:35+00:00,2025-12-18
2025-01-14,PG,152.2397003173828,5982200.0,Yahoo Finance,2026-09-21T04:37:35+00:00,2025-12-18
2025-01-15,PG,152.15394592285156,8059200.0,Yahoo Finance,2026-09-21T04:37:35+00:00,2025-12-18
2025-01-16,PG,152.96401977539062,5774400.0,Yahoo Finance,2026-09-21T04:37:35+00:00,2025-12-18
2025-01-17,PG,153.56443786621094,7262700.0,Yahoo Finance,2026-09-21T04:37:35+00:00,2025-12-18
2025-01-21,PG,154.12673950195312,13914700.0,Yahoo Finance,2026-09-21T04:37:35+00:00,2025-12-18
2025-01-22,PG,157.00494384765625,14356700.0,Yahoo Finance,2026-09-21T04:37:35+00:00,2025-12-18
2025-01-23,PG,158.34873962402344,7614300.0,Yahoo Finance,2026-09-21T04:37:35+00:00,2025-12-18
2025-01-24,PG,157.36782836914062,6199800.0,Yahoo Finance,2026-09-21T04:37:35+00:00,2025-12-18
2025-01-27,PG,162.67990112304688,9170800.0,Yahoo Finance,2026-09-21T04:37:35+00:00,2025-12-18
2025-01-28,PG,159.35264587402344,6716300.0,Yahoo Finance,2026-09-21T04:37:35+00:00,2025-12-18
2025-01-29,PG,159.39102172851562,4850300.0,Yahoo Finance,2026-09-21T04:37:35+00:00,2025-12-18
2025-01-30,PG,160.5224609375,4136500.0,Yahoo Finance,2026-09-21T04:37:35+00:00,2025-12-18
2025-01-31,PG,159.160888671875,5464700.0,Yahoo Finance,2026-09-21T04:37:35+00:00,2025-12-18
2025-02-03,PG,161.81690979003906,8668600.0,Yahoo Finance,2026-09-21T04:37:35+00:00,2025-12-18
2025-02-04,PG,161.21282958984375,6410900.0,Yahoo Finance,2026-09-21T04:37:35+00:00,2025-12-18
2025-02-05,PG,162.05662536621094,7536800.0,Yahoo Finance,2026-09-21T04:37:35+00:00,2025-12-18
2025-02-06,PG,161.93199157714844,4957900.0,Yahoo Finance,2026-09-21T04:37:35+00:00,2025-12-18
2025-02-07,PG,161.05943298339844,4535600.0,Yahoo Finance,2026-09-21T04:37:35+00:00,2025-12-18
2025-02-10,PG,160.63751220703125,7062900.0,Yahoo Finance,2026-09-21T04:37:35+00:00,2025-12-18
2025-02-11,PG,162.45933532714844,5438100.0,Yahoo Finance,2026-09-21T04:37:35+00:00,2025-12-18
2025-02-12,PG,162.6031951904297,6037400.0,Yahoo Finance,2026-09-21T04:37:35+00:00,2025-12-18
2025-02-13,PG,163.9839324951172,6328300.0,Yahoo Finance,2026-09-21T04:37:35+00:00,2025-12-18
2025-02-14,PG,156.1884307861328,13179500.0,Yahoo Finance,2026-09-21T04:37:35+00:00,2025-12-18
2025-02-18,PG,158.62393188476562,7075300.0,Yahoo Finance,2026-09-21T04:37:35+00:00,2025-12-18
2025-02-19,PG,159.64031982421875,7910700.0,Yahoo Finance,2026-09-21T04:37:35+00:00,2025-12-18
2025-02-20,PG,160.33070373535156,6162600.0,Yahoo Finance,2026-09-21T04:37:35+00:00,2025-12-18
2025-02-21,PG,163.2264404296875,9813700.0,Yahoo Finance,2026-09-21T04:37:35+00:00,2025-12-18
2025-02-24,PG,163.523681640625,8564100.0,Yahoo Finance,2026-09-21T04:37:35+00:00,2025-12-18
2025-02-25,PG,165.546875,7314900.0,Yahoo Finance,2026-09-21T04:37:35+00:00,2025-12-18
2025-02-26,PG,164.25242614746094,5519000.0,Yahoo Finance,2026-09-21T04:37:35+00:00,2025-12-18
2025-02-27,PG,164.89486694335938,5467000.0,Yahoo Finance,2026-09-21T04:37:35+00:00,2025-12-18
2025-02-28,PG,166.68792724609375,10240100.0,Yahoo Finance,2026-09-21T04:37:35+00:00,2025-12-18
2025-03-03,PG,168.36590576171875,7615300.0,Yahoo Finance,2026-09-21T04:37:35+00:00,2025-12-18
2025-03-04,PG,166.05506896972656,12117600.0,Yahoo Finance,2026-09-21T04:37:35+00:00,2025-12-18
2025-03-05,PG,167.42623901367188,6989100.0,Yahoo Finance,2026-09-21T04:37:35+00:00,2025-12-18
2025-03-06,PG,167.4741973876953,6702500.0,Yahoo Finance,2026-09-21T04:37:35+00:00,2025-12-18
2025-03-07,PG,168.7111053466797,9566700.0,Yahoo Finance,2026-09-21T04:37:35+00:00,2025-12-18
2025-03-10,PG,169.0083465576172,11047000.0,Yahoo Finance,2026-09-21T04:37:35+00:00,2025-12-18
2025-03-11,PG,165.99752807617188,11032300.0,Yahoo Finance,2026-09-21T04:37:35+00:00,2025-12-18
2025-03-12,PG,161.44296264648438,10158800.0,Yahoo Finance,2026-09-21T04:37:35+00:00,2025-12-18
2025-03-13,PG,161.65390014648438,6609000.0,Yahoo Finance,2026-09-21T04:37:35+00:00,2025-12-18
2025-03-14,PG,161.05943298339844,6790500.0,Yahoo Finance,2026-09-21T04:37:35+00:00,2025-12-18
2025-03-17,PG,162.77577209472656,9931700.0,Yahoo Finance,2026-09-21T04:37:35+00:00,2025-12-18
2025-03-18,PG,160.81011962890625,6099900.0,Yahoo Finance,2026-09-21T04:37:35+00:00,2025-12-18
2025-03-19,PG,161.63475036621094,7569200.0,Yahoo Finance,2026-09-21T04:37:35+00:00,2025-12-18
2025-03-20,PG,160.65670776367188,8789200.0,Yahoo Finance,2026-09-21T04:37:35+00:00,2025-12-18
2025-03-21,PG,159.8320770263672,16027300.0,Yahoo Finance,2026-09-21T04:37:35+00:00,2025-12-18
2025-03-24,PG,158.83486938476562,6102100.0,Yahoo Finance,2026-09-21T04:37:35+00:00,2025-12-18
2025-03-25,PG,156.15008544921875,8366700.0,Yahoo Finance,2026-09-21T04:37:35+00:00,2025-12-18
2025-03-26,PG,159.72662353515625,7756000.0,Yahoo Finance,2026-09-21T04:37:35+00:00,2025-12-18
2025-03-27,PG,161.76898193359375,6211700.0,Yahoo Finance,2026-09-21T04:37:35+00:00,2025-12-18
2025-03-28,PG,161.11697387695312,5479100.0,Yahoo Finance,2026-09-21T04:37:35+00:00,2025-12-18
2025-03-31,PG,163.4086151123047,11520100.0,Yahoo Finance,2026-09-21T04:37:35+00:00,2025-12-18
2025-04-01,PG,163.54286193847656,7021100.0,Yahoo Finance,2026-09-21T04:37:35+00:00,2025-12-18
2025-04-02,PG,162.5264892578125,6274500.0,Yahoo Finance,2026-09-21T04:37:35+00:00,2025-12-18
2025-04-03,PG,165.29757690429688,9393300.0,Yahoo Finance,2026-09-21T04:37:35+00:00,2025-12-18
2025-04-04,PG,157.01304626464844,13454200.0,Yahoo Finance,2026-09-21T04:37:35+00:00,2025-12-18
2025-04-07,PG,153.63784790039062,15708000.0,Yahoo Finance,2026-09-21T04:37:35+00:00,2025-12-18
2025-04-08,PG,151.8735809326172,11541100.0,Yahoo Finance,2026-09-21T04:37:35+00:00,2025-12-18
2025-04-09,PG,155.64187622070312,10670200.0,Yahoo Finance,2026-09-21T04:37:35+00:00,2025-12-18
2025-04-10,PG,156.8308563232422,10581600.0,Yahoo Finance,2026-09-21T04:37:35+00:00,2025-12-18
2025-04-11,PG,160.04302978515625,8602800.0,Yahoo Finance,2026-09-21T04:37:35+00:00,2025-12-18
2025-04-14,PG,162.1717071533203,9877300.0,Yahoo Finance,2026-09-21T04:37:35+00:00,2025-12-18
2025-04-15,PG,161.53884887695312,8765000.0,Yahoo Finance,2026-09-21T04:37:35+00:00,2025-12-18
2025-04-16,PG,159.54443359375,5897500.0,Yahoo Finance,2026-09-21T04:37:35+00:00,2025-12-18
2025-04-17,PG,163.6099853515625,7227100.0,Yahoo Finance,2026-09-21T04:37:35+00:00,2025-12-18
2025-04-21,PG,159.92141723632812,8062400.0,Yahoo Finance,2026-09-21T04:37:35+00:00,2025-12-18
2025-04-22,PG,161.97653198242188,7907400.0,Yahoo Finance,2026-09-21T04:37:35+00:00,2025-12-18
2025-04-23,PG,159.90211486816406,9309200.0,Yahoo Finance,2026-09-21T04:37:35+00:00,2025-12-18
2025-04-24,PG,153.92015075683594,20077700.0,Yahoo Finance,2026-09-21T04:37:35+00:00,2025-12-18
2025-04-25,PG,155.35775756835938,12892800.0,Yahoo Finance,2026-09-21T04:37:35+00:00,2025-12-18
2025-04-28,PG,156.1585693359375,8127000.0,Yahoo Finance,2026-09-21T04:37:35+00:00,2025-12-18
2025-04-29,PG,156.5541534423828,8266200.0,Yahoo Finance,2026-09-21T04:37:35+00:00,2025-12-18
2025-04-30,PG,156.853271484375,12475500.0,Yahoo Finance,2026-09-21T04:37:35+00:00,2025-12-18
2025-05-01,PG,154.3543243408203,6792800.0,Yahoo Finance,2026-09-21T04:37:35+00:00,2025-12-18
2025-05-02,PG,154.87535095214844,5750200.0,Yahoo Finance,2026-09-21T04:37:35+00:00,2025-12-18
2025-05-05,PG,153.24478149414062,7576200.0,Yahoo Finance,2026-09-21T04:37:35+00:00,2025-12-18
2025-05-06,PG,153.6499786376953,7703800.0,Yahoo Finance,2026-09-21T04:37:35+00:00,2025-12-18
2025-05-07,PG,153.68858337402344,6430000.0,Yahoo Finance,2026-09-21T04:37:35+00:00,2025-12-18
2025-05-08,PG,153.07110595703125,7230800.0,Yahoo Finance,2026-09-21T04:37:35+00:00,2025-12-18
2025-05-09,PG,152.11590576171875,6453200.0,Yahoo Finance,2026-09-21T04:37:35+00:00,2025-12-18
2025-05-12,PG,155.2419891357422,7378400.0,Yahoo Finance,2026-09-21T04:37:35+00:00,2025-12-18
2025-05-13,PG,153.14828491210938,7780800.0,Yahoo Finance,2026-09-21T04:37:35+00:00,2025-12-18
2025-05-14,PG,152.46324157714844,5988900.0,Yahoo Finance,2026-09-21T04:37:35+00:00,2025-12-18
2025-05-15,PG,156.69888305664062,8727300.0,Yahoo Finance,2026-09-21T04:37:35+00:00,2025-12-18
2025-05-16,PG,157.5382843017578,7100800.0,Yahoo Finance,2026-09-21T04:37:35+00:00,2025-12-18
2025-05-19,PG,158.9758758544922,8119900.0,Yahoo Finance,2026-09-21T04:37:35+00:00,2025-12-18
2025-05-20,PG,159.8153076171875,5576600.0,Yahoo Finance,2026-09-21T04:37:35+00:00,2025-12-18
2025-05-21,PG,159.61268615722656,6424200.0,Yahoo Finance,2026-09-21T04:37:35+00:00,2025-12-18
2025-05-22,PG,159.22674560546875,6245600.0,Yahoo Finance,2026-09-21T04:37:35+00:00,2025-12-18
2025-05-23,PG,160.0275421142578,5349800.0,Yahoo Finance,2026-09-21T04:37:35+00:00,2025-12-18
2025-05-27,PG,161.86074829101562,11423800.0,Yahoo Finance,2026-09-21T04:37:35+00:00,2025-12-18
2025-05-28,PG,161.47482299804688,5385900.0,Yahoo Finance,2026-09-21T04:37:35+00:00,2025-12-18
2025-05-29,PG,162.6326141357422,4842500.0,Yahoo Finance,2026-09-21T04:37:35+00:00,2025-12-18
2025-05-30,PG,163.91583251953125,12587500.0,Yahoo Finance,2026-09-21T04:37:35+00:00,2025-12-18
2025-06-02,PG,161.8800506591797,7574400.0,Yahoo Finance,2026-09-21T04:37:35+00:00,2025-12-18
2025-06-03,PG,160.98275756835938,6223000.0,Yahoo Finance,2026-09-21T04:37:35+00:00,2025-12-18
2025-06-04,PG,160.11439514160156,4939000.0,Yahoo Finance,2026-09-21T04:37:35+00:00,2025-12-18
2025-06-05,PG,157.07516479492188,10351800.0,Yahoo Finance,2026-09-21T04:37:35+00:00,2025-12-18
2025-06-06,PG,158.25228881835938,5697700.0,Yahoo Finance,2026-09-21T04:37:35+00:00,2025-12-18
2025-06-09,PG,156.84359741210938,6544200.0,Yahoo Finance,2026-09-21T04:37:35+00:00,2025-12-18
2025-06-10,PG,157.11375427246094,7680000.0,Yahoo Finance,2026-09-21T04:37:35+00:00,2025-12-18
2025-06-11,PG,156.40943908691406,5960100.0,Yahoo Finance,2026-09-21T04:37:35+00:00,2025-12-18
2025-06-12,PG,157.44178771972656,6509900.0,Yahoo Finance,2026-09-21T04:37:35+00:00,2025-12-18
2025-06-13,PG,154.64378356933594,7104500.0,Yahoo Finance,2026-09-21T04:37:35+00:00,2025-12-18
2025-06-16,PG,155.22268676757812,6332000.0,Yahoo Finance,2026-09-21T04:37:35+00:00,2025-12-18
2025-06-17,PG,152.9456787109375,6809700.0,Yahoo Finance,2026-09-21T04:37:35+00:00,2025-12-18
2025-06-18,PG,152.46324157714844,7211200.0,Yahoo Finance,2026-09-21T04:37:35+00:00,2025-12-18
2025-06-20,PG,153.48597717285156,16173400.0,Yahoo Finance,2026-09-21T04:37:35+00:00,2025-12-18
2025-06-23,PG,155.36740112304688,6588200.0,Yahoo Finance,2026-09-21T04:37:35+00:00,2025-12-18
2025-06-24,PG,154.72096252441406,7470100.0,Yahoo Finance,2026-09-21T04:37:35+00:00,2025-12-18
2025-06-25,PG,153.37985229492188,5933700.0,Yahoo Finance,2026-09-21T04:37:35+00:00,2025-12-18
2025-06-26,PG,153.0518341064453,7410400.0,Yahoo Finance,2026-09-21T04:37:35+00:00,2025-12-18
2025-06-27,PG,154.23855590820312,19257000.0,Yahoo Finance,2026-09-21T04:37:35+00:00,2025-12-18
2025-06-30,PG,153.71754455566406,11238200.0,Yahoo Finance,2026-09-21T04:37:35+00:00,2025-12-18
2025-07-01,PG,155.55072021484375,10664900.0,Yahoo Finance,2026-09-21T04:37:35+00:00,2025-12-18
2025-07-02,PG,155.53143310546875,8848700.0,Yahoo Finance,2026-09-21T04:37:35+00:00,2025-12-18
2025-07-03,PG,155.17442321777344,6999600.0,Yahoo Finance,2026-09-21T04:37:35+00:00,2025-12-18
2025-07-07,PG,154.85604858398438,7225700.0,Yahoo Finance,2026-09-21T04:37:35+00:00,2025-12-18
2025-07-08,PG,152.3378143310547,12034800.0,Yahoo Finance,2026-09-21T04:37:35+00:00,2025-12-18
2025-07-09,PG,151.98085021972656,18770900.0,Yahoo Finance,2026-09-21T04:37:35+00:00,2025-12-18
2025-07-10,PG,152.91671752929688,7200500.0,Yahoo Finance,2026-09-21T04:37:35+00:00,2025-12-18
2025-07-11,PG,151.52737426757812,8053800.0,Yahoo Finance,2026-09-21T04:37:35+00:00,2025-12-18
2025-07-14,PG,148.35302734375,11491700.0,Yahoo Finance,2026-09-21T04:37:35+00:00,2025-12-18
2025-07-15,PG,147.31103515625,9142600.0,Yahoo Finance,2026-09-21T04:37:35+00:00,2025-12-18
2025-07-16,PG,148.32411193847656,8479000.0,Yahoo Finance,2026-09-21T04:37:35+00:00,2025-12-18
2025-07-17,PG,150.1476287841797,8320000.0,Yahoo Finance,2026-09-21T04:37:35+00:00,2025-12-18
2025-07-18,PG,150.66929626464844,7337300.0,Yahoo Finance,2026-09-21T04:37:35+00:00,2025-12-18
2025-07-21,PG,150.60130310058594,6328400.0,Yahoo Finance,2026-09-21T04:37:35+00:00,2025-12-18
2025-07-22,PG,153.79733276367188,8187000.0,Yahoo Finance,2026-09-21T04:37:35+00:00,2025-12-18
2025-07-23,PG,153.7584686279297,4804800.0,Yahoo Finance,2026-09-21T04:37:35+00:00,2025-12-18
2025-07-24,PG,154.27333068847656,7027400.0,Yahoo Finance,2026-09-21T04:37:35+00:00,2025-12-18
2025-07-25,PG,153.77789306640625,5799900.0,Yahoo Finance,2026-09-21T04:37:35+00:00,2025-12-18
2025-07-28,PG,152.62188720703125,7885000.0,Yahoo Finance,2026-09-21T04:37:35+00:00,2025-12-18
2025-07-29,PG,152.13616943359375,11466100.0,Yahoo Finance,2026-09-21T04:37:35+00:00,2025-12-18
2025-07-30,PG,148.5127410888672,8162900.0,Yahoo Finance,2026-09-21T04:37:35+00:00,2025-12-18
2025-07-31,PG,146.17156982421875,11845400.0,Yahoo Finance,2026-09-21T04:37:35+00:00,2025-12-18
2025-08-01,PG,146.34642028808594,8594200.0,Yahoo Finance,2026-09-21T04:37:35+00:00,2025-12-18
2025-08-04,PG,146.45327758789062,7679400.0,Yahoo Finance,2026-09-21T04:37:35+00:00,2025-12-18
2025-08-05,PG,146.21043395996094,6670100.0,Yahoo Finance,2026-09-21T04:37:35+00:00,2025-12-18
2025-08-06,PG,148.49330139160156,7376200.0,Yahoo Finance,2026-09-21T04:37:35+00:00,2025-12-18
2025-08-07,PG,149.10531616210938,6719000.0,Yahoo Finance,2026-09-21T04:37:35+00:00,2025-12-18
2025-08-08,PG,149.12474060058594,5811000.0,Yahoo Finance,2026-09-21T04:37:35+00:00,2025-12-18
2025-08-11,PG,150.552734375,7331700.0,Yahoo Finance,2026-09-21T04:37:35+00:00,2025-12-18
2025-08-12,PG,150.6595916748047,6938000.0,Yahoo Finance,2026-09-21T04:37:35+00:00,2025-12-18
2025-08-13,PG,150.970458984375,5812400.0,Yahoo Finance,2026-09-21T04:37:35+00:00,2025-12-18
2025-08-14,PG,149.34815979003906,6343700.0,Yahoo Finance,2026-09-21T04:37:35+00:00,2025-12-18
2025-08-15,PG,149.950439453125,7121700.0,Yahoo Finance,2026-09-21T04:37:35+00:00,2025-12-18
2025-08-18,PG,151.27159118652344,8274500.0,Yahoo Finance,2026-09-21T04:37:35+00:00,2025-12-18
2025-08-19,PG,153.87503051757812,7868100.0,Yahoo Finance,2026-09-21T04:37:35+00:00,2025-12-18
2025-08-20,PG,154.9533233642578,7840400.0,Yahoo Finance,2026-09-21T04:37:35+00:00,2025-12-18
2025-08-21,PG,154.1956024169922,6417500.0,Yahoo Finance,2026-09-21T04:37:35+00:00,2025-12-18
2025-08-22,PG,154.1373291015625,5797300.0,Yahoo Finance,2026-09-21T04:37:35+00:00,2025-12-18
2025-08-25,PG,151.68930053710938,4692500.0,Yahoo Finance,2026-09-21T04:37:35+00:00,2025-12-18
2025-08-26,PG,151.5144500732422,6338000.0,Yahoo Finance,2026-09-21T04:37:35+00:00,2025-12-18
2025-08-27,PG,152.47618103027344,4551200.0,Yahoo Finance,2026-09-21T04:37:35+00:00,2025-12-18
2025-08-28,PG,151.20359802246094,5857400.0,Yahoo Finance,2026-09-21T04:37:35+00:00,2025-12-18
2025-08-29,PG,152.5538787841797,5318200.0,Yahoo Finance,2026-09-21T04:37:35+00:00,2025-12-18
2025-09-02,PG,153.4767608642578,6432800.0,Yahoo Finance,2026-09-21T04:37:35+00:00,2025-12-18
2025-09-03,PG,153.651611328125,6592500.0,Yahoo Finance,2026-09-21T04:37:35+00:00,2025-12-18
2025-09-04,PG,154.64248657226562,6934900.0,Yahoo Finance,2026-09-21T04:37:35+00:00,2025-12-18
2025-09-05,PG,155.4487762451172,6436200.0,Yahoo Finance,2026-09-21T04:37:35+00:00,2025-12-18
2025-09-08,PG,154.46762084960938,7178400.0,Yahoo Finance,2026-09-21T04:37:35+00:00,2025-12-18
2025-09-09,PG,154.90476989746094,4984900.0,Yahoo Finance,2026-09-21T04:37:35+00:00,2025-12-18
2025-09-10,PG,152.85504150390625,6205500.0,Yahoo Finance,2026-09-21T04:37:35+00:00,2025-12-18
2025-09-11,PG,154.09848022460938,5819500.0,Yahoo Finance,2026-09-21T04:37:35+00:00,2025-12-18
2025-09-12,PG,153.38931274414062,5957000.0,Yahoo Finance,2026-09-21T04:37:35+00:00,2025-12-18
2025-09-15,PG,152.3498992919922,5995000.0,Yahoo Finance,2026-09-21T04:37:35+00:00,2025-12-18
2025-09-16,PG,153.53504943847656,6559600.0,Yahoo Finance,2026-09-21T04:37:35+00:00,2025-12-18
2025-09-17,PG,155.74990844726562,6764200.0,Yahoo Finance,2026-09-21T04:37:35+00:00,2025-12-18
2025-09-18,PG,152.82589721679688,7651500.0,Yahoo Finance,2026-09-21T04:37:35+00:00,2025-12-18
2025-09-19,PG,151.5824432373047,17224800.0,Yahoo Finance,2026-09-21T04:37:35+00:00,2025-12-18
2025-09-22,PG,148.6973114013672,8712900.0,Yahoo Finance,2026-09-21T04:37:35+00:00,2025-12-18
2025-09-23,PG,148.14358520507812,8853400.0,Yahoo Finance,2026-09-21T04:37:35+00:00,2025-12-18
2025-09-24,PG,148.0658721923828,6483300.0,Yahoo Finance,2026-09-21T04:37:35+00:00,2025-12-18
2025-09-25,PG,147.8035888671875,7511400.0,Yahoo Finance,2026-09-21T04:37:35+00:00,2025-12-18
2025-09-26,PG,148.14358520507812,5721100.0,Yahoo Finance,2026-09-21T04:37:35+00:00,2025-12-18
2025-09-29,PG,149.14414978027344,8139700.0,Yahoo Finance,2026-09-21T04:37:35+00:00,2025-12-18
2025-09-30,PG,149.26071166992188,7762600.0,Yahoo Finance,2026-09-21T04:37:35+00:00,2025-12-18
2025-10-01,PG,148.8041534423828,7566000.0,Yahoo Finance,2026-09-21T04:37:35+00:00,2025-12-18
2025-10-02,PG,147.70643615722656,6892100.0,Yahoo Finance,2026-09-21T04:37:35+00:00,2025-12-18
2025-10-03,PG,147.92015075683594,5212600.0,Yahoo Finance,2026-09-21T04:37:35+00:00,2025-12-18
2025-10-06,PG,146.11329650878906,6737000.0,Yahoo Finance,2026-09-21T04:37:35+00:00,2025-12-18
2025-10-07,PG,148.18243408203125,6844400.0,Yahoo Finance,2026-09-21T04:37:35+00:00,2025-12-18
2025-10-08,PG,146.38528442382812,5254700.0,Yahoo Finance,2026-09-21T04:37:35+00:00,2025-12-18
2025-10-09,PG,146.27842712402344,6134500.0,Yahoo Finance,2026-09-21T04:37:35+00:00,2025-12-18
2025-10-10,PG,145.41384887695312,7374000.0,Yahoo Finance,2026-09-21T04:37:35+00:00,2025-12-18
2025-10-13,PG,143.27670288085938,7511100.0,Yahoo Finance,2026-09-21T04:37:35+00:00,2025-12-18
2025-10-14,PG,144.8990020751953,8585300.0,Yahoo Finance,2026-09-21T04:37:35+00:00,2025-12-18
2025-10-15,PG,143.2086944580078,10003100.0,Yahoo Finance,2026-09-21T04:37:35+00:00,2025-12-18
2025-10-16,PG,145.326416015625,8809700.0,Yahoo Finance,2026-09-21T04:37:35+00:00,2025-12-18
2025-10-17,PG,147.0749969482422,8612900.0,Yahoo Finance,2026-09-21T04:37:35+00:00,2025-12-18
2025-10-20,PG,147.6190185546875,5601300.0,Yahoo Finance,2026-09-21T04:37:35+00:00,2025-12-18
2025-10-21,PG,147.28871154785156,6013400.0,Yahoo Finance,2026-09-21T04:37:35+00:00,2025-12-18
2025-10-22,PG,147.85215759277344,6394400.0,Yahoo Finance,2026-09-21T04:37:35+00:00,2025-12-18
2025-10-23,PG,147.86187744140625,8205400.0,Yahoo Finance,2026-09-21T04:37:35+00:00,2025-12-18
2025-10-24,PG,149.1697540283203,11968500.0,Yahoo Finance,2026-09-21T04:37:35+00:00,2025-12-18
2025-10-27,PG,148.4360809326172,7775300.0,Yahoo Finance,2026-09-21T04:37:35+00:00,2025-12-18
2025-10-28,PG,148.07412719726562,5819300.0,Yahoo Finance,2026-09-21T04:37:35+00:00,2025-12-18
2025-10-29,PG,145.53076171875,7405500.0,Yahoo Finance,2026-09-21T04:37:35+00:00,2025-12-18
2025-10-30,PG,146.3231201171875,6760700.0,Yahoo Finance,2026-09-21T04:37:35+00:00,2025-12-18
2025-10-31,PG,147.09591674804688,7930300.0,Yahoo Finance,2026-09-21T04:37:35+00:00,2025-12-18
2025-11-03,PG,144.7970733642578,8946400.0,Yahoo Finance,2026-09-21T04:37:35+00:00,2025-12-18
2025-11-04,PG,143.96559143066406,9295400.0,Yahoo Finance,2026-09-21T04:37:35+00:00,2025-12-18
2025-11-05,PG,142.61563110351562,11199900.0,Yahoo Finance,2026-09-21T04:37:35+00:00,2025-12-18
2025-11-06,PG,142.9482421875,10024500.0,Yahoo Finance,2026-09-21T04:37:35+00:00,2025-12-18
2025-11-07,PG,143.7797088623047,8500100.0,Yahoo Finance,2026-09-21T04:37:35+00:00,2025-12-18
2025-11-10,PG,142.3319549560547,10208100.0,Yahoo Finance,2026-09-21T04:37:35+00:00,2025-12-18
2025-11-11,PG,145.30575561523438,7332500.0,Yahoo Finance,2026-09-21T04:37:35+00:00,2025-12-18
2025-11-12,PG,144.78729248046875,7851100.0,Yahoo Finance,2026-09-21T04:37:35+00:00,2025-12-18
2025-11-13,PG,144.73838806152344,7566800.0,Yahoo Finance,2026-09-21T04:37:35+00:00,2025-12-18
2025-11-14,PG,144.45469665527344,9150800.0,Yahoo Finance,2026-09-21T04:37:35+00:00,2025-12-18
2025-11-17,PG,142.64498901367188,9902300.0,Yahoo Finance,2026-09-21T04:37:35+00:00,2025-12-18
2025-11-18,PG,143.7895050048828,10735200.0,Yahoo Finance,2026-09-21T04:37:35+00:00,2025-12-18
2025-11-19,PG,143.7895050048828,6367000.0,Yahoo Finance,2026-09-21T04:37:35+00:00,2025-12-18
2025-11-20,PG,144.96337890625,9021300.0,Yahoo Finance,2026-09-21T04:37:35+00:00,2025-12-18
2025-11-21,PG,147.63394165039062,12018000.0,Yahoo Finance,2026-09-21T04:37:35+00:00,2025-12-18
2025-11-24,PG,143.7797088623047,13846900.0,Yahoo Finance,2026-09-21T04:37:35+00:00,2025-12-18
2025-11-25,PG,145.25685119628906,10477700.0,Yahoo Finance,2026-09-21T04:37:35+00:00,2025-12-18
2025-11-26,PG,145.02207946777344,9238500.0,Yahoo Finance,2026-09-21T04:37:35+00:00,2025-12-18
2025-11-28,PG,144.9340362548828,4707200.0,Yahoo Finance,2026-09-21T04:37:35+00:00,2025-12-18
2025-12-01,PG,144.22970581054688,8240700.0,Yahoo Finance,2026-09-21T04:37:35+00:00,2025-12-18
2025-12-02,PG,142.68411254882812,16376800.0,Yahoo Finance,2026-09-21T04:37:35+00:00,2025-12-18
2025-12-03,PG,143.51560974121094,9125300.0,Yahoo Finance,2026-09-21T04:37:35+00:00,2025-12-18
2025-12-04,PG,142.1949920654297,10479300.0,Yahoo Finance,2026-09-21T04:37:35+00:00,2025-12-18
2025-12-05,PG,140.32656860351562,12791700.0,Yahoo Finance,2026-09-21T04:37:35+00:00,2025-12-18
2025-12-08,PG,135.32785034179688,17507500.0,Yahoo Finance,2026-09-21T04:37:35+00:00,2025-12-18
2025-12-09,PG,136.58975219726562,10375700.0,Yahoo Finance,2026-09-21T04:37:35+00:00,2025-12-18
2025-12-10,PG,136.775634765625,13650400.0,Yahoo Finance,2026-09-21T04:37:35+00:00,2025-12-18
2025-12-11,PG,137.69515991210938,11798000.0,Yahoo Finance,2026-09-21T04:37:35+00:00,2025-12-18
2025-12-12,PG,139.72987365722656,10268800.0,Yahoo Finance,2026-09-21T04:37:35+00:00,2025-12-18
2025-12-15,PG,141.9700164794922,13877700.0,Yahoo Finance,2026-09-21T04:37:35+00:00,2025-12-18
2025-12-16,PG,142.04827880859375,10251700.0,Yahoo Finance,2026-09-21T04:37:35+00:00,2025-12-18
2025-12-17,PG,144.59165954589844,9833300.0,Yahoo Finance,2026-09-21T04:37:35+00:00,2025-12-18
2025-12-18,PG,142.3515167236328,12239900.0,Yahoo Finance,2026-09-21T04:37:35+00:00,2025-12-18
2024-11-13,PJT,156.89698791503906,216400.0,Yahoo Finance,2026-09-21T04:37:35+00:00,2025-12-18
2024-11-14,PJT,157.28211975097656,235500.0,Yahoo Finance,2026-09-21T04:37:35+00:00,2025-12-18
2024-11-15,PJT,155.36622619628906,288200.0,Yahoo Finance,2026-09-21T04:37:35+00:00,2025-12-18
2024-11-18,PJT,154.35890197753906,237600.0,Yahoo Finance,2026-09-21T04:37:35+00:00,2025-12-18
2024-11-19,PJT,153.60833740234375,143300.0,Yahoo Finance,2026-09-21T04:37:35+00:00,2025-12-18
2024-11-20,PJT,153.92434692382812,141700.0,Yahoo Finance,2026-09-21T04:37:35+00:00,2025-12-18
2024-11-21,PJT,158.81288146972656,318600.0,Yahoo Finance,2026-09-21T04:37:35+00:00,2025-12-18
2024-11-22,PJT,160.76829528808594,336200.0,Yahoo Finance,2026-09-21T04:37:35+00:00,2025-12-18
2024-11-25,PJT,164.77786254882812,319700.0,Yahoo Finance,2026-09-21T04:37:35+00:00,2025-12-18
2024-11-26,PJT,163.77053833007812,243200.0,Yahoo Finance,2026-09-21T04:37:35+00:00,2025-12-18
2024-11-27,PJT,163.1384735107422,189500.0,Yahoo Finance,2026-09-21T04:37:35+00:00,2025-12-18
2024-11-29,PJT,165.2815399169922,107000.0,Yahoo Finance,2026-09-21T04:37:35+00:00,2025-12-18
2024-12-02,PJT,163.23724365234375,189600.0,Yahoo Finance,2026-09-21T04:37:35+00:00,2025-12-18
2024-12-03,PJT,159.0795440673828,357800.0,Yahoo Finance,2026-09-21T04:37:35+00:00,2025-12-18
2024-12-04,PJT,159.3367156982422,147900.0,Yahoo Finance,2026-09-21T04:37:35+00:00,2025-12-18
2024-12-05,PJT,159.51475524902344,159200.0,Yahoo Finance,2026-09-21T04:37:35+00:00,2025-12-18
2024-12-06,PJT,162.42274475097656,176500.0,Yahoo Finance,2026-09-21T04:37:35+00:00,2025-12-18
2024-12-09,PJT,156.98263549804688,214800.0,Yahoo Finance,2026-09-21T04:37:35+00:00,2025-12-18
2024-12-10,PJT,156.72544860839844,171600.0,Yahoo Finance,2026-09-21T04:37:35+00:00,2025-12-18
2024-12-11,PJT,162.70957946777344,161600.0,Yahoo Finance,2026-09-21T04:37:35+00:00,2025-12-18
2024-12-12,PJT,164.02511596679688,130100.0,Yahoo Finance,2026-09-21T04:37:35+00:00,2025-12-18
2024-12-13,PJT,162.1260223388672,148100.0,Yahoo Finance,2026-09-21T04:37:35+00:00,2025-12-18
2024-12-16,PJT,162.2249298095703,166200.0,Yahoo Finance,2026-09-21T04:37:35+00:00,2025-12-18
2024-12-17,PJT,157.7046661376953,254500.0,Yahoo Finance,2026-09-21T04:37:35+00:00,2025-12-18
2024-12-18,PJT,149.870849609375,281700.0,Yahoo Finance,2026-09-21T04:37:35+00:00,2025-12-18
2024-12-19,PJT,151.19627380371094,281000.0,Yahoo Finance,2026-09-21T04:37:35+00:00,2025-12-18
2024-12-20,PJT,153.71853637695312,515900.0,Yahoo Finance,2026-09-21T04:37:35+00:00,2025-12-18
2024-12-23,PJT,155.33078002929688,176200.0,Yahoo Finance,2026-09-21T04:37:35+00:00,2025-12-18
2024-12-24,PJT,157.16064453125,109600.0,Yahoo Finance,2026-09-21T04:37:35+00:00,2025-12-18
2024-12-26,PJT,159.2872314453125,146200.0,Yahoo Finance,2026-09-21T04:37:35+00:00,2025-12-18
2024-12-27,PJT,157.833251953125,189000.0,Yahoo Finance,2026-09-21T04:37:35+00:00,2025-12-18
2024-12-30,PJT,155.41983032226562,529900.0,Yahoo Finance,2026-09-21T04:37:35+00:00,2025-12-18
2024-12-31,PJT,156.0924072265625,201300.0,Yahoo Finance,2026-09-21T04:37:35+00:00,2025-12-18
2025-01-02,PJT,154.8758087158203,150200.0,Yahoo Finance,2026-09-21T04:37:35+00:00,2025-12-18
2025-01-03,PJT,154.81646728515625,158800.0,Yahoo Finance,2026-09-21T04:37:35+00:00,2025-12-18
2025-01-06,PJT,155.13296508789062,151900.0,Yahoo Finance,2026-09-21T04:37:35+00:00,2025-12-18
2025-01-07,PJT,151.73037719726562,210800.0,Yahoo Finance,2026-09-21T04:37:35+00:00,2025-12-18
2025-01-08,PJT,156.6462860107422,233600.0,Yahoo Finance,2026-09-21T04:37:35+00:00,2025-12-18
2025-01-10,PJT,152.9766845703125,269900.0,Yahoo Finance,2026-09-21T04:37:35+00:00,2025-12-18
2025-01-13,PJT,150.54344177246094,298700.0,Yahoo Finance,2026-09-21T04:37:35+00:00,2025-12-18
2025-01-14,PJT,154.7966766357422,264800.0,Yahoo Finance,2026-09-21T04:37:35+00:00,2025-12-18
2025-01-15,PJT,160.0686492919922,368800.0,Yahoo Finance,2026-09-21T04:37:35+00:00,2025-12-18
2025-01-16,PJT,157.23980712890625,230700.0,Yahoo Finance,2026-09-21T04:37:35+00:00,2025-12-18
2025-01-17,PJT,157.4178009033203,167700.0,Yahoo Finance,2026-09-21T04:37:35+00:00,2025-12-18
2025-01-21,PJT,163.39207458496094,326800.0,Yahoo Finance,2026-09-21T04:37:35+00:00,2025-12-18
2025-01-22,PJT,161.25558471679688,206200.0,Yahoo Finance,2026-09-21T04:37:35+00:00,2025-12-18
2025-01-23,PJT,159.97962951660156,140600.0,Yahoo Finance,2026-09-21T04:37:35+00:00,2025-12-18
2025-01-24,PJT,162.69969177246094,161300.0,Yahoo Finance,2026-09-21T04:37:35+00:00,2025-12-18
2025-01-27,PJT,160.19725036621094,175500.0,Yahoo Finance,2026-09-21T04:37:35+00:00,2025-12-18
2025-01-28,PJT,163.50088500976562,211800.0,Yahoo Finance,2026-09-21T04:37:35+00:00,2025-12-18
2025-01-29,PJT,160.9193115234375,160400.0,Yahoo Finance,2026-09-21T04:37:35+00:00,2025-12-18
2025-01-30,PJT,163.0557861328125,168800.0,Yahoo Finance,2026-09-21T04:37:35+00:00,2025-12-18
2025-01-31,PJT,163.17446899414062,173200.0,Yahoo Finance,2026-09-21T04:37:35+00:00,2025-12-18
2025-02-03,PJT,163.53057861328125,285400.0,Yahoo Finance,2026-09-21T04:37:35+00:00,2025-12-18
2025-02-04,PJT,171.8787078857422,746400.0,Yahoo Finance,2026-09-21T04:37:35+00:00,2025-12-18
2025-02-05,PJT,174.98451232910156,307100.0,Yahoo Finance,2026-09-21T04:37:35+00:00,2025-12-18
2025-02-06,PJT,175.0537567138672,215400.0,Yahoo Finance,2026-09-21T04:37:35+00:00,2025-12-18
2025-02-07,PJT,171.6511993408203,208000.0,Yahoo Finance,2026-09-21T04:37:35+00:00,2025-12-18
2025-02-10,PJT,173.21401977539062,313100.0,Yahoo Finance,2026-09-21T04:37:35+00:00,2025-12-18
2025-02-11,PJT,170.42469787597656,214300.0,Yahoo Finance,2026-09-21T04:37:35+00:00,2025-12-18
2025-02-12,PJT,171.0478515625,173000.0,Yahoo Finance,2026-09-21T04:37:35+00:00,2025-12-18
2025-02-13,PJT,174.05474853515625,166400.0,Yahoo Finance,2026-09-21T04:37:35+00:00,2025-12-18
2025-02-14,PJT,173.8865966796875,347400.0,Yahoo Finance,2026-09-21T04:37:35+00:00,2025-12-18
2025-02-18,PJT,175.33070373535156,278900.0,Yahoo Finance,2026-09-21T04:37:35+00:00,2025-12-18
2025-02-19,PJT,175.65711975097656,665600.0,Yahoo Finance,2026-09-21T04:37:35+00:00,2025-12-18
2025-02-20,PJT,164.30206298828125,328900.0,Yahoo Finance,2026-09-21T04:37:35+00:00,2025-12-18
2025-02-21,PJT,161.2160186767578,199200.0,Yahoo Finance,2026-09-21T04:37:35+00:00,2025-12-18
2025-02-24,PJT,157.82334899902344,312700.0,Yahoo Finance,2026-09-21T04:37:35+00:00,2025-12-18
2025-02-25,PJT,154.12408447265625,431500.0,Yahoo Finance,2026-09-21T04:37:35+00:00,2025-12-18
2025-02-26,PJT,157.42770385742188,223900.0,Yahoo Finance,2026-09-21T04:37:35+00:00,2025-12-18
2025-02-27,PJT,155.63743591308594,189600.0,Yahoo Finance,2026-09-21T04:37:35+00:00,2025-12-18
2025-02-28,PJT,157.52662658691406,314600.0,Yahoo Finance,2026-09-21T04:37:35+00:00,2025-12-18
2025-03-03,PJT,155.5681610107422,218400.0,Yahoo Finance,2026-09-21T04:37:35+00:00,2025-12-18
2025-03-04,PJT,146.5672149658203,602700.0,Yahoo Finance,2026-09-21T04:37:35+00:00,2025-12-18
2025-03-05,PJT,147.76605224609375,390100.0,Yahoo Finance,2026-09-21T04:37:35+00:00,2025-12-18
2025-03-06,PJT,146.8248291015625,468000.0,Yahoo Finance,2026-09-21T04:37:35+00:00,2025-12-18
2025-03-07,PJT,147.68679809570312,411800.0,Yahoo Finance,2026-09-21T04:37:35+00:00,2025-12-18
2025-03-10,PJT,144.92250061035156,458700.0,Yahoo Finance,2026-09-21T04:37:35+00:00,2025-12-18
2025-03-11,PJT,141.03860473632812,547900.0,Yahoo Finance,2026-09-21T04:37:35+00:00,2025-12-18
2025-03-12,PJT,140.3450469970703,412100.0,Yahoo Finance,2026-09-21T04:37:35+00:00,2025-12-18
2025-03-13,PJT,138.62110900878906,396600.0,Yahoo Finance,2026-09-21T04:37:35+00:00,2025-12-18
2025-03-14,PJT,137.5510711669922,469000.0,Yahoo Finance,2026-09-21T04:37:35+00:00,2025-12-18
2025-03-17,PJT,138.39320373535156,463700.0,Yahoo Finance,2026-09-21T04:37:35+00:00,2025-12-18
2025-03-18,PJT,139.14622497558594,264900.0,Yahoo Finance,2026-09-21T04:37:35+00:00,2025-12-18
2025-03-19,PJT,141.69253540039062,168800.0,Yahoo Finance,2026-09-21T04:37:35+00:00,2025-12-18
2025-03-20,PJT,141.14759826660156,156400.0,Yahoo Finance,2026-09-21T04:37:35+00:00,2025-12-18
2025-03-21,PJT,142.69325256347656,388300.0,Yahoo Finance,2026-09-21T04:37:35+00:00,2025-12-18
2025-03-24,PJT,147.43910217285156,115100.0,Yahoo Finance,2026-09-21T04:37:35+00:00,2025-12-18
2025-03-25,PJT,145.96282958984375,246600.0,Yahoo Finance,2026-09-21T04:37:35+00:00,2025-12-18
2025-03-26,PJT,143.6245880126953,151400.0,Yahoo Finance,2026-09-21T04:37:35+00:00,2025-12-18
2025-03-27,PJT,138.63101196289062,217600.0,Yahoo Finance,2026-09-21T04:37:35+00:00,2025-12-18
2025-03-28,PJT,134.7174072265625,192500.0,Yahoo Finance,2026-09-21T04:37:35+00:00,2025-12-18
2025-03-31,PJT,136.6098175048828,386400.0,Yahoo Finance,2026-09-21T04:37:35+00:00,2025-12-18
2025-04-01,PJT,138.62110900878906,284200.0,Yahoo Finance,2026-09-21T04:37:35+00:00,2025-12-18
2025-04-02,PJT,140.4342803955078,267600.0,Yahoo Finance,2026-09-21T04:37:35+00:00,2025-12-18
2025-04-03,PJT,130.66506958007812,330300.0,Yahoo Finance,2026-09-21T04:37:35+00:00,2025-12-18
2025-04-04,PJT,125.11666107177734,432300.0,Yahoo Finance,2026-09-21T04:37:35+00:00,2025-12-18
2025-04-07,PJT,124.80951690673828,571800.0,Yahoo Finance,2026-09-21T04:37:35+00:00,2025-12-18
2025-04-08,PJT,124.28439331054688,665400.0,Yahoo Finance,2026-09-21T04:37:35+00:00,2025-12-18
2025-04-09,PJT,134.81649780273438,663600.0,Yahoo Finance,2026-09-21T04:37:35+00:00,2025-12-18
2025-04-10,PJT,128.1682891845703,629700.0,Yahoo Finance,2026-09-21T04:37:35+00:00,2025-12-18
2025-04-11,PJT,128.4060821533203,489400.0,Yahoo Finance,2026-09-21T04:37:35+00:00,2025-12-18
2025-04-14,PJT,130.17959594726562,317300.0,Yahoo Finance,2026-09-21T04:37:35+00:00,2025-12-18
2025-04-15,PJT,131.0118408203125,185500.0,Yahoo Finance,2026-09-21T04:37:35+00:00,2025-12-18
2025-04-16,PJT,127.50447082519531,271600.0,Yahoo Finance,2026-09-21T04:37:35+00:00,2025-12-18
2025-04-17,PJT,128.5745086669922,236800.0,Yahoo Finance,2026-09-21T04:37:35+00:00,2025-12-18
2025-04-21,PJT,125.82012176513672,247900.0,Yahoo Finance,2026-09-21T04:37:35+00:00,2025-12-18
2025-04-22,PJT,129.95172119140625,148600.0,Yahoo Finance,2026-09-21T04:37:35+00:00,2025-12-18
2025-04-23,PJT,131.48744201660156,254700.0,Yahoo Finance,2026-09-21T04:37:35+00:00,2025-12-18
2025-04-24,PJT,133.18165588378906,180800.0,Yahoo Finance,2026-09-21T04:37:35+00:00,2025-12-18
2025-04-25,PJT,133.4293670654297,256000.0,Yahoo Finance,2026-09-21T04:37:35+00:00,2025-12-18
2025-04-28,PJT,134.10313415527344,444400.0,Yahoo Finance,2026-09-21T04:37:35+00:00,2025-12-18
2025-04-29,PJT,140.1568145751953,355100.0,Yahoo Finance,2026-09-21T04:37:35+00:00,2025-12-18
2025-04-30,PJT,140.40451049804688,515900.0,Yahoo Finance,2026-09-21T04:37:35+00:00,2025-12-18
2025-05-01,PJT,138.56166076660156,424500.0,Yahoo Finance,2026-09-21T04:37:35+00:00,2025-12-18
2025-05-02,PJT,142.1879425048828,429200.0,Yahoo Finance,2026-09-21T04:37:35+00:00,2025-12-18
2025-05-05,PJT,141.2268829345703,225400.0,Yahoo Finance,2026-09-21T04:37:35+00:00,2025-12-18
2025-05-06,PJT,141.36557006835938,257300.0,Yahoo Finance,2026-09-21T04:37:35+00:00,2025-12-18
2025-05-07,PJT,140.99899291992188,259700.0,Yahoo Finance,2026-09-21T04:37:35+00:00,2025-12-18
2025-05-08,PJT,145.17018127441406,275800.0,Yahoo Finance,2026-09-21T04:37:35+00:00,2025-12-18
2025-05-09,PJT,142.93101501464844,189400.0,Yahoo Finance,2026-09-21T04:37:35+00:00,2025-12-18
2025-05-12,PJT,148.0335693359375,329800.0,Yahoo Finance,2026-09-21T04:37:35+00:00,2025-12-18
2025-05-13,PJT,148.67759704589844,189000.0,Yahoo Finance,2026-09-21T04:37:35+00:00,2025-12-18
2025-05-14,PJT,146.84463500976562,267200.0,Yahoo Finance,2026-09-21T04:37:35+00:00,2025-12-18
2025-05-15,PJT,145.92318725585938,156400.0,Yahoo Finance,2026-09-21T04:37:35+00:00,2025-12-18
2025-05-16,PJT,149.10362243652344,280100.0,Yahoo Finance,2026-09-21T04:37:35+00:00,2025-12-18
2025-05-19,PJT,149.51976013183594,182900.0,Yahoo Finance,2026-09-21T04:37:35+00:00,2025-12-18
2025-05-20,PJT,150.25294494628906,502400.0,Yahoo Finance,2026-09-21T04:37:35+00:00,2025-12-18
2025-05-21,PJT,146.14117431640625,193500.0,Yahoo Finance,2026-09-21T04:37:35+00:00,2025-12-18
2025-05-22,PJT,146.46812438964844,154300.0,Yahoo Finance,2026-09-21T04:37:35+00:00,2025-12-18
2025-05-23,PJT,144.75408935546875,218400.0,Yahoo Finance,2026-09-21T04:37:35+00:00,2025-12-18
2025-05-27,PJT,150.53036499023438,260500.0,Yahoo Finance,2026-09-21T04:37:35+00:00,2025-12-18
2025-05-28,PJT,149.6683807373047,219300.0,Yahoo Finance,2026-09-21T04:37:35+00:00,2025-12-18
2025-05-29,PJT,149.4900360107422,215500.0,Yahoo Finance,2026-09-21T04:37:35+00:00,2025-12-18
2025-05-30,PJT,149.27206420898438,349800.0,Yahoo Finance,2026-09-21T04:37:35+00:00,2025-12-18
2025-06-02,PJT,148.82620239257812,244100.0,Yahoo Finance,2026-09-21T04:37:35+00:00,2025-12-18
2025-06-03,PJT,150.3817596435547,113500.0,Yahoo Finance,2026-09-21T04:37:35+00:00,2025-12-18
2025-06-04,PJT,147.9999237060547,162500.0,Yahoo Finance,2026-09-21T04:37:35+00:00,2025-12-18
2025-06-05,PJT,149.91529846191406,149000.0,Yahoo Finance,2026-09-21T04:37:35+00:00,2025-12-18
2025-06-06,PJT,153.05136108398438,123200.0,Yahoo Finance,2026-09-21T04:37:35+00:00,2025-12-18
2025-06-09,PJT,154.0040740966797,148400.0,Yahoo Finance,2026-09-21T04:37:35+00:00,2025-12-18
2025-06-10,PJT,152.00930786132812,143100.0,Yahoo Finance,2026-09-21T04:37:35+00:00,2025-12-18
2025-06-11,PJT,155.016357421875,249200.0,Yahoo Finance,2026-09-21T04:37:35+00:00,2025-12-18
2025-06-12,PJT,155.81028747558594,247100.0,Yahoo Finance,2026-09-21T04:37:35+00:00,2025-12-18
2025-06-13,PJT,149.66722106933594,244300.0,Yahoo Finance,2026-09-21T04:37:35+00:00,2025-12-18
2025-06-16,PJT,152.43605041503906,234100.0,Yahoo Finance,2026-09-21T04:37:35+00:00,2025-12-18
2025-06-17,PJT,151.27491760253906,161800.0,Yahoo Finance,2026-09-21T04:37:35+00:00,2025-12-18
2025-06-18,PJT,153.23992919921875,130300.0,Yahoo Finance,2026-09-21T04:37:35+00:00,2025-12-18
2025-06-20,PJT,153.32925415039062,418900.0,Yahoo Finance,2026-09-21T04:37:35+00:00,2025-12-18
2025-06-23,PJT,158.91656494140625,283700.0,Yahoo Finance,2026-09-21T04:37:35+00:00,2025-12-18
2025-06-24,PJT,161.47703552246094,177600.0,Yahoo Finance,2026-09-21T04:37:35+00:00,2025-12-18
2025-06-25,PJT,161.1495361328125,159600.0,Yahoo Finance,2026-09-21T04:37:35+00:00,2025-12-18
2025-06-26,PJT,165.099365234375,171400.0,Yahoo Finance,2026-09-21T04:37:35+00:00,2025-12-18
2025-06-27,PJT,165.1490020751953,263700.0,Yahoo Finance,2026-09-21T04:37:35+00:00,2025-12-18
2025-06-30,PJT,163.75958251953125,233600.0,Yahoo Finance,2026-09-21T04:37:35+00:00,2025-12-18
2025-07-01,PJT,163.82908630371094,300400.0,Yahoo Finance,2026-09-21T04:37:35+00:00,2025-12-18
2025-07-02,PJT,165.5955810546875,211700.0,Yahoo Finance,2026-09-21T04:37:35+00:00,2025-12-18
2025-07-03,PJT,167.19338989257812,115400.0,Yahoo Finance,2026-09-21T04:37:35+00:00,2025-12-18
2025-07-07,PJT,169.5652618408203,242000.0,Yahoo Finance,2026-09-21T04:37:35+00:00,2025-12-18
2025-07-08,PJT,170.29966735839844,244100.0,Yahoo Finance,2026-09-21T04:37:35+00:00,2025-12-18
2025-07-09,PJT,174.815185546875,224900.0,Yahoo Finance,2026-09-21T04:37:35+00:00,2025-12-18
2025-07-10,PJT,177.27639770507812,305800.0,Yahoo Finance,2026-09-21T04:37:35+00:00,2025-12-18
2025-07-11,PJT,174.56707763671875,270800.0,Yahoo Finance,2026-09-21T04:37:35+00:00,2025-12-18
2025-07-14,PJT,178.9436492919922,268800.0,Yahoo Finance,2026-09-21T04:37:35+00:00,2025-12-18
2025-07-15,PJT,177.40538024902344,337800.0,Yahoo Finance,2026-09-21T04:37:35+00:00,2025-12-18
2025-07-16,PJT,182.7942657470703,350100.0,Yahoo Finance,2026-09-21T04:37:35+00:00,2025-12-18
2025-07-17,PJT,182.61561584472656,502400.0,Yahoo Finance,2026-09-21T04:37:35+00:00,2025-12-18
2025-07-18,PJT,181.5636444091797,252100.0,Yahoo Finance,2026-09-21T04:37:35+00:00,2025-12-18
2025-07-21,PJT,180.96820068359375,214200.0,Yahoo Finance,2026-09-21T04:37:35+00:00,2025-12-18
2025-07-22,PJT,182.9629669189453,197300.0,Yahoo Finance,2026-09-21T04:37:35+00:00,2025-12-18
2025-07-23,PJT,184.58062744140625,131800.0,Yahoo Finance,2026-09-21T04:37:35+00:00,2025-12-18
2025-07-24,PJT,184.61041259765625,265100.0,Yahoo Finance,2026-09-21T04:37:35+00:00,2025-12-18
2025-07-25,PJT,182.7049560546875,234800.0,Yahoo Finance,2026-09-21T04:37:35+00:00,2025-12-18
2025-07-28,PJT,181.13690185546875,322600.0,Yahoo Finance,2026-09-21T04:37:35+00:00,2025-12-18
2025-07-29,PJT,176.1748046875,373500.0,Yahoo Finance,2026-09-21T04:37:35+00:00,2025-12-18
2025-07-30,PJT,176.77024841308594,365600.0,Yahoo Finance,2026-09-21T04:37:35+00:00,2025-12-18
2025-07-31,PJT,177.26646423339844,427000.0,Yahoo Finance,2026-09-21T04:37:35+00:00,2025-12-18
2025-08-01,PJT,177.66343688964844,314100.0,Yahoo Finance,2026-09-21T04:37:35+00:00,2025-12-18
2025-08-04,PJT,180.35289001464844,360200.0,Yahoo Finance,2026-09-21T04:37:35+00:00,2025-12-18
2025-08-05,PJT,180.35289001464844,278400.0,Yahoo Finance,2026-09-21T04:37:35+00:00,2025-12-18
2025-08-06,PJT,179.58872985839844,152600.0,Yahoo Finance,2026-09-21T04:37:35+00:00,2025-12-18
2025-08-07,PJT,176.2740478515625,190700.0,Yahoo Finance,2026-09-21T04:37:35+00:00,2025-12-18
2025-08-08,PJT,175.22207641601562,194600.0,Yahoo Finance,2026-09-21T04:37:35+00:00,2025-12-18
2025-08-11,PJT,176.2938995361328,197100.0,Yahoo Finance,2026-09-21T04:37:35+00:00,2025-12-18
2025-08-12,PJT,181.4842529296875,237000.0,Yahoo Finance,2026-09-21T04:37:35+00:00,2025-12-18
2025-08-13,PJT,184.9775848388672,229900.0,Yahoo Finance,2026-09-21T04:37:35+00:00,2025-12-18
2025-08-14,PJT,182.208740234375,188100.0,Yahoo Finance,2026-09-21T04:37:35+00:00,2025-12-18
2025-08-15,PJT,178.42758178710938,223200.0,Yahoo Finance,2026-09-21T04:37:35+00:00,2025-12-18
2025-08-18,PJT,176.99850463867188,168300.0,Yahoo Finance,2026-09-21T04:37:35+00:00,2025-12-18
2025-08-19,PJT,174.80526733398438,135300.0,Yahoo Finance,2026-09-21T04:37:35+00:00,2025-12-18
2025-08-20,PJT,175.41064453125,165500.0,Yahoo Finance,2026-09-21T04:37:35+00:00,2025-12-18
2025-08-21,PJT,173.97161865234375,96900.0,Yahoo Finance,2026-09-21T04:37:35+00:00,2025-12-18
2025-08-22,PJT,179.36045837402344,279900.0,Yahoo Finance,2026-09-21T04:37:35+00:00,2025-12-18
2025-08-25,PJT,176.66107177734375,140700.0,Yahoo Finance,2026-09-21T04:37:35+00:00,2025-12-18
2025-08-26,PJT,180.56129455566406,174500.0,Yahoo Finance,2026-09-21T04:37:35+00:00,2025-12-18
2025-08-27,PJT,180.62086486816406,148800.0,Yahoo Finance,2026-09-21T04:37:35+00:00,2025-12-18
2025-08-28,PJT,180.0452423095703,167100.0,Yahoo Finance,2026-09-21T04:37:35+00:00,2025-12-18
2025-08-29,PJT,177.64356994628906,296200.0,Yahoo Finance,2026-09-21T04:37:35+00:00,2025-12-18
2025-09-02,PJT,175.51980590820312,144200.0,Yahoo Finance,2026-09-21T04:37:35+00:00,2025-12-18
2025-09-03,PJT,173.48245239257812,177800.0,Yahoo Finance,2026-09-21T04:37:35+00:00,2025-12-18
2025-09-04,PJT,178.80934143066406,131600.0,Yahoo Finance,2026-09-21T04:37:35+00:00,2025-12-18
2025-09-05,PJT,178.9683837890625,119600.0,Yahoo Finance,2026-09-21T04:37:35+00:00,2025-12-18
2025-09-08,PJT,180.22059631347656,142200.0,Yahoo Finance,2026-09-21T04:37:35+00:00,2025-12-18
2025-09-09,PJT,177.93479919433594,127300.0,Yahoo Finance,2026-09-21T04:37:35+00:00,2025-12-18
2025-09-10,PJT,178.55096435546875,120500.0,Yahoo Finance,2026-09-21T04:37:35+00:00,2025-12-18
2025-09-11,PJT,185.7462921142578,177300.0,Yahoo Finance,2026-09-21T04:37:35+00:00,2025-12-18
2025-09-12,PJT,182.67535400390625,127200.0,Yahoo Finance,2026-09-21T04:37:35+00:00,2025-12-18
2025-09-15,PJT,180.2504119873047,134700.0,Yahoo Finance,2026-09-21T04:37:35+00:00,2025-12-18
2025-09-16,PJT,179.3857879638672,95500.0,Yahoo Finance,2026-09-21T04:37:35+00:00,2025-12-18
2025-09-17,PJT,182.40701293945312,139800.0,Yahoo Finance,2026-09-21T04:37:35+00:00,2025-12-18
2025-09-18,PJT,187.10781860351562,147900.0,Yahoo Finance,2026-09-21T04:37:35+00:00,2025-12-18
2025-09-19,PJT,186.52146911621094,373600.0,Yahoo Finance,2026-09-21T04:37:35+00:00,2025-12-18
2025-09-22,PJT,184.5735626220703,131100.0,Yahoo Finance,2026-09-21T04:37:35+00:00,2025-12-18
2025-09-23,PJT,183.95738220214844,154100.0,Yahoo Finance,2026-09-21T04:37:35+00:00,2025-12-18
2025-09-24,PJT,180.9957733154297,143100.0,Yahoo Finance,2026-09-21T04:37:35+00:00,2025-12-18
2025-09-25,PJT,180.04171752929688,101000.0,Yahoo Finance,2026-09-21T04:37:35+00:00,2025-12-18
2025-09-26,PJT,181.73121643066406,108200.0,Yahoo Finance,2026-09-21T04:37:35+00:00,2025-12-18
2025-09-29,PJT,179.28639221191406,156200.0,Yahoo Finance,2026-09-21T04:37:35+00:00,2025-12-18
2025-09-30,PJT,176.63287353515625,134400.0,Yahoo Finance,2026-09-21T04:37:35+00:00,2025-12-18
2025-10-01,PJT,172.6476287841797,153300.0,Yahoo Finance,2026-09-21T04:37:35+00:00,2025-12-18
2025-10-02,PJT,176.1757354736328,171700.0,Yahoo Finance,2026-09-21T04:37:35+00:00,2025-12-18
2025-10-03,PJT,178.4019012451172,229700.0,Yahoo Finance,2026-09-21T04:37:35+00:00,2025-12-18
2025-10-06,PJT,179.28639221191406,361600.0,Yahoo Finance,2026-09-21T04:37:35+00:00,2025-12-18
2025-10-07,PJT,175.4601593017578,236600.0,Yahoo Finance,2026-09-21T04:37:35+00:00,2025-12-18
2025-10-08,PJT,169.90467834472656,442300.0,Yahoo Finance,2026-09-21T04:37:35+00:00,2025-12-18
2025-10-09,PJT,171.4053497314453,233100.0,Yahoo Finance,2026-09-21T04:37:35+00:00,2025-12-18
2025-10-10,PJT,169.94442749023438,244000.0,Yahoo Finance,2026-09-21T04:37:35+00:00,2025-12-18
2025-10-13,PJT,172.6476287841797,193700.0,Yahoo Finance,2026-09-21T04:37:35+00:00,2025-12-18
2025-10-14,PJT,173.9495391845703,166500.0,Yahoo Finance,2026-09-21T04:37:35+00:00,2025-12-18
2025-10-15,PJT,175.2912139892578,194000.0,Yahoo Finance,2026-09-21T04:37:35+00:00,2025-12-18
2025-10-16,PJT,173.65139770507812,221000.0,Yahoo Finance,2026-09-21T04:37:35+00:00,2025-12-18
2025-10-17,PJT,176.06642150878906,185600.0,Yahoo Finance,2026-09-21T04:37:35+00:00,2025-12-18
2025-10-20,PJT,176.7620849609375,155700.0,Yahoo Finance,2026-09-21T04:37:35+00:00,2025-12-18
2025-10-21,PJT,175.85769653320312,137000.0,Yahoo Finance,2026-09-21T04:37:35+00:00,2025-12-18
2025-10-22,PJT,175.28126525878906,163800.0,Yahoo Finance,2026-09-21T04:37:35+00:00,2025-12-18
2025-10-23,PJT,177.4478302001953,132300.0,Yahoo Finance,2026-09-21T04:37:35+00:00,2025-12-18
2025-10-24,PJT,181.65170288085938,112500.0,Yahoo Finance,2026-09-21T04:37:35+00:00,2025-12-18
2025-10-27,PJT,181.4032440185547,209300.0,Yahoo Finance,2026-09-21T04:37:35+00:00,2025-12-18
2025-10-28,PJT,180.90634155273438,185500.0,Yahoo Finance,2026-09-21T04:37:35+00:00,2025-12-18
2025-10-29,PJT,167.84744262695312,367300.0,Yahoo Finance,2026-09-21T04:37:35+00:00,2025-12-18
2025-10-30,PJT,168.13563537597656,156000.0,Yahoo Finance,2026-09-21T04:37:35+00:00,2025-12-18
2025-10-31,PJT,160.11546325683594,322500.0,Yahoo Finance,2026-09-21T04:37:35+00:00,2025-12-18
2025-11-03,PJT,161.41738891601562,506000.0,Yahoo Finance,2026-09-21T04:37:35+00:00,2025-12-18
2025-11-04,PJT,162.4112091064453,536400.0,Yahoo Finance,2026-09-21T04:37:35+00:00,2025-12-18
2025-11-05,PJT,166.23745727539062,428300.0,Yahoo Finance,2026-09-21T04:37:35+00:00,2025-12-18
2025-11-06,PJT,167.23129272460938,227200.0,Yahoo Finance,2026-09-21T04:37:35+00:00,2025-12-18
2025-11-07,PJT,165.69085693359375,282600.0,Yahoo Finance,2026-09-21T04:37:35+00:00,2025-12-18
2025-11-10,PJT,166.3169708251953,226300.0,Yahoo Finance,2026-09-21T04:37:35+00:00,2025-12-18
2025-11-11,PJT,167.44992065429688,210500.0,Yahoo Finance,2026-09-21T04:37:35+00:00,2025-12-18
2025-11-12,PJT,169.4773406982422,233300.0,Yahoo Finance,2026-09-21T04:37:35+00:00,2025-12-18
2025-11-13,PJT,164.99517822265625,146300.0,Yahoo Finance,2026-09-21T04:37:35+00:00,2025-12-18
2025-11-14,PJT,165.72064208984375,133800.0,Yahoo Finance,2026-09-21T04:37:35+00:00,2025-12-18
2025-11-17,PJT,157.87937927246094,168500.0,Yahoo Finance,2026-09-21T04:37:35+00:00,2025-12-18
2025-11-18,PJT,160.86083984375,211600.0,Yahoo Finance,2026-09-21T04:37:35+00:00,2025-12-18
2025-11-19,PJT,163.95164489746094,270800.0,Yahoo Finance,2026-09-21T04:37:35+00:00,2025-12-18
2025-11-20,PJT,162.1925506591797,446300.0,Yahoo Finance,2026-09-21T04:37:35+00:00,2025-12-18
2025-11-21,PJT,166.37660217285156,264300.0,Yahoo Finance,2026-09-21T04:37:35+00:00,2025-12-18
2025-11-24,PJT,164.03115844726562,252300.0,Yahoo Finance,2026-09-21T04:37:35+00:00,2025-12-18
2025-11-25,PJT,169.0897216796875,224400.0,Yahoo Finance,2026-09-21T04:37:35+00:00,2025-12-18
2025-11-26,PJT,166.9430694580078,280800.0,Yahoo Finance,2026-09-21T04:37:35+00:00,2025-12-18
2025-11-28,PJT,166.97286987304688,91100.0,Yahoo Finance,2026-09-21T04:37:35+00:00,2025-12-18
2025-12-01,PJT,165.43246459960938,180700.0,Yahoo Finance,2026-09-21T04:37:35+00:00,2025-12-18
2025-12-02,PJT,164.50819396972656,203900.0,Yahoo Finance,2026-09-21T04:37:35+00:00,2025-12-18
2025-12-03,PJT,167.9818878173828,346200.0,Yahoo Finance,2026-09-21T04:37:35+00:00,2025-12-18
2025-12-04,PJT,169.9427032470703,329800.0,Yahoo Finance,2026-09-21T04:37:35+00:00,2025-12-18
2025-12-05,PJT,175.2179412841797,280800.0,Yahoo Finance,2026-09-21T04:37:35+00:00,2025-12-18
2025-12-08,PJT,172.2618408203125,264000.0,Yahoo Finance,2026-09-21T04:37:35+00:00,2025-12-18
2025-12-09,PJT,174.0534210205078,291600.0,Yahoo Finance,2026-09-21T04:37:35+00:00,2025-12-18
2025-12-10,PJT,176.18341064453125,459800.0,Yahoo Finance,2026-09-21T04:37:35+00:00,2025-12-18
2025-12-11,PJT,172.79930114746094,249800.0,Yahoo Finance,2026-09-21T04:37:35+00:00,2025-12-18
2025-12-12,PJT,169.03695678710938,222400.0,Yahoo Finance,2026-09-21T04:37:35+00:00,2025-12-18
2025-12-15,PJT,169.23602294921875,208300.0,Yahoo Finance,2026-09-21T04:37:35+00:00,2025-12-18
2025-12-16,PJT,170.38064575195312,240800.0,Yahoo Finance,2026-09-21T04:37:35+00:00,2025-12-18
2025-12-17,PJT,167.61361694335938,334100.0,Yahoo Finance,2026-09-21T04:37:35+00:00,2025-12-18
2025-12-18,PJT,167.374755859375,155200.0,Yahoo Finance,2026-09-21T04:37:35+00:00,2025-12-18
2024-11-13,UNH,577.6283569335938,3409400.0,Yahoo Finance,2026-09-21T04:37:35+00:00,2025-12-18
2024-11-14,UNH,565.5012817382812,3079200.0,Yahoo Finance,2026-09-21T04:37:35+00:00,2025-12-18
2024-11-15,UNH,564.6242065429688,3423900.0,Yahoo Finance,2026-09-21T04:37:35+00:00,2025-12-18
2024-11-18,UNH,562.1644897460938,2577100.0,Yahoo Finance,2026-09-21T04:37:35+00:00,2025-12-18
2024-11-19,UNH,550.104248046875,3198300.0,Yahoo Finance,2026-09-21T04:37:35+00:00,2025-12-18
2024-11-20,UNH,572.5086669921875,3928600.0,Yahoo Finance,2026-09-21T04:37:35+00:00,2025-12-18
2024-11-21,UNH,569.6390380859375,2722900.0,Yahoo Finance,2026-09-21T04:37:35+00:00,2025-12-18
2024-11-22,UNH,563.3275756835938,3197900.0,Yahoo Finance,2026-09-21T04:37:35+00:00,2025-12-18
2024-11-25,UNH,577.59033203125,5146200.0,Yahoo Finance,2026-09-21T04:37:35+00:00,2025-12-18
2024-11-26,UNH,578.5054321289062,2693600.0,Yahoo Finance,2026-09-21T04:37:35+00:00,2025-12-18
2024-11-27,UNH,580.0213623046875,2269800.0,Yahoo Finance,2026-09-21T04:37:35+00:00,2025-12-18
2024-11-29,UNH,581.756591796875,2010800.0,Yahoo Finance,2026-09-21T04:37:35+00:00,2025-12-18
2024-12-02,UNH,580.1549072265625,3364900.0,Yahoo Finance,2026-09-21T04:37:35+00:00,2025-12-18
2024-12-03,UNH,577.0182495117188,2329900.0,Yahoo Finance,2026-09-21T04:37:35+00:00,2025-12-18
2024-12-04,UNH,582.319091796875,4147600.0,Yahoo Finance,2026-09-21T04:37:35+00:00,2025-12-18
2024-12-05,UNH,551.9822998046875,5943700.0,Yahoo Finance,2026-09-21T04:37:35+00:00,2025-12-18
2024-12-06,UNH,524.0003662109375,13003600.0,Yahoo Finance,2026-09-21T04:37:35+00:00,2025-12-18
2024-12-09,UNH,536.5377197265625,7684700.0,Yahoo Finance,2026-09-21T04:37:35+00:00,2025-12-18
2024-12-10,UNH,540.911376953125,5360600.0,Yahoo Finance,2026-09-21T04:37:35+00:00,2025-12-18
2024-12-11,UNH,510.6114807128906,10363000.0,Yahoo Finance,2026-09-21T04:37:35+00:00,2025-12-18
2024-12-12,UNH,493.6047668457031,9403800.0,Yahoo Finance,2026-09-21T04:37:35+00:00,2025-12-18
2024-12-13,UNH,498.1219482421875,8202900.0,Yahoo Finance,2026-09-21T04:37:35+00:00,2025-12-18
2024-12-16,UNH,477.0861511230469,8880000.0,Yahoo Finance,2026-09-21T04:37:35+00:00,2025-12-18
2024-12-17,UNH,464.6637268066406,14132700.0,Yahoo Finance,2026-09-21T04:37:35+00:00,2025-12-18
2024-12-18,UNH,478.2537536621094,10147600.0,Yahoo Finance,2026-09-21T04:37:35+00:00,2025-12-18
2024-12-19,UNH,468.2334899902344,7418100.0,Yahoo Finance,2026-09-21T04:37:35+00:00,2025-12-18
2024-12-20,UNH,478.6461486816406,10956900.0,Yahoo Finance,2026-09-21T04:37:35+00:00,2025-12-18
2024-12-23,UNH,484.5893859863281,4286000.0,Yahoo Finance,2026-09-21T04:37:35+00:00,2025-12-18
2024-12-24,UNH,484.35968017578125,1824400.0,Yahoo Finance,2026-09-21T04:37:35+00:00,2025-12-18
2024-12-26,UNH,489.1927795410156,3387000.0,Yahoo Finance,2026-09-21T04:37:35+00:00,2025-12-18
2024-12-27,UNH,488.08258056640625,3471800.0,Yahoo Finance,2026-09-21T04:37:35+00:00,2025-12-18
2024-12-30,UNH,485.98663330078125,5408600.0,Yahoo Finance,2026-09-21T04:37:35+00:00,2025-12-18
2024-12-31,UNH,484.1300354003906,4214000.0,Yahoo Finance,2026-09-21T04:37:35+00:00,2025-12-18
2025-01-02,UNH,482.8379821777344,4234900.0,Yahoo Finance,2026-09-21T04:37:35+00:00,2025-12-18
2025-01-03,UNH,490.9632568359375,3019500.0,Yahoo Finance,2026-09-21T04:37:35+00:00,2025-12-18
2025-01-06,UNH,491.6045227050781,4444800.0,Yahoo Finance,2026-09-21T04:37:35+00:00,2025-12-18
2025-01-07,UNH,492.15960693359375,3914500.0,Yahoo Finance,2026-09-21T04:37:35+00:00,2025-12-18
2025-01-08,UNH,501.9884338378906,4141700.0,Yahoo Finance,2026-09-21T04:37:35+00:00,2025-12-18
2025-01-10,UNH,498.3229675292969,5467500.0,Yahoo Finance,2026-09-21T04:37:35+00:00,2025-12-18
2025-01-13,UNH,517.8944702148438,6472500.0,Yahoo Finance,2026-09-21T04:37:35+00:00,2025-12-18
2025-01-14,UNH,520.3828125,3978300.0,Yahoo Finance,2026-09-21T04:37:35+00:00,2025-12-18
2025-01-15,UNH,520.0764770507812,4103900.0,Yahoo Finance,2026-09-21T04:37:35+00:00,2025-12-18
2025-01-16,UNH,488.6568298339844,9059900.0,Yahoo Finance,2026-09-21T04:37:35+00:00,2025-12-18
2025-01-17,UNH,487.86248779296875,7495700.0,Yahoo Finance,2026-09-21T04:37:35+00:00,2025-12-18
2025-01-21,UNH,502.438232421875,5682100.0,Yahoo Finance,2026-09-21T04:37:35+00:00,2025-12-18
2025-01-22,UNH,497.3946228027344,3756100.0,Yahoo Finance,2026-09-21T04:37:35+00:00,2025-12-18
2025-01-23,UNH,507.0129089355469,4580800.0,Yahoo Finance,2026-09-21T04:37:35+00:00,2025-12-18
2025-01-24,UNH,509.6352233886719,3671200.0,Yahoo Finance,2026-09-21T04:37:35+00:00,2025-12-18
2025-01-27,UNH,520.1723022460938,4263000.0,Yahoo Finance,2026-09-21T04:37:35+00:00,2025-12-18
2025-01-28,UNH,519.1768798828125,3162700.0,Yahoo Finance,2026-09-21T04:37:35+00:00,2025-12-18
2025-01-29,UNH,514.985107421875,2737600.0,Yahoo Finance,2026-09-21T04:37:35+00:00,2025-12-18
2025-01-30,UNH,522.1342163085938,2924700.0,Yahoo Finance,2026-09-21T04:37:35+00:00,2025-12-18
2025-01-31,UNH,519.1864624023438,4120500.0,Yahoo Finance,2026-09-21T04:37:35+00:00,2025-12-18
2025-02-03,UNH,524.6320190429688,4083600.0,Yahoo Finance,2026-09-21T04:37:35+00:00,2025-12-18
2025-02-04,UNH,522.0193481445312,2869900.0,Yahoo Finance,2026-09-21T04:37:35+00:00,2025-12-18
2025-02-05,UNH,516.62158203125,4621600.0,Yahoo Finance,2026-09-21T04:37:35+00:00,2025-12-18
2025-02-06,UNH,507.2713317871094,3926800.0,Yahoo Finance,2026-09-21T04:37:35+00:00,2025-12-18
2025-02-07,UNH,504.3905334472656,3349100.0,Yahoo Finance,2026-09-21T04:37:35+00:00,2025-12-18
2025-02-10,UNH,510.458251953125,3143100.0,Yahoo Finance,2026-09-21T04:37:35+00:00,2025-12-18
2025-02-11,UNH,510.9845886230469,2631900.0,Yahoo Finance,2026-09-21T04:37:35+00:00,2025-12-18
2025-02-12,UNH,504.7447814941406,3859200.0,Yahoo Finance,2026-09-21T04:37:35+00:00,2025-12-18
2025-02-13,UNH,508.3623046875,2835100.0,Yahoo Finance,2026-09-21T04:37:35+00:00,2025-12-18
2025-02-14,UNH,501.0218811035156,3705300.0,Yahoo Finance,2026-09-21T04:37:35+00:00,2025-12-18
2025-02-18,UNH,479.2203674316406,8759300.0,Yahoo Finance,2026-09-21T04:37:35+00:00,2025-12-18
2025-02-19,UNH,489.0875244140625,4380300.0,Yahoo Finance,2026-09-21T04:37:35+00:00,2025-12-18
2025-02-20,UNH,480.8377685546875,4144300.0,Yahoo Finance,2026-09-21T04:37:35+00:00,2025-12-18
2025-02-21,UNH,446.3841857910156,19864900.0,Yahoo Finance,2026-09-21T04:37:35+00:00,2025-12-18
2025-02-24,UNH,441.6946716308594,6919300.0,Yahoo Finance,2026-09-21T04:37:35+00:00,2025-12-18
2025-02-25,UNH,450.1741027832031,9101000.0,Yahoo Finance,2026-09-21T04:37:35+00:00,2025-12-18
2025-02-26,UNH,443.67578125,5108400.0,Yahoo Finance,2026-09-21T04:37:35+00:00,2025-12-18
2025-02-27,UNH,448.43231201171875,4216800.0,Yahoo Finance,2026-09-21T04:37:35+00:00,2025-12-18
2025-02-28,UNH,454.55731201171875,6146300.0,Yahoo Finance,2026-09-21T04:37:35+00:00,2025-12-18
2025-03-03,UNH,446.98712158203125,5700200.0,Yahoo Finance,2026-09-21T04:37:35+00:00,2025-12-18
2025-03-04,UNH,454.2223815917969,5864100.0,Yahoo Finance,2026-09-21T04:37:35+00:00,2025-12-18
2025-03-05,UNH,455.5335388183594,3637100.0,Yahoo Finance,2026-09-21T04:37:35+00:00,2025-12-18
2025-03-06,UNH,466.76922607421875,4964000.0,Yahoo Finance,2026-09-21T04:37:35+00:00,2025-12-18
2025-03-07,UNH,472.2818298339844,5434100.0,Yahoo Finance,2026-09-21T04:37:35+00:00,2025-12-18
2025-03-10,UNH,461.5555419921875,5108900.0,Yahoo Finance,2026-09-21T04:37:35+00:00,2025-12-18
2025-03-11,UNH,467.1493225097656,4101000.0,Yahoo Finance,2026-09-21T04:37:35+00:00,2025-12-18
2025-03-12,UNH,462.41094970703125,3680800.0,Yahoo Finance,2026-09-21T04:37:35+00:00,2025-12-18
2025-03-13,UNH,462.80499267578125,2876600.0,Yahoo Finance,2026-09-21T04:37:35+00:00,2025-12-18
2025-03-14,UNH,469.6578674316406,3915900.0,Yahoo Finance,2026-09-21T04:37:35+00:00,2025-12-18
2025-03-17,UNH,479.62481689453125,5152300.0,Yahoo Finance,2026-09-21T04:37:35+00:00,2025-12-18
2025-03-18,UNH,484.21905517578125,3617600.0,Yahoo Finance,2026-09-21T04:37:35+00:00,2025-12-18
2025-03-19,UNH,483.64239501953125,3317600.0,Yahoo Finance,2026-09-21T04:37:35+00:00,2025-12-18
2025-03-20,UNH,491.42755126953125,4965400.0,Yahoo Finance,2026-09-21T04:37:35+00:00,2025-12-18
2025-03-21,UNH,496.7618103027344,10244900.0,Yahoo Finance,2026-09-21T04:37:35+00:00,2025-12-18
2025-03-24,UNH,496.42547607421875,3840900.0,Yahoo Finance,2026-09-21T04:37:35+00:00,2025-12-18
2025-03-25,UNH,493.47479248046875,3015100.0,Yahoo Finance,2026-09-21T04:37:35+00:00,2025-12-18
2025-03-26,UNH,498.0594177246094,3253800.0,Yahoo Finance,2026-09-21T04:37:35+00:00,2025-12-18
2025-03-27,UNH,495.67572021484375,2822200.0,Yahoo Finance,2026-09-21T04:37:35+00:00,2025-12-18
2025-03-28,UNH,495.98333740234375,2379100.0,Yahoo Finance,2026-09-21T04:37:35+00:00,2025-12-18
2025-03-31,UNH,503.3936462402344,5238700.0,Yahoo Finance,2026-09-21T04:37:35+00:00,2025-12-18
2025-04-01,UNH,502.7881774902344,2962500.0,Yahoo Finance,2026-09-21T04:37:35+00:00,2025-12-18
2025-04-02,UNH,502.86505126953125,2378900.0,Yahoo Finance,2026-09-21T04:37:35+00:00,2025-12-18
2025-04-03,UNH,519.4349365234375,6457900.0,Yahoo Finance,2026-09-21T04:37:35+00:00,2025-12-18
2025-04-04,UNH,504.6430969238281,9919000.0,Yahoo Finance,2026-09-21T04:37:35+00:00,2025-12-18
2025-04-07,UNH,504.3067932128906,7356700.0,Yahoo Finance,2026-09-21T04:37:35+00:00,2025-12-18
2025-04-08,UNH,531.583740234375,11762300.0,Yahoo Finance,2026-09-21T04:37:35+00:00,2025-12-18
2025-04-09,UNH,556.0157470703125,12691900.0,Yahoo Finance,2026-09-21T04:37:35+00:00,2025-12-18
2025-04-10,UNH,571.2978515625,8646000.0,Yahoo Finance,2026-09-21T04:37:35+00:00,2025-12-18
2025-04-11,UNH,576.170654296875,6121500.0,Yahoo Finance,2026-09-21T04:37:35+00:00,2025-12-18
2025-04-14,UNH,564.2431030273438,4839300.0,Yahoo Finance,2026-09-21T04:37:35+00:00,2025-12-18
2025-04-15,UNH,560.907958984375,3871300.0,Yahoo Finance,2026-09-21T04:37:35+00:00,2025-12-18
2025-04-16,UNH,562.301513671875,4192100.0,Yahoo Finance,2026-09-21T04:37:35+00:00,2025-12-18
2025-04-17,UNH,436.4603271484375,29120200.0,Yahoo Finance,2026-09-21T04:37:35+00:00,2025-12-18
2025-04-21,UNH,408.79888916015625,13029900.0,Yahoo Finance,2026-09-21T04:37:35+00:00,2025-12-18
2025-04-22,UNH,410.57696533203125,10156900.0,Yahoo Finance,2026-09-21T04:37:35+00:00,2025-12-18
2025-04-23,UNH,411.3266906738281,8345700.0,Yahoo Finance,2026-09-21T04:37:35+00:00,2025-12-18
2025-04-24,UNH,407.7608947753906,7629100.0,Yahoo Finance,2026-09-21T04:37:35+00:00,2025-12-18
2025-04-25,UNH,402.36895751953125,9263800.0,Yahoo Finance,2026-09-21T04:37:35+00:00,2025-12-18
2025-04-28,UNH,403.67608642578125,6614300.0,Yahoo Finance,2026-09-21T04:37:35+00:00,2025-12-18
2025-04-29,UNH,393.32470703125,9909100.0,Yahoo Finance,2026-09-21T04:37:35+00:00,2025-12-18
2025-04-30,UNH,395.4487609863281,9192800.0,Yahoo Finance,2026-09-21T04:37:35+00:00,2025-12-18
2025-05-01,UNH,385.10699462890625,9316800.0,Yahoo Finance,2026-09-21T04:37:35+00:00,2025-12-18
2025-05-02,UNH,384.37652587890625,11392900.0,Yahoo Finance,2026-09-21T04:37:35+00:00,2025-12-18
2025-05-05,UNH,389.0764465332031,8157200.0,Yahoo Finance,2026-09-21T04:37:35+00:00,2025-12-18
2025-05-06,UNH,379.1767883300781,7858600.0,Yahoo Finance,2026-09-21T04:37:35+00:00,2025-12-18
2025-05-07,UNH,375.8608703613281,8517200.0,Yahoo Finance,2026-09-21T04:37:35+00:00,2025-12-18
2025-05-08,UNH,370.5650329589844,7218300.0,Yahoo Finance,2026-09-21T04:37:35+00:00,2025-12-18
2025-05-09,UNH,365.8458557128906,8381100.0,Yahoo Finance,2026-09-21T04:37:35+00:00,2025-12-18
2025-05-12,UNH,364.0293273925781,11004800.0,Yahoo Finance,2026-09-21T04:37:35+00:00,2025-12-18
2025-05-13,UNH,299.2777099609375,59478300.0,Yahoo Finance,2026-09-21T04:37:35+00:00,2025-12-18
2025-05-14,UNH,296.0387878417969,40029600.0,Yahoo Finance,2026-09-21T04:37:35+00:00,2025-12-18
2025-05-15,UNH,263.68695068359375,121849200.0,Yahoo Finance,2026-09-21T04:37:35+00:00,2025-12-18
2025-05-16,UNH,280.5644836425781,71094300.0,Yahoo Finance,2026-09-21T04:37:35+00:00,2025-12-18
2025-05-19,UNH,303.6124572753906,62524700.0,Yahoo Finance,2026-09-21T04:37:35+00:00,2025-12-18
2025-05-20,UNH,309.081298828125,41487000.0,Yahoo Finance,2026-09-21T04:37:35+00:00,2025-12-18
2025-05-21,UNH,291.2042236328125,45506900.0,Yahoo Finance,2026-09-21T04:37:35+00:00,2025-12-18
2025-05-22,UNH,285.1394958496094,27159600.0,Yahoo Finance,2026-09-21T04:37:35+00:00,2025-12-18
2025-05-23,UNH,284.0822448730469,16873600.0,Yahoo Finance,2026-09-21T04:37:35+00:00,2025-12-18
2025-05-27,UNH,283.5343933105469,20144600.0,Yahoo Finance,2026-09-21T04:37:35+00:00,2025-12-18
2025-05-28,UNH,286.5235290527344,16114200.0,Yahoo Finance,2026-09-21T04:37:35+00:00,2025-12-18
2025-05-29,UNH,286.5812072753906,16221100.0,Yahoo Finance,2026-09-21T04:37:35+00:00,2025-12-18
2025-05-30,UNH,290.1758117675781,16309300.0,Yahoo Finance,2026-09-21T04:37:35+00:00,2025-12-18
2025-06-02,UNH,292.8765869140625,19074400.0,Yahoo Finance,2026-09-21T04:37:35+00:00,2025-12-18
2025-06-03,UNH,289.51263427734375,12805700.0,Yahoo Finance,2026-09-21T04:37:35+00:00,2025-12-18
2025-06-04,UNH,288.7052917480469,11255600.0,Yahoo Finance,2026-09-21T04:37:35+00:00,2025-12-18
2025-06-05,UNH,284.34173583984375,13529000.0,Yahoo Finance,2026-09-21T04:37:35+00:00,2025-12-18
2025-06-06,UNH,291.43487548828125,12589000.0,Yahoo Finance,2026-09-21T04:37:35+00:00,2025-12-18
2025-06-09,UNH,291.4060974121094,12170300.0,Yahoo Finance,2026-09-21T04:37:35+00:00,2025-12-18
2025-06-10,UNH,291.98272705078125,11384100.0,Yahoo Finance,2026-09-21T04:37:35+00:00,2025-12-18
2025-06-11,UNH,298.4896240234375,14711400.0,Yahoo Finance,2026-09-21T04:37:35+00:00,2025-12-18
2025-06-12,UNH,306.12103271484375,15957200.0,Yahoo Finance,2026-09-21T04:37:35+00:00,2025-12-18
2025-06-13,UNH,301.3442077636719,13762400.0,Yahoo Finance,2026-09-21T04:37:35+00:00,2025-12-18
2025-06-16,UNH,297.801513671875,14240100.0,Yahoo Finance,2026-09-21T04:37:35+00:00,2025-12-18
2025-06-17,UNH,298.97271728515625,11593900.0,Yahoo Finance,2026-09-21T04:37:35+00:00,2025-12-18
2025-06-18,UNH,297.3562316894531,12205600.0,Yahoo Finance,2026-09-21T04:37:35+00:00,2025-12-18
2025-06-20,UNH,292.33251953125,16177900.0,Yahoo Finance,2026-09-21T04:37:35+00:00,2025-12-18
2025-06-23,UNH,291.0451354980469,12274700.0,Yahoo Finance,2026-09-21T04:37:35+00:00,2025-12-18
2025-06-24,UNH,295.82684326171875,8781400.0,Yahoo Finance,2026-09-21T04:37:35+00:00,2025-12-18
2025-06-25,UNH,292.3421630859375,8722100.0,Yahoo Finance,2026-09-21T04:37:35+00:00,2025-12-18
2025-06-26,UNH,292.9229736328125,6532700.0,Yahoo Finance,2026-09-21T04:37:35+00:00,2025-12-18
2025-06-27,UNH,299.20501708984375,15304400.0,Yahoo Finance,2026-09-21T04:37:35+00:00,2025-12-18
2025-06-30,UNH,301.9733581542969,10074100.0,Yahoo Finance,2026-09-21T04:37:35+00:00,2025-12-18
2025-07-01,UNH,315.6893310546875,17865500.0,Yahoo Finance,2026-09-21T04:37:35+00:00,2025-12-18
2025-07-02,UNH,297.70465087890625,18177200.0,Yahoo Finance,2026-09-21T04:37:35+00:00,2025-12-18
2025-07-03,UNH,298.6629638671875,6161100.0,Yahoo Finance,2026-09-21T04:37:35+00:00,2025-12-18
2025-07-07,UNH,293.97808837890625,9031200.0,Yahoo Finance,2026-09-21T04:37:35+00:00,2025-12-18
2025-07-08,UNH,297.8402404785156,9613800.0,Yahoo Finance,2026-09-21T04:37:35+00:00,2025-12-18
2025-07-09,UNH,293.2037048339844,12816700.0,Yahoo Finance,2026-09-21T04:37:35+00:00,2025-12-18
2025-07-10,UNH,289.9126281738281,11355600.0,Yahoo Finance,2026-09-21T04:37:35+00:00,2025-12-18
2025-07-11,UNH,294.3555603027344,9808200.0,Yahoo Finance,2026-09-21T04:37:35+00:00,2025-12-18
2025-07-14,UNH,290.9483337402344,10681400.0,Yahoo Finance,2026-09-21T04:37:35+00:00,2025-12-18
2025-07-15,UNH,282.362548828125,16019000.0,Yahoo Finance,2026-09-21T04:37:35+00:00,2025-12-18
2025-07-16,UNH,283.1175537109375,9714000.0,Yahoo Finance,2026-09-21T04:37:35+00:00,2025-12-18
2025-07-17,UNH,278.8392333984375,14792700.0,Yahoo Finance,2026-09-21T04:37:35+00:00,2025-12-18
2025-07-18,UNH,273.5929260253906,14979700.0,Yahoo Finance,2026-09-21T04:37:35+00:00,2025-12-18
2025-07-21,UNH,273.09918212890625,10319200.0,Yahoo Finance,2026-09-21T04:37:35+00:00,2025-12-18
2025-07-22,UNH,275.993408203125,14600300.0,Yahoo Finance,2026-09-21T04:37:35+00:00,2025-12-18
2025-07-23,UNH,283.1369323730469,13111100.0,Yahoo Finance,2026-09-21T04:37:35+00:00,2025-12-18
2025-07-24,UNH,269.65325927734375,22585200.0,Yahoo Finance,2026-09-21T04:37:35+00:00,2025-12-18
2025-07-25,UNH,272.0538330078125,16486600.0,Yahoo Finance,2026-09-21T04:37:35+00:00,2025-12-18
2025-07-28,UNH,273.079833984375,15779400.0,Yahoo Finance,2026-09-21T04:37:35+00:00,2025-12-18
2025-07-29,UNH,252.70436096191406,41706000.0,Yahoo Finance,2026-09-21T04:37:35+00:00,2025-12-18
2025-07-30,UNH,257.5151062011719,22371800.0,Yahoo Finance,2026-09-21T04:37:35+00:00,2025-12-18
2025-07-31,UNH,241.56320190429688,29606900.0,Yahoo Finance,2026-09-21T04:37:35+00:00,2025-12-18
2025-08-01,UNH,230.1510009765625,39989200.0,Yahoo Finance,2026-09-21T04:37:35+00:00,2025-12-18
2025-08-04,UNH,233.2581329345703,17427900.0,Yahoo Finance,2026-09-21T04:37:35+00:00,2025-12-18
2025-08-05,UNH,242.95706176757812,23795900.0,Yahoo Finance,2026-09-21T04:37:35+00:00,2025-12-18
2025-08-06,UNH,237.90432739257812,12946400.0,Yahoo Finance,2026-09-21T04:37:35+00:00,2025-12-18
2025-08-07,UNH,236.8299102783203,11369900.0,Yahoo Finance,2026-09-21T04:37:35+00:00,2025-12-18
2025-08-08,UNH,242.85060119628906,10185700.0,Yahoo Finance,2026-09-21T04:37:35+00:00,2025-12-18
2025-08-11,UNH,244.28317260742188,11779500.0,Yahoo Finance,2026-09-21T04:37:35+00:00,2025-12-18
2025-08-12,UNH,253.1883544921875,12171800.0,Yahoo Finance,2026-09-21T04:37:35+00:00,2025-12-18
2025-08-13,UNH,263.1002502441406,19480300.0,Yahoo Finance,2026-09-21T04:37:35+00:00,2025-12-18
2025-08-14,UNH,262.7904968261719,25011100.0,Yahoo Finance,2026-09-21T04:37:35+00:00,2025-12-18
2025-08-15,UNH,294.2684631347656,68198500.0,Yahoo Finance,2026-09-21T04:37:35+00:00,2025-12-18
2025-08-18,UNH,298.6048889160156,39600500.0,Yahoo Finance,2026-09-21T04:37:35+00:00,2025-12-18
2025-08-19,UNH,294.4910583496094,22348600.0,Yahoo Finance,2026-09-21T04:37:35+00:00,2025-12-18
2025-08-20,UNH,290.2320861816406,16679000.0,Yahoo Finance,2026-09-21T04:37:35+00:00,2025-12-18
2025-08-21,UNH,293.62957763671875,13359000.0,Yahoo Finance,2026-09-21T04:37:35+00:00,2025-12-18
2025-08-22,UNH,297.5691833496094,14930000.0,Yahoo Finance,2026-09-21T04:37:35+00:00,2025-12-18
2025-08-25,UNH,295.0911865234375,8917100.0,Yahoo Finance,2026-09-21T04:37:35+00:00,2025-12-18
2025-08-26,UNH,290.8031311035156,16303200.0,Yahoo Finance,2026-09-21T04:37:35+00:00,2025-12-18
2025-08-27,UNH,294.1426086425781,9982800.0,Yahoo Finance,2026-09-21T04:37:35+00:00,2025-12-18
2025-08-28,UNH,292.60357666015625,11235000.0,Yahoo Finance,2026-09-21T04:37:35+00:00,2025-12-18
2025-08-29,UNH,299.940673828125,12065400.0,Yahoo Finance,2026-09-21T04:37:35+00:00,2025-12-18
2025-09-02,UNH,298.9049377441406,10957100.0,Yahoo Finance,2026-09-21T04:37:35+00:00,2025-12-18
2025-09-03,UNH,298.0144348144531,9654600.0,Yahoo Finance,2026-09-21T04:37:35+00:00,2025-12-18
2025-09-04,UNH,300.4342956542969,7725700.0,Yahoo Finance,2026-09-21T04:37:35+00:00,2025-12-18
2025-09-05,UNH,305.2837829589844,14126700.0,Yahoo Finance,2026-09-21T04:37:35+00:00,2025-12-18
2025-09-08,UNH,309.988037109375,18438600.0,Yahoo Finance,2026-09-21T04:37:35+00:00,2025-12-18
2025-09-09,UNH,336.77142333984375,46408900.0,Yahoo Finance,2026-09-21T04:37:35+00:00,2025-12-18
2025-09-10,UNH,335.66790771484375,17804300.0,Yahoo Finance,2026-09-21T04:37:35+00:00,2025-12-18
2025-09-11,UNH,342.2790832519531,18943500.0,Yahoo Finance,2026-09-21T04:37:35+00:00,2025-12-18
2025-09-12,UNH,341.21429443359375,14016200.0,Yahoo Finance,2026-09-21T04:37:35+00:00,2025-12-18
2025-09-15,UNH,338.8668212890625,11035900.0,Yahoo Finance,2026-09-21T04:37:35+00:00,2025-12-18
2025-09-16,UNH,330.9671936035156,12695800.0,Yahoo Finance,2026-09-21T04:37:35+00:00,2025-12-18
2025-09-17,UNH,332.7497253417969,8467700.0,Yahoo Finance,2026-09-21T04:37:35+00:00,2025-12-18
2025-09-18,UNH,326.1358337402344,11255600.0,Yahoo Finance,2026-09-21T04:37:35+00:00,2025-12-18
2025-09-19,UNH,327.9573059082031,13656800.0,Yahoo Finance,2026-09-21T04:37:35+00:00,2025-12-18
2025-09-22,UNH,332.44775390625,8903700.0,Yahoo Finance,2026-09-21T04:37:35+00:00,2025-12-18
2025-09-23,UNH,338.6720275878906,12504100.0,Yahoo Finance,2026-09-21T04:37:35+00:00,2025-12-18
2025-09-24,UNH,342.6851501464844,9016300.0,Yahoo Finance,2026-09-21T04:37:35+00:00,2025-12-18
2025-09-25,UNH,336.59722900390625,8104900.0,Yahoo Finance,2026-09-21T04:37:35+00:00,2025-12-18
2025-09-26,UNH,335.1556396484375,6774700.0,Yahoo Finance,2026-09-21T04:37:35+00:00,2025-12-18
2025-09-29,UNH,336.2271423339844,6878900.0,Yahoo Finance,2026-09-21T04:37:35+00:00,2025-12-18
2025-09-30,UNH,336.343994140625,7429700.0,Yahoo Finance,2026-09-21T04:37:35+00:00,2025-12-18
2025-10-01,UNH,339.26617431640625,8825500.0,Yahoo Finance,2026-09-21T04:37:35+00:00,2025-12-18
2025-10-02,UNH,344.545654296875,8564200.0,Yahoo Finance,2026-09-21T04:37:35+00:00,2025-12-18
2025-10-03,UNH,350.8575744628906,13494800.0,Yahoo Finance,2026-09-21T04:37:35+00:00,2025-12-18
2025-10-06,UNH,349.464599609375,7181700.0,Yahoo Finance,2026-09-21T04:37:35+00:00,2025-12-18
2025-10-07,UNH,354.2278137207031,7236200.0,Yahoo Finance,2026-09-21T04:37:35+00:00,2025-12-18
2025-10-08,UNH,360.3254699707031,9438300.0,Yahoo Finance,2026-09-21T04:37:35+00:00,2025-12-18
2025-10-09,UNH,358.1532897949219,8759800.0,Yahoo Finance,2026-09-21T04:37:35+00:00,2025-12-18
2025-10-10,UNH,345.3053894042969,13141900.0,Yahoo Finance,2026-09-21T04:37:35+00:00,2025-12-18
2025-10-13,UNH,349.35748291015625,5659400.0,Yahoo Finance,2026-09-21T04:37:35+00:00,2025-12-18
2025-10-14,UNH,350.5945739746094,5974800.0,Yahoo Finance,2026-09-21T04:37:35+00:00,2025-12-18
2025-10-15,UNH,351.7829284667969,6579600.0,Yahoo Finance,2026-09-21T04:37:35+00:00,2025-12-18
2025-10-16,UNH,347.41912841796875,5872100.0,Yahoo Finance,2026-09-21T04:37:35+00:00,2025-12-18
2025-10-17,UNH,347.3509216308594,8608400.0,Yahoo Finance,2026-09-21T04:37:35+00:00,2025-12-18
2025-10-20,UNH,355.02655029296875,5996500.0,Yahoo Finance,2026-09-21T04:37:35+00:00,2025-12-18
2025-10-21,UNH,355.8934631347656,6885300.0,Yahoo Finance,2026-09-21T04:37:35+00:00,2025-12-18
2025-10-22,UNH,352.11407470703125,7833000.0,Yahoo Finance,2026-09-21T04:37:35+00:00,2025-12-18
2025-10-23,UNH,351.1011047363281,5756700.0,Yahoo Finance,2026-09-21T04:37:35+00:00,2025-12-18
2025-10-24,UNH,353.097900390625,5462100.0,Yahoo Finance,2026-09-21T04:37:35+00:00,2025-12-18
2025-10-27,UNH,356.4876708984375,7766400.0,Yahoo Finance,2026-09-21T04:37:35+00:00,2025-12-18
2025-10-28,UNH,358.2994079589844,18858700.0,Yahoo Finance,2026-09-21T04:37:35+00:00,2025-12-18
2025-10-29,UNH,346.0456848144531,11874900.0,Yahoo Finance,2026-09-21T04:37:35+00:00,2025-12-18
2025-10-30,UNH,335.80828857421875,11441900.0,Yahoo Finance,2026-09-21T04:37:35+00:00,2025-12-18
2025-10-31,UNH,332.7010192871094,8390800.0,Yahoo Finance,2026-09-21T04:37:35+00:00,2025-12-18
2025-11-03,UNH,325.132568359375,11181400.0,Yahoo Finance,2026-09-21T04:37:35+00:00,2025-12-18
2025-11-04,UNH,322.2492980957031,9646600.0,Yahoo Finance,2026-09-21T04:37:35+00:00,2025-12-18
2025-11-05,UNH,319.23944091796875,9697100.0,Yahoo Finance,2026-09-21T04:37:35+00:00,2025-12-18
2025-11-06,UNH,313.2197570800781,7922100.0,Yahoo Finance,2026-09-21T04:37:35+00:00,2025-12-18
2025-11-07,UNH,315.801025390625,9402900.0,Yahoo Finance,2026-09-21T04:37:35+00:00,2025-12-18
2025-11-10,UNH,313.2392272949219,9283800.0,Yahoo Finance,2026-09-21T04:37:35+00:00,2025-12-18
2025-11-11,UNH,318.9570007324219,7157800.0,Yahoo Finance,2026-09-21T04:37:35+00:00,2025-12-18
2025-11-12,UNH,330.2658386230469,10403300.0,Yahoo Finance,2026-09-21T04:37:35+00:00,2025-12-18
2025-11-13,UNH,323.8954772949219,7788700.0,Yahoo Finance,2026-09-21T04:37:35+00:00,2025-12-18
2025-11-14,UNH,313.5119323730469,8676500.0,Yahoo Finance,2026-09-21T04:37:35+00:00,2025-12-18
2025-11-17,UNH,312.2066955566406,6485400.0,Yahoo Finance,2026-09-21T04:37:35+00:00,2025-12-18
2025-11-18,UNH,305.44671630859375,9182100.0,Yahoo Finance,2026-09-21T04:37:35+00:00,2025-12-18
2025-11-19,UNH,301.07318115234375,8181100.0,Yahoo Finance,2026-09-21T04:37:35+00:00,2025-12-18
2025-11-20,UNH,303.4596252441406,7337600.0,Yahoo Finance,2026-09-21T04:37:35+00:00,2025-12-18
2025-11-21,UNH,311.6709899902344,8406300.0,Yahoo Finance,2026-09-21T04:37:35+00:00,2025-12-18
2025-11-24,UNH,310.77484130859375,10773800.0,Yahoo Finance,2026-09-21T04:37:35+00:00,2025-12-18
2025-11-25,UNH,317.8173522949219,6149100.0,Yahoo Finance,2026-09-21T04:37:35+00:00,2025-12-18
2025-11-26,UNH,321.1583251953125,5504200.0,Yahoo Finance,2026-09-21T04:37:35+00:00,2025-12-18
2025-11-28,UNH,321.2168273925781,2464500.0,Yahoo Finance,2026-09-21T04:37:35+00:00,2025-12-18
2025-12-01,UNH,314.8269348144531,6154600.0,Yahoo Finance,2026-09-21T04:37:35+00:00,2025-12-18
2025-12-02,UNH,316.1224365234375,7978100.0,Yahoo Finance,2026-09-21T04:37:35+00:00,2025-12-18
2025-12-03,UNH,330.8990173339844,9770000.0,Yahoo Finance,2026-09-21T04:37:35+00:00,2025-12-18
2025-12-04,UNH,324.84033203125,8061600.0,Yahoo Finance,2026-09-21T04:37:35+00:00,2025-12-18
2025-12-05,UNH,322.3272399902344,5906000.0,Yahoo Finance,2026-09-21T04:37:35+00:00,2025-12-18
2025-12-08,UNH,317.3457336425781,4782800.0,Yahoo Finance,2026-09-21T04:37:35+00:00,2025-12-18
2025-12-09,UNH,317.3261413574219,4628400.0,Yahoo Finance,2026-09-21T04:37:35+00:00,2025-12-18
2025-12-10,UNH,322.003662109375,5910500.0,Yahoo Finance,2026-09-21T04:37:35+00:00,2025-12-18
2025-12-11,UNH,330.2015686035156,7513200.0,Yahoo Finance,2026-09-21T04:37:35+00:00,2025-12-18
2025-12-12,UNH,335.21246337890625,7979000.0,Yahoo Finance,2026-09-21T04:37:35+00:00,2025-12-18
2025-12-15,UNH,334.4868469238281,6447200.0,Yahoo Finance,2026-09-21T04:37:35+00:00,2025-12-18
2025-12-16,UNH,327.7206115722656,6334000.0,Yahoo Finance,2026-09-21T04:37:35+00:00,2025-12-18
2025-12-17,UNH,325.2004699707031,4685600.0,Yahoo Finance,2026-09-21T04:37:35+00:00,2025-12-18
2025-12-18,UNH,321.77813720703125,6354900.0,Yahoo Finance,2026-09-21T04:37:35+00:00,2025-12-18
2024-11-13,XLC,95.2302017211914,2937100.0,Yahoo Finance,2026-09-21T04:37:35+00:00,2025-12-18
2024-11-14,XLC,95.12244415283203,3170300.0,Yahoo Finance,2026-09-21T04:37:35+00:00,2025-12-18
2024-11-15,XLC,93.22174835205078,3526400.0,Yahoo Finance,2026-09-21T04:37:35+00:00,2025-12-18
2024-11-18,XLC,94.14269256591797,3880700.0,Yahoo Finance,2026-09-21T04:37:35+00:00,2025-12-18
2024-11-19,XLC,94.75992584228516,3186700.0,Yahoo Finance,2026-09-21T04:37:35+00:00,2025-12-18
2024-11-20,XLC,95.36737060546875,3069500.0,Yahoo Finance,2026-09-21T04:37:35+00:00,2025-12-18
2024-11-21,XLC,95.12244415283203,3833900.0,Yahoo Finance,2026-09-21T04:37:35+00:00,2025-12-18
2024-11-22,XLC,94.91669464111328,3266100.0,Yahoo Finance,2026-09-21T04:37:35+00:00,2025-12-18
2024-11-25,XLC,95.40655517578125,4387200.0,Yahoo Finance,2026-09-21T04:37:35+00:00,2025-12-18
2024-11-26,XLC,95.7592544555664,2513400.0,Yahoo Finance,2026-09-21T04:37:35+00:00,2025-12-18
2024-11-27,XLC,95.88662719726562,2413700.0,Yahoo Finance,2026-09-21T04:37:35+00:00,2025-12-18
2024-11-29,XLC,96.40589141845703,1960500.0,Yahoo Finance,2026-09-21T04:37:35+00:00,2025-12-18
2024-12-02,XLC,97.19947814941406,4975900.0,Yahoo Finance,2026-09-21T04:37:35+00:00,2025-12-18
2024-12-03,XLC,97.98326110839844,3077300.0,Yahoo Finance,2026-09-21T04:37:35+00:00,2025-12-18
2024-12-04,XLC,98.2085952758789,2550200.0,Yahoo Finance,2026-09-21T04:37:35+00:00,2025-12-18
2024-12-05,XLC,97.98326110839844,2493900.0,Yahoo Finance,2026-09-21T04:37:35+00:00,2025-12-18
2024-12-06,XLC,98.88462829589844,4364500.0,Yahoo Finance,2026-09-21T04:37:35+00:00,2025-12-18
2024-12-09,XLC,96.77819061279297,5040300.0,Yahoo Finance,2026-09-21T04:37:35+00:00,2025-12-18
2024-12-10,XLC,98.29678344726562,5125300.0,Yahoo Finance,2026-09-21T04:37:35+00:00,2025-12-18
2024-12-11,XLC,99.90353393554688,4015700.0,Yahoo Finance,2026-09-21T04:37:35+00:00,2025-12-18
2024-12-12,XLC,100.08970642089844,2885400.0,Yahoo Finance,2026-09-21T04:37:35+00:00,2025-12-18
2024-12-13,XLC,98.89440155029297,3371500.0,Yahoo Finance,2026-09-21T04:37:35+00:00,2025-12-18
2024-12-16,XLC,99.27651977539062,4222700.0,Yahoo Finance,2026-09-21T04:37:35+00:00,2025-12-18
2024-12-17,XLC,98.53191375732422,4707900.0,Yahoo Finance,2026-09-21T04:37:35+00:00,2025-12-18
2024-12-18,XLC,95.7200698852539,6406000.0,Yahoo Finance,2026-09-21T04:37:35+00:00,2025-12-18
2024-12-19,XLC,95.4555435180664,5026100.0,Yahoo Finance,2026-09-21T04:37:35+00:00,2025-12-18
2024-12-20,XLC,95.97480773925781,6285600.0,Yahoo Finance,2026-09-21T04:37:35+00:00,2025-12-18
2024-12-23,XLC,96.49933624267578,3768900.0,Yahoo Finance,2026-09-21T04:37:35+00:00,2025-12-18
2024-12-24,XLC,97.41285705566406,1626800.0,Yahoo Finance,2026-09-21T04:37:35+00:00,2025-12-18
2024-12-26,XLC,97.28516387939453,3512400.0,Yahoo Finance,2026-09-21T04:37:35+00:00,2025-12-18
2024-12-27,XLC,96.42076873779297,4100400.0,Yahoo Finance,2026-09-21T04:37:35+00:00,2025-12-18
2024-12-30,XLC,95.40900421142578,3211100.0,Yahoo Finance,2026-09-21T04:37:35+00:00,2025-12-18
2024-12-31,XLC,95.09468841552734,3616300.0,Yahoo Finance,2026-09-21T04:37:35+00:00,2025-12-18
2025-01-02,XLC,95.55635833740234,6900500.0,Yahoo Finance,2026-09-21T04:37:35+00:00,2025-12-18
2025-01-03,XLC,96.14572143554688,5454100.0,Yahoo Finance,2026-09-21T04:37:35+00:00,2025-12-18
2025-01-06,XLC,97.18695068359375,5325300.0,Yahoo Finance,2026-09-21T04:37:35+00:00,2025-12-18
2025-01-07,XLC,96.10643005371094,5058400.0,Yahoo Finance,2026-09-21T04:37:35+00:00,2025-12-18
2025-01-08,XLC,95.53671264648438,4631600.0,Yahoo Finance,2026-09-21T04:37:35+00:00,2025-12-18
2025-01-10,XLC,94.11238861083984,4797400.0,Yahoo Finance,2026-09-21T04:37:35+00:00,2025-12-18
2025-01-13,XLC,94.15169525146484,6992500.0,Yahoo Finance,2026-09-21T04:37:35+00:00,2025-12-18
2025-01-14,XLC,93.83735656738281,4194700.0,Yahoo Finance,2026-09-21T04:37:35+00:00,2025-12-18
2025-01-15,XLC,95.37955474853516,4115700.0,Yahoo Finance,2026-09-21T04:37:35+00:00,2025-12-18
2025-01-16,XLC,94.83930206298828,2943600.0,Yahoo Finance,2026-09-21T04:37:35+00:00,2025-12-18
2025-01-17,XLC,95.6644058227539,3109100.0,Yahoo Finance,2026-09-21T04:37:35+00:00,2025-12-18
2025-01-21,XLC,96.52880096435547,4817400.0,Yahoo Finance,2026-09-21T04:37:35+00:00,2025-12-18
2025-01-22,XLC,97.49143981933594,5382400.0,Yahoo Finance,2026-09-21T04:37:35+00:00,2025-12-18
2025-01-23,XLC,97.74683380126953,3721300.0,Yahoo Finance,2026-09-21T04:37:35+00:00,2025-12-18
2025-01-24,XLC,98.63089752197266,3386700.0,Yahoo Finance,2026-09-21T04:37:35+00:00,2025-12-18
2025-01-27,XLC,99.14169311523438,9407500.0,Yahoo Finance,2026-09-21T04:37:35+00:00,2025-12-18
2025-01-28,XLC,99.62299346923828,5445400.0,Yahoo Finance,2026-09-21T04:37:35+00:00,2025-12-18
2025-01-29,XLC,100.06503295898438,4797400.0,Yahoo Finance,2026-09-21T04:37:35+00:00,2025-12-18
2025-01-30,XLC,100.16325378417969,5112700.0,Yahoo Finance,2026-09-21T04:37:35+00:00,2025-12-18
2025-01-31,XLC,100.56597900390625,9101800.0,Yahoo Finance,2026-09-21T04:37:35+00:00,2025-12-18
2025-02-03,XLC,100.78208923339844,7196700.0,Yahoo Finance,2026-09-21T04:37:35+00:00,2025-12-18
2025-02-04,XLC,101.68579864501953,5543600.0,Yahoo Finance,2026-09-21T04:37:35+00:00,2025-12-18
2025-02-05,XLC,100.70349884033203,6058900.0,Yahoo Finance,2026-09-21T04:37:35+00:00,2025-12-18
2025-02-06,XLC,101.13571166992188,2892000.0,Yahoo Finance,2026-09-21T04:37:35+00:00,2025-12-18
2025-02-07,XLC,100.91960906982422,3142800.0,Yahoo Finance,2026-09-21T04:37:35+00:00,2025-12-18
2025-02-10,XLC,101.3714599609375,3042100.0,Yahoo Finance,2026-09-21T04:37:35+00:00,2025-12-18
2025-02-11,XLC,101.5384521484375,2564500.0,Yahoo Finance,2026-09-21T04:37:35+00:00,2025-12-18
2025-02-12,XLC,101.64649963378906,5391900.0,Yahoo Finance,2026-09-21T04:37:35+00:00,2025-12-18
2025-02-13,XLC,102.81541442871094,2833500.0,Yahoo Finance,2026-09-21T04:37:35+00:00,2025-12-18
2025-02-14,XLC,103.44408416748047,3425200.0,Yahoo Finance,2026-09-21T04:37:35+00:00,2025-12-18
2025-02-18,XLC,102.9627685546875,3447900.0,Yahoo Finance,2026-09-21T04:37:35+00:00,2025-12-18
2025-02-19,XLC,103.08063507080078,3469000.0,Yahoo Finance,2026-09-21T04:37:35+00:00,2025-12-18
2025-02-20,XLC,102.59930419921875,2984900.0,Yahoo Finance,2026-09-21T04:37:35+00:00,2025-12-18
2025-02-21,XLC,101.19464874267578,3639600.0,Yahoo Finance,2026-09-21T04:37:35+00:00,2025-12-18
2025-02-24,XLC,101.39111328125,5415600.0,Yahoo Finance,2026-09-21T04:37:35+00:00,2025-12-18
2025-02-25,XLC,99.88821411132812,6021500.0,Yahoo Finance,2026-09-21T04:37:35+00:00,2025-12-18
2025-02-26,XLC,99.7114028930664,5079500.0,Yahoo Finance,2026-09-21T04:37:35+00:00,2025-12-18
2025-02-27,XLC,98.74877166748047,3727300.0,Yahoo Finance,2026-09-21T04:37:35+00:00,2025-12-18
2025-02-28,XLC,100.1927261352539,5690800.0,Yahoo Finance,2026-09-21T04:37:35+00:00,2025-12-18
2025-03-03,XLC,99.19080352783203,6074500.0,Yahoo Finance,2026-09-21T04:37:35+00:00,2025-12-18
2025-03-04,XLC,98.40498352050781,7329500.0,Yahoo Finance,2026-09-21T04:37:35+00:00,2025-12-18
2025-03-05,XLC,99.672119140625,4899600.0,Yahoo Finance,2026-09-21T04:37:35+00:00,2025-12-18
2025-03-06,XLC,97.88436126708984,4829600.0,Yahoo Finance,2026-09-21T04:37:35+00:00,2025-12-18
2025-03-07,XLC,98.51302337646484,5501700.0,Yahoo Finance,2026-09-21T04:37:35+00:00,2025-12-18
2025-03-10,XLC,96.05731201171875,6896200.0,Yahoo Finance,2026-09-21T04:37:35+00:00,2025-12-18
2025-03-11,XLC,94.64282989501953,6699400.0,Yahoo Finance,2026-09-21T04:37:35+00:00,2025-12-18
2025-03-12,XLC,95.11433410644531,4698800.0,Yahoo Finance,2026-09-21T04:37:35+00:00,2025-12-18
2025-03-13,XLC,93.15959930419922,4763600.0,Yahoo Finance,2026-09-21T04:37:35+00:00,2025-12-18
2025-03-14,XLC,94.8687515258789,3486000.0,Yahoo Finance,2026-09-21T04:37:35+00:00,2025-12-18
2025-03-17,XLC,95.54652404785156,3031100.0,Yahoo Finance,2026-09-21T04:37:35+00:00,2025-12-18
2025-03-18,XLC,94.21063995361328,4424100.0,Yahoo Finance,2026-09-21T04:37:35+00:00,2025-12-18
2025-03-19,XLC,95.3304214477539,5875000.0,Yahoo Finance,2026-09-21T04:37:35+00:00,2025-12-18
2025-03-20,XLC,95.1241455078125,4881600.0,Yahoo Finance,2026-09-21T04:37:35+00:00,2025-12-18
2025-03-21,XLC,95.87068176269531,5717500.0,Yahoo Finance,2026-09-21T04:37:35+00:00,2025-12-18
2025-03-24,XLC,97.228271484375,3651300.0,Yahoo Finance,2026-09-21T04:37:35+00:00,2025-12-18
2025-03-25,XLC,98.45976257324219,2499900.0,Yahoo Finance,2026-09-21T04:37:35+00:00,2025-12-18
2025-03-26,XLC,97.62234497070312,4482900.0,Yahoo Finance,2026-09-21T04:37:35+00:00,2025-12-18
2025-03-27,XLC,97.18887329101562,3319300.0,Yahoo Finance,2026-09-21T04:37:35+00:00,2025-12-18
2025-03-28,XLC,94.32196807861328,5595200.0,Yahoo Finance,2026-09-21T04:37:35+00:00,2025-12-18
2025-03-31,XLC,95.02145385742188,5187100.0,Yahoo Finance,2026-09-21T04:37:35+00:00,2025-12-18
2025-04-01,XLC,95.08056640625,5884200.0,Yahoo Finance,2026-09-21T04:37:35+00:00,2025-12-18
2025-04-02,XLC,95.41551971435547,5557500.0,Yahoo Finance,2026-09-21T04:37:35+00:00,2025-12-18
2025-04-03,XLC,91.15950775146484,10078100.0,Yahoo Finance,2026-09-21T04:37:35+00:00,2025-12-18
2025-04-04,XLC,85.93801879882812,13027900.0,Yahoo Finance,2026-09-21T04:37:35+00:00,2025-12-18
2025-04-07,XLC,86.05624389648438,22019700.0,Yahoo Finance,2026-09-21T04:37:35+00:00,2025-12-18
2025-04-08,XLC,84.85430145263672,13553900.0,Yahoo Finance,2026-09-21T04:37:35+00:00,2025-12-18
2025-04-09,XLC,92.35159301757812,23909100.0,Yahoo Finance,2026-09-21T04:37:35+00:00,2025-12-18
2025-04-10,XLC,89.15958404541016,9320700.0,Yahoo Finance,2026-09-21T04:37:35+00:00,2025-12-18
2025-04-11,XLC,89.91818237304688,4819500.0,Yahoo Finance,2026-09-21T04:37:35+00:00,2025-12-18
2025-04-14,XLC,90.51913452148438,3668100.0,Yahoo Finance,2026-09-21T04:37:35+00:00,2025-12-18
2025-04-15,XLC,90.74574279785156,3142400.0,Yahoo Finance,2026-09-21T04:37:35+00:00,2025-12-18
2025-04-16,XLC,88.30247497558594,3857000.0,Yahoo Finance,2026-09-21T04:37:35+00:00,2025-12-18
2025-04-17,XLC,88.87387084960938,3516700.0,Yahoo Finance,2026-09-21T04:37:35+00:00,2025-12-18
2025-04-21,XLC,86.87395477294922,5533900.0,Yahoo Finance,2026-09-21T04:37:35+00:00,2025-12-18
2025-04-22,XLC,89.13987731933594,4283800.0,Yahoo Finance,2026-09-21T04:37:35+00:00,2025-12-18
2025-04-23,XLC,90.56838989257812,5029400.0,Yahoo Finance,2026-09-21T04:37:35+00:00,2025-12-18
2025-04-24,XLC,92.38114929199219,3040400.0,Yahoo Finance,2026-09-21T04:37:35+00:00,2025-12-18
2025-04-25,XLC,92.96240997314453,3168500.0,Yahoo Finance,2026-09-21T04:37:35+00:00,2025-12-18
2025-04-28,XLC,93.31708526611328,2455000.0,Yahoo Finance,2026-09-21T04:37:35+00:00,2025-12-18
2025-04-29,XLC,93.99685668945312,2714700.0,Yahoo Finance,2026-09-21T04:37:35+00:00,2025-12-18
2025-04-30,XLC,94.02642822265625,3123000.0,Yahoo Finance,2026-09-21T04:37:35+00:00,2025-12-18
2025-05-01,XLC,94.5091552734375,3753300.0,Yahoo Finance,2026-09-21T04:37:35+00:00,2025-12-18
2025-05-02,XLC,95.97708129882812,3542600.0,Yahoo Finance,2026-09-21T04:37:35+00:00,2025-12-18
2025-05-05,XLC,96.20368957519531,3764000.0,Yahoo Finance,2026-09-21T04:37:35+00:00,2025-12-18
2025-05-06,XLC,96.18397521972656,4089000.0,Yahoo Finance,2026-09-21T04:37:35+00:00,2025-12-18
2025-05-07,XLC,96.00663757324219,4160200.0,Yahoo Finance,2026-09-21T04:37:35+00:00,2025-12-18
2025-05-08,XLC,96.23323059082031,3865800.0,Yahoo Finance,2026-09-21T04:37:35+00:00,2025-12-18
2025-05-09,XLC,95.74063873291016,4425900.0,Yahoo Finance,2026-09-21T04:37:35+00:00,2025-12-18
2025-05-12,XLC,97.73072814941406,3341400.0,Yahoo Finance,2026-09-21T04:37:35+00:00,2025-12-18
2025-05-13,XLC,98.68634796142578,5384300.0,Yahoo Finance,2026-09-21T04:37:35+00:00,2025-12-18
2025-05-14,XLC,99.19865417480469,4406000.0,Yahoo Finance,2026-09-21T04:37:35+00:00,2025-12-18
2025-05-15,XLC,99.59272766113281,3259800.0,Yahoo Finance,2026-09-21T04:37:35+00:00,2025-12-18
2025-05-16,XLC,100.27249908447266,4156300.0,Yahoo Finance,2026-09-21T04:37:35+00:00,2025-12-18
2025-05-19,XLC,100.37103271484375,3947600.0,Yahoo Finance,2026-09-21T04:37:35+00:00,2025-12-18
2025-05-20,XLC,100.1247329711914,2603100.0,Yahoo Finance,2026-09-21T04:37:35+00:00,2025-12-18
2025-05-21,XLC,99.3759994506836,5864300.0,Yahoo Finance,2026-09-21T04:37:35+00:00,2025-12-18
2025-05-22,XLC,99.15925598144531,3808400.0,Yahoo Finance,2026-09-21T04:37:35+00:00,2025-12-18
2025-05-23,XLC,98.7060546875,3894000.0,Yahoo Finance,2026-09-21T04:37:35+00:00,2025-12-18
2025-05-27,XLC,100.31192779541016,3604100.0,Yahoo Finance,2026-09-21T04:37:35+00:00,2025-12-18
2025-05-28,XLC,100.29222106933594,4014300.0,Yahoo Finance,2026-09-21T04:37:35+00:00,2025-12-18
2025-05-29,XLC,99.48436737060547,4386200.0,Yahoo Finance,2026-09-21T04:37:35+00:00,2025-12-18
2025-05-30,XLC,99.89813995361328,9044700.0,Yahoo Finance,2026-09-21T04:37:35+00:00,2025-12-18
2025-06-02,XLC,100.39073944091797,5983100.0,Yahoo Finance,2026-09-21T04:37:35+00:00,2025-12-18
2025-06-03,XLC,100.10502624511719,4102100.0,Yahoo Finance,2026-09-21T04:37:35+00:00,2025-12-18
2025-06-04,XLC,100.74540710449219,4388200.0,Yahoo Finance,2026-09-21T04:37:35+00:00,2025-12-18
2025-06-05,XLC,100.88333129882812,6785700.0,Yahoo Finance,2026-09-21T04:37:35+00:00,2025-12-18
2025-06-06,XLC,102.1739273071289,4002100.0,Yahoo Finance,2026-09-21T04:37:35+00:00,2025-12-18
2025-06-09,XLC,101.87837219238281,6371300.0,Yahoo Finance,2026-09-21T04:37:35+00:00,2025-12-18
2025-06-10,XLC,103.16897583007812,7313500.0,Yahoo Finance,2026-09-21T04:37:35+00:00,2025-12-18
2025-06-11,XLC,102.93252563476562,5455600.0,Yahoo Finance,2026-09-21T04:37:35+00:00,2025-12-18
2025-06-12,XLC,102.09510803222656,5616100.0,Yahoo Finance,2026-09-21T04:37:35+00:00,2025-12-18
2025-06-13,XLC,101.0606689453125,7342800.0,Yahoo Finance,2026-09-21T04:37:35+00:00,2025-12-18
2025-06-16,XLC,102.79459381103516,6211900.0,Yahoo Finance,2026-09-21T04:37:35+00:00,2025-12-18
2025-06-17,XLC,101.88822174072266,6034700.0,Yahoo Finance,2026-09-21T04:37:35+00:00,2025-12-18
2025-06-18,XLC,101.9374771118164,5927300.0,Yahoo Finance,2026-09-21T04:37:35+00:00,2025-12-18
2025-06-20,XLC,101.31680297851562,7469600.0,Yahoo Finance,2026-09-21T04:37:35+00:00,2025-12-18
2025-06-23,XLC,102.59968566894531,6925400.0,Yahoo Finance,2026-09-21T04:37:35+00:00,2025-12-18
2025-06-24,XLC,103.92304229736328,4685500.0,Yahoo Finance,2026-09-21T04:37:35+00:00,2025-12-18
2025-06-25,XLC,103.90328979492188,4401800.0,Yahoo Finance,2026-09-21T04:37:35+00:00,2025-12-18
2025-06-26,XLC,105.10812377929688,6375800.0,Yahoo Finance,2026-09-21T04:37:35+00:00,2025-12-18
2025-06-27,XLC,106.34261322021484,6949700.0,Yahoo Finance,2026-09-21T04:37:35+00:00,2025-12-18
2025-06-30,XLC,107.18204498291016,5652500.0,Yahoo Finance,2026-09-21T04:37:35+00:00,2025-12-18
2025-07-01,XLC,106.42161560058594,6614100.0,Yahoo Finance,2026-09-21T04:37:35+00:00,2025-12-18
2025-07-02,XLC,106.1154556274414,4865800.0,Yahoo Finance,2026-09-21T04:37:35+00:00,2025-12-18
2025-07-03,XLC,106.69813537597656,3206100.0,Yahoo Finance,2026-09-21T04:37:35+00:00,2025-12-18
2025-07-07,XLC,105.67105102539062,5533900.0,Yahoo Finance,2026-09-21T04:37:35+00:00,2025-12-18
2025-07-08,XLC,105.45378875732422,4353000.0,Yahoo Finance,2026-09-21T04:37:35+00:00,2025-12-18
2025-07-09,XLC,105.73030090332031,4973900.0,Yahoo Finance,2026-09-21T04:37:35+00:00,2025-12-18
2025-07-10,XLC,105.37477111816406,4126500.0,Yahoo Finance,2026-09-21T04:37:35+00:00,2025-12-18
2025-07-11,XLC,104.69335174560547,4769400.0,Yahoo Finance,2026-09-21T04:37:35+00:00,2025-12-18
2025-07-14,XLC,105.72044372558594,6101100.0,Yahoo Finance,2026-09-21T04:37:35+00:00,2025-12-18
2025-07-15,XLC,104.67359924316406,5813500.0,Yahoo Finance,2026-09-21T04:37:35+00:00,2025-12-18
2025-07-16,XLC,104.9896240234375,6812600.0,Yahoo Finance,2026-09-21T04:37:35+00:00,2025-12-18
2025-07-17,XLC,105.35503387451172,4640100.0,Yahoo Finance,2026-09-21T04:37:35+00:00,2025-12-18
2025-07-18,XLC,104.8711166381836,5593900.0,Yahoo Finance,2026-09-21T04:37:35+00:00,2025-12-18
2025-07-21,XLC,106.27348327636719,4468600.0,Yahoo Finance,2026-09-21T04:37:35+00:00,2025-12-18
2025-07-22,XLC,106.52037811279297,5292500.0,Yahoo Finance,2026-09-21T04:37:35+00:00,2025-12-18
2025-07-23,XLC,107.10304260253906,4967000.0,Yahoo Finance,2026-09-21T04:37:35+00:00,2025-12-18
2025-07-24,XLC,107.28081512451172,5732700.0,Yahoo Finance,2026-09-21T04:37:35+00:00,2025-12-18
2025-07-25,XLC,106.28335571289062,7300700.0,Yahoo Finance,2026-09-21T04:37:35+00:00,2025-12-18
2025-07-28,XLC,105.71056365966797,6326900.0,Yahoo Finance,2026-09-21T04:37:35+00:00,2025-12-18
2025-07-29,XLC,104.8019790649414,5396000.0,Yahoo Finance,2026-09-21T04:37:35+00:00,2025-12-18
2025-07-30,XLC,105.12787628173828,6331700.0,Yahoo Finance,2026-09-21T04:37:35+00:00,2025-12-18
2025-07-31,XLC,106.07597351074219,11450800.0,Yahoo Finance,2026-09-21T04:37:35+00:00,2025-12-18
2025-08-01,XLC,104.8019790649414,9181900.0,Yahoo Finance,2026-09-21T04:37:35+00:00,2025-12-18
2025-08-04,XLC,106.816650390625,4883600.0,Yahoo Finance,2026-09-21T04:37:35+00:00,2025-12-18
2025-08-05,XLC,105.98706817626953,5774100.0,Yahoo Finance,2026-09-21T04:37:35+00:00,2025-12-18
2025-08-06,XLC,106.39199829101562,5141000.0,Yahoo Finance,2026-09-21T04:37:35+00:00,2025-12-18
2025-08-07,XLC,105.93769073486328,6248300.0,Yahoo Finance,2026-09-21T04:37:35+00:00,2025-12-18
2025-08-08,XLC,106.29322814941406,5984400.0,Yahoo Finance,2026-09-21T04:37:35+00:00,2025-12-18
2025-08-11,XLC,106.8364028930664,4686800.0,Yahoo Finance,2026-09-21T04:37:35+00:00,2025-12-18
2025-08-12,XLC,108.88069152832031,7128000.0,Yahoo Finance,2026-09-21T04:37:35+00:00,2025-12-18
2025-08-13,XLC,109.7300033569336,8215500.0,Yahoo Finance,2026-09-21T04:37:35+00:00,2025-12-18
2025-08-14,XLC,109.81889343261719,5120900.0,Yahoo Finance,2026-09-21T04:37:35+00:00,2025-12-18
2025-08-15,XLC,110.09540557861328,5535500.0,Yahoo Finance,2026-09-21T04:37:35+00:00,2025-12-18
2025-08-18,XLC,109.42385864257812,4295800.0,Yahoo Finance,2026-09-21T04:37:35+00:00,2025-12-18
2025-08-19,XLC,108.81156158447266,5086000.0,Yahoo Finance,2026-09-21T04:37:35+00:00,2025-12-18
2025-08-20,XLC,108.48564910888672,8825500.0,Yahoo Finance,2026-09-21T04:37:35+00:00,2025-12-18
2025-08-21,XLC,108.36715698242188,3794600.0,Yahoo Finance,2026-09-21T04:37:35+00:00,2025-12-18
2025-08-22,XLC,109.9275131225586,6382900.0,Yahoo Finance,2026-09-21T04:37:35+00:00,2025-12-18
2025-08-25,XLC,110.10528564453125,5684400.0,Yahoo Finance,2026-09-21T04:37:35+00:00,2025-12-18
2025-08-26,XLC,109.62137603759766,4680600.0,Yahoo Finance,2026-09-21T04:37:35+00:00,2025-12-18
2025-08-27,XLC,109.80902099609375,3603900.0,Yahoo Finance,2026-09-21T04:37:35+00:00,2025-12-18
2025-08-28,XLC,110.22379302978516,4645100.0,Yahoo Finance,2026-09-21T04:37:35+00:00,2025-12-18
2025-08-29,XLC,110.00653076171875,4311800.0,Yahoo Finance,2026-09-21T04:37:35+00:00,2025-12-18
2025-09-02,XLC,109.81889343261719,8205300.0,Yahoo Finance,2026-09-21T04:37:35+00:00,2025-12-18
2025-09-03,XLC,111.6557846069336,8269300.0,Yahoo Finance,2026-09-21T04:37:35+00:00,2025-12-18
2025-09-04,XLC,112.66312408447266,5497600.0,Yahoo Finance,2026-09-21T04:37:35+00:00,2025-12-18
2025-09-05,XLC,113.26554870605469,5323600.0,Yahoo Finance,2026-09-21T04:37:35+00:00,2025-12-18
2025-09-08,XLC,113.39393615722656,8005300.0,Yahoo Finance,2026-09-21T04:37:35+00:00,2025-12-18
2025-09-09,XLC,114.03585052490234,5455400.0,Yahoo Finance,2026-09-21T04:37:35+00:00,2025-12-18
2025-09-10,XLC,113.19641876220703,5378200.0,Yahoo Finance,2026-09-21T04:37:35+00:00,2025-12-18
2025-09-11,XLC,114.93455505371094,14732600.0,Yahoo Finance,2026-09-21T04:37:35+00:00,2025-12-18
2025-09-12,XLC,115.89250183105469,6091200.0,Yahoo Finance,2026-09-21T04:37:35+00:00,2025-12-18
2025-09-15,XLC,117.52201080322266,7242400.0,Yahoo Finance,2026-09-21T04:37:35+00:00,2025-12-18
2025-09-16,XLC,117.0479736328125,5802300.0,Yahoo Finance,2026-09-21T04:37:35+00:00,2025-12-18
2025-09-17,XLC,117.3541259765625,5993800.0,Yahoo Finance,2026-09-21T04:37:35+00:00,2025-12-18
2025-09-18,XLC,117.44300079345703,6022700.0,Yahoo Finance,2026-09-21T04:37:35+00:00,2025-12-18
2025-09-19,XLC,117.92692565917969,5548000.0,Yahoo Finance,2026-09-21T04:37:35+00:00,2025-12-18
2025-09-22,XLC,117.51565551757812,6412100.0,Yahoo Finance,2026-09-21T04:37:35+00:00,2025-12-18
2025-09-23,XLC,117.34718322753906,4127600.0,Yahoo Finance,2026-09-21T04:37:35+00:00,2025-12-18
2025-09-24,XLC,116.37596893310547,5099800.0,Yahoo Finance,2026-09-21T04:37:35+00:00,2025-12-18
2025-09-25,XLC,115.97955322265625,3786700.0,Yahoo Finance,2026-09-21T04:37:35+00:00,2025-12-18
2025-09-26,XLC,117.10932159423828,7462700.0,Yahoo Finance,2026-09-21T04:37:35+00:00,2025-12-18
2025-09-29,XLC,117.48591613769531,4875800.0,Yahoo Finance,2026-09-21T04:37:35+00:00,2025-12-18
2025-09-30,XLC,117.30753326416016,5740500.0,Yahoo Finance,2026-09-21T04:37:35+00:00,2025-12-18
2025-10-01,XLC,115.66242980957031,7218900.0,Yahoo Finance,2026-09-21T04:37:35+00:00,2025-12-18
2025-10-02,XLC,115.4047622680664,3984800.0,Yahoo Finance,2026-09-21T04:37:35+00:00,2025-12-18
2025-10-03,XLC,115.34530639648438,3535900.0,Yahoo Finance,2026-09-21T04:37:35+00:00,2025-12-18
2025-10-06,XLC,115.4642333984375,4293600.0,Yahoo Finance,2026-09-21T04:37:35+00:00,2025-12-18
2025-10-07,XLC,115.01826477050781,4242900.0,Yahoo Finance,2026-09-21T04:37:35+00:00,2025-12-18
2025-10-08,XLC,114.54257202148438,4957900.0,Yahoo Finance,2026-09-21T04:37:35+00:00,2025-12-18
2025-10-09,XLC,113.88850402832031,4033800.0,Yahoo Finance,2026-09-21T04:37:35+00:00,2025-12-18
2025-10-10,XLC,111.78752899169922,8248100.0,Yahoo Finance,2026-09-21T04:37:35+00:00,2025-12-18
2025-10-13,XLC,112.81819152832031,4146000.0,Yahoo Finance,2026-09-21T04:37:35+00:00,2025-12-18
2025-10-14,XLC,113.56145477294922,4587900.0,Yahoo Finance,2026-09-21T04:37:35+00:00,2025-12-18
2025-10-15,XLC,114.36418914794922,4103500.0,Yahoo Finance,2026-09-21T04:37:35+00:00,2025-12-18
2025-10-16,XLC,113.14523315429688,4682800.0,Yahoo Finance,2026-09-21T04:37:35+00:00,2025-12-18
2025-10-17,XLC,113.9083251953125,4393700.0,Yahoo Finance,2026-09-21T04:37:35+00:00,2025-12-18
2025-10-20,XLC,115.1966552734375,4281500.0,Yahoo Finance,2026-09-21T04:37:35+00:00,2025-12-18
2025-10-21,XLC,115.60296630859375,6804100.0,Yahoo Finance,2026-09-21T04:37:35+00:00,2025-12-18
2025-10-22,XLC,114.60203552246094,5438900.0,Yahoo Finance,2026-09-21T04:37:35+00:00,2025-12-18
2025-10-23,XLC,114.21553802490234,3607200.0,Yahoo Finance,2026-09-21T04:37:35+00:00,2025-12-18
2025-10-24,XLC,114.51284790039062,4758000.0,Yahoo Finance,2026-09-21T04:37:35+00:00,2025-12-18
2025-10-27,XLC,116.1083984375,5252300.0,Yahoo Finance,2026-09-21T04:37:35+00:00,2025-12-18
2025-10-28,XLC,115.53360748291016,4920400.0,Yahoo Finance,2026-09-21T04:37:35+00:00,2025-12-18
2025-10-29,XLC,115.24620819091797,6986800.0,Yahoo Finance,2026-09-21T04:37:35+00:00,2025-12-18
2025-10-30,XLC,113.29388427734375,8434500.0,Yahoo Finance,2026-09-21T04:37:35+00:00,2025-12-18
2025-10-31,XLC,113.77948760986328,5249700.0,Yahoo Finance,2026-09-21T04:37:35+00:00,2025-12-18
2025-11-03,XLC,112.5704345703125,6410400.0,Yahoo Finance,2026-09-21T04:37:35+00:00,2025-12-18
2025-11-04,XLC,111.79743194580078,5198200.0,Yahoo Finance,2026-09-21T04:37:35+00:00,2025-12-18
2025-11-05,XLC,112.40196228027344,6273900.0,Yahoo Finance,2026-09-21T04:37:35+00:00,2025-12-18
2025-11-06,XLC,111.39112091064453,6265900.0,Yahoo Finance,2026-09-21T04:37:35+00:00,2025-12-18
2025-11-07,XLC,111.10371398925781,7460400.0,Yahoo Finance,2026-09-21T04:37:35+00:00,2025-12-18
2025-11-10,XLC,112.26321411132812,4724100.0,Yahoo Finance,2026-09-21T04:37:35+00:00,2025-12-18
2025-11-11,XLC,113.1749496459961,3841900.0,Yahoo Finance,2026-09-21T04:37:35+00:00,2025-12-18
2025-11-12,XLC,112.52088928222656,4563800.0,Yahoo Finance,2026-09-21T04:37:35+00:00,2025-12-18
2025-11-13,XLC,110.92533111572266,6354300.0,Yahoo Finance,2026-09-21T04:37:35+00:00,2025-12-18
2025-11-14,XLC,110.33071899414062,4859800.0,Yahoo Finance,2026-09-21T04:37:35+00:00,2025-12-18
2025-11-17,XLC,110.18206787109375,4582300.0,Yahoo Finance,2026-09-21T04:37:35+00:00,2025-12-18
2025-11-18,XLC,110.80640411376953,8726100.0,Yahoo Finance,2026-09-21T04:37:35+00:00,2025-12-18
2025-11-19,XLC,110.19197845458984,4416800.0,Yahoo Finance,2026-09-21T04:37:35+00:00,2025-12-18
2025-11-20,XLC,108.98292541503906,7385400.0,Yahoo Finance,2026-09-21T04:37:35+00:00,2025-12-18
2025-11-21,XLC,110.89561462402344,7535900.0,Yahoo Finance,2026-09-21T04:37:35+00:00,2025-12-18
2025-11-24,XLC,111.99564361572266,5524000.0,Yahoo Finance,2026-09-21T04:37:35+00:00,2025-12-18
2025-11-25,XLC,113.27406311035156,8890600.0,Yahoo Finance,2026-09-21T04:37:35+00:00,2025-12-18
2025-11-26,XLC,113.43262481689453,6301600.0,Yahoo Finance,2026-09-21T04:37:35+00:00,2025-12-18
2025-11-28,XLC,114.35427856445312,3731600.0,Yahoo Finance,2026-09-21T04:37:35+00:00,2025-12-18
2025-12-01,XLC,113.81912231445312,5173500.0,Yahoo Finance,2026-09-21T04:37:35+00:00,2025-12-18
2025-12-02,XLC,114.19571685791016,4777400.0,Yahoo Finance,2026-09-21T04:37:35+00:00,2025-12-18
2025-12-03,XLC,114.09661102294922,4885500.0,Yahoo Finance,2026-09-21T04:37:35+00:00,2025-12-18
2025-12-04,XLC,114.75069427490234,4654300.0,Yahoo Finance,2026-09-21T04:37:35+00:00,2025-12-18
2025-12-05,XLC,116.07865905761719,6049400.0,Yahoo Finance,2026-09-21T04:37:35+00:00,2025-12-18
2025-12-08,XLC,115.21647644042969,6128900.0,Yahoo Finance,2026-09-21T04:37:35+00:00,2025-12-18
2025-12-09,XLC,115.34530639648438,4842700.0,Yahoo Finance,2026-09-21T04:37:35+00:00,2025-12-18
2025-12-10,XLC,116.01920318603516,5882600.0,Yahoo Finance,2026-09-21T04:37:35+00:00,2025-12-18
2025-12-11,XLC,115.76153564453125,6495600.0,Yahoo Finance,2026-09-21T04:37:35+00:00,2025-12-18
2025-12-12,XLC,115.50386810302734,5955100.0,Yahoo Finance,2026-09-21T04:37:35+00:00,2025-12-18
2025-12-15,XLC,115.52368927001953,5070100.0,Yahoo Finance,2026-09-21T04:37:35+00:00,2025-12-18
2025-12-16,XLC,115.60296630859375,6178500.0,Yahoo Finance,2026-09-21T04:37:35+00:00,2025-12-18
2025-12-17,XLC,114.7705078125,6181900.0,Yahoo Finance,2026-09-21T04:37:35+00:00,2025-12-18
2025-12-18,XLC,115.4245834350586,4791400.0,Yahoo Finance,2026-09-21T04:37:35+00:00,2025-12-18
2024-11-13,XLE,44.730224609375,23676200.0,Yahoo Finance,2026-09-21T04:37:35+00:00,2025-12-18
2024-11-14,XLE,44.900604248046875,18011000.0,Yahoo Finance,2026-09-21T04:37:35+00:00,2025-12-18
2024-11-15,XLE,44.834346771240234,28080400.0,Yahoo Finance,2026-09-21T04:37:35+00:00,2025-12-18
2024-11-18,XLE,45.43067932128906,23892600.0,Yahoo Finance,2026-09-21T04:37:35+00:00,2025-12-18
2024-11-19,XLE,45.14197540283203,23796400.0,Yahoo Finance,2026-09-21T04:37:35+00:00,2025-12-18
2024-11-20,XLE,45.5963249206543,17917600.0,Yahoo Finance,2026-09-21T04:37:35+00:00,2025-12-18
2024-11-21,XLE,45.965492248535156,33541000.0,Yahoo Finance,2026-09-21T04:37:35+00:00,2025-12-18
2024-11-22,XLE,46.03648376464844,21555600.0,Yahoo Finance,2026-09-21T04:37:35+00:00,2025-12-18
2024-11-25,XLE,45.12778091430664,32950600.0,Yahoo Finance,2026-09-21T04:37:35+00:00,2025-12-18
2024-11-26,XLE,45.06625747680664,24932800.0,Yahoo Finance,2026-09-21T04:37:35+00:00,2025-12-18
2024-11-27,XLE,45.0189208984375,15595600.0,Yahoo Finance,2026-09-21T04:37:35+00:00,2025-12-18
2024-11-29,XLE,45.21297073364258,13636400.0,Yahoo Finance,2026-09-21T04:37:35+00:00,2025-12-18
2024-12-02,XLE,44.734954833984375,22190000.0,Yahoo Finance,2026-09-21T04:37:35+00:00,2025-12-18
2024-12-03,XLE,44.730224609375,17886600.0,Yahoo Finance,2026-09-21T04:37:35+00:00,2025-12-18
2024-12-04,XLE,43.65113067626953,32518000.0,Yahoo Finance,2026-09-21T04:37:35+00:00,2025-12-18
2024-12-05,XLE,43.82150650024414,22662400.0,Yahoo Finance,2026-09-21T04:37:35+00:00,2025-12-18
2024-12-06,XLE,43.078453063964844,26206600.0,Yahoo Finance,2026-09-21T04:37:35+00:00,2025-12-18
2024-12-09,XLE,43.0074577331543,23627800.0,Yahoo Finance,2026-09-21T04:37:35+00:00,2025-12-18
2024-12-10,XLE,42.714019775390625,23299800.0,Yahoo Finance,2026-09-21T04:37:35+00:00,2025-12-18
2024-12-11,XLE,42.78501892089844,23147600.0,Yahoo Finance,2026-09-21T04:37:35+00:00,2025-12-18
2024-12-12,XLE,42.439517974853516,21746200.0,Yahoo Finance,2026-09-21T04:37:35+00:00,2025-12-18
2024-12-13,XLE,42.226539611816406,22346000.0,Yahoo Finance,2026-09-21T04:37:35+00:00,2025-12-18
2024-12-16,XLE,41.29890060424805,25036200.0,Yahoo Finance,2026-09-21T04:37:35+00:00,2025-12-18
2024-12-17,XLE,40.99126052856445,32011600.0,Yahoo Finance,2026-09-21T04:37:35+00:00,2025-12-18
2024-12-18,XLE,39.77965545654297,39241200.0,Yahoo Finance,2026-09-21T04:37:35+00:00,2025-12-18
2024-12-19,XLE,39.43415451049805,49981400.0,Yahoo Finance,2026-09-21T04:37:35+00:00,2025-12-18
2024-12-20,XLE,39.8222541809082,35704800.0,Yahoo Finance,2026-09-21T04:37:35+00:00,2025-12-18
2024-12-23,XLE,40.05610656738281,34445400.0,Yahoo Finance,2026-09-21T04:37:35+00:00,2025-12-18
2024-12-24,XLE,40.39495849609375,15024200.0,Yahoo Finance,2026-09-21T04:37:35+00:00,2025-12-18
2024-12-26,XLE,40.36154556274414,15386400.0,Yahoo Finance,2026-09-21T04:37:35+00:00,2025-12-18
2024-12-27,XLE,40.356773376464844,20369800.0,Yahoo Finance,2026-09-21T04:37:35+00:00,2025-12-18
2024-12-30,XLE,40.35200500488281,23545400.0,Yahoo Finance,2026-09-21T04:37:35+00:00,2025-12-18
2024-12-31,XLE,40.88175582885742,21165000.0,Yahoo Finance,2026-09-21T04:37:35+00:00,2025-12-18
2025-01-02,XLE,41.35901641845703,34887000.0,Yahoo Finance,2026-09-21T04:37:35+00:00,2025-12-18
2025-01-03,XLE,41.74559020996094,22120800.0,Yahoo Finance,2026-09-21T04:37:35+00:00,2025-12-18
2025-01-06,XLE,41.554683685302734,22835200.0,Yahoo Finance,2026-09-21T04:37:35+00:00,2025-12-18
2025-01-07,XLE,41.96990203857422,25035800.0,Yahoo Finance,2026-09-21T04:37:35+00:00,2025-12-18
2025-01-08,XLE,42.012855529785156,28483800.0,Yahoo Finance,2026-09-21T04:37:35+00:00,2025-12-18
2025-01-10,XLE,42.184661865234375,34075800.0,Yahoo Finance,2026-09-21T04:37:35+00:00,2025-12-18
2025-01-13,XLE,43.072364807128906,48896200.0,Yahoo Finance,2026-09-21T04:37:35+00:00,2025-12-18
2025-01-14,XLE,43.53530502319336,31173000.0,Yahoo Finance,2026-09-21T04:37:35+00:00,2025-12-18
2025-01-15,XLE,44.17959976196289,34657800.0,Yahoo Finance,2026-09-21T04:37:35+00:00,2025-12-18
2025-01-16,XLE,44.499359130859375,25230600.0,Yahoo Finance,2026-09-21T04:37:35+00:00,2025-12-18
2025-01-17,XLE,44.842979431152344,23899600.0,Yahoo Finance,2026-09-21T04:37:35+00:00,2025-12-18
2025-01-21,XLE,44.6139030456543,49302000.0,Yahoo Finance,2026-09-21T04:37:35+00:00,2025-12-18
2025-01-22,XLE,43.80256652832031,35880200.0,Yahoo Finance,2026-09-21T04:37:35+00:00,2025-12-18
2025-01-23,XLE,44.00300979614258,29359200.0,Yahoo Finance,2026-09-21T04:37:35+00:00,2025-12-18
2025-01-24,XLE,43.57825469970703,29156800.0,Yahoo Finance,2026-09-21T04:37:35+00:00,2025-12-18
2025-01-27,XLE,43.12486267089844,31993400.0,Yahoo Finance,2026-09-21T04:37:35+00:00,2025-12-18
2025-01-28,XLE,42.714420318603516,37401800.0,Yahoo Finance,2026-09-21T04:37:35+00:00,2025-12-18
2025-01-29,XLE,42.809871673583984,20681800.0,Yahoo Finance,2026-09-21T04:37:35+00:00,2025-12-18
2025-01-30,XLE,43.02941131591797,39092600.0,Yahoo Finance,2026-09-21T04:37:35+00:00,2025-12-18
2025-01-31,XLE,41.82672119140625,44537400.0,Yahoo Finance,2026-09-21T04:37:35+00:00,2025-12-18
2025-02-03,XLE,42.08921432495117,39816400.0,Yahoo Finance,2026-09-21T04:37:35+00:00,2025-12-18
2025-02-04,XLE,42.97214126586914,40279800.0,Yahoo Finance,2026-09-21T04:37:35+00:00,2025-12-18
2025-02-05,XLE,43.06281661987305,21772000.0,Yahoo Finance,2026-09-21T04:37:35+00:00,2025-12-18
2025-02-06,XLE,42.270572662353516,41309600.0,Yahoo Finance,2026-09-21T04:37:35+00:00,2025-12-18
2025-02-07,XLE,42.26579666137695,22568400.0,Yahoo Finance,2026-09-21T04:37:35+00:00,2025-12-18
2025-02-10,XLE,43.196449279785156,25871400.0,Yahoo Finance,2026-09-21T04:37:35+00:00,2025-12-18
2025-02-11,XLE,43.54484939575195,26226800.0,Yahoo Finance,2026-09-21T04:37:35+00:00,2025-12-18
2025-02-12,XLE,42.49488067626953,38798800.0,Yahoo Finance,2026-09-21T04:37:35+00:00,2025-12-18
2025-02-13,XLE,42.81464385986328,31550400.0,Yahoo Finance,2026-09-21T04:37:35+00:00,2025-12-18
2025-02-14,XLE,42.986454010009766,25885800.0,Yahoo Finance,2026-09-21T04:37:35+00:00,2025-12-18
2025-02-18,XLE,43.57347869873047,29574800.0,Yahoo Finance,2026-09-21T04:37:35+00:00,2025-12-18
2025-02-19,XLE,43.917110443115234,24531200.0,Yahoo Finance,2026-09-21T04:37:35+00:00,2025-12-18
2025-02-20,XLE,44.31800079345703,28332200.0,Yahoo Finance,2026-09-21T04:37:35+00:00,2025-12-18
2025-02-21,XLE,43.39689254760742,31276600.0,Yahoo Finance,2026-09-21T04:37:35+00:00,2025-12-18
2025-02-24,XLE,43.40644073486328,26295200.0,Yahoo Finance,2026-09-21T04:37:35+00:00,2025-12-18
2025-02-25,XLE,42.7812385559082,26608600.0,Yahoo Finance,2026-09-21T04:37:35+00:00,2025-12-18
2025-02-26,XLE,42.537837982177734,24305600.0,Yahoo Finance,2026-09-21T04:37:35+00:00,2025-12-18
2025-02-27,XLE,42.76691818237305,30048000.0,Yahoo Finance,2026-09-21T04:37:35+00:00,2025-12-18
2025-02-28,XLE,43.43030548095703,26627200.0,Yahoo Finance,2026-09-21T04:37:35+00:00,2025-12-18
2025-03-03,XLE,41.91263198852539,49501800.0,Yahoo Finance,2026-09-21T04:37:35+00:00,2025-12-18
2025-03-04,XLE,41.506961822509766,50677000.0,Yahoo Finance,2026-09-21T04:37:35+00:00,2025-12-18
2025-03-05,XLE,40.900848388671875,56510800.0,Yahoo Finance,2026-09-21T04:37:35+00:00,2025-12-18
2025-03-06,XLE,41.024932861328125,47104200.0,Yahoo Finance,2026-09-21T04:37:35+00:00,2025-12-18
2025-03-07,XLE,41.726505279541016,44849200.0,Yahoo Finance,2026-09-21T04:37:35+00:00,2025-12-18
2025-03-10,XLE,42.036720275878906,40045400.0,Yahoo Finance,2026-09-21T04:37:35+00:00,2025-12-18
2025-03-11,XLE,41.70263671875,30230200.0,Yahoo Finance,2026-09-21T04:37:35+00:00,2025-12-18
2025-03-12,XLE,41.89353942871094,32240400.0,Yahoo Finance,2026-09-21T04:37:35+00:00,2025-12-18
2025-03-13,XLE,41.60718536376953,30742000.0,Yahoo Finance,2026-09-21T04:37:35+00:00,2025-12-18
2025-03-14,XLE,42.83850860595703,32023200.0,Yahoo Finance,2026-09-21T04:37:35+00:00,2025-12-18
2025-03-17,XLE,43.52098083496094,29761600.0,Yahoo Finance,2026-09-21T04:37:35+00:00,2025-12-18
2025-03-18,XLE,43.59257125854492,30806600.0,Yahoo Finance,2026-09-21T04:37:35+00:00,2025-12-18
2025-03-19,XLE,44.303680419921875,31742600.0,Yahoo Finance,2026-09-21T04:37:35+00:00,2025-12-18
2025-03-20,XLE,44.46595001220703,33163600.0,Yahoo Finance,2026-09-21T04:37:35+00:00,2025-12-18
2025-03-21,XLE,44.15573501586914,36975600.0,Yahoo Finance,2026-09-21T04:37:35+00:00,2025-12-18
2025-03-24,XLE,44.65884017944336,23824600.0,Yahoo Finance,2026-09-21T04:37:35+00:00,2025-12-18
2025-03-25,XLE,44.84161376953125,22292000.0,Yahoo Finance,2026-09-21T04:37:35+00:00,2025-12-18
2025-03-26,XLE,45.10615158081055,25564600.0,Yahoo Finance,2026-09-21T04:37:35+00:00,2025-12-18
2025-03-27,XLE,44.668460845947266,19147800.0,Yahoo Finance,2026-09-21T04:37:35+00:00,2025-12-18
2025-03-28,XLE,44.45682907104492,22248800.0,Yahoo Finance,2026-09-21T04:37:35+00:00,2025-12-18
2025-03-31,XLE,44.947425842285156,28813800.0,Yahoo Finance,2026-09-21T04:37:35+00:00,2025-12-18
2025-04-01,XLE,45.21196365356445,27121200.0,Yahoo Finance,2026-09-21T04:37:35+00:00,2025-12-18
2025-04-02,XLE,45.27449035644531,33960600.0,Yahoo Finance,2026-09-21T04:37:35+00:00,2025-12-18
2025-04-03,XLE,41.72005844116211,75657800.0,Yahoo Finance,2026-09-21T04:37:35+00:00,2025-12-18
2025-04-04,XLE,37.88185119628906,100752000.0,Yahoo Finance,2026-09-21T04:37:35+00:00,2025-12-18
2025-04-07,XLE,37.636558532714844,113906800.0,Yahoo Finance,2026-09-21T04:37:35+00:00,2025-12-18
2025-04-08,XLE,36.76598358154297,90538400.0,Yahoo Finance,2026-09-21T04:37:35+00:00,2025-12-18
2025-04-09,XLE,39.61337661743164,118962400.0,Yahoo Finance,2026-09-21T04:37:35+00:00,2025-12-18
2025-04-10,XLE,37.02571487426758,79046600.0,Yahoo Finance,2026-09-21T04:37:35+00:00,2025-12-18
2025-04-11,XLE,37.944374084472656,41916800.0,Yahoo Finance,2026-09-21T04:37:35+00:00,2025-12-18
2025-04-14,XLE,38.07905578613281,32748200.0,Yahoo Finance,2026-09-21T04:37:35+00:00,2025-12-18
2025-04-15,XLE,38.021339416503906,22167000.0,Yahoo Finance,2026-09-21T04:37:35+00:00,2025-12-18
2025-04-16,XLE,38.3339729309082,27331400.0,Yahoo Finance,2026-09-21T04:37:35+00:00,2025-12-18
2025-04-17,XLE,39.19973373413086,47908800.0,Yahoo Finance,2026-09-21T04:37:35+00:00,2025-12-18
2025-04-21,XLE,38.17525100708008,31012000.0,Yahoo Finance,2026-09-21T04:37:35+00:00,2025-12-18
2025-04-22,XLE,39.146827697753906,22097400.0,Yahoo Finance,2026-09-21T04:37:35+00:00,2025-12-18
2025-04-23,XLE,39.074676513671875,43216200.0,Yahoo Finance,2026-09-21T04:37:35+00:00,2025-12-18
2025-04-24,XLE,39.699954986572266,21219000.0,Yahoo Finance,2026-09-21T04:37:35+00:00,2025-12-18
2025-04-25,XLE,39.6278076171875,17664800.0,Yahoo Finance,2026-09-21T04:37:35+00:00,2025-12-18
2025-04-28,XLE,39.906776428222656,16436800.0,Yahoo Finance,2026-09-21T04:37:35+00:00,2025-12-18
2025-04-29,XLE,39.79133987426758,19843400.0,Yahoo Finance,2026-09-21T04:37:35+00:00,2025-12-18
2025-04-30,XLE,38.71875762939453,37814200.0,Yahoo Finance,2026-09-21T04:37:35+00:00,2025-12-18
2025-05-01,XLE,38.8630485534668,36314400.0,Yahoo Finance,2026-09-21T04:37:35+00:00,2025-12-18
2025-05-02,XLE,39.43060302734375,32038800.0,Yahoo Finance,2026-09-21T04:37:35+00:00,2025-12-18
2025-05-05,XLE,38.71875762939453,29530200.0,Yahoo Finance,2026-09-21T04:37:35+00:00,2025-12-18
2025-05-06,XLE,38.72837448120117,22995400.0,Yahoo Finance,2026-09-21T04:37:35+00:00,2025-12-18
2025-05-07,XLE,38.7428092956543,22446200.0,Yahoo Finance,2026-09-21T04:37:35+00:00,2025-12-18
2025-05-08,XLE,39.252647399902344,30565800.0,Yahoo Finance,2026-09-21T04:37:35+00:00,2025-12-18
2025-05-09,XLE,39.64704513549805,19993200.0,Yahoo Finance,2026-09-21T04:37:35+00:00,2025-12-18
2025-05-12,XLE,40.681148529052734,32610000.0,Yahoo Finance,2026-09-21T04:37:35+00:00,2025-12-18
2025-05-13,XLE,41.253509521484375,29031600.0,Yahoo Finance,2026-09-21T04:37:35+00:00,2025-12-18
2025-05-14,XLE,41.00340270996094,21332600.0,Yahoo Finance,2026-09-21T04:37:35+00:00,2025-12-18
2025-05-15,XLE,41.17655563354492,29721600.0,Yahoo Finance,2026-09-21T04:37:35+00:00,2025-12-18
2025-05-16,XLE,41.11402893066406,21725800.0,Yahoo Finance,2026-09-21T04:37:35+00:00,2025-12-18
2025-05-19,XLE,40.58014678955078,24787000.0,Yahoo Finance,2026-09-21T04:37:35+00:00,2025-12-18
2025-05-20,XLE,40.20498275756836,22782200.0,Yahoo Finance,2026-09-21T04:37:35+00:00,2025-12-18
2025-05-21,XLE,39.46427536010742,25698400.0,Yahoo Finance,2026-09-21T04:37:35+00:00,2025-12-18
2025-05-22,XLE,39.310359954833984,23732200.0,Yahoo Finance,2026-09-21T04:37:35+00:00,2025-12-18
2025-05-23,XLE,39.4354133605957,23511000.0,Yahoo Finance,2026-09-21T04:37:35+00:00,2025-12-18
2025-05-27,XLE,39.77690887451172,19028000.0,Yahoo Finance,2026-09-21T04:37:35+00:00,2025-12-18
2025-05-28,XLE,39.27188491821289,29552600.0,Yahoo Finance,2026-09-21T04:37:35+00:00,2025-12-18
2025-05-29,XLE,39.56528091430664,23792800.0,Yahoo Finance,2026-09-21T04:37:35+00:00,2025-12-18
2025-05-30,XLE,39.21416091918945,31038600.0,Yahoo Finance,2026-09-21T04:37:35+00:00,2025-12-18
2025-06-02,XLE,39.72880935668945,32031000.0,Yahoo Finance,2026-09-21T04:37:35+00:00,2025-12-18
2025-06-03,XLE,40.200172424316406,30352600.0,Yahoo Finance,2026-09-21T04:37:35+00:00,2025-12-18
2025-06-04,XLE,39.416175842285156,44939200.0,Yahoo Finance,2026-09-21T04:37:35+00:00,2025-12-18
2025-06-05,XLE,39.3776969909668,27655000.0,Yahoo Finance,2026-09-21T04:37:35+00:00,2025-12-18
2025-06-06,XLE,40.11840057373047,28556800.0,Yahoo Finance,2026-09-21T04:37:35+00:00,2025-12-18
2025-06-09,XLE,40.19535827636719,28680400.0,Yahoo Finance,2026-09-21T04:37:35+00:00,2025-12-18
2025-06-10,XLE,40.91201400756836,46092200.0,Yahoo Finance,2026-09-21T04:37:35+00:00,2025-12-18
2025-06-11,XLE,41.50361633300781,48996600.0,Yahoo Finance,2026-09-21T04:37:35+00:00,2025-12-18
2025-06-12,XLE,41.64791488647461,34028200.0,Yahoo Finance,2026-09-21T04:37:35+00:00,2025-12-18
2025-06-13,XLE,42.37418746948242,84194800.0,Yahoo Finance,2026-09-21T04:37:35+00:00,2025-12-18
2025-06-16,XLE,42.2491340637207,69406600.0,Yahoo Finance,2026-09-21T04:37:35+00:00,2025-12-18
2025-06-17,XLE,42.64353942871094,67884200.0,Yahoo Finance,2026-09-21T04:37:35+00:00,2025-12-18
2025-06-18,XLE,42.36457061767578,70473000.0,Yahoo Finance,2026-09-21T04:37:35+00:00,2025-12-18
2025-06-20,XLE,42.79745101928711,56744800.0,Yahoo Finance,2026-09-21T04:37:35+00:00,2025-12-18
2025-06-23,XLE,41.715171813964844,105688200.0,Yahoo Finance,2026-09-21T04:37:35+00:00,2025-12-18
2025-06-24,XLE,41.17210006713867,65358800.0,Yahoo Finance,2026-09-21T04:37:35+00:00,2025-12-18
2025-06-25,XLE,40.9926872253418,43723000.0,Yahoo Finance,2026-09-21T04:37:35+00:00,2025-12-18
2025-06-26,XLE,41.57940673828125,33565600.0,Yahoo Finance,2026-09-21T04:37:35+00:00,2025-12-18
2025-06-27,XLE,41.3612060546875,35411800.0,Yahoo Finance,2026-09-21T04:37:35+00:00,2025-12-18
2025-06-30,XLE,41.12360763549805,26247600.0,Yahoo Finance,2026-09-21T04:37:35+00:00,2025-12-18
2025-07-01,XLE,41.438785552978516,40772800.0,Yahoo Finance,2026-09-21T04:37:35+00:00,2025-12-18
2025-07-02,XLE,42.151580810546875,42468800.0,Yahoo Finance,2026-09-21T04:37:35+00:00,2025-12-18
2025-07-03,XLE,42.200069427490234,22266200.0,Yahoo Finance,2026-09-21T04:37:35+00:00,2025-12-18
2025-07-07,XLE,41.79275894165039,35673000.0,Yahoo Finance,2026-09-21T04:37:35+00:00,2025-12-18
2025-07-08,XLE,42.91770553588867,47472400.0,Yahoo Finance,2026-09-21T04:37:35+00:00,2025-12-18
2025-07-09,XLE,42.69949722290039,28672400.0,Yahoo Finance,2026-09-21T04:37:35+00:00,2025-12-18
2025-07-10,XLE,43.02437973022461,28823800.0,Yahoo Finance,2026-09-21T04:37:35+00:00,2025-12-18
2025-07-11,XLE,43.21833801269531,30171600.0,Yahoo Finance,2026-09-21T04:37:35+00:00,2025-12-18
2025-07-14,XLE,42.74314880371094,33441600.0,Yahoo Finance,2026-09-21T04:37:35+00:00,2025-12-18
2025-07-15,XLE,42.1273307800293,33859000.0,Yahoo Finance,2026-09-21T04:37:35+00:00,2025-12-18
2025-07-16,XLE,41.7636604309082,35501600.0,Yahoo Finance,2026-09-21T04:37:35+00:00,2025-12-18
2025-07-17,XLE,42.02065658569336,36085600.0,Yahoo Finance,2026-09-21T04:37:35+00:00,2025-12-18
2025-07-18,XLE,41.68122863769531,60975600.0,Yahoo Finance,2026-09-21T04:37:35+00:00,2025-12-18
2025-07-21,XLE,41.24967956542969,30434400.0,Yahoo Finance,2026-09-21T04:37:35+00:00,2025-12-18
2025-07-22,XLE,41.443634033203125,32444000.0,Yahoo Finance,2026-09-21T04:37:35+00:00,2025-12-18
2025-07-23,XLE,42.09339141845703,28046000.0,Yahoo Finance,2026-09-21T04:37:35+00:00,2025-12-18
2025-07-24,XLE,42.39402389526367,24022200.0,Yahoo Finance,2026-09-21T04:37:35+00:00,2025-12-18
2025-07-25,XLE,42.2340087890625,20143200.0,Yahoo Finance,2026-09-21T04:37:35+00:00,2025-12-18
2025-07-28,XLE,42.714046478271484,23705200.0,Yahoo Finance,2026-09-21T04:37:35+00:00,2025-12-18
2025-07-29,XLE,43.13105392456055,24552000.0,Yahoo Finance,2026-09-21T04:37:35+00:00,2025-12-18
2025-07-30,XLE,42.5152473449707,26552400.0,Yahoo Finance,2026-09-21T04:37:35+00:00,2025-12-18
2025-07-31,XLE,42.28734588623047,24960800.0,Yahoo Finance,2026-09-21T04:37:35+00:00,2025-12-18
2025-08-01,XLE,41.50182342529297,42329400.0,Yahoo Finance,2026-09-21T04:37:35+00:00,2025-12-18
2025-08-04,XLE,41.40969467163086,26509600.0,Yahoo Finance,2026-09-21T04:37:35+00:00,2025-12-18
2025-08-05,XLE,41.46303176879883,31413600.0,Yahoo Finance,2026-09-21T04:37:35+00:00,2025-12-18
2025-08-06,XLE,41.0799674987793,38249400.0,Yahoo Finance,2026-09-21T04:37:35+00:00,2025-12-18
2025-08-07,XLE,40.91995620727539,35042000.0,Yahoo Finance,2026-09-21T04:37:35+00:00,2025-12-18
2025-08-08,XLE,41.18179702758789,40736200.0,Yahoo Finance,2026-09-21T04:37:35+00:00,2025-12-18
2025-08-11,XLE,40.852073669433594,28828800.0,Yahoo Finance,2026-09-21T04:37:35+00:00,2025-12-18
2025-08-12,XLE,41.050872802734375,34522600.0,Yahoo Finance,2026-09-21T04:37:35+00:00,2025-12-18
2025-08-13,XLE,41.526065826416016,25601200.0,Yahoo Finance,2026-09-21T04:37:35+00:00,2025-12-18
2025-08-14,XLE,41.48727798461914,24944600.0,Yahoo Finance,2026-09-21T04:37:35+00:00,2025-12-18
2025-08-15,XLE,41.48727798461914,27297800.0,Yahoo Finance,2026-09-21T04:37:35+00:00,2025-12-18
2025-08-18,XLE,41.239986419677734,26428400.0,Yahoo Finance,2026-09-21T04:37:35+00:00,2025-12-18
2025-08-19,XLE,41.2545280456543,25693800.0,Yahoo Finance,2026-09-21T04:37:35+00:00,2025-12-18
2025-08-20,XLE,41.59880447387695,27967200.0,Yahoo Finance,2026-09-21T04:37:35+00:00,2025-12-18
2025-08-21,XLE,41.8848876953125,22088000.0,Yahoo Finance,2026-09-21T04:37:35+00:00,2025-12-18
2025-08-22,XLE,42.7382926940918,30936400.0,Yahoo Finance,2026-09-21T04:37:35+00:00,2025-12-18
2025-08-25,XLE,42.849822998046875,23412800.0,Yahoo Finance,2026-09-21T04:37:35+00:00,2025-12-18
2025-08-26,XLE,42.78193664550781,22855600.0,Yahoo Finance,2026-09-21T04:37:35+00:00,2025-12-18
2025-08-27,XLE,43.26197814941406,26877400.0,Yahoo Finance,2026-09-21T04:37:35+00:00,2025-12-18
2025-08-28,XLE,43.591705322265625,24086200.0,Yahoo Finance,2026-09-21T04:37:35+00:00,2025-12-18
2025-08-29,XLE,43.82929611206055,23745000.0,Yahoo Finance,2026-09-21T04:37:35+00:00,2025-12-18
2025-09-02,XLE,43.892330169677734,25964400.0,Yahoo Finance,2026-09-21T04:37:35+00:00,2025-12-18
2025-09-03,XLE,42.90800476074219,36018200.0,Yahoo Finance,2026-09-21T04:37:35+00:00,2025-12-18
2025-09-04,XLE,43.194091796875,25895400.0,Yahoo Finance,2026-09-21T04:37:35+00:00,2025-12-18
2025-09-05,XLE,42.36008071899414,48182200.0,Yahoo Finance,2026-09-21T04:37:35+00:00,2025-12-18
2025-09-08,XLE,42.26310348510742,34931800.0,Yahoo Finance,2026-09-21T04:37:35+00:00,2025-12-18
2025-09-09,XLE,42.466758728027344,41193400.0,Yahoo Finance,2026-09-21T04:37:35+00:00,2025-12-18
2025-09-10,XLE,43.20863723754883,29932800.0,Yahoo Finance,2026-09-21T04:37:35+00:00,2025-12-18
2025-09-11,XLE,43.21833801269531,25176800.0,Yahoo Finance,2026-09-21T04:37:35+00:00,2025-12-18
2025-09-12,XLE,42.961341857910156,22297800.0,Yahoo Finance,2026-09-21T04:37:35+00:00,2025-12-18
2025-09-15,XLE,42.815879821777344,23287800.0,Yahoo Finance,2026-09-21T04:37:35+00:00,2025-12-18
2025-09-16,XLE,43.53351593017578,41593000.0,Yahoo Finance,2026-09-21T04:37:35+00:00,2025-12-18
2025-09-17,XLE,43.63534164428711,26044800.0,Yahoo Finance,2026-09-21T04:37:35+00:00,2025-12-18
2025-09-18,XLE,43.49957275390625,28713000.0,Yahoo Finance,2026-09-21T04:37:35+00:00,2025-12-18
2025-09-19,XLE,42.922550201416016,29979200.0,Yahoo Finance,2026-09-21T04:37:35+00:00,2025-12-18
2025-09-22,XLE,42.87316131591797,22502400.0,Yahoo Finance,2026-09-21T04:37:35+00:00,2025-12-18
2025-09-23,XLE,43.611595153808594,44214800.0,Yahoo Finance,2026-09-21T04:37:35+00:00,2025-12-18
2025-09-24,XLE,44.17886734008789,35406200.0,Yahoo Finance,2026-09-21T04:37:35+00:00,2025-12-18
2025-09-25,XLE,44.574981689453125,31887200.0,Yahoo Finance,2026-09-21T04:37:35+00:00,2025-12-18
2025-09-26,XLE,44.98576736450195,40161600.0,Yahoo Finance,2026-09-21T04:37:35+00:00,2025-12-18
2025-09-29,XLE,44.159305572509766,37674400.0,Yahoo Finance,2026-09-21T04:37:35+00:00,2025-12-18
2025-09-30,XLE,43.68983840942383,47544800.0,Yahoo Finance,2026-09-21T04:37:35+00:00,2025-12-18
2025-10-01,XLE,43.68983840942383,27661200.0,Yahoo Finance,2026-09-21T04:37:35+00:00,2025-12-18
2025-10-02,XLE,43.24971389770508,31793600.0,Yahoo Finance,2026-09-21T04:37:35+00:00,2025-12-18
2025-10-03,XLE,43.479557037353516,24048000.0,Yahoo Finance,2026-09-21T04:37:35+00:00,2025-12-18
2025-10-06,XLE,43.69472885131836,21488400.0,Yahoo Finance,2026-09-21T04:37:35+00:00,2025-12-18
2025-10-07,XLE,43.7631950378418,25324000.0,Yahoo Finance,2026-09-21T04:37:35+00:00,2025-12-18
2025-10-08,XLE,43.5088996887207,20024200.0,Yahoo Finance,2026-09-21T04:37:35+00:00,2025-12-18
2025-10-09,XLE,42.91717529296875,23397800.0,Yahoo Finance,2026-09-21T04:37:35+00:00,2025-12-18
2025-10-10,XLE,41.67504119873047,44892200.0,Yahoo Finance,2026-09-21T04:37:35+00:00,2025-12-18
2025-10-13,XLE,42.2423095703125,22889600.0,Yahoo Finance,2026-09-21T04:37:35+00:00,2025-12-18
2025-10-14,XLE,42.2374267578125,25084600.0,Yahoo Finance,2026-09-21T04:37:35+00:00,2025-12-18
2025-10-15,XLE,42.212974548339844,24267000.0,Yahoo Finance,2026-09-21T04:37:35+00:00,2025-12-18
2025-10-16,XLE,41.704383850097656,29193800.0,Yahoo Finance,2026-09-21T04:37:35+00:00,2025-12-18
2025-10-17,XLE,42.04669952392578,24071800.0,Yahoo Finance,2026-09-21T04:37:35+00:00,2025-12-18
2025-10-20,XLE,42.49171829223633,25352400.0,Yahoo Finance,2026-09-21T04:37:35+00:00,2025-12-18
2025-10-21,XLE,42.393917083740234,25885200.0,Yahoo Finance,2026-09-21T04:37:35+00:00,2025-12-18
2025-10-22,XLE,42.936737060546875,32814000.0,Yahoo Finance,2026-09-21T04:37:35+00:00,2025-12-18
2025-10-23,XLE,43.5088996887207,47308800.0,Yahoo Finance,2026-09-21T04:37:35+00:00,2025-12-18
2025-10-24,XLE,43.06877517700195,21191000.0,Yahoo Finance,2026-09-21T04:37:35+00:00,2025-12-18
2025-10-27,XLE,43.17146682739258,19597200.0,Yahoo Finance,2026-09-21T04:37:35+00:00,2025-12-18
2025-10-28,XLE,42.721561431884766,22474600.0,Yahoo Finance,2026-09-21T04:37:35+00:00,2025-12-18
2025-10-29,XLE,43.0394287109375,26807800.0,Yahoo Finance,2026-09-21T04:37:35+00:00,2025-12-18
2025-10-30,XLE,42.785133361816406,20663400.0,Yahoo Finance,2026-09-21T04:37:35+00:00,2025-12-18
2025-10-31,XLE,43.098114013671875,26985400.0,Yahoo Finance,2026-09-21T04:37:35+00:00,2025-12-18
2025-11-03,XLE,43.10300064086914,22232000.0,Yahoo Finance,2026-09-21T04:37:35+00:00,2025-12-18
2025-11-04,XLE,42.638427734375,29477600.0,Yahoo Finance,2026-09-21T04:37:35+00:00,2025-12-18
2025-11-05,XLE,42.75090026855469,23857200.0,Yahoo Finance,2026-09-21T04:37:35+00:00,2025-12-18
2025-11-06,XLE,43.16657257080078,32154800.0,Yahoo Finance,2026-09-21T04:37:35+00:00,2025-12-18
2025-11-07,XLE,43.78764724731445,35458400.0,Yahoo Finance,2026-09-21T04:37:35+00:00,2025-12-18
2025-11-10,XLE,44.18375778198242,31264600.0,Yahoo Finance,2026-09-21T04:37:35+00:00,2025-12-18
2025-11-11,XLE,44.76081466674805,38752800.0,Yahoo Finance,2026-09-21T04:37:35+00:00,2025-12-18
2025-11-12,XLE,44.134857177734375,29863200.0,Yahoo Finance,2026-09-21T04:37:35+00:00,2025-12-18
2025-11-13,XLE,44.24733352661133,32243800.0,Yahoo Finance,2026-09-21T04:37:35+00:00,2025-12-18
2025-11-14,XLE,45.00043487548828,34179400.0,Yahoo Finance,2026-09-21T04:37:35+00:00,2025-12-18
2025-11-17,XLE,44.17886734008789,37447400.0,Yahoo Finance,2026-09-21T04:37:35+00:00,2025-12-18
2025-11-18,XLE,44.530967712402344,34839400.0,Yahoo Finance,2026-09-21T04:37:35+00:00,2025-12-18
2025-11-19,XLE,43.953914642333984,41062800.0,Yahoo Finance,2026-09-21T04:37:35+00:00,2025-12-18
2025-11-20,XLE,43.45510482788086,41630000.0,Yahoo Finance,2026-09-21T04:37:35+00:00,2025-12-18
2025-11-21,XLE,43.72895812988281,39317200.0,Yahoo Finance,2026-09-21T04:37:35+00:00,2025-12-18
2025-11-24,XLE,43.60670471191406,33681800.0,Yahoo Finance,2026-09-21T04:37:35+00:00,2025-12-18
2025-11-25,XLE,43.33285140991211,29299000.0,Yahoo Finance,2026-09-21T04:37:35+00:00,2025-12-18
2025-11-26,XLE,43.66049575805664,26611000.0,Yahoo Finance,2026-09-21T04:37:35+00:00,2025-12-18
2025-11-28,XLE,44.23265838623047,16666600.0,Yahoo Finance,2026-09-21T04:37:35+00:00,2025-12-18
2025-12-01,XLE,44.65811538696289,31150000.0,Yahoo Finance,2026-09-21T04:37:35+00:00,2025-12-18
2025-12-02,XLE,44.08106231689453,33305000.0,Yahoo Finance,2026-09-21T04:37:35+00:00,2025-12-18
2025-12-03,XLE,44.90752410888672,30174000.0,Yahoo Finance,2026-09-21T04:37:35+00:00,2025-12-18
2025-12-04,XLE,45.098243713378906,23799600.0,Yahoo Finance,2026-09-21T04:37:35+00:00,2025-12-18
2025-12-05,XLE,44.91240692138672,22164400.0,Yahoo Finance,2026-09-21T04:37:35+00:00,2025-12-18
2025-12-08,XLE,44.42338180541992,27891900.0,Yahoo Finance,2026-09-21T04:37:35+00:00,2025-12-18
2025-12-09,XLE,44.697242736816406,20917400.0,Yahoo Finance,2026-09-21T04:37:35+00:00,2025-12-18
2025-12-10,XLE,45.16670608520508,26255100.0,Yahoo Finance,2026-09-21T04:37:35+00:00,2025-12-18
2025-12-11,XLE,44.951534271240234,25827200.0,Yahoo Finance,2026-09-21T04:37:35+00:00,2025-12-18
2025-12-12,XLE,44.51140594482422,33161200.0,Yahoo Finance,2026-09-21T04:37:35+00:00,2025-12-18
2025-12-15,XLE,44.198429107666016,27521600.0,Yahoo Finance,2026-09-21T04:37:35+00:00,2025-12-18
2025-12-16,XLE,42.84870910644531,49312400.0,Yahoo Finance,2026-09-21T04:37:35+00:00,2025-12-18
2025-12-17,XLE,43.79742431640625,43375300.0,Yahoo Finance,2026-09-21T04:37:35+00:00,2025-12-18
2025-12-18,XLE,43.16168975830078,29920200.0,Yahoo Finance,2026-09-21T04:37:35+00:00,2025-12-18
2024-11-13,XLF,48.45862579345703,31880700.0,Yahoo Finance,2026-09-21T04:37:35+00:00,2025-12-18
2024-11-14,XLF,48.33205032348633,38252800.0,Yahoo Finance,2026-09-21T04:37:35+00:00,2025-12-18
2024-11-15,XLF,48.55598831176758,40741500.0,Yahoo Finance,2026-09-21T04:37:35+00:00,2025-12-18
2024-11-18,XLF,48.7020378112793,27141600.0,Yahoo Finance,2026-09-21T04:37:35+00:00,2025-12-18
2024-11-19,XLF,48.3807373046875,27014700.0,Yahoo Finance,2026-09-21T04:37:35+00:00,2025-12-18
2024-11-20,XLF,48.23468780517578,33932500.0,Yahoo Finance,2026-09-21T04:37:35+00:00,2025-12-18
2024-11-21,XLF,48.848087310791016,50881800.0,Yahoo Finance,2026-09-21T04:37:35+00:00,2025-12-18
2024-11-22,XLF,49.39332962036133,42050800.0,Yahoo Finance,2026-09-21T04:37:35+00:00,2025-12-18
2024-11-25,XLF,49.71464157104492,47492500.0,Yahoo Finance,2026-09-21T04:37:35+00:00,2025-12-18
2024-11-26,XLF,49.81200408935547,28418400.0,Yahoo Finance,2026-09-21T04:37:35+00:00,2025-12-18
2024-11-27,XLF,49.90937042236328,31803700.0,Yahoo Finance,2026-09-21T04:37:35+00:00,2025-12-18
2024-11-29,XLF,49.98726272583008,15178400.0,Yahoo Finance,2026-09-21T04:37:35+00:00,2025-12-18
2024-12-02,XLF,49.490699768066406,55483600.0,Yahoo Finance,2026-09-21T04:37:35+00:00,2025-12-18
2024-12-03,XLF,49.12070846557617,46924300.0,Yahoo Finance,2026-09-21T04:37:35+00:00,2025-12-18
2024-12-04,XLF,48.93571472167969,41017400.0,Yahoo Finance,2026-09-21T04:37:35+00:00,2025-12-18
2024-12-05,XLF,49.08176040649414,33599300.0,Yahoo Finance,2026-09-21T04:37:35+00:00,2025-12-18
2024-12-06,XLF,49.072025299072266,23439400.0,Yahoo Finance,2026-09-21T04:37:35+00:00,2025-12-18
2024-12-09,XLF,48.40020751953125,41998300.0,Yahoo Finance,2026-09-21T04:37:35+00:00,2025-12-18
2024-12-10,XLF,48.390472412109375,38861800.0,Yahoo Finance,2026-09-21T04:37:35+00:00,2025-12-18
2024-12-11,XLF,48.48783874511719,35035900.0,Yahoo Finance,2026-09-21T04:37:35+00:00,2025-12-18
2024-12-12,XLF,48.27363967895508,23107300.0,Yahoo Finance,2026-09-21T04:37:35+00:00,2025-12-18
2024-12-13,XLF,48.23468780517578,39160400.0,Yahoo Finance,2026-09-21T04:37:35+00:00,2025-12-18
2024-12-16,XLF,48.147064208984375,35242800.0,Yahoo Finance,2026-09-21T04:37:35+00:00,2025-12-18
2024-12-17,XLF,47.806278228759766,46103300.0,Yahoo Finance,2026-09-21T04:37:35+00:00,2025-12-18
2024-12-18,XLF,46.37501525878906,72399500.0,Yahoo Finance,2026-09-21T04:37:35+00:00,2025-12-18
2024-12-19,XLF,46.540531158447266,63641000.0,Yahoo Finance,2026-09-21T04:37:35+00:00,2025-12-18
2024-12-20,XLF,47.2318229675293,56066100.0,Yahoo Finance,2026-09-21T04:37:35+00:00,2025-12-18
2024-12-23,XLF,47.34524917602539,43033300.0,Yahoo Finance,2026-09-21T04:37:35+00:00,2025-12-18
2024-12-24,XLF,47.90260314941406,18350500.0,Yahoo Finance,2026-09-21T04:37:35+00:00,2025-12-18
2024-12-26,XLF,48.01993179321289,20805600.0,Yahoo Finance,2026-09-21T04:37:35+00:00,2025-12-18
2024-12-27,XLF,47.66792678833008,33852400.0,Yahoo Finance,2026-09-21T04:37:35+00:00,2025-12-18
2024-12-30,XLF,47.2083625793457,34819800.0,Yahoo Finance,2026-09-21T04:37:35+00:00,2025-12-18
2024-12-31,XLF,47.25725555419922,25170500.0,Yahoo Finance,2026-09-21T04:37:35+00:00,2025-12-18
2025-01-02,XLF,47.13990783691406,35879100.0,Yahoo Finance,2026-09-21T04:37:35+00:00,2025-12-18
2025-01-03,XLF,47.511474609375,25198100.0,Yahoo Finance,2026-09-21T04:37:35+00:00,2025-12-18
2025-01-06,XLF,47.36480712890625,54289900.0,Yahoo Finance,2026-09-21T04:37:35+00:00,2025-12-18
2025-01-07,XLF,47.25725555419922,57682700.0,Yahoo Finance,2026-09-21T04:37:35+00:00,2025-12-18
2025-01-08,XLF,47.41370391845703,36422000.0,Yahoo Finance,2026-09-21T04:37:35+00:00,2025-12-18
2025-01-10,XLF,46.26966857910156,53128700.0,Yahoo Finance,2026-09-21T04:37:35+00:00,2025-12-18
2025-01-13,XLF,46.60211944580078,36002800.0,Yahoo Finance,2026-09-21T04:37:35+00:00,2025-12-18
2025-01-14,XLF,47.17902755737305,39353300.0,Yahoo Finance,2026-09-21T04:37:35+00:00,2025-12-18
2025-01-15,XLF,48.3817253112793,61176900.0,Yahoo Finance,2026-09-21T04:37:35+00:00,2025-12-18
2025-01-16,XLF,48.70439529418945,33830400.0,Yahoo Finance,2026-09-21T04:37:35+00:00,2025-12-18
2025-01-17,XLF,49.11507034301758,43693100.0,Yahoo Finance,2026-09-21T04:37:35+00:00,2025-12-18
2025-01-21,XLF,49.525753021240234,33267500.0,Yahoo Finance,2026-09-21T04:37:35+00:00,2025-12-18
2025-01-22,XLF,49.291080474853516,37226400.0,Yahoo Finance,2026-09-21T04:37:35+00:00,2025-12-18
2025-01-23,XLF,49.574642181396484,32048800.0,Yahoo Finance,2026-09-21T04:37:35+00:00,2025-12-18
2025-01-24,XLF,49.7213134765625,39088700.0,Yahoo Finance,2026-09-21T04:37:35+00:00,2025-12-18
2025-01-27,XLF,50.268882751464844,61707400.0,Yahoo Finance,2026-09-21T04:37:35+00:00,2025-12-18
2025-01-28,XLF,50.180885314941406,39885300.0,Yahoo Finance,2026-09-21T04:37:35+00:00,2025-12-18
2025-01-29,XLF,50.14176940917969,43612200.0,Yahoo Finance,2026-09-21T04:37:35+00:00,2025-12-18
2025-01-30,XLF,50.62089157104492,64250500.0,Yahoo Finance,2026-09-21T04:37:35+00:00,2025-12-18
2025-01-31,XLF,50.32755661010742,40424200.0,Yahoo Finance,2026-09-21T04:37:35+00:00,2025-12-18
2025-02-03,XLF,50.12221145629883,77416200.0,Yahoo Finance,2026-09-21T04:37:35+00:00,2025-12-18
2025-02-04,XLF,50.004878997802734,41742700.0,Yahoo Finance,2026-09-21T04:37:35+00:00,2025-12-18
2025-02-05,XLF,50.53288650512695,34758600.0,Yahoo Finance,2026-09-21T04:37:35+00:00,2025-12-18
2025-02-06,XLF,50.953346252441406,34355900.0,Yahoo Finance,2026-09-21T04:37:35+00:00,2025-12-18
2025-02-07,XLF,50.66978454589844,40601400.0,Yahoo Finance,2026-09-21T04:37:35+00:00,2025-12-18
2025-02-10,XLF,50.268882751464844,37921500.0,Yahoo Finance,2026-09-21T04:37:35+00:00,2025-12-18
2025-02-11,XLF,50.39599609375,45162900.0,Yahoo Finance,2026-09-21T04:37:35+00:00,2025-12-18
2025-02-12,XLF,50.219993591308594,45473100.0,Yahoo Finance,2026-09-21T04:37:35+00:00,2025-12-18
2025-02-13,XLF,50.552452087402344,36372200.0,Yahoo Finance,2026-09-21T04:37:35+00:00,2025-12-18
2025-02-14,XLF,50.65022659301758,29574300.0,Yahoo Finance,2026-09-21T04:37:35+00:00,2025-12-18
2025-02-18,XLF,51.01201629638672,33496800.0,Yahoo Finance,2026-09-21T04:37:35+00:00,2025-12-18
2025-02-19,XLF,51.03157043457031,31748500.0,Yahoo Finance,2026-09-21T04:37:35+00:00,2025-12-18
2025-02-20,XLF,50.249324798583984,47078900.0,Yahoo Finance,2026-09-21T04:37:35+00:00,2025-12-18
2025-02-21,XLF,49.623531341552734,51789900.0,Yahoo Finance,2026-09-21T04:37:35+00:00,2025-12-18
2025-02-24,XLF,49.83864974975586,56673900.0,Yahoo Finance,2026-09-21T04:37:35+00:00,2025-12-18
2025-02-25,XLF,49.82887268066406,50132800.0,Yahoo Finance,2026-09-21T04:37:35+00:00,2025-12-18
2025-02-26,XLF,49.7213134765625,31250500.0,Yahoo Finance,2026-09-21T04:37:35+00:00,2025-12-18
2025-02-27,XLF,49.9951057434082,44378600.0,Yahoo Finance,2026-09-21T04:37:35+00:00,2025-12-18
2025-02-28,XLF,51.02178955078125,63537100.0,Yahoo Finance,2026-09-21T04:37:35+00:00,2025-12-18
2025-03-03,XLF,50.59156036376953,76100100.0,Yahoo Finance,2026-09-21T04:37:35+00:00,2025-12-18
2025-03-04,XLF,48.81195831298828,99342400.0,Yahoo Finance,2026-09-21T04:37:35+00:00,2025-12-18
2025-03-05,XLF,49.095523834228516,75561700.0,Yahoo Finance,2026-09-21T04:37:35+00:00,2025-12-18
2025-03-06,XLF,48.28394317626953,55477700.0,Yahoo Finance,2026-09-21T04:37:35+00:00,2025-12-18
2025-03-07,XLF,48.02971267700195,87351400.0,Yahoo Finance,2026-09-21T04:37:35+00:00,2025-12-18
2025-03-10,XLF,46.954132080078125,78221400.0,Yahoo Finance,2026-09-21T04:37:35+00:00,2025-12-18
2025-03-11,XLF,46.55323791503906,72972200.0,Yahoo Finance,2026-09-21T04:37:35+00:00,2025-12-18
2025-03-12,XLF,46.621673583984375,60700100.0,Yahoo Finance,2026-09-21T04:37:35+00:00,2025-12-18
2025-03-13,XLF,46.36744689941406,49986300.0,Yahoo Finance,2026-09-21T04:37:35+00:00,2025-12-18
2025-03-14,XLF,47.44303512573242,49535700.0,Yahoo Finance,2026-09-21T04:37:35+00:00,2025-12-18
2025-03-17,XLF,48.00038146972656,43570500.0,Yahoo Finance,2026-09-21T04:37:35+00:00,2025-12-18
2025-03-18,XLF,47.94171142578125,32714200.0,Yahoo Finance,2026-09-21T04:37:35+00:00,2025-12-18
2025-03-19,XLF,48.4697265625,44290700.0,Yahoo Finance,2026-09-21T04:37:35+00:00,2025-12-18
2025-03-20,XLF,48.538169860839844,46326000.0,Yahoo Finance,2026-09-21T04:37:35+00:00,2025-12-18
2025-03-21,XLF,48.3621711730957,53382800.0,Yahoo Finance,2026-09-21T04:37:35+00:00,2025-12-18
2025-03-24,XLF,49.2149658203125,43158200.0,Yahoo Finance,2026-09-21T04:37:35+00:00,2025-12-18
2025-03-25,XLF,49.48974609375,24873700.0,Yahoo Finance,2026-09-21T04:37:35+00:00,2025-12-18
2025-03-26,XLF,49.34253692626953,39729200.0,Yahoo Finance,2026-09-21T04:37:35+00:00,2025-12-18
2025-03-27,XLF,49.244407653808594,32299800.0,Yahoo Finance,2026-09-21T04:37:35+00:00,2025-12-18
2025-03-28,XLF,48.2924919128418,45365400.0,Yahoo Finance,2026-09-21T04:37:35+00:00,2025-12-18
2025-03-31,XLF,48.88130187988281,38042300.0,Yahoo Finance,2026-09-21T04:37:35+00:00,2025-12-18
2025-04-01,XLF,48.822425842285156,37959100.0,Yahoo Finance,2026-09-21T04:37:35+00:00,2025-12-18
2025-04-02,XLF,49.22478103637695,41792100.0,Yahoo Finance,2026-09-21T04:37:35+00:00,2025-12-18
2025-04-03,XLF,46.80082702636719,101160600.0,Yahoo Finance,2026-09-21T04:37:35+00:00,2025-12-18
2025-04-04,XLF,43.37590026855469,128135300.0,Yahoo Finance,2026-09-21T04:37:35+00:00,2025-12-18
2025-04-07,XLF,43.26795196533203,179993200.0,Yahoo Finance,2026-09-21T04:37:35+00:00,2025-12-18
2025-04-08,XLF,43.10111999511719,98804200.0,Yahoo Finance,2026-09-21T04:37:35+00:00,2025-12-18
2025-04-09,XLF,46.34940719604492,177242900.0,Yahoo Finance,2026-09-21T04:37:35+00:00,2025-12-18
2025-04-10,XLF,45.05402374267578,93318200.0,Yahoo Finance,2026-09-21T04:37:35+00:00,2025-12-18
2025-04-11,XLF,45.79985046386719,63647400.0,Yahoo Finance,2026-09-21T04:37:35+00:00,2025-12-18
2025-04-14,XLF,46.270904541015625,52008900.0,Yahoo Finance,2026-09-21T04:37:35+00:00,2025-12-18
2025-04-15,XLF,46.38866424560547,41840100.0,Yahoo Finance,2026-09-21T04:37:35+00:00,2025-12-18
2025-04-16,XLF,45.66245651245117,47934300.0,Yahoo Finance,2026-09-21T04:37:35+00:00,2025-12-18
2025-04-17,XLF,45.78022384643555,61866600.0,Yahoo Finance,2026-09-21T04:37:35+00:00,2025-12-18
2025-04-21,XLF,44.798866271972656,43082300.0,Yahoo Finance,2026-09-21T04:37:35+00:00,2025-12-18
2025-04-22,XLF,46.28071594238281,38154800.0,Yahoo Finance,2026-09-21T04:37:35+00:00,2025-12-18
2025-04-23,XLF,46.83027267456055,50290900.0,Yahoo Finance,2026-09-21T04:37:35+00:00,2025-12-18
2025-04-24,XLF,47.35039138793945,26817900.0,Yahoo Finance,2026-09-21T04:37:35+00:00,2025-12-18
2025-04-25,XLF,47.12467575073242,28113000.0,Yahoo Finance,2026-09-21T04:37:35+00:00,2025-12-18
2025-04-28,XLF,47.271881103515625,33922800.0,Yahoo Finance,2026-09-21T04:37:35+00:00,2025-12-18
2025-04-29,XLF,47.76255798339844,42475300.0,Yahoo Finance,2026-09-21T04:37:35+00:00,2025-12-18
2025-04-30,XLF,47.85087966918945,33759900.0,Yahoo Finance,2026-09-21T04:37:35+00:00,2025-12-18
2025-05-01,XLF,47.841068267822266,34420200.0,Yahoo Finance,2026-09-21T04:37:35+00:00,2025-12-18
2025-05-02,XLF,48.83223342895508,35032100.0,Yahoo Finance,2026-09-21T04:37:35+00:00,2025-12-18
2025-05-05,XLF,48.51820373535156,24139900.0,Yahoo Finance,2026-09-21T04:37:35+00:00,2025-12-18
2025-05-06,XLF,48.2434196472168,28949100.0,Yahoo Finance,2026-09-21T04:37:35+00:00,2025-12-18
2025-05-07,XLF,48.528018951416016,30070100.0,Yahoo Finance,2026-09-21T04:37:35+00:00,2025-12-18
2025-05-08,XLF,48.93036651611328,31294200.0,Yahoo Finance,2026-09-21T04:37:35+00:00,2025-12-18
2025-05-09,XLF,48.93036651611328,22075000.0,Yahoo Finance,2026-09-21T04:37:35+00:00,2025-12-18
2025-05-12,XLF,49.921539306640625,44274100.0,Yahoo Finance,2026-09-21T04:37:35+00:00,2025-12-18
2025-05-13,XLF,50.12763214111328,33986100.0,Yahoo Finance,2026-09-21T04:37:35+00:00,2025-12-18
2025-05-14,XLF,49.990234375,38764200.0,Yahoo Finance,2026-09-21T04:37:35+00:00,2025-12-18
2025-05-15,XLF,50.32389450073242,34742500.0,Yahoo Finance,2026-09-21T04:37:35+00:00,2025-12-18
2025-05-16,XLF,50.628116607666016,53401000.0,Yahoo Finance,2026-09-21T04:37:35+00:00,2025-12-18
2025-05-19,XLF,50.657554626464844,26348400.0,Yahoo Finance,2026-09-21T04:37:35+00:00,2025-12-18
2025-05-20,XLF,50.38277816772461,26903000.0,Yahoo Finance,2026-09-21T04:37:35+00:00,2025-12-18
2025-05-21,XLF,49.35235595703125,40022000.0,Yahoo Finance,2026-09-21T04:37:35+00:00,2025-12-18
2025-05-22,XLF,49.2934684753418,33662800.0,Yahoo Finance,2026-09-21T04:37:35+00:00,2025-12-18
2025-05-23,XLF,49.11682891845703,33645600.0,Yahoo Finance,2026-09-21T04:37:35+00:00,2025-12-18
2025-05-27,XLF,49.98042678833008,38636400.0,Yahoo Finance,2026-09-21T04:37:35+00:00,2025-12-18
2025-05-28,XLF,49.646766662597656,31730200.0,Yahoo Finance,2026-09-21T04:37:35+00:00,2025-12-18
2025-05-29,XLF,49.90190887451172,34098400.0,Yahoo Finance,2026-09-21T04:37:35+00:00,2025-12-18
2025-05-30,XLF,50.00986099243164,37953200.0,Yahoo Finance,2026-09-21T04:37:35+00:00,2025-12-18
2025-06-02,XLF,50.02948760986328,30142300.0,Yahoo Finance,2026-09-21T04:37:35+00:00,2025-12-18
2025-06-03,XLF,50.12763214111328,33705400.0,Yahoo Finance,2026-09-21T04:37:35+00:00,2025-12-18
2025-06-04,XLF,49.84303283691406,24600500.0,Yahoo Finance,2026-09-21T04:37:35+00:00,2025-12-18
2025-06-05,XLF,49.70564270019531,42014400.0,Yahoo Finance,2026-09-21T04:37:35+00:00,2025-12-18
2025-06-06,XLF,50.32389450073242,34982800.0,Yahoo Finance,2026-09-21T04:37:35+00:00,2025-12-18
2025-06-09,XLF,50.04911422729492,28322100.0,Yahoo Finance,2026-09-21T04:37:35+00:00,2025-12-18
2025-06-10,XLF,50.108001708984375,27728600.0,Yahoo Finance,2026-09-21T04:37:35+00:00,2025-12-18
2025-06-11,XLF,50.04911422729492,39368400.0,Yahoo Finance,2026-09-21T04:37:35+00:00,2025-12-18
2025-06-12,XLF,50.04911422729492,25500900.0,Yahoo Finance,2026-09-21T04:37:35+00:00,2025-12-18
2025-06-13,XLF,49.028507232666016,54921900.0,Yahoo Finance,2026-09-21T04:37:35+00:00,2025-12-18
2025-06-16,XLF,49.58787536621094,35632400.0,Yahoo Finance,2026-09-21T04:37:35+00:00,2025-12-18
2025-06-17,XLF,49.30328369140625,31130700.0,Yahoo Finance,2026-09-21T04:37:35+00:00,2025-12-18
2025-06-18,XLF,49.28366470336914,45728200.0,Yahoo Finance,2026-09-21T04:37:35+00:00,2025-12-18
2025-06-20,XLF,49.421051025390625,44456100.0,Yahoo Finance,2026-09-21T04:37:35+00:00,2025-12-18
2025-06-23,XLF,50.04338836669922,43022700.0,Yahoo Finance,2026-09-21T04:37:35+00:00,2025-12-18
2025-06-24,XLF,50.79178237915039,41225000.0,Yahoo Finance,2026-09-21T04:37:35+00:00,2025-12-18
2025-06-25,XLF,50.62437057495117,33123900.0,Yahoo Finance,2026-09-21T04:37:35+00:00,2025-12-18
2025-06-26,XLF,50.99856948852539,37866000.0,Yahoo Finance,2026-09-21T04:37:35+00:00,2025-12-18
2025-06-27,XLF,51.14627456665039,38954100.0,Yahoo Finance,2026-09-21T04:37:35+00:00,2025-12-18
2025-06-30,XLF,51.5697021484375,42472900.0,Yahoo Finance,2026-09-21T04:37:35+00:00,2025-12-18
2025-07-01,XLF,51.85527038574219,33844800.0,Yahoo Finance,2026-09-21T04:37:35+00:00,2025-12-18
2025-07-02,XLF,51.81588363647461,40791100.0,Yahoo Finance,2026-09-21T04:37:35+00:00,2025-12-18
2025-07-03,XLF,52.377174377441406,25904800.0,Yahoo Finance,2026-09-21T04:37:35+00:00,2025-12-18
2025-07-07,XLF,51.87496566772461,34049000.0,Yahoo Finance,2026-09-21T04:37:35+00:00,2025-12-18
2025-07-08,XLF,51.41215133666992,53715000.0,Yahoo Finance,2026-09-21T04:37:35+00:00,2025-12-18
2025-07-09,XLF,51.599246978759766,36634900.0,Yahoo Finance,2026-09-21T04:37:35+00:00,2025-12-18
2025-07-10,XLF,51.904510498046875,27992600.0,Yahoo Finance,2026-09-21T04:37:35+00:00,2025-12-18
2025-07-11,XLF,51.362911224365234,30289900.0,Yahoo Finance,2026-09-21T04:37:35+00:00,2025-12-18
2025-07-14,XLF,51.74695587158203,27636500.0,Yahoo Finance,2026-09-21T04:37:35+00:00,2025-12-18
2025-07-15,XLF,50.86071014404297,47704600.0,Yahoo Finance,2026-09-21T04:37:35+00:00,2025-12-18
2025-07-16,XLF,51.215206146240234,46726500.0,Yahoo Finance,2026-09-21T04:37:35+00:00,2025-12-18
2025-07-17,XLF,51.70756530761719,48213900.0,Yahoo Finance,2026-09-21T04:37:35+00:00,2025-12-18
2025-07-18,XLF,51.73711013793945,29791300.0,Yahoo Finance,2026-09-21T04:37:35+00:00,2025-12-18
2025-07-21,XLF,51.58940124511719,36871400.0,Yahoo Finance,2026-09-21T04:37:35+00:00,2025-12-18
2025-07-22,XLF,51.87496566772461,32289100.0,Yahoo Finance,2026-09-21T04:37:35+00:00,2025-12-18
2025-07-23,XLF,52.28854751586914,32111300.0,Yahoo Finance,2026-09-21T04:37:35+00:00,2025-12-18
2025-07-24,XLF,52.25900650024414,32371900.0,Yahoo Finance,2026-09-21T04:37:35+00:00,2025-12-18
2025-07-25,XLF,52.62335205078125,28964700.0,Yahoo Finance,2026-09-21T04:37:35+00:00,2025-12-18
2025-07-28,XLF,52.25900650024414,29119300.0,Yahoo Finance,2026-09-21T04:37:35+00:00,2025-12-18
2025-07-29,XLF,51.99313735961914,37883200.0,Yahoo Finance,2026-09-21T04:37:35+00:00,2025-12-18
2025-07-30,XLF,51.89466094970703,37260100.0,Yahoo Finance,2026-09-21T04:37:35+00:00,2025-12-18
2025-07-31,XLF,51.5697021484375,46179400.0,Yahoo Finance,2026-09-21T04:37:35+00:00,2025-12-18
2025-08-01,XLF,50.614532470703125,63060800.0,Yahoo Finance,2026-09-21T04:37:35+00:00,2025-12-18
2025-08-04,XLF,51.116729736328125,40053100.0,Yahoo Finance,2026-09-21T04:37:35+00:00,2025-12-18
2025-08-05,XLF,50.90994644165039,33551000.0,Yahoo Finance,2026-09-21T04:37:35+00:00,2025-12-18
2025-08-06,XLF,51.156124114990234,34198700.0,Yahoo Finance,2026-09-21T04:37:35+00:00,2025-12-18
2025-08-07,XLF,50.584983825683594,43119400.0,Yahoo Finance,2026-09-21T04:37:35+00:00,2025-12-18
2025-08-08,XLF,51.057655334472656,39484400.0,Yahoo Finance,2026-09-21T04:37:35+00:00,2025-12-18
2025-08-11,XLF,51.037960052490234,29351200.0,Yahoo Finance,2026-09-21T04:37:35+00:00,2025-12-18
2025-08-12,XLF,51.658329010009766,37510000.0,Yahoo Finance,2026-09-21T04:37:35+00:00,2025-12-18
2025-08-13,XLF,51.9537467956543,41154900.0,Yahoo Finance,2026-09-21T04:37:35+00:00,2025-12-18
2025-08-14,XLF,52.19992446899414,35841500.0,Yahoo Finance,2026-09-21T04:37:35+00:00,2025-12-18
2025-08-15,XLF,51.658329010009766,46108500.0,Yahoo Finance,2026-09-21T04:37:35+00:00,2025-12-18
2025-08-18,XLF,51.697715759277344,25405100.0,Yahoo Finance,2026-09-21T04:37:35+00:00,2025-12-18
2025-08-19,XLF,51.79618835449219,24870800.0,Yahoo Finance,2026-09-21T04:37:35+00:00,2025-12-18
2025-08-20,XLF,52.06206130981445,39138800.0,Yahoo Finance,2026-09-21T04:37:35+00:00,2025-12-18
2025-08-21,XLF,51.89466094970703,29037000.0,Yahoo Finance,2026-09-21T04:37:35+00:00,2025-12-18
2025-08-22,XLF,52.75136947631836,47249800.0,Yahoo Finance,2026-09-21T04:37:35+00:00,2025-12-18
2025-08-25,XLF,52.446102142333984,24756500.0,Yahoo Finance,2026-09-21T04:37:35+00:00,2025-12-18
2025-08-26,XLF,52.84983825683594,27907000.0,Yahoo Finance,2026-09-21T04:37:35+00:00,2025-12-18
2025-08-27,XLF,52.958152770996094,39530100.0,Yahoo Finance,2026-09-21T04:37:35+00:00,2025-12-18
2025-08-28,XLF,53.02708435058594,28837300.0,Yahoo Finance,2026-09-21T04:37:35+00:00,2025-12-18
2025-08-29,XLF,53.164947509765625,36062400.0,Yahoo Finance,2026-09-21T04:37:35+00:00,2025-12-18
2025-09-02,XLF,52.771060943603516,38733100.0,Yahoo Finance,2026-09-21T04:37:35+00:00,2025-12-18
2025-09-03,XLF,52.68244171142578,36420100.0,Yahoo Finance,2026-09-21T04:37:35+00:00,2025-12-18
2025-09-04,XLF,53.23387908935547,32730000.0,Yahoo Finance,2026-09-21T04:37:35+00:00,2025-12-18
2025-09-05,XLF,52.25900650024414,58377100.0,Yahoo Finance,2026-09-21T04:37:35+00:00,2025-12-18
2025-09-08,XLF,52.29839324951172,49490900.0,Yahoo Finance,2026-09-21T04:37:35+00:00,2025-12-18
2025-09-09,XLF,52.52488327026367,38884500.0,Yahoo Finance,2026-09-21T04:37:35+00:00,2025-12-18
2025-09-10,XLF,52.347633361816406,32915900.0,Yahoo Finance,2026-09-21T04:37:35+00:00,2025-12-18
2025-09-11,XLF,53.2043342590332,36635400.0,Yahoo Finance,2026-09-21T04:37:35+00:00,2025-12-18
2025-09-12,XLF,52.977848052978516,25705900.0,Yahoo Finance,2026-09-21T04:37:35+00:00,2025-12-18
2025-09-15,XLF,52.85968780517578,31922000.0,Yahoo Finance,2026-09-21T04:37:35+00:00,2025-12-18
2025-09-16,XLF,52.741519927978516,28482500.0,Yahoo Finance,2026-09-21T04:37:35+00:00,2025-12-18
2025-09-17,XLF,53.25357437133789,47976100.0,Yahoo Finance,2026-09-21T04:37:35+00:00,2025-12-18
2025-09-18,XLF,53.30281448364258,36609100.0,Yahoo Finance,2026-09-21T04:37:35+00:00,2025-12-18
2025-09-19,XLF,53.42097473144531,46731400.0,Yahoo Finance,2026-09-21T04:37:35+00:00,2025-12-18
2025-09-22,XLF,53.3498420715332,32393000.0,Yahoo Finance,2026-09-21T04:37:35+00:00,2025-12-18
2025-09-23,XLF,53.112728118896484,28698900.0,Yahoo Finance,2026-09-21T04:37:35+00:00,2025-12-18
2025-09-24,XLF,52.964542388916016,23893400.0,Yahoo Finance,2026-09-21T04:37:35+00:00,2025-12-18
2025-09-25,XLF,52.826229095458984,24757500.0,Yahoo Finance,2026-09-21T04:37:35+00:00,2025-12-18
2025-09-26,XLF,53.21152877807617,30686100.0,Yahoo Finance,2026-09-21T04:37:35+00:00,2025-12-18
2025-09-29,XLF,53.47827911376953,20713800.0,Yahoo Finance,2026-09-21T04:37:35+00:00,2025-12-18
2025-09-30,XLF,53.22140884399414,32442200.0,Yahoo Finance,2026-09-21T04:37:35+00:00,2025-12-18
2025-10-01,XLF,52.74718475341797,33210100.0,Yahoo Finance,2026-09-21T04:37:35+00:00,2025-12-18
2025-10-02,XLF,52.70766830444336,32443400.0,Yahoo Finance,2026-09-21T04:37:35+00:00,2025-12-18
2025-10-03,XLF,53.073219299316406,32111600.0,Yahoo Finance,2026-09-21T04:37:35+00:00,2025-12-18
2025-10-06,XLF,53.0534553527832,32001300.0,Yahoo Finance,2026-09-21T04:37:35+00:00,2025-12-18
2025-10-07,XLF,53.12261199951172,31250500.0,Yahoo Finance,2026-09-21T04:37:35+00:00,2025-12-18
2025-10-08,XLF,52.86573791503906,26848700.0,Yahoo Finance,2026-09-21T04:37:35+00:00,2025-12-18
2025-10-09,XLF,52.67803192138672,33922400.0,Yahoo Finance,2026-09-21T04:37:35+00:00,2025-12-18
2025-10-10,XLF,51.53199768066406,73596200.0,Yahoo Finance,2026-09-21T04:37:35+00:00,2025-12-18
2025-10-13,XLF,52.02597427368164,39651900.0,Yahoo Finance,2026-09-21T04:37:35+00:00,2025-12-18
2025-10-14,XLF,52.598995208740234,62588700.0,Yahoo Finance,2026-09-21T04:37:35+00:00,2025-12-18
2025-10-15,XLF,52.598995208740234,39526600.0,Yahoo Finance,2026-09-21T04:37:35+00:00,2025-12-18
2025-10-16,XLF,51.136810302734375,85420100.0,Yahoo Finance,2026-09-21T04:37:35+00:00,2025-12-18
2025-10-17,XLF,51.551753997802734,52288900.0,Yahoo Finance,2026-09-21T04:37:35+00:00,2025-12-18
2025-10-20,XLF,52.1544075012207,39479600.0,Yahoo Finance,2026-09-21T04:37:35+00:00,2025-12-18
2025-10-21,XLF,52.09513473510742,31213600.0,Yahoo Finance,2026-09-21T04:37:35+00:00,2025-12-18
2025-10-22,XLF,51.798744201660156,53727500.0,Yahoo Finance,2026-09-21T04:37:35+00:00,2025-12-18
2025-10-23,XLF,51.90742111206055,29483700.0,Yahoo Finance,2026-09-21T04:37:35+00:00,2025-12-18
2025-10-24,XLF,52.470558166503906,31947800.0,Yahoo Finance,2026-09-21T04:37:35+00:00,2025-12-18
2025-10-27,XLF,52.68791198730469,27154100.0,Yahoo Finance,2026-09-21T04:37:35+00:00,2025-12-18
2025-10-28,XLF,52.35200500488281,33648000.0,Yahoo Finance,2026-09-21T04:37:35+00:00,2025-12-18
2025-10-29,XLF,51.46284103393555,61846300.0,Yahoo Finance,2026-09-21T04:37:35+00:00,2025-12-18
2025-10-30,XLF,51.60115432739258,48568700.0,Yahoo Finance,2026-09-21T04:37:35+00:00,2025-12-18
2025-10-31,XLF,51.739463806152344,40425800.0,Yahoo Finance,2026-09-21T04:37:35+00:00,2025-12-18
2025-11-03,XLF,51.522117614746094,38693200.0,Yahoo Finance,2026-09-21T04:37:35+00:00,2025-12-18
2025-11-04,XLF,51.78886032104492,44675200.0,Yahoo Finance,2026-09-21T04:37:35+00:00,2025-12-18
2025-11-05,XLF,51.966697692871094,38036300.0,Yahoo Finance,2026-09-21T04:37:35+00:00,2025-12-18
2025-11-06,XLF,51.778987884521484,42625700.0,Yahoo Finance,2026-09-21T04:37:35+00:00,2025-12-18
2025-11-07,XLF,52.14453125,46218700.0,Yahoo Finance,2026-09-21T04:37:35+00:00,2025-12-18
2025-11-10,XLF,52.332244873046875,42010600.0,Yahoo Finance,2026-09-21T04:37:35+00:00,2025-12-18
2025-11-11,XLF,52.56935119628906,29995800.0,Yahoo Finance,2026-09-21T04:37:35+00:00,2025-12-18
2025-11-12,XLF,53.0238151550293,46052700.0,Yahoo Finance,2026-09-21T04:37:35+00:00,2025-12-18
2025-11-13,XLF,52.342124938964844,50455300.0,Yahoo Finance,2026-09-21T04:37:35+00:00,2025-12-18
2025-11-14,XLF,51.818504333496094,46154600.0,Yahoo Finance,2026-09-21T04:37:35+00:00,2025-12-18
2025-11-17,XLF,50.83054733276367,70048500.0,Yahoo Finance,2026-09-21T04:37:35+00:00,2025-12-18
2025-11-18,XLF,50.75150680541992,66043600.0,Yahoo Finance,2026-09-21T04:37:35+00:00,2025-12-18
2025-11-19,XLF,50.9392204284668,46003900.0,Yahoo Finance,2026-09-21T04:37:35+00:00,2025-12-18
2025-11-20,XLF,50.4946403503418,70096400.0,Yahoo Finance,2026-09-21T04:37:35+00:00,2025-12-18
2025-11-21,XLF,51.04789733886719,68942900.0,Yahoo Finance,2026-09-21T04:37:35+00:00,2025-12-18
2025-11-24,XLF,51.2652473449707,43789100.0,Yahoo Finance,2026-09-21T04:37:35+00:00,2025-12-18
2025-11-25,XLF,51.90742111206055,50989800.0,Yahoo Finance,2026-09-21T04:37:35+00:00,2025-12-18
2025-11-26,XLF,52.31248474121094,35268500.0,Yahoo Finance,2026-09-21T04:37:35+00:00,2025-12-18
2025-11-28,XLF,52.68791198730469,16136100.0,Yahoo Finance,2026-09-21T04:37:35+00:00,2025-12-18
2025-12-01,XLF,52.25320816040039,29296300.0,Yahoo Finance,2026-09-21T04:37:35+00:00,2025-12-18
2025-12-02,XLF,52.20380783081055,29771500.0,Yahoo Finance,2026-09-21T04:37:35+00:00,2025-12-18
2025-12-03,XLF,52.9052619934082,32018000.0,Yahoo Finance,2026-09-21T04:37:35+00:00,2025-12-18
2025-12-04,XLF,53.01393508911133,33678700.0,Yahoo Finance,2026-09-21T04:37:35+00:00,2025-12-18
2025-12-05,XLF,53.033695220947266,28532300.0,Yahoo Finance,2026-09-21T04:37:35+00:00,2025-12-18
2025-12-08,XLF,52.83610153198242,31164200.0,Yahoo Finance,2026-09-21T04:37:35+00:00,2025-12-18
2025-12-09,XLF,52.638511657714844,46335400.0,Yahoo Finance,2026-09-21T04:37:35+00:00,2025-12-18
2025-12-10,XLF,53.24116897583008,45437500.0,Yahoo Finance,2026-09-21T04:37:35+00:00,2025-12-18
2025-12-11,XLF,54.20936584472656,51786500.0,Yahoo Finance,2026-09-21T04:37:35+00:00,2025-12-18
2025-12-12,XLF,54.28840637207031,64428900.0,Yahoo Finance,2026-09-21T04:37:35+00:00,2025-12-18
2025-12-15,XLF,54.32792663574219,35356800.0,Yahoo Finance,2026-09-21T04:37:35+00:00,2025-12-18
2025-12-16,XLF,53.98213577270508,37342300.0,Yahoo Finance,2026-09-21T04:37:35+00:00,2025-12-18
2025-12-17,XLF,53.972259521484375,41112400.0,Yahoo Finance,2026-09-21T04:37:35+00:00,2025-12-18
2025-12-18,XLF,53.88334274291992,35021600.0,Yahoo Finance,2026-09-21T04:37:35+00:00,2025-12-18
2024-11-13,XLI,138.89602661132812,6033400.0,Yahoo Finance,2026-09-21T04:37:35+00:00,2025-12-18
2024-11-14,XLI,136.5528106689453,9977100.0,Yahoo Finance,2026-09-21T04:37:35+00:00,2025-12-18
2024-11-15,XLI,135.82054138183594,6628500.0,Yahoo Finance,2026-09-21T04:37:35+00:00,2025-12-18
2024-11-18,XLI,135.63502502441406,6414200.0,Yahoo Finance,2026-09-21T04:37:35+00:00,2025-12-18
2024-11-19,XLI,135.51785278320312,5554700.0,Yahoo Finance,2026-09-21T04:37:35+00:00,2025-12-18
2024-11-20,XLI,135.66429138183594,6527600.0,Yahoo Finance,2026-09-21T04:37:35+00:00,2025-12-18
2024-11-21,XLI,137.3631591796875,9677300.0,Yahoo Finance,2026-09-21T04:37:35+00:00,2025-12-18
2024-11-22,XLI,139.27682495117188,7924300.0,Yahoo Finance,2026-09-21T04:37:35+00:00,2025-12-18
2024-11-25,XLI,140.14576721191406,7411700.0,Yahoo Finance,2026-09-21T04:37:35+00:00,2025-12-18
2024-11-26,XLI,140.311767578125,6524900.0,Yahoo Finance,2026-09-21T04:37:35+00:00,2025-12-18
2024-11-27,XLI,139.79425048828125,5561100.0,Yahoo Finance,2026-09-21T04:37:35+00:00,2025-12-18
2024-11-29,XLI,140.5851287841797,3091500.0,Yahoo Finance,2026-09-21T04:37:35+00:00,2025-12-18
2024-12-02,XLI,139.55018615722656,6217500.0,Yahoo Finance,2026-09-21T04:37:35+00:00,2025-12-18
2024-12-03,XLI,138.67147827148438,4528000.0,Yahoo Finance,2026-09-21T04:37:35+00:00,2025-12-18
2024-12-04,XLI,139.27682495117188,5727700.0,Yahoo Finance,2026-09-21T04:37:35+00:00,2025-12-18
2024-12-05,XLI,137.58770751953125,5233900.0,Yahoo Finance,2026-09-21T04:37:35+00:00,2025-12-18
2024-12-06,XLI,137.23623657226562,5432800.0,Yahoo Finance,2026-09-21T04:37:35+00:00,2025-12-18
2024-12-09,XLI,136.0450897216797,7434200.0,Yahoo Finance,2026-09-21T04:37:35+00:00,2025-12-18
2024-12-10,XLI,135.71311950683594,7382800.0,Yahoo Finance,2026-09-21T04:37:35+00:00,2025-12-18
2024-12-11,XLI,135.40069580078125,6168900.0,Yahoo Finance,2026-09-21T04:37:35+00:00,2025-12-18
2024-12-12,XLI,134.53173828125,7081600.0,Yahoo Finance,2026-09-21T04:37:35+00:00,2025-12-18
2024-12-13,XLI,134.18023681640625,6709900.0,Yahoo Finance,2026-09-21T04:37:35+00:00,2025-12-18
2024-12-16,XLI,134.29739379882812,6573400.0,Yahoo Finance,2026-09-21T04:37:35+00:00,2025-12-18
2024-12-17,XLI,133.06719970703125,6861700.0,Yahoo Finance,2026-09-21T04:37:35+00:00,2025-12-18
2024-12-18,XLI,129.30825805664062,13428100.0,Yahoo Finance,2026-09-21T04:37:35+00:00,2025-12-18
2024-12-19,XLI,129.14227294921875,12507400.0,Yahoo Finance,2026-09-21T04:37:35+00:00,2025-12-18
2024-12-20,XLI,130.65560913085938,11849600.0,Yahoo Finance,2026-09-21T04:37:35+00:00,2025-12-18
2024-12-23,XLI,130.6261749267578,8022300.0,Yahoo Finance,2026-09-21T04:37:35+00:00,2025-12-18
2024-12-24,XLI,131.64669799804688,2972900.0,Yahoo Finance,2026-09-21T04:37:35+00:00,2025-12-18
2024-12-26,XLI,131.74481201171875,4749500.0,Yahoo Finance,2026-09-21T04:37:35+00:00,2025-12-18
2024-12-27,XLI,130.76353454589844,6060000.0,Yahoo Finance,2026-09-21T04:37:35+00:00,2025-12-18
2024-12-30,XLI,129.4486541748047,8725500.0,Yahoo Finance,2026-09-21T04:37:35+00:00,2025-12-18
2024-12-31,XLI,129.29165649414062,6009800.0,Yahoo Finance,2026-09-21T04:37:35+00:00,2025-12-18
2025-01-02,XLI,128.8402862548828,7227600.0,Yahoo Finance,2026-09-21T04:37:35+00:00,2025-12-18
2025-01-03,XLI,130.23365783691406,7676100.0,Yahoo Finance,2026-09-21T04:37:35+00:00,2025-12-18
2025-01-06,XLI,129.9490966796875,6899500.0,Yahoo Finance,2026-09-21T04:37:35+00:00,2025-12-18
2025-01-07,XLI,129.82151794433594,6841200.0,Yahoo Finance,2026-09-21T04:37:35+00:00,2025-12-18
2025-01-08,XLI,130.331787109375,8277600.0,Yahoo Finance,2026-09-21T04:37:35+00:00,2025-12-18
2025-01-10,XLI,128.86972045898438,9997300.0,Yahoo Finance,2026-09-21T04:37:35+00:00,2025-12-18
2025-01-13,XLI,130.380859375,8365400.0,Yahoo Finance,2026-09-21T04:37:35+00:00,2025-12-18
2025-01-14,XLI,131.9214324951172,6746700.0,Yahoo Finance,2026-09-21T04:37:35+00:00,2025-12-18
2025-01-15,XLI,132.75550842285156,9184200.0,Yahoo Finance,2026-09-21T04:37:35+00:00,2025-12-18
2025-01-16,XLI,134.3647918701172,6556500.0,Yahoo Finance,2026-09-21T04:37:35+00:00,2025-12-18
2025-01-17,XLI,135.16943359375,6869200.0,Yahoo Finance,2026-09-21T04:37:35+00:00,2025-12-18
2025-01-21,XLI,137.94642639160156,12177700.0,Yahoo Finance,2026-09-21T04:37:35+00:00,2025-12-18
2025-01-22,XLI,137.62257385253906,7206000.0,Yahoo Finance,2026-09-21T04:37:35+00:00,2025-12-18
2025-01-23,XLI,139.01600646972656,7353400.0,Yahoo Finance,2026-09-21T04:37:35+00:00,2025-12-18
2025-01-24,XLI,138.42726135253906,6457700.0,Yahoo Finance,2026-09-21T04:37:35+00:00,2025-12-18
2025-01-27,XLI,136.5726318359375,10909300.0,Yahoo Finance,2026-09-21T04:37:35+00:00,2025-12-18
2025-01-28,XLI,135.6698760986328,8900000.0,Yahoo Finance,2026-09-21T04:37:35+00:00,2025-12-18
2025-01-29,XLI,135.2086944580078,9100900.0,Yahoo Finance,2026-09-21T04:37:35+00:00,2025-12-18
2025-01-30,XLI,136.71981811523438,8169600.0,Yahoo Finance,2026-09-21T04:37:35+00:00,2025-12-18
2025-01-31,XLI,135.75819396972656,10144700.0,Yahoo Finance,2026-09-21T04:37:35+00:00,2025-12-18
2025-02-03,XLI,134.4138641357422,13906700.0,Yahoo Finance,2026-09-21T04:37:35+00:00,2025-12-18
2025-02-04,XLI,134.453125,7577200.0,Yahoo Finance,2026-09-21T04:37:35+00:00,2025-12-18
2025-02-05,XLI,134.55123901367188,8179200.0,Yahoo Finance,2026-09-21T04:37:35+00:00,2025-12-18
2025-02-06,XLI,135.1596221923828,7368300.0,Yahoo Finance,2026-09-21T04:37:35+00:00,2025-12-18
2025-02-07,XLI,134.75732421875,10408900.0,Yahoo Finance,2026-09-21T04:37:35+00:00,2025-12-18
2025-02-10,XLI,135.96426391601562,5446400.0,Yahoo Finance,2026-09-21T04:37:35+00:00,2025-12-18
2025-02-11,XLI,136.01333618164062,5787700.0,Yahoo Finance,2026-09-21T04:37:35+00:00,2025-12-18
2025-02-12,XLI,135.16943359375,7694300.0,Yahoo Finance,2026-09-21T04:37:35+00:00,2025-12-18
2025-02-13,XLI,135.3068084716797,8539100.0,Yahoo Finance,2026-09-21T04:37:35+00:00,2025-12-18
2025-02-14,XLI,134.97320556640625,5800000.0,Yahoo Finance,2026-09-21T04:37:35+00:00,2025-12-18
2025-02-18,XLI,136.032958984375,7226600.0,Yahoo Finance,2026-09-21T04:37:35+00:00,2025-12-18
2025-02-19,XLI,136.17034912109375,9454100.0,Yahoo Finance,2026-09-21T04:37:35+00:00,2025-12-18
2025-02-20,XLI,135.27737426757812,9306700.0,Yahoo Finance,2026-09-21T04:37:35+00:00,2025-12-18
2025-02-21,XLI,132.31394958496094,14561200.0,Yahoo Finance,2026-09-21T04:37:35+00:00,2025-12-18
2025-02-24,XLI,131.71536254882812,10876100.0,Yahoo Finance,2026-09-21T04:37:35+00:00,2025-12-18
2025-02-25,XLI,132.3924560546875,9898500.0,Yahoo Finance,2026-09-21T04:37:35+00:00,2025-12-18
2025-02-26,XLI,132.47096252441406,8330400.0,Yahoo Finance,2026-09-21T04:37:35+00:00,2025-12-18
2025-02-27,XLI,132.00975036621094,9624600.0,Yahoo Finance,2026-09-21T04:37:35+00:00,2025-12-18
2025-02-28,XLI,133.77603149414062,9888000.0,Yahoo Finance,2026-09-21T04:37:35+00:00,2025-12-18
2025-03-03,XLI,131.8723907470703,12683000.0,Yahoo Finance,2026-09-21T04:37:35+00:00,2025-12-18
2025-03-04,XLI,129.3014678955078,15191300.0,Yahoo Finance,2026-09-21T04:37:35+00:00,2025-12-18
2025-03-05,XLI,131.34251403808594,12117600.0,Yahoo Finance,2026-09-21T04:37:35+00:00,2025-12-18
2025-03-06,XLI,130.21401977539062,12029100.0,Yahoo Finance,2026-09-21T04:37:35+00:00,2025-12-18
2025-03-07,XLI,131.73500061035156,17504500.0,Yahoo Finance,2026-09-21T04:37:35+00:00,2025-12-18
2025-03-10,XLI,129.67434692382812,15123900.0,Yahoo Finance,2026-09-21T04:37:35+00:00,2025-12-18
2025-03-11,XLI,127.68238830566406,13176800.0,Yahoo Finance,2026-09-21T04:37:35+00:00,2025-12-18
2025-03-12,XLI,127.67256164550781,12728100.0,Yahoo Finance,2026-09-21T04:37:35+00:00,2025-12-18
2025-03-13,XLI,126.36747741699219,10596900.0,Yahoo Finance,2026-09-21T04:37:35+00:00,2025-12-18
2025-03-14,XLI,128.67347717285156,8920000.0,Yahoo Finance,2026-09-21T04:37:35+00:00,2025-12-18
2025-03-17,XLI,130.4495391845703,6918300.0,Yahoo Finance,2026-09-21T04:37:35+00:00,2025-12-18
2025-03-18,XLI,129.40940856933594,8051800.0,Yahoo Finance,2026-09-21T04:37:35+00:00,2025-12-18
2025-03-19,XLI,131.12661743164062,8274900.0,Yahoo Finance,2026-09-21T04:37:35+00:00,2025-12-18
2025-03-20,XLI,130.46917724609375,8078300.0,Yahoo Finance,2026-09-21T04:37:35+00:00,2025-12-18
2025-03-21,XLI,129.77247619628906,10036500.0,Yahoo Finance,2026-09-21T04:37:35+00:00,2025-12-18
2025-03-24,XLI,132.17901611328125,8446800.0,Yahoo Finance,2026-09-21T04:37:35+00:00,2025-12-18
2025-03-25,XLI,132.3759002685547,5337100.0,Yahoo Finance,2026-09-21T04:37:35+00:00,2025-12-18
2025-03-26,XLI,131.49989318847656,6899300.0,Yahoo Finance,2026-09-21T04:37:35+00:00,2025-12-18
2025-03-27,XLI,130.80104064941406,8414000.0,Yahoo Finance,2026-09-21T04:37:35+00:00,2025-12-18
2025-03-28,XLI,128.10411071777344,10196800.0,Yahoo Finance,2026-09-21T04:37:35+00:00,2025-12-18
2025-03-31,XLI,129.0096435546875,9650200.0,Yahoo Finance,2026-09-21T04:37:35+00:00,2025-12-18
2025-04-01,XLI,129.73800659179688,8722200.0,Yahoo Finance,2026-09-21T04:37:35+00:00,2025-12-18
2025-04-02,XLI,130.9585418701172,6398000.0,Yahoo Finance,2026-09-21T04:37:35+00:00,2025-12-18
2025-04-03,XLI,123.87171173095703,15962200.0,Yahoo Finance,2026-09-21T04:37:35+00:00,2025-12-18
2025-04-04,XLI,116.0860595703125,28516400.0,Yahoo Finance,2026-09-21T04:37:35+00:00,2025-12-18
2025-04-07,XLI,115.54469299316406,42518300.0,Yahoo Finance,2026-09-21T04:37:35+00:00,2025-12-18
2025-04-08,XLI,114.58995056152344,21272000.0,Yahoo Finance,2026-09-21T04:37:35+00:00,2025-12-18
2025-04-09,XLI,124.76741027832031,36610700.0,Yahoo Finance,2026-09-21T04:37:35+00:00,2025-12-18
2025-04-10,XLI,121.5488052368164,26234000.0,Yahoo Finance,2026-09-21T04:37:35+00:00,2025-12-18
2025-04-11,XLI,123.69453430175781,13750300.0,Yahoo Finance,2026-09-21T04:37:35+00:00,2025-12-18
2025-04-14,XLI,124.98395538330078,8060500.0,Yahoo Finance,2026-09-21T04:37:35+00:00,2025-12-18
2025-04-15,XLI,124.36385345458984,6230200.0,Yahoo Finance,2026-09-21T04:37:35+00:00,2025-12-18
2025-04-16,XLI,122.66104125976562,8043500.0,Yahoo Finance,2026-09-21T04:37:35+00:00,2025-12-18
2025-04-17,XLI,123.33036041259766,7850400.0,Yahoo Finance,2026-09-21T04:37:35+00:00,2025-12-18
2025-04-21,XLI,120.56452941894531,9083500.0,Yahoo Finance,2026-09-21T04:37:35+00:00,2025-12-18
2025-04-22,XLI,122.67088317871094,7493200.0,Yahoo Finance,2026-09-21T04:37:35+00:00,2025-12-18
2025-04-23,XLI,124.20635986328125,9718300.0,Yahoo Finance,2026-09-21T04:37:35+00:00,2025-12-18
2025-04-24,XLI,126.99188232421875,7145400.0,Yahoo Finance,2026-09-21T04:37:35+00:00,2025-12-18
2025-04-25,XLI,126.98204040527344,5826900.0,Yahoo Finance,2026-09-21T04:37:35+00:00,2025-12-18
2025-04-28,XLI,127.40528869628906,6202200.0,Yahoo Finance,2026-09-21T04:37:35+00:00,2025-12-18
2025-04-29,XLI,128.2320556640625,5040600.0,Yahoo Finance,2026-09-21T04:37:35+00:00,2025-12-18
2025-04-30,XLI,129.1573028564453,7532300.0,Yahoo Finance,2026-09-21T04:37:35+00:00,2025-12-18
2025-05-01,XLI,130.13172912597656,9338700.0,Yahoo Finance,2026-09-21T04:37:35+00:00,2025-12-18
2025-05-02,XLI,132.4644775390625,7227600.0,Yahoo Finance,2026-09-21T04:37:35+00:00,2025-12-18
2025-05-05,XLI,132.5333709716797,4523400.0,Yahoo Finance,2026-09-21T04:37:35+00:00,2025-12-18
2025-05-06,XLI,131.37193298339844,5404100.0,Yahoo Finance,2026-09-21T04:37:35+00:00,2025-12-18
2025-05-07,XLI,132.04122924804688,5304600.0,Yahoo Finance,2026-09-21T04:37:35+00:00,2025-12-18
2025-05-08,XLI,133.86215209960938,7914800.0,Yahoo Finance,2026-09-21T04:37:35+00:00,2025-12-18
2025-05-09,XLI,133.97042846679688,4541200.0,Yahoo Finance,2026-09-21T04:37:35+00:00,2025-12-18
2025-05-12,XLI,138.0945587158203,8321800.0,Yahoo Finance,2026-09-21T04:37:35+00:00,2025-12-18
2025-05-13,XLI,139.0591583251953,9795200.0,Yahoo Finance,2026-09-21T04:37:35+00:00,2025-12-18
2025-05-14,XLI,138.38986206054688,6517700.0,Yahoo Finance,2026-09-21T04:37:35+00:00,2025-12-18
2025-05-15,XLI,139.9253387451172,5761900.0,Yahoo Finance,2026-09-21T04:37:35+00:00,2025-12-18
2025-05-16,XLI,141.5198516845703,5384200.0,Yahoo Finance,2026-09-21T04:37:35+00:00,2025-12-18
2025-05-19,XLI,142.00216674804688,5459200.0,Yahoo Finance,2026-09-21T04:37:35+00:00,2025-12-18
2025-05-20,XLI,141.49034118652344,6825700.0,Yahoo Finance,2026-09-21T04:37:35+00:00,2025-12-18
2025-05-21,XLI,139.09854125976562,9600200.0,Yahoo Finance,2026-09-21T04:37:35+00:00,2025-12-18
2025-05-22,XLI,139.06900024414062,8993200.0,Yahoo Finance,2026-09-21T04:37:35+00:00,2025-12-18
2025-05-23,XLI,138.61622619628906,8233100.0,Yahoo Finance,2026-09-21T04:37:35+00:00,2025-12-18
2025-05-27,XLI,141.0572509765625,11862100.0,Yahoo Finance,2026-09-21T04:37:35+00:00,2025-12-18
2025-05-28,XLI,140.3583984375,9058300.0,Yahoo Finance,2026-09-21T04:37:35+00:00,2025-12-18
2025-05-29,XLI,140.48634338378906,12106600.0,Yahoo Finance,2026-09-21T04:37:35+00:00,2025-12-18
2025-05-30,XLI,140.574951171875,14254700.0,Yahoo Finance,2026-09-21T04:37:35+00:00,2025-12-18
2025-06-02,XLI,140.39779663085938,12641300.0,Yahoo Finance,2026-09-21T04:37:35+00:00,2025-12-18
2025-06-03,XLI,141.48049926757812,10896800.0,Yahoo Finance,2026-09-21T04:37:35+00:00,2025-12-18
2025-06-04,XLI,141.55923461914062,7975800.0,Yahoo Finance,2026-09-21T04:37:35+00:00,2025-12-18
2025-06-05,XLI,141.4608154296875,13814300.0,Yahoo Finance,2026-09-21T04:37:35+00:00,2025-12-18
2025-06-06,XLI,142.6517791748047,11289200.0,Yahoo Finance,2026-09-21T04:37:35+00:00,2025-12-18
2025-06-09,XLI,142.52383422851562,9162800.0,Yahoo Finance,2026-09-21T04:37:35+00:00,2025-12-18
2025-06-10,XLI,141.90371704101562,15625600.0,Yahoo Finance,2026-09-21T04:37:35+00:00,2025-12-18
2025-06-11,XLI,141.97264099121094,15837000.0,Yahoo Finance,2026-09-21T04:37:35+00:00,2025-12-18
2025-06-12,XLI,141.59860229492188,13097400.0,Yahoo Finance,2026-09-21T04:37:35+00:00,2025-12-18
2025-06-13,XLI,140.40762329101562,14060500.0,Yahoo Finance,2026-09-21T04:37:35+00:00,2025-12-18
2025-06-16,XLI,141.37222290039062,13711000.0,Yahoo Finance,2026-09-21T04:37:35+00:00,2025-12-18
2025-06-17,XLI,140.30918884277344,12654200.0,Yahoo Finance,2026-09-21T04:37:35+00:00,2025-12-18
2025-06-18,XLI,139.9745330810547,14008800.0,Yahoo Finance,2026-09-21T04:37:35+00:00,2025-12-18
2025-06-20,XLI,140.1320343017578,13985200.0,Yahoo Finance,2026-09-21T04:37:35+00:00,2025-12-18
2025-06-23,XLI,142.02957153320312,15902400.0,Yahoo Finance,2026-09-21T04:37:35+00:00,2025-12-18
2025-06-24,XLI,143.2143096923828,11518200.0,Yahoo Finance,2026-09-21T04:37:35+00:00,2025-12-18
2025-06-25,XLI,141.95057678222656,9751600.0,Yahoo Finance,2026-09-21T04:37:35+00:00,2025-12-18
2025-06-26,XLI,143.49073791503906,9728300.0,Yahoo Finance,2026-09-21T04:37:35+00:00,2025-12-18
2025-06-27,XLI,144.9222869873047,13380900.0,Yahoo Finance,2026-09-21T04:37:35+00:00,2025-12-18
2025-06-30,XLI,145.64300537109375,10914600.0,Yahoo Finance,2026-09-21T04:37:35+00:00,2025-12-18
2025-07-01,XLI,146.12677001953125,13189100.0,Yahoo Finance,2026-09-21T04:37:35+00:00,2025-12-18
2025-07-02,XLI,146.2748565673828,11061700.0,Yahoo Finance,2026-09-21T04:37:35+00:00,2025-12-18
2025-07-03,XLI,147.51882934570312,4864900.0,Yahoo Finance,2026-09-21T04:37:35+00:00,2025-12-18
2025-07-07,XLI,147.00543212890625,10687700.0,Yahoo Finance,2026-09-21T04:37:35+00:00,2025-12-18
2025-07-08,XLI,146.9659423828125,10845500.0,Yahoo Finance,2026-09-21T04:37:35+00:00,2025-12-18
2025-07-09,XLI,147.99270629882812,10173600.0,Yahoo Finance,2026-09-21T04:37:35+00:00,2025-12-18
2025-07-10,XLI,148.82203674316406,12385600.0,Yahoo Finance,2026-09-21T04:37:35+00:00,2025-12-18
2025-07-11,XLI,148.2888946533203,7065200.0,Yahoo Finance,2026-09-21T04:37:35+00:00,2025-12-18
2025-07-14,XLI,149.08859252929688,9069900.0,Yahoo Finance,2026-09-21T04:37:35+00:00,2025-12-18
2025-07-15,XLI,147.97296142578125,10278700.0,Yahoo Finance,2026-09-21T04:37:35+00:00,2025-12-18
2025-07-16,XLI,148.49623107910156,9998300.0,Yahoo Finance,2026-09-21T04:37:35+00:00,2025-12-18
2025-07-17,XLI,149.86854553222656,13374200.0,Yahoo Finance,2026-09-21T04:37:35+00:00,2025-12-18
2025-07-18,XLI,149.5328826904297,10201800.0,Yahoo Finance,2026-09-21T04:37:35+00:00,2025-12-18
2025-07-21,XLI,148.74305725097656,10089300.0,Yahoo Finance,2026-09-21T04:37:35+00:00,2025-12-18
2025-07-22,XLI,149.0984649658203,15053900.0,Yahoo Finance,2026-09-21T04:37:35+00:00,2025-12-18
2025-07-23,XLI,151.77398681640625,14747300.0,Yahoo Finance,2026-09-21T04:37:35+00:00,2025-12-18
2025-07-24,XLI,151.5172882080078,11695600.0,Yahoo Finance,2026-09-21T04:37:35+00:00,2025-12-18
2025-07-25,XLI,153.01797485351562,9376600.0,Yahoo Finance,2026-09-21T04:37:35+00:00,2025-12-18
2025-07-28,XLI,152.54405212402344,9214700.0,Yahoo Finance,2026-09-21T04:37:35+00:00,2025-12-18
2025-07-29,XLI,150.80645751953125,13546500.0,Yahoo Finance,2026-09-21T04:37:35+00:00,2025-12-18
2025-07-30,XLI,150.0659942626953,13795300.0,Yahoo Finance,2026-09-21T04:37:35+00:00,2025-12-18
2025-07-31,XLI,150.07586669921875,16520400.0,Yahoo Finance,2026-09-21T04:37:35+00:00,2025-12-18
2025-08-01,XLI,147.8347625732422,19191700.0,Yahoo Finance,2026-09-21T04:37:35+00:00,2025-12-18
2025-08-04,XLI,149.1971893310547,11355600.0,Yahoo Finance,2026-09-21T04:37:35+00:00,2025-12-18
2025-08-05,XLI,148.89112854003906,12724800.0,Yahoo Finance,2026-09-21T04:37:35+00:00,2025-12-18
2025-08-06,XLI,149.0095977783203,10736700.0,Yahoo Finance,2026-09-21T04:37:35+00:00,2025-12-18
2025-08-07,XLI,148.79241943359375,11095100.0,Yahoo Finance,2026-09-21T04:37:35+00:00,2025-12-18
2025-08-08,XLI,148.910888671875,9124700.0,Yahoo Finance,2026-09-21T04:37:35+00:00,2025-12-18
2025-08-11,XLI,148.4271240234375,9643500.0,Yahoo Finance,2026-09-21T04:37:35+00:00,2025-12-18
2025-08-12,XLI,149.96725463867188,9518300.0,Yahoo Finance,2026-09-21T04:37:35+00:00,2025-12-18
2025-08-13,XLI,150.53990173339844,12786800.0,Yahoo Finance,2026-09-21T04:37:35+00:00,2025-12-18
2025-08-14,XLI,149.20709228515625,9516400.0,Yahoo Finance,2026-09-21T04:37:35+00:00,2025-12-18
2025-08-15,XLI,148.52584838867188,8796000.0,Yahoo Finance,2026-09-21T04:37:35+00:00,2025-12-18
2025-08-18,XLI,149.1083526611328,7342100.0,Yahoo Finance,2026-09-21T04:37:35+00:00,2025-12-18
2025-08-19,XLI,149.4341278076172,9035200.0,Yahoo Finance,2026-09-21T04:37:35+00:00,2025-12-18
2025-08-20,XLI,149.29592895507812,9549500.0,Yahoo Finance,2026-09-21T04:37:35+00:00,2025-12-18
2025-08-21,XLI,148.7627716064453,7679600.0,Yahoo Finance,2026-09-21T04:37:35+00:00,2025-12-18
2025-08-22,XLI,151.1914825439453,9298800.0,Yahoo Finance,2026-09-21T04:37:35+00:00,2025-12-18
2025-08-25,XLI,149.68096923828125,6869000.0,Yahoo Finance,2026-09-21T04:37:35+00:00,2025-12-18
2025-08-26,XLI,151.2211151123047,6927500.0,Yahoo Finance,2026-09-21T04:37:35+00:00,2025-12-18
2025-08-27,XLI,151.2013702392578,5876400.0,Yahoo Finance,2026-09-21T04:37:35+00:00,2025-12-18
2025-08-28,XLI,151.46792602539062,7166700.0,Yahoo Finance,2026-09-21T04:37:35+00:00,2025-12-18
2025-08-29,XLI,150.07586669921875,8806100.0,Yahoo Finance,2026-09-21T04:37:35+00:00,2025-12-18
2025-09-02,XLI,148.64431762695312,9798600.0,Yahoo Finance,2026-09-21T04:37:35+00:00,2025-12-18
2025-09-03,XLI,147.89398193359375,12036200.0,Yahoo Finance,2026-09-21T04:37:35+00:00,2025-12-18
2025-09-04,XLI,149.56248474121094,10148800.0,Yahoo Finance,2026-09-21T04:37:35+00:00,2025-12-18
2025-09-05,XLI,149.0095977783203,16781000.0,Yahoo Finance,2026-09-21T04:37:35+00:00,2025-12-18
2025-09-08,XLI,149.34527587890625,11647200.0,Yahoo Finance,2026-09-21T04:37:35+00:00,2025-12-18
2025-09-09,XLI,148.3382568359375,12179400.0,Yahoo Finance,2026-09-21T04:37:35+00:00,2025-12-18
2025-09-10,XLI,149.4341278076172,16515000.0,Yahoo Finance,2026-09-21T04:37:35+00:00,2025-12-18
2025-09-11,XLI,150.85581970214844,17820600.0,Yahoo Finance,2026-09-21T04:37:35+00:00,2025-12-18
2025-09-12,XLI,149.65135192871094,8907500.0,Yahoo Finance,2026-09-21T04:37:35+00:00,2025-12-18
2025-09-15,XLI,150.34243774414062,9412900.0,Yahoo Finance,2026-09-21T04:37:35+00:00,2025-12-18
2025-09-16,XLI,149.89817810058594,10336100.0,Yahoo Finance,2026-09-21T04:37:35+00:00,2025-12-18
2025-09-17,XLI,149.21693420410156,12549500.0,Yahoo Finance,2026-09-21T04:37:35+00:00,2025-12-18
2025-09-18,XLI,150.80645751953125,13071800.0,Yahoo Finance,2026-09-21T04:37:35+00:00,2025-12-18
2025-09-19,XLI,151.17173767089844,8778300.0,Yahoo Finance,2026-09-21T04:37:35+00:00,2025-12-18
2025-09-22,XLI,151.67735290527344,5688500.0,Yahoo Finance,2026-09-21T04:37:35+00:00,2025-12-18
2025-09-23,XLI,151.7169952392578,8589300.0,Yahoo Finance,2026-09-21T04:37:35+00:00,2025-12-18
2025-09-24,XLI,150.933837890625,5938400.0,Yahoo Finance,2026-09-21T04:37:35+00:00,2025-12-18
2025-09-25,XLI,149.91273498535156,7145800.0,Yahoo Finance,2026-09-21T04:37:35+00:00,2025-12-18
2025-09-26,XLI,151.26097106933594,6958900.0,Yahoo Finance,2026-09-21T04:37:35+00:00,2025-12-18
2025-09-29,XLI,151.72691345214844,7177600.0,Yahoo Finance,2026-09-21T04:37:35+00:00,2025-12-18
2025-09-30,XLI,152.89669799804688,8211200.0,Yahoo Finance,2026-09-21T04:37:35+00:00,2025-12-18
2025-10-01,XLI,152.47042846679688,8753400.0,Yahoo Finance,2026-09-21T04:37:35+00:00,2025-12-18
2025-10-02,XLI,152.86697387695312,8495400.0,Yahoo Finance,2026-09-21T04:37:35+00:00,2025-12-18
2025-10-03,XLI,153.0751495361328,7430000.0,Yahoo Finance,2026-09-21T04:37:35+00:00,2025-12-18
2025-10-06,XLI,153.78892517089844,6861000.0,Yahoo Finance,2026-09-21T04:37:35+00:00,2025-12-18
2025-10-07,XLI,152.9165496826172,11204100.0,Yahoo Finance,2026-09-21T04:37:35+00:00,2025-12-18
2025-10-08,XLI,154.24496459960938,9686000.0,Yahoo Finance,2026-09-21T04:37:35+00:00,2025-12-18
2025-10-09,XLI,151.96482849121094,9751200.0,Yahoo Finance,2026-09-21T04:37:35+00:00,2025-12-18
2025-10-10,XLI,148.6041259765625,24285300.0,Yahoo Finance,2026-09-21T04:37:35+00:00,2025-12-18
2025-10-13,XLI,150.15066528320312,11014200.0,Yahoo Finance,2026-09-21T04:37:35+00:00,2025-12-18
2025-10-14,XLI,151.91526794433594,11015600.0,Yahoo Finance,2026-09-21T04:37:35+00:00,2025-12-18
2025-10-15,XLI,151.28082275390625,10338300.0,Yahoo Finance,2026-09-21T04:37:35+00:00,2025-12-18
2025-10-16,XLI,150.28944396972656,13796400.0,Yahoo Finance,2026-09-21T04:37:35+00:00,2025-12-18
2025-10-17,XLI,150.41831970214844,10806300.0,Yahoo Finance,2026-09-21T04:37:35+00:00,2025-12-18
2025-10-20,XLI,152.19287109375,8192600.0,Yahoo Finance,2026-09-21T04:37:35+00:00,2025-12-18
2025-10-21,XLI,153.5410919189453,11589400.0,Yahoo Finance,2026-09-21T04:37:35+00:00,2025-12-18
2025-10-22,XLI,151.5484619140625,13612300.0,Yahoo Finance,2026-09-21T04:37:35+00:00,2025-12-18
2025-10-23,XLI,153.4419403076172,8035200.0,Yahoo Finance,2026-09-21T04:37:35+00:00,2025-12-18
2025-10-24,XLI,153.57081604003906,7502400.0,Yahoo Finance,2026-09-21T04:37:35+00:00,2025-12-18
2025-10-27,XLI,154.44322204589844,5828900.0,Yahoo Finance,2026-09-21T04:37:35+00:00,2025-12-18
2025-10-28,XLI,153.3428192138672,9022200.0,Yahoo Finance,2026-09-21T04:37:35+00:00,2025-12-18
2025-10-29,XLI,153.73936462402344,16439600.0,Yahoo Finance,2026-09-21T04:37:35+00:00,2025-12-18
2025-10-30,XLI,153.3527374267578,11840000.0,Yahoo Finance,2026-09-21T04:37:35+00:00,2025-12-18
2025-10-31,XLI,153.7195281982422,10414800.0,Yahoo Finance,2026-09-21T04:37:35+00:00,2025-12-18
2025-11-03,XLI,153.0652313232422,9797400.0,Yahoo Finance,2026-09-21T04:37:35+00:00,2025-12-18
2025-11-04,XLI,151.2907257080078,13391600.0,Yahoo Finance,2026-09-21T04:37:35+00:00,2025-12-18
2025-11-05,XLI,151.8756103515625,11121900.0,Yahoo Finance,2026-09-21T04:37:35+00:00,2025-12-18
2025-11-06,XLI,151.2708740234375,11735400.0,Yahoo Finance,2026-09-21T04:37:35+00:00,2025-12-18
2025-11-07,XLI,152.00450134277344,13518600.0,Yahoo Finance,2026-09-21T04:37:35+00:00,2025-12-18
2025-11-10,XLI,152.86697387695312,10900400.0,Yahoo Finance,2026-09-21T04:37:35+00:00,2025-12-18
2025-11-11,XLI,152.9066162109375,8652400.0,Yahoo Finance,2026-09-21T04:37:35+00:00,2025-12-18
2025-11-12,XLI,153.05531311035156,9583300.0,Yahoo Finance,2026-09-21T04:37:35+00:00,2025-12-18
2025-11-13,XLI,150.6859893798828,15475400.0,Yahoo Finance,2026-09-21T04:37:35+00:00,2025-12-18
2025-11-14,XLI,150.69589233398438,13433100.0,Yahoo Finance,2026-09-21T04:37:35+00:00,2025-12-18
2025-11-17,XLI,149.2187957763672,15294100.0,Yahoo Finance,2026-09-21T04:37:35+00:00,2025-12-18
2025-11-18,XLI,148.55458068847656,19820200.0,Yahoo Finance,2026-09-21T04:37:35+00:00,2025-12-18
2025-11-19,XLI,149.05026245117188,12575500.0,Yahoo Finance,2026-09-21T04:37:35+00:00,2025-12-18
2025-11-20,XLI,146.5520477294922,27790800.0,Yahoo Finance,2026-09-21T04:37:35+00:00,2025-12-18
2025-11-21,XLI,148.3364715576172,20982900.0,Yahoo Finance,2026-09-21T04:37:35+00:00,2025-12-18
2025-11-24,XLI,148.70327758789062,12658900.0,Yahoo Finance,2026-09-21T04:37:35+00:00,2025-12-18
2025-11-25,XLI,150.60667419433594,13636100.0,Yahoo Finance,2026-09-21T04:37:35+00:00,2025-12-18
2025-11-26,XLI,151.4790802001953,10206200.0,Yahoo Finance,2026-09-21T04:37:35+00:00,2025-12-18
2025-11-28,XLI,152.3613739013672,3507600.0,Yahoo Finance,2026-09-21T04:37:35+00:00,2025-12-18
2025-12-01,XLI,150.13084411621094,10704600.0,Yahoo Finance,2026-09-21T04:37:35+00:00,2025-12-18
2025-12-02,XLI,151.4394073486328,9712300.0,Yahoo Finance,2026-09-21T04:37:35+00:00,2025-12-18
2025-12-03,XLI,152.87689208984375,9128800.0,Yahoo Finance,2026-09-21T04:37:35+00:00,2025-12-18
2025-12-04,XLI,153.66995239257812,9249400.0,Yahoo Finance,2026-09-21T04:37:35+00:00,2025-12-18
2025-12-05,XLI,153.24368286132812,8228800.0,Yahoo Finance,2026-09-21T04:37:35+00:00,2025-12-18
2025-12-08,XLI,153.05531311035156,6721600.0,Yahoo Finance,2026-09-21T04:37:35+00:00,2025-12-18
2025-12-09,XLI,151.93508911132812,7375100.0,Yahoo Finance,2026-09-21T04:37:35+00:00,2025-12-18
2025-12-10,XLI,154.71087646484375,13463300.0,Yahoo Finance,2026-09-21T04:37:35+00:00,2025-12-18
2025-12-11,XLI,156.366455078125,9999300.0,Yahoo Finance,2026-09-21T04:37:35+00:00,2025-12-18
2025-12-12,XLI,155.385009765625,12062900.0,Yahoo Finance,2026-09-21T04:37:35+00:00,2025-12-18
2025-12-15,XLI,155.63284301757812,10889500.0,Yahoo Finance,2026-09-21T04:37:35+00:00,2025-12-18
2025-12-16,XLI,154.71087646484375,10277500.0,Yahoo Finance,2026-09-21T04:37:35+00:00,2025-12-18
2025-12-17,XLI,152.2027587890625,11612500.0,Yahoo Finance,2026-09-21T04:37:35+00:00,2025-12-18
2025-12-18,XLI,153.19410705566406,10021200.0,Yahoo Finance,2026-09-21T04:37:35+00:00,2025-12-18
2024-11-13,XLK,116.46141052246094,6329600.0,Yahoo Finance,2026-09-21T04:37:35+00:00,2025-12-18
2024-11-14,XLK,116.06550598144531,6602000.0,Yahoo Finance,2026-09-21T04:37:35+00:00,2025-12-18
2024-11-15,XLK,113.18527221679688,11229800.0,Yahoo Finance,2026-09-21T04:37:35+00:00,2025-12-18
2024-11-18,XLK,113.55148315429688,6166800.0,Yahoo Finance,2026-09-21T04:37:35+00:00,2025-12-18
2024-11-19,XLK,114.48187255859375,6906800.0,Yahoo Finance,2026-09-21T04:37:35+00:00,2025-12-18
2024-11-20,XLK,114.38290405273438,8874400.0,Yahoo Finance,2026-09-21T04:37:35+00:00,2025-12-18
2024-11-21,XLK,115.54586791992188,10591800.0,Yahoo Finance,2026-09-21T04:37:35+00:00,2025-12-18
2024-11-22,XLK,115.60525512695312,7090800.0,Yahoo Finance,2026-09-21T04:37:35+00:00,2025-12-18
2024-11-25,XLK,115.60030364990234,11137200.0,Yahoo Finance,2026-09-21T04:37:35+00:00,2025-12-18
2024-11-26,XLK,116.1793212890625,6229400.0,Yahoo Finance,2026-09-21T04:37:35+00:00,2025-12-18
2024-11-27,XLK,114.60559844970703,6369400.0,Yahoo Finance,2026-09-21T04:37:35+00:00,2025-12-18
2024-11-29,XLK,115.66959381103516,4168400.0,Yahoo Finance,2026-09-21T04:37:35+00:00,2025-12-18
2024-12-02,XLK,116.76822662353516,9398200.0,Yahoo Finance,2026-09-21T04:37:35+00:00,2025-12-18
2024-12-03,XLK,117.18890380859375,5576000.0,Yahoo Finance,2026-09-21T04:37:35+00:00,2025-12-18
2024-12-04,XLK,119.33174896240234,10840000.0,Yahoo Finance,2026-09-21T04:37:35+00:00,2025-12-18
2024-12-05,XLK,118.72798156738281,5638000.0,Yahoo Finance,2026-09-21T04:37:35+00:00,2025-12-18
2024-12-06,XLK,119.18821716308594,6654200.0,Yahoo Finance,2026-09-21T04:37:35+00:00,2025-12-18
2024-12-09,XLK,118.41126251220703,8032400.0,Yahoo Finance,2026-09-21T04:37:35+00:00,2025-12-18
2024-12-10,XLK,116.76822662353516,11234400.0,Yahoo Finance,2026-09-21T04:37:35+00:00,2025-12-18
2024-12-11,XLK,118.46074676513672,8689600.0,Yahoo Finance,2026-09-21T04:37:35+00:00,2025-12-18
2024-12-12,XLK,117.79759979248047,7218200.0,Yahoo Finance,2026-09-21T04:37:35+00:00,2025-12-18
2024-12-13,XLK,118.3023910522461,8677000.0,Yahoo Finance,2026-09-21T04:37:35+00:00,2025-12-18
2024-12-16,XLK,119.48516082763672,9442600.0,Yahoo Finance,2026-09-21T04:37:35+00:00,2025-12-18
2024-12-17,XLK,118.76262664794922,8145000.0,Yahoo Finance,2026-09-21T04:37:35+00:00,2025-12-18
2024-12-18,XLK,114.93222045898438,16927200.0,Yahoo Finance,2026-09-21T04:37:35+00:00,2025-12-18
2024-12-19,XLK,115.05593872070312,13383400.0,Yahoo Finance,2026-09-21T04:37:35+00:00,2025-12-18
2024-12-20,XLK,116.77318572998047,14924800.0,Yahoo Finance,2026-09-21T04:37:35+00:00,2025-12-18
2024-12-23,XLK,118.01043701171875,7973400.0,Yahoo Finance,2026-09-21T04:37:35+00:00,2025-12-18
2024-12-24,XLK,119.22985076904297,4653400.0,Yahoo Finance,2026-09-21T04:37:35+00:00,2025-12-18
2024-12-26,XLK,119.30917358398438,7150800.0,Yahoo Finance,2026-09-21T04:37:35+00:00,2025-12-18
2024-12-27,XLK,117.72294616699219,8726400.0,Yahoo Finance,2026-09-21T04:37:35+00:00,2025-12-18
2024-12-30,XLK,116.22594451904297,7950400.0,Yahoo Finance,2026-09-21T04:37:35+00:00,2025-12-18
2024-12-31,XLK,115.25932312011719,9381200.0,Yahoo Finance,2026-09-21T04:37:35+00:00,2025-12-18
2025-01-02,XLK,114.9866943359375,12766600.0,Yahoo Finance,2026-09-21T04:37:35+00:00,2025-12-18
2025-01-03,XLK,116.86042022705078,9117600.0,Yahoo Finance,2026-09-21T04:37:35+00:00,2025-12-18
2025-01-06,XLK,118.3475112915039,8975400.0,Yahoo Finance,2026-09-21T04:37:35+00:00,2025-12-18
2025-01-07,XLK,115.97313690185547,10006800.0,Yahoo Finance,2026-09-21T04:37:35+00:00,2025-12-18
2025-01-08,XLK,115.93347930908203,10023800.0,Yahoo Finance,2026-09-21T04:37:35+00:00,2025-12-18
2025-01-10,XLK,113.40543365478516,11665800.0,Yahoo Finance,2026-09-21T04:37:35+00:00,2025-12-18
2025-01-13,XLK,112.60240173339844,10656000.0,Yahoo Finance,2026-09-21T04:37:35+00:00,2025-12-18
2025-01-14,XLK,112.89981079101562,7220200.0,Yahoo Finance,2026-09-21T04:37:35+00:00,2025-12-18
2025-01-15,XLK,115.14530944824219,10465400.0,Yahoo Finance,2026-09-21T04:37:35+00:00,2025-12-18
2025-01-16,XLK,114.25802612304688,5368400.0,Yahoo Finance,2026-09-21T04:37:35+00:00,2025-12-18
2025-01-17,XLK,116.0474853515625,6742600.0,Yahoo Finance,2026-09-21T04:37:35+00:00,2025-12-18
2025-01-21,XLK,117.01409149169922,6744200.0,Yahoo Finance,2026-09-21T04:37:35+00:00,2025-12-18
2025-01-22,XLK,119.6561508178711,10243800.0,Yahoo Finance,2026-09-21T04:37:35+00:00,2025-12-18
2025-01-23,XLK,119.86930847167969,7604400.0,Yahoo Finance,2026-09-21T04:37:35+00:00,2025-12-18
2025-01-24,XLK,118.62014770507812,6607600.0,Yahoo Finance,2026-09-21T04:37:35+00:00,2025-12-18
2025-01-27,XLK,112.80562591552734,20705600.0,Yahoo Finance,2026-09-21T04:37:35+00:00,2025-12-18
2025-01-28,XLK,115.81449890136719,11260600.0,Yahoo Finance,2026-09-21T04:37:35+00:00,2025-12-18
2025-01-29,XLK,114.87268829345703,9050000.0,Yahoo Finance,2026-09-21T04:37:35+00:00,2025-12-18
2025-01-30,XLK,115.08583068847656,8840200.0,Yahoo Finance,2026-09-21T04:37:35+00:00,2025-12-18
2025-01-31,XLK,114.41168975830078,10741800.0,Yahoo Finance,2026-09-21T04:37:35+00:00,2025-12-18
2025-02-03,XLK,112.87007141113281,13752800.0,Yahoo Finance,2026-09-21T04:37:35+00:00,2025-12-18
2025-02-04,XLK,114.49595642089844,8371200.0,Yahoo Finance,2026-09-21T04:37:35+00:00,2025-12-18
2025-02-05,XLK,116.08714294433594,5398000.0,Yahoo Finance,2026-09-21T04:37:35+00:00,2025-12-18
2025-02-06,XLK,116.40438842773438,6808000.0,Yahoo Finance,2026-09-21T04:37:35+00:00,2025-12-18
2025-02-07,XLK,115.40804290771484,8552800.0,Yahoo Finance,2026-09-21T04:37:35+00:00,2025-12-18
2025-02-10,XLK,117.0934066772461,6054200.0,Yahoo Finance,2026-09-21T04:37:35+00:00,2025-12-18
2025-02-11,XLK,117.14793395996094,6456200.0,Yahoo Finance,2026-09-21T04:37:35+00:00,2025-12-18
2025-02-12,XLK,116.89512634277344,8555600.0,Yahoo Finance,2026-09-21T04:37:35+00:00,2025-12-18
2025-02-13,XLK,118.55075073242188,7829600.0,Yahoo Finance,2026-09-21T04:37:35+00:00,2025-12-18
2025-02-14,XLK,118.9522705078125,4557000.0,Yahoo Finance,2026-09-21T04:37:35+00:00,2025-12-18
2025-02-18,XLK,120.03784942626953,6024000.0,Yahoo Finance,2026-09-21T04:37:35+00:00,2025-12-18
2025-02-19,XLK,120.0477523803711,5604200.0,Yahoo Finance,2026-09-21T04:37:35+00:00,2025-12-18
2025-02-20,XLK,119.66607666015625,5987400.0,Yahoo Finance,2026-09-21T04:37:35+00:00,2025-12-18
2025-02-21,XLK,116.42420959472656,9057600.0,Yahoo Finance,2026-09-21T04:37:35+00:00,2025-12-18
2025-02-24,XLK,114.7586669921875,7447600.0,Yahoo Finance,2026-09-21T04:37:35+00:00,2025-12-18
2025-02-25,XLK,113.27159118652344,10433600.0,Yahoo Finance,2026-09-21T04:37:35+00:00,2025-12-18
2025-02-26,XLK,114.50587463378906,7630600.0,Yahoo Finance,2026-09-21T04:37:35+00:00,2025-12-18
2025-02-27,XLK,110.33706665039062,10100000.0,Yahoo Finance,2026-09-21T04:37:35+00:00,2025-12-18
2025-02-28,XLK,111.7944107055664,14172200.0,Yahoo Finance,2026-09-21T04:37:35+00:00,2025-12-18
2025-03-03,XLK,108.3939437866211,12516200.0,Yahoo Finance,2026-09-21T04:37:35+00:00,2025-12-18
2025-03-04,XLK,108.30966186523438,17721000.0,Yahoo Finance,2026-09-21T04:37:35+00:00,2025-12-18
2025-03-05,XLK,109.83145904541016,11931000.0,Yahoo Finance,2026-09-21T04:37:35+00:00,2025-12-18
2025-03-06,XLK,106.78292083740234,16432000.0,Yahoo Finance,2026-09-21T04:37:35+00:00,2025-12-18
2025-03-07,XLK,108.3294906616211,11263400.0,Yahoo Finance,2026-09-21T04:37:35+00:00,2025-12-18
2025-03-10,XLK,103.7244644165039,21561800.0,Yahoo Finance,2026-09-21T04:37:35+00:00,2025-12-18
2025-03-11,XLK,103.3031234741211,14832800.0,Yahoo Finance,2026-09-21T04:37:35+00:00,2025-12-18
2025-03-12,XLK,104.92900848388672,10981600.0,Yahoo Finance,2026-09-21T04:37:35+00:00,2025-12-18
2025-03-13,XLK,102.93630981445312,12383000.0,Yahoo Finance,2026-09-21T04:37:35+00:00,2025-12-18
2025-03-14,XLK,106.04928588867188,10040800.0,Yahoo Finance,2026-09-21T04:37:35+00:00,2025-12-18
2025-03-17,XLK,106.78787231445312,10148800.0,Yahoo Finance,2026-09-21T04:37:35+00:00,2025-12-18
2025-03-18,XLK,105.16199493408203,11486600.0,Yahoo Finance,2026-09-21T04:37:35+00:00,2025-12-18
2025-03-19,XLK,106.53012084960938,8838600.0,Yahoo Finance,2026-09-21T04:37:35+00:00,2025-12-18
2025-03-20,XLK,105.77169799804688,7145200.0,Yahoo Finance,2026-09-21T04:37:35+00:00,2025-12-18
2025-03-21,XLK,106.05921173095703,10425400.0,Yahoo Finance,2026-09-21T04:37:35+00:00,2025-12-18
2025-03-24,XLK,108.06781768798828,8200200.0,Yahoo Finance,2026-09-21T04:37:35+00:00,2025-12-18
2025-03-25,XLK,108.42534637451172,7481800.0,Yahoo Finance,2026-09-21T04:37:35+00:00,2025-12-18
2025-03-26,XLK,106.00706481933594,7873000.0,Yahoo Finance,2026-09-21T04:37:35+00:00,2025-12-18
2025-03-27,XLK,105.02882385253906,6577800.0,Yahoo Finance,2026-09-21T04:37:35+00:00,2025-12-18
2025-03-28,XLK,102.48143768310547,10667600.0,Yahoo Finance,2026-09-21T04:37:35+00:00,2025-12-18
2025-03-31,XLK,102.53109741210938,14219000.0,Yahoo Finance,2026-09-21T04:37:35+00:00,2025-12-18
2025-04-01,XLK,103.28091430664062,9480200.0,Yahoo Finance,2026-09-21T04:37:35+00:00,2025-12-18
2025-04-02,XLK,104.04562377929688,9292000.0,Yahoo Finance,2026-09-21T04:37:35+00:00,2025-12-18
2025-04-03,XLK,96.9447250366211,19451400.0,Yahoo Finance,2026-09-21T04:37:35+00:00,2025-12-18
2025-04-04,XLK,90.55887603759766,33804600.0,Yahoo Finance,2026-09-21T04:37:35+00:00,2025-12-18
2025-04-07,XLK,91.10014343261719,44557800.0,Yahoo Finance,2026-09-21T04:37:35+00:00,2025-12-18
2025-04-08,XLK,89.24794006347656,25811400.0,Yahoo Finance,2026-09-21T04:37:35+00:00,2025-12-18
2025-04-09,XLK,101.2301025390625,36988800.0,Yahoo Finance,2026-09-21T04:37:35+00:00,2025-12-18
2025-04-10,XLK,96.5176773071289,19747600.0,Yahoo Finance,2026-09-21T04:37:35+00:00,2025-12-18
2025-04-11,XLK,98.4940185546875,14423200.0,Yahoo Finance,2026-09-21T04:37:35+00:00,2025-12-18
2025-04-14,XLK,99.39279174804688,11904400.0,Yahoo Finance,2026-09-21T04:37:35+00:00,2025-12-18
2025-04-15,XLK,99.75528717041016,7200000.0,Yahoo Finance,2026-09-21T04:37:35+00:00,2025-12-18
2025-04-16,XLK,96.28925323486328,13222400.0,Yahoo Finance,2026-09-21T04:37:35+00:00,2025-12-18
2025-04-17,XLK,95.76786041259766,7480800.0,Yahoo Finance,2026-09-21T04:37:35+00:00,2025-12-18
2025-04-21,XLK,93.29496002197266,8973400.0,Yahoo Finance,2026-09-21T04:37:35+00:00,2025-12-18
2025-04-22,XLK,95.56922912597656,9312800.0,Yahoo Finance,2026-09-21T04:37:35+00:00,2025-12-18
2025-04-23,XLK,98.34008026123047,13413800.0,Yahoo Finance,2026-09-21T04:37:35+00:00,2025-12-18
2025-04-24,XLK,102.00969696044922,9317000.0,Yahoo Finance,2026-09-21T04:37:35+00:00,2025-12-18
2025-04-25,XLK,103.51927185058594,6518400.0,Yahoo Finance,2026-09-21T04:37:35+00:00,2025-12-18
2025-04-28,XLK,103.35042572021484,5574400.0,Yahoo Finance,2026-09-21T04:37:35+00:00,2025-12-18
2025-04-29,XLK,103.83211517333984,9144400.0,Yahoo Finance,2026-09-21T04:37:35+00:00,2025-12-18
2025-04-30,XLK,104.26411437988281,10203800.0,Yahoo Finance,2026-09-21T04:37:35+00:00,2025-12-18
2025-05-01,XLK,105.79354095458984,11532800.0,Yahoo Finance,2026-09-21T04:37:35+00:00,2025-12-18
2025-05-02,XLK,107.56130981445312,8125400.0,Yahoo Finance,2026-09-21T04:37:35+00:00,2025-12-18
2025-05-05,XLK,106.99027252197266,6757000.0,Yahoo Finance,2026-09-21T04:37:35+00:00,2025-12-18
2025-05-06,XLK,106.1014175415039,7958200.0,Yahoo Finance,2026-09-21T04:37:35+00:00,2025-12-18
2025-05-07,XLK,107.1640625,8169400.0,Yahoo Finance,2026-09-21T04:37:35+00:00,2025-12-18
2025-05-08,XLK,108.18699645996094,8704400.0,Yahoo Finance,2026-09-21T04:37:35+00:00,2025-12-18
2025-05-09,XLK,108.05291748046875,7330000.0,Yahoo Finance,2026-09-21T04:37:35+00:00,2025-12-18
2025-05-12,XLK,113.0682373046875,13478200.0,Yahoo Finance,2026-09-21T04:37:35+00:00,2025-12-18
2025-05-13,XLK,115.51134490966797,12757200.0,Yahoo Finance,2026-09-21T04:37:35+00:00,2025-12-18
2025-05-14,XLK,116.26117706298828,10248000.0,Yahoo Finance,2026-09-21T04:37:35+00:00,2025-12-18
2025-05-15,XLK,116.4200668334961,9536400.0,Yahoo Finance,2026-09-21T04:37:35+00:00,2025-12-18
2025-05-16,XLK,116.63855743408203,8111600.0,Yahoo Finance,2026-09-21T04:37:35+00:00,2025-12-18
2025-05-19,XLK,116.46971893310547,11863000.0,Yahoo Finance,2026-09-21T04:37:35+00:00,2025-12-18
2025-05-20,XLK,116.03274536132812,10273200.0,Yahoo Finance,2026-09-21T04:37:35+00:00,2025-12-18
2025-05-21,XLK,113.85282135009766,18643600.0,Yahoo Finance,2026-09-21T04:37:35+00:00,2025-12-18
2025-05-22,XLK,113.88261413574219,11372000.0,Yahoo Finance,2026-09-21T04:37:35+00:00,2025-12-18
2025-05-23,XLK,112.62630462646484,12004000.0,Yahoo Finance,2026-09-21T04:37:35+00:00,2025-12-18
2025-05-27,XLK,115.30279541015625,14208400.0,Yahoo Finance,2026-09-21T04:37:35+00:00,2025-12-18
2025-05-28,XLK,114.82609558105469,10789200.0,Yahoo Finance,2026-09-21T04:37:35+00:00,2025-12-18
2025-05-29,XLK,115.0197525024414,14011800.0,Yahoo Finance,2026-09-21T04:37:35+00:00,2025-12-18
2025-05-30,XLK,114.6622314453125,13494000.0,Yahoo Finance,2026-09-21T04:37:35+00:00,2025-12-18
2025-06-02,XLK,115.67522430419922,12878800.0,Yahoo Finance,2026-09-21T04:37:35+00:00,2025-12-18
2025-06-03,XLK,117.41319274902344,14312400.0,Yahoo Finance,2026-09-21T04:37:35+00:00,2025-12-18
2025-06-04,XLK,117.5870132446289,10899200.0,Yahoo Finance,2026-09-21T04:37:35+00:00,2025-12-18
2025-06-05,XLK,117.25430297851562,15885200.0,Yahoo Finance,2026-09-21T04:37:35+00:00,2025-12-18
2025-06-06,XLK,118.36164855957031,9026000.0,Yahoo Finance,2026-09-21T04:37:35+00:00,2025-12-18
2025-06-09,XLK,118.942626953125,11100600.0,Yahoo Finance,2026-09-21T04:37:35+00:00,2025-12-18
2025-06-10,XLK,119.60802459716797,9831600.0,Yahoo Finance,2026-09-21T04:37:35+00:00,2025-12-18
2025-06-11,XLK,119.3448486328125,9599600.0,Yahoo Finance,2026-09-21T04:37:35+00:00,2025-12-18
2025-06-12,XLK,120.45219421386719,11210400.0,Yahoo Finance,2026-09-21T04:37:35+00:00,2025-12-18
2025-06-13,XLK,118.76386260986328,13193800.0,Yahoo Finance,2026-09-21T04:37:35+00:00,2025-12-18
2025-06-16,XLK,120.68557739257812,13866200.0,Yahoo Finance,2026-09-21T04:37:35+00:00,2025-12-18
2025-06-17,XLK,119.83148956298828,10525400.0,Yahoo Finance,2026-09-21T04:37:35+00:00,2025-12-18
2025-06-18,XLK,119.9754867553711,11066000.0,Yahoo Finance,2026-09-21T04:37:35+00:00,2025-12-18
2025-06-20,XLK,119.44416046142578,11490600.0,Yahoo Finance,2026-09-21T04:37:35+00:00,2025-12-18
2025-06-23,XLK,120.80601501464844,12277000.0,Yahoo Finance,2026-09-21T04:37:35+00:00,2025-12-18
2025-06-24,XLK,122.97463989257812,11329400.0,Yahoo Finance,2026-09-21T04:37:35+00:00,2025-12-18
2025-06-25,XLK,124.02412414550781,9228600.0,Yahoo Finance,2026-09-21T04:37:35+00:00,2025-12-18
2025-06-26,XLK,124.87964630126953,11288400.0,Yahoo Finance,2026-09-21T04:37:35+00:00,2025-12-18
2025-06-27,XLK,124.73042297363281,12196600.0,Yahoo Finance,2026-09-21T04:37:35+00:00,2025-12-18
2025-06-30,XLK,125.95399475097656,13365200.0,Yahoo Finance,2026-09-21T04:37:35+00:00,2025-12-18
2025-07-01,XLK,124.82990264892578,15144800.0,Yahoo Finance,2026-09-21T04:37:35+00:00,2025-12-18
2025-07-02,XLK,126.14797973632812,11950200.0,Yahoo Finance,2026-09-21T04:37:35+00:00,2025-12-18
2025-07-03,XLK,127.80924987792969,7112800.0,Yahoo Finance,2026-09-21T04:37:35+00:00,2025-12-18
2025-07-07,XLK,126.79458618164062,11560800.0,Yahoo Finance,2026-09-21T04:37:35+00:00,2025-12-18
2025-07-08,XLK,127.47600555419922,15715200.0,Yahoo Finance,2026-09-21T04:37:35+00:00,2025-12-18
2025-07-09,XLK,128.24197387695312,12933600.0,Yahoo Finance,2026-09-21T04:37:35+00:00,2025-12-18
2025-07-10,XLK,127.81922149658203,9988600.0,Yahoo Finance,2026-09-21T04:37:35+00:00,2025-12-18
2025-07-11,XLK,127.25716400146484,9239000.0,Yahoo Finance,2026-09-21T04:37:35+00:00,2025-12-18
2025-07-14,XLK,127.15270233154297,8125200.0,Yahoo Finance,2026-09-21T04:37:35+00:00,2025-12-18
2025-07-15,XLK,128.2817840576172,15657000.0,Yahoo Finance,2026-09-21T04:37:35+00:00,2025-12-18
2025-07-16,XLK,128.67970275878906,17782600.0,Yahoo Finance,2026-09-21T04:37:35+00:00,2025-12-18
2025-07-17,XLK,129.84854125976562,11955000.0,Yahoo Finance,2026-09-21T04:37:35+00:00,2025-12-18
2025-07-18,XLK,129.76400756835938,10281000.0,Yahoo Finance,2026-09-21T04:37:35+00:00,2025-12-18
2025-07-21,XLK,129.93312072753906,9246600.0,Yahoo Finance,2026-09-21T04:37:35+00:00,2025-12-18
2025-07-22,XLK,128.7294464111328,13448800.0,Yahoo Finance,2026-09-21T04:37:35+00:00,2025-12-18
2025-07-23,XLK,129.46559143066406,10091800.0,Yahoo Finance,2026-09-21T04:37:35+00:00,2025-12-18
2025-07-24,XLK,130.0126953125,12159600.0,Yahoo Finance,2026-09-21T04:37:35+00:00,2025-12-18
2025-07-25,XLK,130.31112670898438,8002000.0,Yahoo Finance,2026-09-21T04:37:35+00:00,2025-12-18
2025-07-28,XLK,131.3506622314453,11517600.0,Yahoo Finance,2026-09-21T04:37:35+00:00,2025-12-18
2025-07-29,XLK,131.35565185546875,13739000.0,Yahoo Finance,2026-09-21T04:37:35+00:00,2025-12-18
2025-07-30,XLK,131.64910888671875,13934600.0,Yahoo Finance,2026-09-21T04:37:35+00:00,2025-12-18
2025-07-31,XLK,130.6841583251953,16414400.0,Yahoo Finance,2026-09-21T04:37:35+00:00,2025-12-18
2025-08-01,XLK,127.86398315429688,19438000.0,Yahoo Finance,2026-09-21T04:37:35+00:00,2025-12-18
2025-08-04,XLK,130.4603729248047,12377000.0,Yahoo Finance,2026-09-21T04:37:35+00:00,2025-12-18
2025-08-05,XLK,129.3810272216797,11176000.0,Yahoo Finance,2026-09-21T04:37:35+00:00,2025-12-18
2025-08-06,XLK,130.83836364746094,10167000.0,Yahoo Finance,2026-09-21T04:37:35+00:00,2025-12-18
2025-08-07,XLK,130.95774841308594,10318000.0,Yahoo Finance,2026-09-21T04:37:35+00:00,2025-12-18
2025-08-08,XLK,132.265869140625,11015800.0,Yahoo Finance,2026-09-21T04:37:35+00:00,2025-12-18
2025-08-11,XLK,131.37057495117188,9425400.0,Yahoo Finance,2026-09-21T04:37:35+00:00,2025-12-18
2025-08-12,XLK,133.40489196777344,11153800.0,Yahoo Finance,2026-09-21T04:37:35+00:00,2025-12-18
2025-08-13,XLK,133.45465087890625,13990200.0,Yahoo Finance,2026-09-21T04:37:35+00:00,2025-12-18
2025-08-14,XLK,133.16615295410156,15484400.0,Yahoo Finance,2026-09-21T04:37:35+00:00,2025-12-18
2025-08-15,XLK,132.1564483642578,13373200.0,Yahoo Finance,2026-09-21T04:37:35+00:00,2025-12-18
2025-08-18,XLK,132.43995666503906,12233800.0,Yahoo Finance,2026-09-21T04:37:35+00:00,2025-12-18
2025-08-19,XLK,130.12710571289062,17367000.0,Yahoo Finance,2026-09-21T04:37:35+00:00,2025-12-18
2025-08-20,XLK,129.2467041015625,23064200.0,Yahoo Finance,2026-09-21T04:37:35+00:00,2025-12-18
2025-08-21,XLK,128.77919006347656,15148600.0,Yahoo Finance,2026-09-21T04:37:35+00:00,2025-12-18
2025-08-22,XLK,130.52500915527344,13756000.0,Yahoo Finance,2026-09-21T04:37:35+00:00,2025-12-18
2025-08-25,XLK,130.23153686523438,10691800.0,Yahoo Finance,2026-09-21T04:37:35+00:00,2025-12-18
2025-08-26,XLK,130.82843017578125,11081000.0,Yahoo Finance,2026-09-21T04:37:35+00:00,2025-12-18
2025-08-27,XLK,131.53472900390625,11538600.0,Yahoo Finance,2026-09-21T04:37:35+00:00,2025-12-18
2025-08-28,XLK,132.57424926757812,12380600.0,Yahoo Finance,2026-09-21T04:37:35+00:00,2025-12-18
2025-08-29,XLK,130.53994750976562,17481200.0,Yahoo Finance,2026-09-21T04:37:35+00:00,2025-12-18
2025-09-02,XLK,129.22183227539062,18226000.0,Yahoo Finance,2026-09-21T04:37:35+00:00,2025-12-18
2025-09-03,XLK,129.99281311035156,15636600.0,Yahoo Finance,2026-09-21T04:37:35+00:00,2025-12-18
2025-09-04,XLK,130.63442993164062,24397400.0,Yahoo Finance,2026-09-21T04:37:35+00:00,2025-12-18
2025-09-05,XLK,130.7438507080078,38561800.0,Yahoo Finance,2026-09-21T04:37:35+00:00,2025-12-18
2025-09-08,XLK,131.72372436523438,20556000.0,Yahoo Finance,2026-09-21T04:37:35+00:00,2025-12-18
2025-09-09,XLK,131.97738647460938,19355000.0,Yahoo Finance,2026-09-21T04:37:35+00:00,2025-12-18
2025-09-10,XLK,134.36981201171875,25957200.0,Yahoo Finance,2026-09-21T04:37:35+00:00,2025-12-18
2025-09-11,XLK,134.82244873046875,23429200.0,Yahoo Finance,2026-09-21T04:37:35+00:00,2025-12-18
2025-09-12,XLK,134.73292541503906,15612200.0,Yahoo Finance,2026-09-21T04:37:35+00:00,2025-12-18
2025-09-15,XLK,135.9465789794922,16268000.0,Yahoo Finance,2026-09-21T04:37:35+00:00,2025-12-18
2025-09-16,XLK,135.4740447998047,16081400.0,Yahoo Finance,2026-09-21T04:37:35+00:00,2025-12-18
2025-09-17,XLK,135.00648498535156,18948600.0,Yahoo Finance,2026-09-21T04:37:35+00:00,2025-12-18
2025-09-18,XLK,137.33924865722656,20882600.0,Yahoo Finance,2026-09-21T04:37:35+00:00,2025-12-18
2025-09-19,XLK,138.73194885253906,15670800.0,Yahoo Finance,2026-09-21T04:37:35+00:00,2025-12-18
2025-09-22,XLK,140.77285766601562,15771200.0,Yahoo Finance,2026-09-21T04:37:35+00:00,2025-12-18
2025-09-23,XLK,139.5576629638672,16456400.0,Yahoo Finance,2026-09-21T04:37:35+00:00,2025-12-18
2025-09-24,XLK,138.69607543945312,13471000.0,Yahoo Finance,2026-09-21T04:37:35+00:00,2025-12-18
2025-09-25,XLK,138.45204162597656,21349600.0,Yahoo Finance,2026-09-21T04:37:35+00:00,2025-12-18
2025-09-26,XLK,138.87039184570312,16534000.0,Yahoo Finance,2026-09-21T04:37:35+00:00,2025-12-18
2025-09-29,XLK,139.61245727539062,16107400.0,Yahoo Finance,2026-09-21T04:37:35+00:00,2025-12-18
2025-09-30,XLK,140.3744354248047,18215200.0,Yahoo Finance,2026-09-21T04:37:35+00:00,2025-12-18
2025-10-01,XLK,141.74900817871094,17411200.0,Yahoo Finance,2026-09-21T04:37:35+00:00,2025-12-18
2025-10-02,XLK,142.51596069335938,17607800.0,Yahoo Finance,2026-09-21T04:37:35+00:00,2025-12-18
2025-10-03,XLK,141.79881286621094,17458000.0,Yahoo Finance,2026-09-21T04:37:35+00:00,2025-12-18
2025-10-06,XLK,143.23312377929688,17945600.0,Yahoo Finance,2026-09-21T04:37:35+00:00,2025-12-18
2025-10-07,XLK,142.2769012451172,15588400.0,Yahoo Finance,2026-09-21T04:37:35+00:00,2025-12-18
2025-10-08,XLK,144.77203369140625,14037800.0,Yahoo Finance,2026-09-21T04:37:35+00:00,2025-12-18
2025-10-09,XLK,144.5279998779297,11989400.0,Yahoo Finance,2026-09-21T04:37:35+00:00,2025-12-18
2025-10-10,XLK,138.64630126953125,44574600.0,Yahoo Finance,2026-09-21T04:37:35+00:00,2025-12-18
2025-10-13,XLK,142.02291870117188,22030400.0,Yahoo Finance,2026-09-21T04:37:35+00:00,2025-12-18
2025-10-14,XLK,140.20013427734375,26956800.0,Yahoo Finance,2026-09-21T04:37:35+00:00,2025-12-18
2025-10-15,XLK,141.58963012695312,20937600.0,Yahoo Finance,2026-09-21T04:37:35+00:00,2025-12-18
2025-10-16,XLK,141.6942138671875,23166200.0,Yahoo Finance,2026-09-21T04:37:35+00:00,2025-12-18
2025-10-17,XLK,141.9432373046875,25511600.0,Yahoo Finance,2026-09-21T04:37:35+00:00,2025-12-18
2025-10-20,XLK,143.52696228027344,13805200.0,Yahoo Finance,2026-09-21T04:37:35+00:00,2025-12-18
2025-10-21,XLK,143.60166931152344,12503800.0,Yahoo Finance,2026-09-21T04:37:35+00:00,2025-12-18
2025-10-22,XLK,142.18228149414062,20723200.0,Yahoo Finance,2026-09-21T04:37:35+00:00,2025-12-18
2025-10-23,XLK,143.9751739501953,11923400.0,Yahoo Finance,2026-09-21T04:37:35+00:00,2025-12-18
2025-10-24,XLK,146.21133422851562,14359600.0,Yahoo Finance,2026-09-21T04:37:35+00:00,2025-12-18
2025-10-27,XLK,148.91064453125,15167000.0,Yahoo Finance,2026-09-21T04:37:35+00:00,2025-12-18
2025-10-28,XLK,150.3848114013672,15055200.0,Yahoo Finance,2026-09-21T04:37:35+00:00,2025-12-18
2025-10-29,XLK,151.46554565429688,21506200.0,Yahoo Finance,2026-09-21T04:37:35+00:00,2025-12-18
2025-10-30,XLK,149.60292053222656,19218600.0,Yahoo Finance,2026-09-21T04:37:35+00:00,2025-12-18
2025-10-31,XLK,149.74734497070312,16303800.0,Yahoo Finance,2026-09-21T04:37:35+00:00,2025-12-18
2025-11-03,XLK,150.35992431640625,13983600.0,Yahoo Finance,2026-09-21T04:37:35+00:00,2025-12-18
2025-11-04,XLK,146.39064025878906,16722600.0,Yahoo Finance,2026-09-21T04:37:35+00:00,2025-12-18
2025-11-05,XLK,146.96336364746094,14447000.0,Yahoo Finance,2026-09-21T04:37:35+00:00,2025-12-18
2025-11-06,XLK,144.01004028320312,24797400.0,Yahoo Finance,2026-09-21T04:37:35+00:00,2025-12-18
2025-11-07,XLK,143.51202392578125,25547000.0,Yahoo Finance,2026-09-21T04:37:35+00:00,2025-12-18
2025-11-10,XLK,147.1824951171875,18286400.0,Yahoo Finance,2026-09-21T04:37:35+00:00,2025-12-18
2025-11-11,XLK,145.92745971679688,14871600.0,Yahoo Finance,2026-09-21T04:37:35+00:00,2025-12-18
2025-11-12,XLK,146.38067626953125,13179200.0,Yahoo Finance,2026-09-21T04:37:35+00:00,2025-12-18
2025-11-13,XLK,142.73011779785156,22385800.0,Yahoo Finance,2026-09-21T04:37:35+00:00,2025-12-18
2025-11-14,XLK,143.5070343017578,27429600.0,Yahoo Finance,2026-09-21T04:37:35+00:00,2025-12-18
2025-11-17,XLK,141.2609405517578,24675400.0,Yahoo Finance,2026-09-21T04:37:35+00:00,2025-12-18
2025-11-18,XLK,138.96502685546875,36747600.0,Yahoo Finance,2026-09-21T04:37:35+00:00,2025-12-18
2025-11-19,XLK,139.9311981201172,27668800.0,Yahoo Finance,2026-09-21T04:37:35+00:00,2025-12-18
2025-11-20,XLK,135.53857421875,56551800.0,Yahoo Finance,2026-09-21T04:37:35+00:00,2025-12-18
2025-11-21,XLK,136.06150817871094,44959000.0,Yahoo Finance,2026-09-21T04:37:35+00:00,2025-12-18
2025-11-24,XLK,139.3036651611328,20124800.0,Yahoo Finance,2026-09-21T04:37:35+00:00,2025-12-18
2025-11-25,XLK,139.6772003173828,21303400.0,Yahoo Finance,2026-09-21T04:37:35+00:00,2025-12-18
2025-11-26,XLK,141.33065795898438,13358800.0,Yahoo Finance,2026-09-21T04:37:35+00:00,2025-12-18
2025-11-28,XLK,142.5458526611328,6792200.0,Yahoo Finance,2026-09-21T04:37:35+00:00,2025-12-18
2025-12-01,XLK,142.610595703125,12846600.0,Yahoo Finance,2026-09-21T04:37:35+00:00,2025-12-18
2025-12-02,XLK,144.07977294921875,15719000.0,Yahoo Finance,2026-09-21T04:37:35+00:00,2025-12-18
2025-12-03,XLK,144.4234161376953,11623200.0,Yahoo Finance,2026-09-21T04:37:35+00:00,2025-12-18
2025-12-04,XLK,144.96128845214844,9995200.0,Yahoo Finance,2026-09-21T04:37:35+00:00,2025-12-18
2025-12-05,XLK,146.02210998535156,6628000.0,Yahoo Finance,2026-09-21T04:37:35+00:00,2025-12-18
2025-12-08,XLK,147.04803466796875,8272800.0,Yahoo Finance,2026-09-21T04:37:35+00:00,2025-12-18
2025-12-09,XLK,147.43649291992188,6978200.0,Yahoo Finance,2026-09-21T04:37:35+00:00,2025-12-18
2025-12-10,XLK,148.14370727539062,8961100.0,Yahoo Finance,2026-09-21T04:37:35+00:00,2025-12-18
2025-12-11,XLK,147.38668823242188,9769300.0,Yahoo Finance,2026-09-21T04:37:35+00:00,2025-12-18
2025-12-12,XLK,143.12356567382812,14873200.0,Yahoo Finance,2026-09-21T04:37:35+00:00,2025-12-18
2025-12-15,XLK,141.73904418945312,10790300.0,Yahoo Finance,2026-09-21T04:37:35+00:00,2025-12-18
2025-12-16,XLK,141.9980010986328,10790900.0,Yahoo Finance,2026-09-21T04:37:35+00:00,2025-12-18
2025-12-17,XLK,138.84051513671875,18178700.0,Yahoo Finance,2026-09-21T04:37:35+00:00,2025-12-18
2025-12-18,XLK,140.98202514648438,12319500.0,Yahoo Finance,2026-09-21T04:37:35+00:00,2025-12-18
2024-11-13,XLP,77.15430450439453,6781600.0,Yahoo Finance,2026-09-21T04:37:35+00:00,2025-12-18
2024-11-14,XLP,76.96349334716797,7572200.0,Yahoo Finance,2026-09-21T04:37:35+00:00,2025-12-18
2024-11-15,XLP,76.2861099243164,11359100.0,Yahoo Finance,2026-09-21T04:37:35+00:00,2025-12-18
2024-11-18,XLP,76.82038116455078,8747600.0,Yahoo Finance,2026-09-21T04:37:35+00:00,2025-12-18
2024-11-19,XLP,76.92533874511719,8020800.0,Yahoo Finance,2026-09-21T04:37:35+00:00,2025-12-18
2024-11-20,XLP,76.53417205810547,7687200.0,Yahoo Finance,2026-09-21T04:37:35+00:00,2025-12-18
2024-11-21,XLP,77.36419677734375,8185800.0,Yahoo Finance,2026-09-21T04:37:35+00:00,2025-12-18
2024-11-22,XLP,78.07972717285156,7703800.0,Yahoo Finance,2026-09-21T04:37:35+00:00,2025-12-18
2024-11-25,XLP,78.50906372070312,8243100.0,Yahoo Finance,2026-09-21T04:37:35+00:00,2025-12-18
2024-11-26,XLP,78.83343505859375,6973600.0,Yahoo Finance,2026-09-21T04:37:35+00:00,2025-12-18
2024-11-27,XLP,78.99563598632812,7067800.0,Yahoo Finance,2026-09-21T04:37:35+00:00,2025-12-18
2024-11-29,XLP,79.39633178710938,4982600.0,Yahoo Finance,2026-09-21T04:37:35+00:00,2025-12-18
2024-12-02,XLP,79.30093383789062,10750100.0,Yahoo Finance,2026-09-21T04:37:35+00:00,2025-12-18
2024-12-03,XLP,78.89068603515625,11053200.0,Yahoo Finance,2026-09-21T04:37:35+00:00,2025-12-18
2024-12-04,XLP,78.6712417602539,10100900.0,Yahoo Finance,2026-09-21T04:37:35+00:00,2025-12-18
2024-12-05,XLP,78.986083984375,12639000.0,Yahoo Finance,2026-09-21T04:37:35+00:00,2025-12-18
2024-12-06,XLP,78.59492492675781,7180600.0,Yahoo Finance,2026-09-21T04:37:35+00:00,2025-12-18
2024-12-09,XLP,78.47090148925781,11614000.0,Yahoo Finance,2026-09-21T04:37:35+00:00,2025-12-18
2024-12-10,XLP,78.84298706054688,8497200.0,Yahoo Finance,2026-09-21T04:37:35+00:00,2025-12-18
2024-12-11,XLP,78.24192810058594,9046100.0,Yahoo Finance,2026-09-21T04:37:35+00:00,2025-12-18
2024-12-12,XLP,78.47090148925781,5410800.0,Yahoo Finance,2026-09-21T04:37:35+00:00,2025-12-18
2024-12-13,XLP,78.27054595947266,8154300.0,Yahoo Finance,2026-09-21T04:37:35+00:00,2025-12-18
2024-12-16,XLP,77.86029815673828,6495000.0,Yahoo Finance,2026-09-21T04:37:35+00:00,2025-12-18
2024-12-17,XLP,77.72673797607422,8535900.0,Yahoo Finance,2026-09-21T04:37:35+00:00,2025-12-18
2024-12-18,XLP,76.54371643066406,17223000.0,Yahoo Finance,2026-09-21T04:37:35+00:00,2025-12-18
2024-12-19,XLP,75.9999008178711,15778400.0,Yahoo Finance,2026-09-21T04:37:35+00:00,2025-12-18
2024-12-20,XLP,76.26703643798828,11035400.0,Yahoo Finance,2026-09-21T04:37:35+00:00,2025-12-18
2024-12-23,XLP,75.86520385742188,11469000.0,Yahoo Finance,2026-09-21T04:37:35+00:00,2025-12-18
2024-12-24,XLP,76.3650894165039,3932600.0,Yahoo Finance,2026-09-21T04:37:35+00:00,2025-12-18
2024-12-26,XLP,76.60540771484375,4253700.0,Yahoo Finance,2026-09-21T04:37:35+00:00,2025-12-18
2024-12-27,XLP,76.23050689697266,6601700.0,Yahoo Finance,2026-09-21T04:37:35+00:00,2025-12-18
2024-12-30,XLP,75.33650207519531,7249300.0,Yahoo Finance,2026-09-21T04:37:35+00:00,2025-12-18
2024-12-31,XLP,75.56721496582031,6125500.0,Yahoo Finance,2026-09-21T04:37:35+00:00,2025-12-18
2025-01-02,XLP,75.33650207519531,9321800.0,Yahoo Finance,2026-09-21T04:37:35+00:00,2025-12-18
2025-01-03,XLP,75.29805755615234,6991300.0,Yahoo Finance,2026-09-21T04:37:35+00:00,2025-12-18
2025-01-06,XLP,74.5097885131836,9275700.0,Yahoo Finance,2026-09-21T04:37:35+00:00,2025-12-18
2025-01-07,XLP,74.25025177001953,11112800.0,Yahoo Finance,2026-09-21T04:37:35+00:00,2025-12-18
2025-01-08,XLP,74.38481903076172,9277400.0,Yahoo Finance,2026-09-21T04:37:35+00:00,2025-12-18
2025-01-10,XLP,73.38507080078125,13943200.0,Yahoo Finance,2026-09-21T04:37:35+00:00,2025-12-18
2025-01-13,XLP,73.51004791259766,9490900.0,Yahoo Finance,2026-09-21T04:37:35+00:00,2025-12-18
2025-01-14,XLP,73.5292739868164,7763700.0,Yahoo Finance,2026-09-21T04:37:35+00:00,2025-12-18
2025-01-15,XLP,73.27934265136719,11426800.0,Yahoo Finance,2026-09-21T04:37:35+00:00,2025-12-18
2025-01-16,XLP,73.82727813720703,11223400.0,Yahoo Finance,2026-09-21T04:37:35+00:00,2025-12-18
2025-01-17,XLP,74.25025177001953,10524800.0,Yahoo Finance,2026-09-21T04:37:35+00:00,2025-12-18
2025-01-21,XLP,74.5963134765625,8849500.0,Yahoo Finance,2026-09-21T04:37:35+00:00,2025-12-18
2025-01-22,XLP,74.23101806640625,8357500.0,Yahoo Finance,2026-09-21T04:37:35+00:00,2025-12-18
2025-01-23,XLP,74.50018310546875,7562500.0,Yahoo Finance,2026-09-21T04:37:35+00:00,2025-12-18
2025-01-24,XLP,74.88468933105469,6685300.0,Yahoo Finance,2026-09-21T04:37:35+00:00,2025-12-18
2025-01-27,XLP,76.91302490234375,17519900.0,Yahoo Finance,2026-09-21T04:37:35+00:00,2025-12-18
2025-01-28,XLP,75.71141052246094,11664900.0,Yahoo Finance,2026-09-21T04:37:35+00:00,2025-12-18
2025-01-29,XLP,75.89404296875,10195100.0,Yahoo Finance,2026-09-21T04:37:35+00:00,2025-12-18
2025-01-30,XLP,76.64385986328125,8192000.0,Yahoo Finance,2026-09-21T04:37:35+00:00,2025-12-18
2025-01-31,XLP,75.92288970947266,10269000.0,Yahoo Finance,2026-09-21T04:37:35+00:00,2025-12-18
2025-02-03,XLP,76.22087860107422,13340800.0,Yahoo Finance,2026-09-21T04:37:35+00:00,2025-12-18
2025-02-04,XLP,75.57682800292969,9307500.0,Yahoo Finance,2026-09-21T04:37:35+00:00,2025-12-18
2025-02-05,XLP,76.04785919189453,8847800.0,Yahoo Finance,2026-09-21T04:37:35+00:00,2025-12-18
2025-02-06,XLP,76.3939208984375,9846300.0,Yahoo Finance,2026-09-21T04:37:35+00:00,2025-12-18
2025-02-07,XLP,76.27857971191406,8104000.0,Yahoo Finance,2026-09-21T04:37:35+00:00,2025-12-18
2025-02-10,XLP,76.74960327148438,7949600.0,Yahoo Finance,2026-09-21T04:37:35+00:00,2025-12-18
2025-02-11,XLP,77.48979187011719,9157100.0,Yahoo Finance,2026-09-21T04:37:35+00:00,2025-12-18
2025-02-12,XLP,77.43212127685547,10564000.0,Yahoo Finance,2026-09-21T04:37:35+00:00,2025-12-18
2025-02-13,XLP,78.26844024658203,10132300.0,Yahoo Finance,2026-09-21T04:37:35+00:00,2025-12-18
2025-02-14,XLP,77.48979187011719,10470300.0,Yahoo Finance,2026-09-21T04:37:35+00:00,2025-12-18
2025-02-18,XLP,77.76856994628906,10432400.0,Yahoo Finance,2026-09-21T04:37:35+00:00,2025-12-18
2025-02-19,XLP,78.39341735839844,6450800.0,Yahoo Finance,2026-09-21T04:37:35+00:00,2025-12-18
2025-02-20,XLP,78.08580017089844,14264000.0,Yahoo Finance,2026-09-21T04:37:35+00:00,2025-12-18
2025-02-21,XLP,78.9990234375,18203300.0,Yahoo Finance,2026-09-21T04:37:35+00:00,2025-12-18
2025-02-24,XLP,79.23934936523438,14114200.0,Yahoo Finance,2026-09-21T04:37:35+00:00,2025-12-18
2025-02-25,XLP,80.36406707763672,18198000.0,Yahoo Finance,2026-09-21T04:37:35+00:00,2025-12-18
2025-02-26,XLP,78.82599639892578,19969500.0,Yahoo Finance,2026-09-21T04:37:35+00:00,2025-12-18
2025-02-27,XLP,78.8163833618164,16613700.0,Yahoo Finance,2026-09-21T04:37:35+00:00,2025-12-18
2025-02-28,XLP,79.86419677734375,15163900.0,Yahoo Finance,2026-09-21T04:37:35+00:00,2025-12-18
2025-03-03,XLP,80.28715515136719,18918900.0,Yahoo Finance,2026-09-21T04:37:35+00:00,2025-12-18
2025-03-04,XLP,78.922119140625,21845600.0,Yahoo Finance,2026-09-21T04:37:35+00:00,2025-12-18
2025-03-05,XLP,79.24896240234375,13772700.0,Yahoo Finance,2026-09-21T04:37:35+00:00,2025-12-18
2025-03-06,XLP,79.39315795898438,13729400.0,Yahoo Finance,2026-09-21T04:37:35+00:00,2025-12-18
2025-03-07,XLP,79.6527099609375,19631100.0,Yahoo Finance,2026-09-21T04:37:35+00:00,2025-12-18
2025-03-10,XLP,79.47967529296875,27412700.0,Yahoo Finance,2026-09-21T04:37:35+00:00,2025-12-18
2025-03-11,XLP,78.31651306152344,27913700.0,Yahoo Finance,2026-09-21T04:37:35+00:00,2025-12-18
2025-03-12,XLP,76.61502838134766,22000500.0,Yahoo Finance,2026-09-21T04:37:35+00:00,2025-12-18
2025-03-13,XLP,76.25933837890625,18077400.0,Yahoo Finance,2026-09-21T04:37:35+00:00,2025-12-18
2025-03-14,XLP,76.432373046875,10251300.0,Yahoo Finance,2026-09-21T04:37:35+00:00,2025-12-18
2025-03-17,XLP,77.54747009277344,12470000.0,Yahoo Finance,2026-09-21T04:37:35+00:00,2025-12-18
2025-03-18,XLP,76.6630859375,9461100.0,Yahoo Finance,2026-09-21T04:37:35+00:00,2025-12-18
2025-03-19,XLP,76.6630859375,12042700.0,Yahoo Finance,2026-09-21T04:37:35+00:00,2025-12-18
2025-03-20,XLP,76.2881851196289,10954500.0,Yahoo Finance,2026-09-21T04:37:35+00:00,2025-12-18
2025-03-21,XLP,76.25933837890625,11926200.0,Yahoo Finance,2026-09-21T04:37:35+00:00,2025-12-18
2025-03-24,XLP,76.7309341430664,9586600.0,Yahoo Finance,2026-09-21T04:37:35+00:00,2025-12-18
2025-03-25,XLP,76.03514099121094,12703200.0,Yahoo Finance,2026-09-21T04:37:35+00:00,2025-12-18
2025-03-26,XLP,77.21412658691406,11491900.0,Yahoo Finance,2026-09-21T04:37:35+00:00,2025-12-18
2025-03-27,XLP,78.0935287475586,9253000.0,Yahoo Finance,2026-09-21T04:37:35+00:00,2025-12-18
2025-03-28,XLP,77.70699310302734,12493200.0,Yahoo Finance,2026-09-21T04:37:35+00:00,2025-12-18
2025-03-31,XLP,78.92462921142578,14299100.0,Yahoo Finance,2026-09-21T04:37:35+00:00,2025-12-18
2025-04-01,XLP,79.04058837890625,11201000.0,Yahoo Finance,2026-09-21T04:37:35+00:00,2025-12-18
2025-04-02,XLP,78.80867004394531,9219000.0,Yahoo Finance,2026-09-21T04:37:35+00:00,2025-12-18
2025-04-03,XLP,79.26286315917969,20746100.0,Yahoo Finance,2026-09-21T04:37:35+00:00,2025-12-18
2025-04-04,XLP,75.8225326538086,35619500.0,Yahoo Finance,2026-09-21T04:37:35+00:00,2025-12-18
2025-04-07,XLP,74.94312286376953,45133500.0,Yahoo Finance,2026-09-21T04:37:35+00:00,2025-12-18
2025-04-08,XLP,73.7834701538086,26842500.0,Yahoo Finance,2026-09-21T04:37:35+00:00,2025-12-18
2025-04-09,XLP,76.64395904541016,39358900.0,Yahoo Finance,2026-09-21T04:37:35+00:00,2025-12-18
2025-04-10,XLP,76.6826171875,25968000.0,Yahoo Finance,2026-09-21T04:37:35+00:00,2025-12-18
2025-04-11,XLP,77.64900207519531,19009500.0,Yahoo Finance,2026-09-21T04:37:35+00:00,2025-12-18
2025-04-14,XLP,78.97295379638672,12388100.0,Yahoo Finance,2026-09-21T04:37:35+00:00,2025-12-18
2025-04-15,XLP,78.30614471435547,8920200.0,Yahoo Finance,2026-09-21T04:37:35+00:00,2025-12-18
2025-04-16,XLP,77.46540069580078,13657300.0,Yahoo Finance,2026-09-21T04:37:35+00:00,2025-12-18
2025-04-17,XLP,79.11791229248047,13663600.0,Yahoo Finance,2026-09-21T04:37:35+00:00,2025-12-18
2025-04-21,XLP,78.3641357421875,13804400.0,Yahoo Finance,2026-09-21T04:37:35+00:00,2025-12-18
2025-04-22,XLP,79.4754638671875,11258800.0,Yahoo Finance,2026-09-21T04:37:35+00:00,2025-12-18
2025-04-23,XLP,79.02127075195312,17717300.0,Yahoo Finance,2026-09-21T04:37:35+00:00,2025-12-18
2025-04-24,XLP,78.32547760009766,12480700.0,Yahoo Finance,2026-09-21T04:37:35+00:00,2025-12-18
2025-04-25,XLP,78.12252807617188,14378000.0,Yahoo Finance,2026-09-21T04:37:35+00:00,2025-12-18
2025-04-28,XLP,77.86160278320312,12088900.0,Yahoo Finance,2026-09-21T04:37:35+00:00,2025-12-18
2025-04-29,XLP,78.50907897949219,10065700.0,Yahoo Finance,2026-09-21T04:37:35+00:00,2025-12-18
2025-04-30,XLP,79.07925415039062,10565800.0,Yahoo Finance,2026-09-21T04:37:35+00:00,2025-12-18
2025-05-01,XLP,78.39311218261719,13203000.0,Yahoo Finance,2026-09-21T04:37:35+00:00,2025-12-18
2025-05-02,XLP,78.81832885742188,14859700.0,Yahoo Finance,2026-09-21T04:37:35+00:00,2025-12-18
2025-05-05,XLP,78.75067901611328,10236300.0,Yahoo Finance,2026-09-21T04:37:35+00:00,2025-12-18
2025-05-06,XLP,78.61538696289062,10506300.0,Yahoo Finance,2026-09-21T04:37:35+00:00,2025-12-18
2025-05-07,XLP,78.74102020263672,10474900.0,Yahoo Finance,2026-09-21T04:37:35+00:00,2025-12-18
2025-05-08,XLP,78.6443862915039,11018500.0,Yahoo Finance,2026-09-21T04:37:35+00:00,2025-12-18
2025-05-09,XLP,78.19017791748047,9231500.0,Yahoo Finance,2026-09-21T04:37:35+00:00,2025-12-18
2025-05-12,XLP,78.30614471435547,18914800.0,Yahoo Finance,2026-09-21T04:37:35+00:00,2025-12-18
2025-05-13,XLP,77.2527847290039,13148500.0,Yahoo Finance,2026-09-21T04:37:35+00:00,2025-12-18
2025-05-14,XLP,76.83724212646484,10352000.0,Yahoo Finance,2026-09-21T04:37:35+00:00,2025-12-18
2025-05-15,XLP,78.41244506835938,13370000.0,Yahoo Finance,2026-09-21T04:37:35+00:00,2025-12-18
2025-05-16,XLP,79.3111801147461,11973300.0,Yahoo Finance,2026-09-21T04:37:35+00:00,2025-12-18
2025-05-19,XLP,79.54312133789062,13601400.0,Yahoo Finance,2026-09-21T04:37:35+00:00,2025-12-18
2025-05-20,XLP,79.82337188720703,12719300.0,Yahoo Finance,2026-09-21T04:37:35+00:00,2025-12-18
2025-05-21,XLP,78.89563751220703,10989100.0,Yahoo Finance,2026-09-21T04:37:35+00:00,2025-12-18
2025-05-22,XLP,78.56707000732422,11871600.0,Yahoo Finance,2026-09-21T04:37:35+00:00,2025-12-18
2025-05-23,XLP,78.85697937011719,10693100.0,Yahoo Finance,2026-09-21T04:37:35+00:00,2025-12-18
2025-05-27,XLP,79.57210540771484,14433600.0,Yahoo Finance,2026-09-21T04:37:35+00:00,2025-12-18
2025-05-28,XLP,79.03092193603516,9963800.0,Yahoo Finance,2026-09-21T04:37:35+00:00,2025-12-18
2025-05-29,XLP,79.34983825683594,13321300.0,Yahoo Finance,2026-09-21T04:37:35+00:00,2025-12-18
2025-05-30,XLP,80.0456314086914,17778900.0,Yahoo Finance,2026-09-21T04:37:35+00:00,2025-12-18
2025-06-02,XLP,80.09395599365234,15827900.0,Yahoo Finance,2026-09-21T04:37:35+00:00,2025-12-18
2025-06-03,XLP,80.01664733886719,13265600.0,Yahoo Finance,2026-09-21T04:37:35+00:00,2025-12-18
2025-06-04,XLP,79.45614624023438,10804100.0,Yahoo Finance,2026-09-21T04:37:35+00:00,2025-12-18
2025-06-05,XLP,78.69269561767578,16474500.0,Yahoo Finance,2026-09-21T04:37:35+00:00,2025-12-18
2025-06-06,XLP,78.94396209716797,10948900.0,Yahoo Finance,2026-09-21T04:37:35+00:00,2025-12-18
2025-06-09,XLP,78.83765411376953,13027300.0,Yahoo Finance,2026-09-21T04:37:35+00:00,2025-12-18
2025-06-10,XLP,79.01161193847656,12364900.0,Yahoo Finance,2026-09-21T04:37:35+00:00,2025-12-18
2025-06-11,XLP,78.74102020263672,11204000.0,Yahoo Finance,2026-09-21T04:37:35+00:00,2025-12-18
2025-06-12,XLP,79.20487976074219,10709900.0,Yahoo Finance,2026-09-21T04:37:35+00:00,2025-12-18
2025-06-13,XLP,78.2385025024414,15635100.0,Yahoo Finance,2026-09-21T04:37:35+00:00,2025-12-18
2025-06-16,XLP,78.48976135253906,12728200.0,Yahoo Finance,2026-09-21T04:37:35+00:00,2025-12-18
2025-06-17,XLP,77.82294464111328,15059900.0,Yahoo Finance,2026-09-21T04:37:35+00:00,2025-12-18
2025-06-18,XLP,77.726318359375,11117700.0,Yahoo Finance,2026-09-21T04:37:35+00:00,2025-12-18
2025-06-20,XLP,78.29647827148438,16771500.0,Yahoo Finance,2026-09-21T04:37:35+00:00,2025-12-18
2025-06-23,XLP,79.20333099365234,17771400.0,Yahoo Finance,2026-09-21T04:37:35+00:00,2025-12-18
2025-06-24,XLP,79.13522338867188,12580900.0,Yahoo Finance,2026-09-21T04:37:35+00:00,2025-12-18
2025-06-25,XLP,78.07462310791016,12880400.0,Yahoo Finance,2026-09-21T04:37:35+00:00,2025-12-18
2025-06-26,XLP,78.00651550292969,13783200.0,Yahoo Finance,2026-09-21T04:37:35+00:00,2025-12-18
2025-06-27,XLP,78.37626647949219,15135300.0,Yahoo Finance,2026-09-21T04:37:35+00:00,2025-12-18
2025-06-30,XLP,78.78492736816406,12080000.0,Yahoo Finance,2026-09-21T04:37:35+00:00,2025-12-18
2025-07-01,XLP,79.76768493652344,23302100.0,Yahoo Finance,2026-09-21T04:37:35+00:00,2025-12-18
2025-07-02,XLP,80.0011978149414,16429100.0,Yahoo Finance,2026-09-21T04:37:35+00:00,2025-12-18
2025-07-03,XLP,79.9622802734375,10898400.0,Yahoo Finance,2026-09-21T04:37:35+00:00,2025-12-18
2025-07-07,XLP,79.89417266845703,14365100.0,Yahoo Finance,2026-09-21T04:37:35+00:00,2025-12-18
2025-07-08,XLP,79.15467834472656,15712800.0,Yahoo Finance,2026-09-21T04:37:35+00:00,2025-12-18
2025-07-09,XLP,78.63898468017578,22179000.0,Yahoo Finance,2026-09-21T04:37:35+00:00,2025-12-18
2025-07-10,XLP,78.92115020751953,16687900.0,Yahoo Finance,2026-09-21T04:37:35+00:00,2025-12-18
2025-07-11,XLP,78.62924194335938,16936700.0,Yahoo Finance,2026-09-21T04:37:35+00:00,2025-12-18
2025-07-14,XLP,78.69735717773438,13694000.0,Yahoo Finance,2026-09-21T04:37:35+00:00,2025-12-18
2025-07-15,XLP,77.90921783447266,17681600.0,Yahoo Finance,2026-09-21T04:37:35+00:00,2025-12-18
2025-07-16,XLP,78.1816635131836,15633600.0,Yahoo Finance,2026-09-21T04:37:35+00:00,2025-12-18
2025-07-17,XLP,78.92115020751953,17079000.0,Yahoo Finance,2026-09-21T04:37:35+00:00,2025-12-18
2025-07-18,XLP,78.70709228515625,12755000.0,Yahoo Finance,2026-09-21T04:37:35+00:00,2025-12-18
2025-07-21,XLP,78.69735717773438,13430900.0,Yahoo Finance,2026-09-21T04:37:35+00:00,2025-12-18
2025-07-22,XLP,79.41739654541016,20413700.0,Yahoo Finance,2026-09-21T04:37:35+00:00,2025-12-18
2025-07-23,XLP,79.44657897949219,13808900.0,Yahoo Finance,2026-09-21T04:37:35+00:00,2025-12-18
2025-07-24,XLP,79.1644058227539,11462600.0,Yahoo Finance,2026-09-21T04:37:35+00:00,2025-12-18
2025-07-25,XLP,79.30062866210938,9284900.0,Yahoo Finance,2026-09-21T04:37:35+00:00,2025-12-18
2025-07-28,XLP,78.4832992553711,12113200.0,Yahoo Finance,2026-09-21T04:37:35+00:00,2025-12-18
2025-07-29,XLP,78.99899291992188,18872900.0,Yahoo Finance,2026-09-21T04:37:35+00:00,2025-12-18
2025-07-30,XLP,78.29843139648438,16485500.0,Yahoo Finance,2026-09-21T04:37:35+00:00,2025-12-18
2025-07-31,XLP,77.62704467773438,18339700.0,Yahoo Finance,2026-09-21T04:37:35+00:00,2025-12-18
2025-08-01,XLP,77.99679565429688,28529200.0,Yahoo Finance,2026-09-21T04:37:35+00:00,2025-12-18
2025-08-04,XLP,78.37626647949219,14441900.0,Yahoo Finance,2026-09-21T04:37:35+00:00,2025-12-18
2025-08-05,XLP,78.29843139648438,15062900.0,Yahoo Finance,2026-09-21T04:37:35+00:00,2025-12-18
2025-08-06,XLP,79.41739654541016,16043200.0,Yahoo Finance,2026-09-21T04:37:35+00:00,2025-12-18
2025-08-07,XLP,80.02066040039062,15984100.0,Yahoo Finance,2026-09-21T04:37:35+00:00,2025-12-18
2025-08-08,XLP,80.25418090820312,14135200.0,Yahoo Finance,2026-09-21T04:37:35+00:00,2025-12-18
2025-08-11,XLP,80.18607330322266,12970500.0,Yahoo Finance,2026-09-21T04:37:35+00:00,2025-12-18
2025-08-12,XLP,80.40013885498047,16449500.0,Yahoo Finance,2026-09-21T04:37:35+00:00,2025-12-18
2025-08-13,XLP,80.40013885498047,17683900.0,Yahoo Finance,2026-09-21T04:37:35+00:00,2025-12-18
2025-08-14,XLP,79.68010711669922,12826500.0,Yahoo Finance,2026-09-21T04:37:35+00:00,2025-12-18
2025-08-15,XLP,79.80659484863281,12217700.0,Yahoo Finance,2026-09-21T04:37:35+00:00,2025-12-18
2025-08-18,XLP,79.69956970214844,11892100.0,Yahoo Finance,2026-09-21T04:37:35+00:00,2025-12-18
2025-08-19,XLP,80.51689910888672,13215600.0,Yahoo Finance,2026-09-21T04:37:35+00:00,2025-12-18
2025-08-20,XLP,80.97421264648438,24835800.0,Yahoo Finance,2026-09-21T04:37:35+00:00,2025-12-18
2025-08-21,XLP,80.24445343017578,18125200.0,Yahoo Finance,2026-09-21T04:37:35+00:00,2025-12-18
2025-08-22,XLP,80.24445343017578,16491500.0,Yahoo Finance,2026-09-21T04:37:35+00:00,2025-12-18
2025-08-25,XLP,78.87250518798828,20490600.0,Yahoo Finance,2026-09-21T04:37:35+00:00,2025-12-18
2025-08-26,XLP,78.35679626464844,17724000.0,Yahoo Finance,2026-09-21T04:37:35+00:00,2025-12-18
2025-08-27,XLP,78.59033203125,11764700.0,Yahoo Finance,2026-09-21T04:37:35+00:00,2025-12-18
2025-08-28,XLP,78.09410095214844,14505000.0,Yahoo Finance,2026-09-21T04:37:35+00:00,2025-12-18
2025-08-29,XLP,78.60006713867188,15675800.0,Yahoo Finance,2026-09-21T04:37:35+00:00,2025-12-18
2025-09-02,XLP,78.47357940673828,16662400.0,Yahoo Finance,2026-09-21T04:37:35+00:00,2025-12-18
2025-09-03,XLP,78.41517639160156,14723100.0,Yahoo Finance,2026-09-21T04:37:35+00:00,2025-12-18
2025-09-04,XLP,78.46383666992188,12717400.0,Yahoo Finance,2026-09-21T04:37:35+00:00,2025-12-18
2025-09-05,XLP,78.6876220703125,20657300.0,Yahoo Finance,2026-09-21T04:37:35+00:00,2025-12-18
2025-09-08,XLP,78.39572143554688,18019800.0,Yahoo Finance,2026-09-21T04:37:35+00:00,2025-12-18
2025-09-09,XLP,78.5514144897461,13459600.0,Yahoo Finance,2026-09-21T04:37:35+00:00,2025-12-18
2025-09-10,XLP,77.78273010253906,19041800.0,Yahoo Finance,2026-09-21T04:37:35+00:00,2025-12-18
2025-09-11,XLP,78.41517639160156,16717500.0,Yahoo Finance,2026-09-21T04:37:35+00:00,2025-12-18
2025-09-12,XLP,78.15247344970703,10261000.0,Yahoo Finance,2026-09-21T04:37:35+00:00,2025-12-18
2025-09-15,XLP,77.2573013305664,14871900.0,Yahoo Finance,2026-09-21T04:37:35+00:00,2025-12-18
2025-09-16,XLP,77.60758972167969,16171000.0,Yahoo Finance,2026-09-21T04:37:35+00:00,2025-12-18
2025-09-17,XLP,78.07462310791016,14408700.0,Yahoo Finance,2026-09-21T04:37:35+00:00,2025-12-18
2025-09-18,XLP,77.39351654052734,21046100.0,Yahoo Finance,2026-09-21T04:37:35+00:00,2025-12-18
2025-09-19,XLP,77.23783874511719,13348900.0,Yahoo Finance,2026-09-21T04:37:35+00:00,2025-12-18
2025-09-22,XLP,76.37669372558594,11993700.0,Yahoo Finance,2026-09-21T04:37:35+00:00,2025-12-18
2025-09-23,XLP,76.7587661743164,9703700.0,Yahoo Finance,2026-09-21T04:37:35+00:00,2025-12-18
2025-09-24,XLP,76.9253158569336,10634100.0,Yahoo Finance,2026-09-21T04:37:35+00:00,2025-12-18
2025-09-25,XLP,76.19054412841797,12046100.0,Yahoo Finance,2026-09-21T04:37:35+00:00,2025-12-18
2025-09-26,XLP,76.37669372558594,11547800.0,Yahoo Finance,2026-09-21T04:37:35+00:00,2025-12-18
2025-09-29,XLP,76.52364349365234,11490300.0,Yahoo Finance,2026-09-21T04:37:35+00:00,2025-12-18
2025-09-30,XLP,76.77836608886719,12306100.0,Yahoo Finance,2026-09-21T04:37:35+00:00,2025-12-18
2025-10-01,XLP,76.66080474853516,10125300.0,Yahoo Finance,2026-09-21T04:37:35+00:00,2025-12-18
2025-10-02,XLP,76.35710144042969,8422100.0,Yahoo Finance,2026-09-21T04:37:35+00:00,2025-12-18
2025-10-03,XLP,76.44525909423828,8426600.0,Yahoo Finance,2026-09-21T04:37:35+00:00,2025-12-18
2025-10-06,XLP,75.88684844970703,10740000.0,Yahoo Finance,2026-09-21T04:37:35+00:00,2025-12-18
2025-10-07,XLP,76.59222412109375,12084200.0,Yahoo Finance,2026-09-21T04:37:35+00:00,2025-12-18
2025-10-08,XLP,76.21014404296875,9503000.0,Yahoo Finance,2026-09-21T04:37:35+00:00,2025-12-18
2025-10-09,XLP,76.45506286621094,9315600.0,Yahoo Finance,2026-09-21T04:37:35+00:00,2025-12-18
2025-10-10,XLP,76.51383972167969,20763500.0,Yahoo Finance,2026-09-21T04:37:35+00:00,2025-12-18
2025-10-13,XLP,76.25912475585938,12692100.0,Yahoo Finance,2026-09-21T04:37:35+00:00,2025-12-18
2025-10-14,XLP,77.48373413085938,12884100.0,Yahoo Finance,2026-09-21T04:37:35+00:00,2025-12-18
2025-10-15,XLP,77.62089538574219,9111200.0,Yahoo Finance,2026-09-21T04:37:35+00:00,2025-12-18
2025-10-16,XLP,77.08206939697266,13600000.0,Yahoo Finance,2026-09-21T04:37:35+00:00,2025-12-18
2025-10-17,XLP,78.11074829101562,13983900.0,Yahoo Finance,2026-09-21T04:37:35+00:00,2025-12-18
2025-10-20,XLP,78.04216766357422,13002500.0,Yahoo Finance,2026-09-21T04:37:35+00:00,2025-12-18
2025-10-21,XLP,77.67967224121094,17471400.0,Yahoo Finance,2026-09-21T04:37:35+00:00,2025-12-18
2025-10-22,XLP,78.12054443359375,13294700.0,Yahoo Finance,2026-09-21T04:37:35+00:00,2025-12-18
2025-10-23,XLP,77.73846435546875,10809500.0,Yahoo Finance,2026-09-21T04:37:35+00:00,2025-12-18
2025-10-24,XLP,77.48373413085938,12735500.0,Yahoo Finance,2026-09-21T04:37:35+00:00,2025-12-18
2025-10-27,XLP,77.61109924316406,13984700.0,Yahoo Finance,2026-09-21T04:37:35+00:00,2025-12-18
2025-10-28,XLP,76.83714294433594,8927500.0,Yahoo Finance,2026-09-21T04:37:35+00:00,2025-12-18
2025-10-29,XLP,75.02471923828125,19894100.0,Yahoo Finance,2026-09-21T04:37:35+00:00,2025-12-18
2025-10-30,XLP,74.94634246826172,17364800.0,Yahoo Finance,2026-09-21T04:37:35+00:00,2025-12-18
2025-10-31,XLP,74.7308120727539,14658200.0,Yahoo Finance,2026-09-21T04:37:35+00:00,2025-12-18
2025-11-03,XLP,74.14299774169922,16185500.0,Yahoo Finance,2026-09-21T04:37:35+00:00,2025-12-18
2025-11-04,XLP,74.44670104980469,18147000.0,Yahoo Finance,2026-09-21T04:37:35+00:00,2025-12-18
2025-11-05,XLP,74.39772033691406,15782900.0,Yahoo Finance,2026-09-21T04:37:35+00:00,2025-12-18
2025-11-06,XLP,74.06462097167969,15452200.0,Yahoo Finance,2026-09-21T04:37:35+00:00,2025-12-18
2025-11-07,XLP,75.15206909179688,16959500.0,Yahoo Finance,2026-09-21T04:37:35+00:00,2025-12-18
2025-11-10,XLP,74.87776184082031,16805900.0,Yahoo Finance,2026-09-21T04:37:35+00:00,2025-12-18
2025-11-11,XLP,75.85746002197266,19801200.0,Yahoo Finance,2026-09-21T04:37:35+00:00,2025-12-18
2025-11-12,XLP,75.74969482421875,10978200.0,Yahoo Finance,2026-09-21T04:37:35+00:00,2025-12-18
2025-11-13,XLP,75.74969482421875,15370800.0,Yahoo Finance,2026-09-21T04:37:35+00:00,2025-12-18
2025-11-14,XLP,75.69091033935547,13138200.0,Yahoo Finance,2026-09-21T04:37:35+00:00,2025-12-18
2025-11-17,XLP,75.21086120605469,13887100.0,Yahoo Finance,2026-09-21T04:37:35+00:00,2025-12-18
2025-11-18,XLP,75.5341567993164,16840000.0,Yahoo Finance,2026-09-21T04:37:35+00:00,2025-12-18
2025-11-19,XLP,74.95613861083984,15122100.0,Yahoo Finance,2026-09-21T04:37:35+00:00,2025-12-18
2025-11-20,XLP,75.49496459960938,21590200.0,Yahoo Finance,2026-09-21T04:37:35+00:00,2025-12-18
2025-11-21,XLP,76.31790924072266,22216000.0,Yahoo Finance,2026-09-21T04:37:35+00:00,2025-12-18
2025-11-24,XLP,75.43619537353516,17869400.0,Yahoo Finance,2026-09-21T04:37:35+00:00,2025-12-18
2025-11-25,XLP,76.47466278076172,18586300.0,Yahoo Finance,2026-09-21T04:37:35+00:00,2025-12-18
2025-11-26,XLP,77.3073959350586,13275100.0,Yahoo Finance,2026-09-21T04:37:35+00:00,2025-12-18
2025-11-28,XLP,77.758056640625,8914300.0,Yahoo Finance,2026-09-21T04:37:35+00:00,2025-12-18
2025-12-01,XLP,77.67967224121094,16939900.0,Yahoo Finance,2026-09-21T04:37:35+00:00,2025-12-18
2025-12-02,XLP,77.17023468017578,20551000.0,Yahoo Finance,2026-09-21T04:37:35+00:00,2025-12-18
2025-12-03,XLP,77.2290267944336,16832900.0,Yahoo Finance,2026-09-21T04:37:35+00:00,2025-12-18
2025-12-04,XLP,76.85673522949219,14269500.0,Yahoo Finance,2026-09-21T04:37:35+00:00,2025-12-18
2025-12-05,XLP,76.86653137207031,13343200.0,Yahoo Finance,2026-09-21T04:37:35+00:00,2025-12-18
2025-12-08,XLP,76.229736328125,14602000.0,Yahoo Finance,2026-09-21T04:37:35+00:00,2025-12-18
2025-12-09,XLP,76.40608215332031,14040200.0,Yahoo Finance,2026-09-21T04:37:35+00:00,2025-12-18
2025-12-10,XLP,76.63141632080078,13945300.0,Yahoo Finance,2026-09-21T04:37:35+00:00,2025-12-18
2025-12-11,XLP,77.19963073730469,13753800.0,Yahoo Finance,2026-09-21T04:37:35+00:00,2025-12-18
2025-12-12,XLP,77.80703735351562,14506900.0,Yahoo Finance,2026-09-21T04:37:35+00:00,2025-12-18
2025-12-15,XLP,78.02256774902344,14499400.0,Yahoo Finance,2026-09-21T04:37:35+00:00,2025-12-18
2025-12-16,XLP,77.66988372802734,13055300.0,Yahoo Finance,2026-09-21T04:37:35+00:00,2025-12-18
2025-12-17,XLP,78.0323715209961,14268400.0,Yahoo Finance,2026-09-21T04:37:35+00:00,2025-12-18
2025-12-18,XLP,77.58171081542969,12117100.0,Yahoo Finance,2026-09-21T04:37:35+00:00,2025-12-18
2024-11-13,XLRE,40.798091888427734,5095000.0,Yahoo Finance,2026-09-21T04:37:35+00:00,2025-12-18
2024-11-14,XLRE,40.4307975769043,4860400.0,Yahoo Finance,2026-09-21T04:37:35+00:00,2025-12-18
2024-11-15,XLRE,40.477882385253906,5875700.0,Yahoo Finance,2026-09-21T04:37:35+00:00,2025-12-18
2024-11-18,XLRE,40.83576202392578,3810800.0,Yahoo Finance,2026-09-21T04:37:35+00:00,2025-12-18
2024-11-19,XLRE,41.005287170410156,3693100.0,Yahoo Finance,2026-09-21T04:37:35+00:00,2025-12-18
2024-11-20,XLRE,40.939361572265625,3198700.0,Yahoo Finance,2026-09-21T04:37:35+00:00,2025-12-18
2024-11-21,XLRE,41.21247863769531,3070100.0,Yahoo Finance,2026-09-21T04:37:35+00:00,2025-12-18
2024-11-22,XLRE,41.52326583862305,3333900.0,Yahoo Finance,2026-09-21T04:37:35+00:00,2025-12-18
2024-11-25,XLRE,42.07891845703125,4625700.0,Yahoo Finance,2026-09-21T04:37:35+00:00,2025-12-18
2024-11-26,XLRE,42.28611755371094,3183800.0,Yahoo Finance,2026-09-21T04:37:35+00:00,2025-12-18
2024-11-27,XLRE,42.57806396484375,3531500.0,Yahoo Finance,2026-09-21T04:37:35+00:00,2025-12-18
2024-11-29,XLRE,42.380287170410156,3737500.0,Yahoo Finance,2026-09-21T04:37:35+00:00,2025-12-18
2024-12-02,XLRE,41.739871978759766,4837300.0,Yahoo Finance,2026-09-21T04:37:35+00:00,2025-12-18
2024-12-03,XLRE,41.49501419067383,4164900.0,Yahoo Finance,2026-09-21T04:37:35+00:00,2025-12-18
2024-12-04,XLRE,41.38199234008789,3315800.0,Yahoo Finance,2026-09-21T04:37:35+00:00,2025-12-18
2024-12-05,XLRE,41.27840042114258,2971300.0,Yahoo Finance,2026-09-21T04:37:35+00:00,2025-12-18
2024-12-06,XLRE,41.22189712524414,3624700.0,Yahoo Finance,2026-09-21T04:37:35+00:00,2025-12-18
2024-12-09,XLRE,41.30665588378906,5211000.0,Yahoo Finance,2026-09-21T04:37:35+00:00,2025-12-18
2024-12-10,XLRE,40.63799285888672,4090500.0,Yahoo Finance,2026-09-21T04:37:35+00:00,2025-12-18
2024-12-11,XLRE,40.53439712524414,4988900.0,Yahoo Finance,2026-09-21T04:37:35+00:00,2025-12-18
2024-12-12,XLRE,40.506141662597656,3418100.0,Yahoo Finance,2026-09-21T04:37:35+00:00,2025-12-18
2024-12-13,XLRE,40.33662033081055,3833300.0,Yahoo Finance,2026-09-21T04:37:35+00:00,2025-12-18
2024-12-16,XLRE,40.12942886352539,3642900.0,Yahoo Finance,2026-09-21T04:37:35+00:00,2025-12-18
2024-12-17,XLRE,39.95048904418945,5319100.0,Yahoo Finance,2026-09-21T04:37:35+00:00,2025-12-18
2024-12-18,XLRE,38.38712692260742,9802600.0,Yahoo Finance,2026-09-21T04:37:35+00:00,2025-12-18
2024-12-19,XLRE,37.72787857055664,8386500.0,Yahoo Finance,2026-09-21T04:37:35+00:00,2025-12-18
2024-12-20,XLRE,38.415382385253906,9792600.0,Yahoo Finance,2026-09-21T04:37:35+00:00,2025-12-18
2024-12-23,XLRE,38.590538024902344,6917200.0,Yahoo Finance,2026-09-21T04:37:35+00:00,2025-12-18
2024-12-24,XLRE,38.84754943847656,2812100.0,Yahoo Finance,2026-09-21T04:37:35+00:00,2025-12-18
2024-12-26,XLRE,38.904659271240234,4044800.0,Yahoo Finance,2026-09-21T04:37:35+00:00,2025-12-18
2024-12-27,XLRE,38.590538024902344,4588800.0,Yahoo Finance,2026-09-21T04:37:35+00:00,2025-12-18
2024-12-30,XLRE,38.409664154052734,4493500.0,Yahoo Finance,2026-09-21T04:37:35+00:00,2025-12-18
2024-12-31,XLRE,38.714271545410156,7590600.0,Yahoo Finance,2026-09-21T04:37:35+00:00,2025-12-18
2025-01-02,XLRE,38.35255813598633,9786400.0,Yahoo Finance,2026-09-21T04:37:35+00:00,2025-12-18
2025-01-03,XLRE,38.87610626220703,5128600.0,Yahoo Finance,2026-09-21T04:37:35+00:00,2025-12-18
2025-01-06,XLRE,38.3430290222168,5980200.0,Yahoo Finance,2026-09-21T04:37:35+00:00,2025-12-18
2025-01-07,XLRE,38.05746078491211,8867700.0,Yahoo Finance,2026-09-21T04:37:35+00:00,2025-12-18
2025-01-08,XLRE,38.21928024291992,6312800.0,Yahoo Finance,2026-09-21T04:37:35+00:00,2025-12-18
2025-01-10,XLRE,37.29593276977539,8343100.0,Yahoo Finance,2026-09-21T04:37:35+00:00,2025-12-18
2025-01-13,XLRE,37.77188491821289,5769300.0,Yahoo Finance,2026-09-21T04:37:35+00:00,2025-12-18
2025-01-14,XLRE,38.09553527832031,5022100.0,Yahoo Finance,2026-09-21T04:37:35+00:00,2025-12-18
2025-01-15,XLRE,38.257354736328125,6511000.0,Yahoo Finance,2026-09-21T04:37:35+00:00,2025-12-18
2025-01-16,XLRE,39.11408233642578,5600900.0,Yahoo Finance,2026-09-21T04:37:35+00:00,2025-12-18
2025-01-17,XLRE,39.10456848144531,4913400.0,Yahoo Finance,2026-09-21T04:37:35+00:00,2025-12-18
2025-01-21,XLRE,39.81849670410156,6105700.0,Yahoo Finance,2026-09-21T04:37:35+00:00,2025-12-18
2025-01-22,XLRE,39.123600006103516,5837100.0,Yahoo Finance,2026-09-21T04:37:35+00:00,2025-12-18
2025-01-23,XLRE,39.4377326965332,3916200.0,Yahoo Finance,2026-09-21T04:37:35+00:00,2025-12-18
2025-01-24,XLRE,39.55195999145508,4038800.0,Yahoo Finance,2026-09-21T04:37:35+00:00,2025-12-18
2025-01-27,XLRE,39.94224548339844,11135800.0,Yahoo Finance,2026-09-21T04:37:35+00:00,2025-12-18
2025-01-28,XLRE,39.45677185058594,4366300.0,Yahoo Finance,2026-09-21T04:37:35+00:00,2025-12-18
2025-01-29,XLRE,38.99985885620117,3945600.0,Yahoo Finance,2026-09-21T04:37:35+00:00,2025-12-18
2025-01-30,XLRE,39.513885498046875,4481500.0,Yahoo Finance,2026-09-21T04:37:35+00:00,2025-12-18
2025-01-31,XLRE,39.42821502685547,4730300.0,Yahoo Finance,2026-09-21T04:37:35+00:00,2025-12-18
2025-02-03,XLRE,39.36157989501953,7439600.0,Yahoo Finance,2026-09-21T04:37:35+00:00,2025-12-18
2025-02-04,XLRE,39.36157989501953,4559300.0,Yahoo Finance,2026-09-21T04:37:35+00:00,2025-12-18
2025-02-05,XLRE,39.98031997680664,4356900.0,Yahoo Finance,2026-09-21T04:37:35+00:00,2025-12-18
2025-02-06,XLRE,40.09455108642578,3680600.0,Yahoo Finance,2026-09-21T04:37:35+00:00,2025-12-18
2025-02-07,XLRE,39.95176696777344,5337100.0,Yahoo Finance,2026-09-21T04:37:35+00:00,2025-12-18
2025-02-10,XLRE,40.00887680053711,3907600.0,Yahoo Finance,2026-09-21T04:37:35+00:00,2025-12-18
2025-02-11,XLRE,40.227813720703125,3276300.0,Yahoo Finance,2026-09-21T04:37:35+00:00,2025-12-18
2025-02-12,XLRE,39.885135650634766,6834300.0,Yahoo Finance,2026-09-21T04:37:35+00:00,2025-12-18
2025-02-13,XLRE,40.19926071166992,7069100.0,Yahoo Finance,2026-09-21T04:37:35+00:00,2025-12-18
2025-02-14,XLRE,40.03743362426758,4528100.0,Yahoo Finance,2026-09-21T04:37:35+00:00,2025-12-18
2025-02-18,XLRE,40.18022155761719,5622200.0,Yahoo Finance,2026-09-21T04:37:35+00:00,2025-12-18
2025-02-19,XLRE,40.25637435913086,4405400.0,Yahoo Finance,2026-09-21T04:37:35+00:00,2025-12-18
2025-02-20,XLRE,40.53243637084961,3947300.0,Yahoo Finance,2026-09-21T04:37:35+00:00,2025-12-18
2025-02-21,XLRE,40.19926071166992,5072100.0,Yahoo Finance,2026-09-21T04:37:35+00:00,2025-12-18
2025-02-24,XLRE,40.380126953125,4435200.0,Yahoo Finance,2026-09-21T04:37:35+00:00,2025-12-18
2025-02-25,XLRE,40.8084831237793,5698200.0,Yahoo Finance,2026-09-21T04:37:35+00:00,2025-12-18
2025-02-26,XLRE,40.60858154296875,5472200.0,Yahoo Finance,2026-09-21T04:37:35+00:00,2025-12-18
2025-02-27,XLRE,40.789451599121094,4040600.0,Yahoo Finance,2026-09-21T04:37:35+00:00,2025-12-18
2025-02-28,XLRE,41.07502365112305,5771500.0,Yahoo Finance,2026-09-21T04:37:35+00:00,2025-12-18
2025-03-03,XLRE,41.4272346496582,9874300.0,Yahoo Finance,2026-09-21T04:37:35+00:00,2025-12-18
2025-03-04,XLRE,40.951271057128906,9765700.0,Yahoo Finance,2026-09-21T04:37:35+00:00,2025-12-18
2025-03-05,XLRE,41.332035064697266,5564100.0,Yahoo Finance,2026-09-21T04:37:35+00:00,2025-12-18
2025-03-06,XLRE,40.19926071166992,7954300.0,Yahoo Finance,2026-09-21T04:37:35+00:00,2025-12-18
2025-03-07,XLRE,40.42771911621094,7083600.0,Yahoo Finance,2026-09-21T04:37:35+00:00,2025-12-18
2025-03-10,XLRE,40.03743362426758,9447900.0,Yahoo Finance,2026-09-21T04:37:35+00:00,2025-12-18
2025-03-11,XLRE,39.61859130859375,7103500.0,Yahoo Finance,2026-09-21T04:37:35+00:00,2025-12-18
2025-03-12,XLRE,39.47581100463867,6013500.0,Yahoo Finance,2026-09-21T04:37:35+00:00,2025-12-18
2025-03-13,XLRE,38.70476150512695,6167200.0,Yahoo Finance,2026-09-21T04:37:35+00:00,2025-12-18
2025-03-14,XLRE,39.45677185058594,4548100.0,Yahoo Finance,2026-09-21T04:37:35+00:00,2025-12-18
2025-03-17,XLRE,40.151668548583984,4422800.0,Yahoo Finance,2026-09-21T04:37:35+00:00,2025-12-18
2025-03-18,XLRE,39.9041633605957,4860300.0,Yahoo Finance,2026-09-21T04:37:35+00:00,2025-12-18
2025-03-19,XLRE,39.95176696777344,3919100.0,Yahoo Finance,2026-09-21T04:37:35+00:00,2025-12-18
2025-03-20,XLRE,39.9041633605957,3452800.0,Yahoo Finance,2026-09-21T04:37:35+00:00,2025-12-18
2025-03-21,XLRE,39.513885498046875,6237900.0,Yahoo Finance,2026-09-21T04:37:35+00:00,2025-12-18
2025-03-24,XLRE,40.063777923583984,4457800.0,Yahoo Finance,2026-09-21T04:37:35+00:00,2025-12-18
2025-03-25,XLRE,39.58477783203125,4660800.0,Yahoo Finance,2026-09-21T04:37:35+00:00,2025-12-18
2025-03-26,XLRE,39.78595733642578,3717700.0,Yahoo Finance,2026-09-21T04:37:35+00:00,2025-12-18
2025-03-27,XLRE,39.69015884399414,3586700.0,Yahoo Finance,2026-09-21T04:37:35+00:00,2025-12-18
2025-03-28,XLRE,39.670997619628906,4905600.0,Yahoo Finance,2026-09-21T04:37:35+00:00,2025-12-18
2025-03-31,XLRE,40.0925178527832,7736800.0,Yahoo Finance,2026-09-21T04:37:35+00:00,2025-12-18
2025-04-01,XLRE,40.12126159667969,5903000.0,Yahoo Finance,2026-09-21T04:37:35+00:00,2025-12-18
2025-04-02,XLRE,40.3128662109375,4657000.0,Yahoo Finance,2026-09-21T04:37:35+00:00,2025-12-18
2025-04-03,XLRE,39.105777740478516,11584800.0,Yahoo Finance,2026-09-21T04:37:35+00:00,2025-12-18
2025-04-04,XLRE,37.32388687133789,15419700.0,Yahoo Finance,2026-09-21T04:37:35+00:00,2025-12-18
2025-04-07,XLRE,36.423362731933594,25297200.0,Yahoo Finance,2026-09-21T04:37:35+00:00,2025-12-18
2025-04-08,XLRE,35.5228385925293,16319500.0,Yahoo Finance,2026-09-21T04:37:35+00:00,2025-12-18
2025-04-09,XLRE,37.563385009765625,27138900.0,Yahoo Finance,2026-09-21T04:37:35+00:00,2025-12-18
2025-04-10,XLRE,36.76824951171875,19936700.0,Yahoo Finance,2026-09-21T04:37:35+00:00,2025-12-18
2025-04-11,XLRE,37.285560607910156,10742800.0,Yahoo Finance,2026-09-21T04:37:35+00:00,2025-12-18
2025-04-14,XLRE,38.10945129394531,6543600.0,Yahoo Finance,2026-09-21T04:37:35+00:00,2025-12-18
2025-04-15,XLRE,38.16693115234375,4272300.0,Yahoo Finance,2026-09-21T04:37:35+00:00,2025-12-18
2025-04-16,XLRE,38.147769927978516,6021900.0,Yahoo Finance,2026-09-21T04:37:35+00:00,2025-12-18
2025-04-17,XLRE,38.751312255859375,4793500.0,Yahoo Finance,2026-09-21T04:37:35+00:00,2025-12-18
2025-04-21,XLRE,37.946590423583984,4364300.0,Yahoo Finance,2026-09-21T04:37:35+00:00,2025-12-18
2025-04-22,XLRE,38.722572326660156,4213200.0,Yahoo Finance,2026-09-21T04:37:35+00:00,2025-12-18
2025-04-23,XLRE,38.77047348022461,8046200.0,Yahoo Finance,2026-09-21T04:37:35+00:00,2025-12-18
2025-04-24,XLRE,38.885433197021484,5093400.0,Yahoo Finance,2026-09-21T04:37:35+00:00,2025-12-18
2025-04-25,XLRE,38.82795333862305,4511000.0,Yahoo Finance,2026-09-21T04:37:35+00:00,2025-12-18
2025-04-28,XLRE,39.06745529174805,4403400.0,Yahoo Finance,2026-09-21T04:37:35+00:00,2025-12-18
2025-04-29,XLRE,39.38359451293945,4088100.0,Yahoo Finance,2026-09-21T04:37:35+00:00,2025-12-18
2025-04-30,XLRE,39.56562042236328,5100700.0,Yahoo Finance,2026-09-21T04:37:35+00:00,2025-12-18
2025-05-01,XLRE,39.68057632446289,6986300.0,Yahoo Finance,2026-09-21T04:37:35+00:00,2025-12-18
2025-05-02,XLRE,40.16916275024414,4073900.0,Yahoo Finance,2026-09-21T04:37:35+00:00,2025-12-18
2025-05-05,XLRE,40.12126159667969,3018300.0,Yahoo Finance,2026-09-21T04:37:35+00:00,2025-12-18
2025-05-06,XLRE,39.84343719482422,2531600.0,Yahoo Finance,2026-09-21T04:37:35+00:00,2025-12-18
2025-05-07,XLRE,39.81470489501953,3892500.0,Yahoo Finance,2026-09-21T04:37:35+00:00,2025-12-18
2025-05-08,XLRE,39.623104095458984,3841000.0,Yahoo Finance,2026-09-21T04:37:35+00:00,2025-12-18
2025-05-09,XLRE,39.86260223388672,2540300.0,Yahoo Finance,2026-09-21T04:37:35+00:00,2025-12-18
2025-05-12,XLRE,39.90092468261719,5525700.0,Yahoo Finance,2026-09-21T04:37:35+00:00,2025-12-18
2025-05-13,XLRE,39.364437103271484,6501800.0,Yahoo Finance,2026-09-21T04:37:35+00:00,2025-12-18
2025-05-14,XLRE,39.029136657714844,4416300.0,Yahoo Finance,2026-09-21T04:37:35+00:00,2025-12-18
2025-05-15,XLRE,39.747642517089844,4703800.0,Yahoo Finance,2026-09-21T04:37:35+00:00,2025-12-18
2025-05-16,XLRE,40.24580001831055,3421200.0,Yahoo Finance,2026-09-21T04:37:35+00:00,2025-12-18
2025-05-19,XLRE,40.3320198059082,3023400.0,Yahoo Finance,2026-09-21T04:37:35+00:00,2025-12-18
2025-05-20,XLRE,40.12126159667969,2311800.0,Yahoo Finance,2026-09-21T04:37:35+00:00,2025-12-18
2025-05-21,XLRE,39.05787658691406,3708700.0,Yahoo Finance,2026-09-21T04:37:35+00:00,2025-12-18
2025-05-22,XLRE,38.92375183105469,3599300.0,Yahoo Finance,2026-09-21T04:37:35+00:00,2025-12-18
2025-05-23,XLRE,38.93333435058594,3751400.0,Yahoo Finance,2026-09-21T04:37:35+00:00,2025-12-18
2025-05-27,XLRE,39.57520294189453,3626800.0,Yahoo Finance,2026-09-21T04:37:35+00:00,2025-12-18
2025-05-28,XLRE,39.57520294189453,3491900.0,Yahoo Finance,2026-09-21T04:37:35+00:00,2025-12-18
2025-05-29,XLRE,39.93923568725586,4811800.0,Yahoo Finance,2026-09-21T04:37:35+00:00,2025-12-18
2025-05-30,XLRE,39.97755813598633,6882700.0,Yahoo Finance,2026-09-21T04:37:35+00:00,2025-12-18
2025-06-02,XLRE,40.035037994384766,4756500.0,Yahoo Finance,2026-09-21T04:37:35+00:00,2025-12-18
2025-06-03,XLRE,39.89134216308594,6276900.0,Yahoo Finance,2026-09-21T04:37:35+00:00,2025-12-18
2025-06-04,XLRE,40.0158805847168,2969700.0,Yahoo Finance,2026-09-21T04:37:35+00:00,2025-12-18
2025-06-05,XLRE,40.00630187988281,5412000.0,Yahoo Finance,2026-09-21T04:37:35+00:00,2025-12-18
2025-06-06,XLRE,40.12126159667969,3533600.0,Yahoo Finance,2026-09-21T04:37:35+00:00,2025-12-18
2025-06-09,XLRE,40.10210418701172,4581000.0,Yahoo Finance,2026-09-21T04:37:35+00:00,2025-12-18
2025-06-10,XLRE,40.45656204223633,4832800.0,Yahoo Finance,2026-09-21T04:37:35+00:00,2025-12-18
2025-06-11,XLRE,40.23622131347656,4809300.0,Yahoo Finance,2026-09-21T04:37:35+00:00,2025-12-18
2025-06-12,XLRE,40.45656204223633,4151500.0,Yahoo Finance,2026-09-21T04:37:35+00:00,2025-12-18
2025-06-13,XLRE,40.13084411621094,6375700.0,Yahoo Finance,2026-09-21T04:37:35+00:00,2025-12-18
2025-06-16,XLRE,40.16916275024414,6304400.0,Yahoo Finance,2026-09-21T04:37:35+00:00,2025-12-18
2025-06-17,XLRE,40.00630187988281,5610100.0,Yahoo Finance,2026-09-21T04:37:35+00:00,2025-12-18
2025-06-18,XLRE,40.08293914794922,5529900.0,Yahoo Finance,2026-09-21T04:37:35+00:00,2025-12-18
2025-06-20,XLRE,40.0733642578125,5834600.0,Yahoo Finance,2026-09-21T04:37:35+00:00,2025-12-18
2025-06-23,XLRE,40.658199310302734,6057900.0,Yahoo Finance,2026-09-21T04:37:35+00:00,2025-12-18
2025-06-24,XLRE,40.85152816772461,5292600.0,Yahoo Finance,2026-09-21T04:37:35+00:00,2025-12-18
2025-06-25,XLRE,39.855857849121094,10960100.0,Yahoo Finance,2026-09-21T04:37:35+00:00,2025-12-18
2025-06-26,XLRE,39.60452651977539,14023700.0,Yahoo Finance,2026-09-21T04:37:35+00:00,2025-12-18
2025-06-27,XLRE,39.7495231628418,6608200.0,Yahoo Finance,2026-09-21T04:37:35+00:00,2025-12-18
2025-06-30,XLRE,40.03952407836914,6959500.0,Yahoo Finance,2026-09-21T04:37:35+00:00,2025-12-18
2025-07-01,XLRE,40.31019592285156,9438400.0,Yahoo Finance,2026-09-21T04:37:35+00:00,2025-12-18
2025-07-02,XLRE,40.38752365112305,6737400.0,Yahoo Finance,2026-09-21T04:37:35+00:00,2025-12-18
2025-07-03,XLRE,40.4068603515625,5758100.0,Yahoo Finance,2026-09-21T04:37:35+00:00,2025-12-18
2025-07-07,XLRE,40.0975227355957,6417800.0,Yahoo Finance,2026-09-21T04:37:35+00:00,2025-12-18
2025-07-08,XLRE,40.03952407836914,5768600.0,Yahoo Finance,2026-09-21T04:37:35+00:00,2025-12-18
2025-07-09,XLRE,40.02019500732422,4867800.0,Yahoo Finance,2026-09-21T04:37:35+00:00,2025-12-18
2025-07-10,XLRE,40.22319793701172,6045300.0,Yahoo Finance,2026-09-21T04:37:35+00:00,2025-12-18
2025-07-11,XLRE,40.18452453613281,5802500.0,Yahoo Finance,2026-09-21T04:37:35+00:00,2025-12-18
2025-07-14,XLRE,40.45519256591797,7270600.0,Yahoo Finance,2026-09-21T04:37:35+00:00,2025-12-18
2025-07-15,XLRE,39.933197021484375,6427500.0,Yahoo Finance,2026-09-21T04:37:35+00:00,2025-12-18
2025-07-16,XLRE,40.368194580078125,8487900.0,Yahoo Finance,2026-09-21T04:37:35+00:00,2025-12-18
2025-07-17,XLRE,40.32952880859375,7848700.0,Yahoo Finance,2026-09-21T04:37:35+00:00,2025-12-18
2025-07-18,XLRE,40.445526123046875,5608100.0,Yahoo Finance,2026-09-21T04:37:35+00:00,2025-12-18
2025-07-21,XLRE,40.60019302368164,5336600.0,Yahoo Finance,2026-09-21T04:37:35+00:00,2025-12-18
2025-07-22,XLRE,41.30586242675781,6165500.0,Yahoo Finance,2026-09-21T04:37:35+00:00,2025-12-18
2025-07-23,XLRE,41.4218635559082,5625700.0,Yahoo Finance,2026-09-21T04:37:35+00:00,2025-12-18
2025-07-24,XLRE,41.363868713378906,6727900.0,Yahoo Finance,2026-09-21T04:37:35+00:00,2025-12-18
2025-07-25,XLRE,41.363868713378906,4698000.0,Yahoo Finance,2026-09-21T04:37:35+00:00,2025-12-18
2025-07-28,XLRE,40.648529052734375,4776600.0,Yahoo Finance,2026-09-21T04:37:35+00:00,2025-12-18
2025-07-29,XLRE,41.325199127197266,9447100.0,Yahoo Finance,2026-09-21T04:37:35+00:00,2025-12-18
2025-07-30,XLRE,40.745201110839844,9908200.0,Yahoo Finance,2026-09-21T04:37:35+00:00,2025-12-18
2025-07-31,XLRE,40.02986145019531,10320700.0,Yahoo Finance,2026-09-21T04:37:35+00:00,2025-12-18
2025-08-01,XLRE,39.91386413574219,9602600.0,Yahoo Finance,2026-09-21T04:37:35+00:00,2025-12-18
2025-08-04,XLRE,40.252193450927734,6584500.0,Yahoo Finance,2026-09-21T04:37:35+00:00,2025-12-18
2025-08-05,XLRE,40.38752365112305,6265300.0,Yahoo Finance,2026-09-21T04:37:35+00:00,2025-12-18
2025-08-06,XLRE,40.049190521240234,7569500.0,Yahoo Finance,2026-09-21T04:37:35+00:00,2025-12-18
2025-08-07,XLRE,40.20386505126953,6429600.0,Yahoo Finance,2026-09-21T04:37:35+00:00,2025-12-18
2025-08-08,XLRE,39.87519073486328,7161600.0,Yahoo Finance,2026-09-21T04:37:35+00:00,2025-12-18
2025-08-11,XLRE,39.643192291259766,6054800.0,Yahoo Finance,2026-09-21T04:37:35+00:00,2025-12-18
2025-08-12,XLRE,39.71085739135742,8099800.0,Yahoo Finance,2026-09-21T04:37:35+00:00,2025-12-18
2025-08-13,XLRE,39.97185516357422,4962700.0,Yahoo Finance,2026-09-21T04:37:35+00:00,2025-12-18
2025-08-14,XLRE,39.6915283203125,7988300.0,Yahoo Finance,2026-09-21T04:37:35+00:00,2025-12-18
2025-08-15,XLRE,39.95252990722656,5689600.0,Yahoo Finance,2026-09-21T04:37:35+00:00,2025-12-18
2025-08-18,XLRE,39.575523376464844,4496900.0,Yahoo Finance,2026-09-21T04:37:35+00:00,2025-12-18
2025-08-19,XLRE,40.281192779541016,6803400.0,Yahoo Finance,2026-09-21T04:37:35+00:00,2025-12-18
2025-08-20,XLRE,40.43586349487305,7026700.0,Yahoo Finance,2026-09-21T04:37:35+00:00,2025-12-18
2025-08-21,XLRE,40.29085922241211,5851800.0,Yahoo Finance,2026-09-21T04:37:35+00:00,2025-12-18
2025-08-22,XLRE,40.92886734008789,6488900.0,Yahoo Finance,2026-09-21T04:37:35+00:00,2025-12-18
2025-08-25,XLRE,40.725860595703125,6213400.0,Yahoo Finance,2026-09-21T04:37:35+00:00,2025-12-18
2025-08-26,XLRE,40.60986328125,4318200.0,Yahoo Finance,2026-09-21T04:37:35+00:00,2025-12-18
2025-08-27,XLRE,40.78386306762695,5171300.0,Yahoo Finance,2026-09-21T04:37:35+00:00,2025-12-18
2025-08-28,XLRE,40.67753219604492,4199700.0,Yahoo Finance,2026-09-21T04:37:35+00:00,2025-12-18
2025-08-29,XLRE,40.89986801147461,4810600.0,Yahoo Finance,2026-09-21T04:37:35+00:00,2025-12-18
2025-09-02,XLRE,40.20386505126953,8204200.0,Yahoo Finance,2026-09-21T04:37:35+00:00,2025-12-18
2025-09-03,XLRE,40.0975227355957,5668000.0,Yahoo Finance,2026-09-21T04:37:35+00:00,2025-12-18
2025-09-04,XLRE,40.368194580078125,5991100.0,Yahoo Finance,2026-09-21T04:37:35+00:00,2025-12-18
2025-09-05,XLRE,40.77419662475586,5298300.0,Yahoo Finance,2026-09-21T04:37:35+00:00,2025-12-18
2025-09-08,XLRE,40.5035285949707,7678500.0,Yahoo Finance,2026-09-21T04:37:35+00:00,2025-12-18
2025-09-09,XLRE,40.48419952392578,4308300.0,Yahoo Finance,2026-09-21T04:37:35+00:00,2025-12-18
2025-09-10,XLRE,40.46486282348633,4006500.0,Yahoo Finance,2026-09-21T04:37:35+00:00,2025-12-18
2025-09-11,XLRE,41.12220001220703,3604900.0,Yahoo Finance,2026-09-21T04:37:35+00:00,2025-12-18
2025-09-12,XLRE,40.93852615356445,2515100.0,Yahoo Finance,2026-09-21T04:37:35+00:00,2025-12-18
2025-09-15,XLRE,40.890193939208984,3844000.0,Yahoo Finance,2026-09-21T04:37:35+00:00,2025-12-18
2025-09-16,XLRE,40.648529052734375,5432500.0,Yahoo Finance,2026-09-21T04:37:35+00:00,2025-12-18
2025-09-17,XLRE,40.62919235229492,7312900.0,Yahoo Finance,2026-09-21T04:37:35+00:00,2025-12-18
2025-09-18,XLRE,40.658199310302734,5162000.0,Yahoo Finance,2026-09-21T04:37:35+00:00,2025-12-18
2025-09-19,XLRE,40.45519256591797,5331000.0,Yahoo Finance,2026-09-21T04:37:35+00:00,2025-12-18
2025-09-22,XLRE,40.58863830566406,4786500.0,Yahoo Finance,2026-09-21T04:37:35+00:00,2025-12-18
2025-09-23,XLRE,40.91007614135742,3002000.0,Yahoo Finance,2026-09-21T04:37:35+00:00,2025-12-18
2025-09-24,XLRE,40.491233825683594,3990500.0,Yahoo Finance,2026-09-21T04:37:35+00:00,2025-12-18
2025-09-25,XLRE,40.39383316040039,3559500.0,Yahoo Finance,2026-09-21T04:37:35+00:00,2025-12-18
2025-09-26,XLRE,40.793190002441406,3436200.0,Yahoo Finance,2026-09-21T04:37:35+00:00,2025-12-18
2025-09-29,XLRE,40.87111282348633,3891100.0,Yahoo Finance,2026-09-21T04:37:35+00:00,2025-12-18
2025-09-30,XLRE,41.036705017089844,3940800.0,Yahoo Finance,2026-09-21T04:37:35+00:00,2025-12-18
2025-10-01,XLRE,41.036705017089844,6818800.0,Yahoo Finance,2026-09-21T04:37:35+00:00,2025-12-18
2025-10-02,XLRE,40.82241439819336,6391600.0,Yahoo Finance,2026-09-21T04:37:35+00:00,2025-12-18
2025-10-03,XLRE,40.98800277709961,4820800.0,Yahoo Finance,2026-09-21T04:37:35+00:00,2025-12-18
2025-10-06,XLRE,40.57889938354492,4921700.0,Yahoo Finance,2026-09-21T04:37:35+00:00,2025-12-18
2025-10-07,XLRE,40.4522705078125,5191500.0,Yahoo Finance,2026-09-21T04:37:35+00:00,2025-12-18
2025-10-08,XLRE,40.24772262573242,6809300.0,Yahoo Finance,2026-09-21T04:37:35+00:00,2025-12-18
2025-10-09,XLRE,40.062652587890625,4517100.0,Yahoo Finance,2026-09-21T04:37:35+00:00,2025-12-18
2025-10-10,XLRE,39.624332427978516,10153200.0,Yahoo Finance,2026-09-21T04:37:35+00:00,2025-12-18
2025-10-13,XLRE,39.84836196899414,6720700.0,Yahoo Finance,2026-09-21T04:37:35+00:00,2025-12-18
2025-10-14,XLRE,40.22824478149414,7769100.0,Yahoo Finance,2026-09-21T04:37:35+00:00,2025-12-18
2025-10-15,XLRE,40.81267166137695,7393900.0,Yahoo Finance,2026-09-21T04:37:35+00:00,2025-12-18
2025-10-16,XLRE,40.6860466003418,9443200.0,Yahoo Finance,2026-09-21T04:37:35+00:00,2025-12-18
2025-10-17,XLRE,40.94904327392578,9458500.0,Yahoo Finance,2026-09-21T04:37:35+00:00,2025-12-18
2025-10-20,XLRE,41.377620697021484,4826100.0,Yahoo Finance,2026-09-21T04:37:35+00:00,2025-12-18
2025-10-21,XLRE,41.25099563598633,6887700.0,Yahoo Finance,2026-09-21T04:37:35+00:00,2025-12-18
2025-10-22,XLRE,41.43606185913086,7755300.0,Yahoo Finance,2026-09-21T04:37:35+00:00,2025-12-18
2025-10-23,XLRE,41.39710235595703,9446300.0,Yahoo Finance,2026-09-21T04:37:35+00:00,2025-12-18
2025-10-24,XLRE,41.543209075927734,7820300.0,Yahoo Finance,2026-09-21T04:37:35+00:00,2025-12-18
2025-10-27,XLRE,41.63087463378906,6851400.0,Yahoo Finance,2026-09-21T04:37:35+00:00,2025-12-18
2025-10-28,XLRE,40.70552444458008,17438000.0,Yahoo Finance,2026-09-21T04:37:35+00:00,2025-12-18
2025-10-29,XLRE,39.59511184692383,13140800.0,Yahoo Finance,2026-09-21T04:37:35+00:00,2025-12-18
2025-10-30,XLRE,39.81914138793945,14353400.0,Yahoo Finance,2026-09-21T04:37:35+00:00,2025-12-18
2025-10-31,XLRE,39.838626861572266,9788100.0,Yahoo Finance,2026-09-21T04:37:35+00:00,2025-12-18
2025-11-03,XLRE,39.77043914794922,10847400.0,Yahoo Finance,2026-09-21T04:37:35+00:00,2025-12-18
2025-11-04,XLRE,39.87758255004883,8413000.0,Yahoo Finance,2026-09-21T04:37:35+00:00,2025-12-18
2025-11-05,XLRE,39.86783981323242,6925600.0,Yahoo Finance,2026-09-21T04:37:35+00:00,2025-12-18
2025-11-06,XLRE,39.673030853271484,8171900.0,Yahoo Finance,2026-09-21T04:37:35+00:00,2025-12-18
2025-11-07,XLRE,40.19902420043945,7674200.0,Yahoo Finance,2026-09-21T04:37:35+00:00,2025-12-18
2025-11-10,XLRE,40.1697998046875,6823600.0,Yahoo Finance,2026-09-21T04:37:35+00:00,2025-12-18
2025-11-11,XLRE,40.61786651611328,5743700.0,Yahoo Finance,2026-09-21T04:37:35+00:00,2025-12-18
2025-11-12,XLRE,40.29642105102539,5801500.0,Yahoo Finance,2026-09-21T04:37:35+00:00,2025-12-18
2025-11-13,XLRE,39.77043914794922,8032500.0,Yahoo Finance,2026-09-21T04:37:35+00:00,2025-12-18
2025-11-14,XLRE,39.8873291015625,6434600.0,Yahoo Finance,2026-09-21T04:37:35+00:00,2025-12-18
2025-11-17,XLRE,39.624332427978516,5861900.0,Yahoo Finance,2026-09-21T04:37:35+00:00,2025-12-18
2025-11-18,XLRE,39.77043914794922,6634200.0,Yahoo Finance,2026-09-21T04:37:35+00:00,2025-12-18
2025-11-19,XLRE,39.458740234375,7201800.0,Yahoo Finance,2026-09-21T04:37:35+00:00,2025-12-18
2025-11-20,XLRE,39.3223762512207,7477000.0,Yahoo Finance,2026-09-21T04:37:35+00:00,2025-12-18
2025-11-21,XLRE,39.838626861572266,7858600.0,Yahoo Finance,2026-09-21T04:37:35+00:00,2025-12-18
2025-11-24,XLRE,39.897064208984375,6796900.0,Yahoo Finance,2026-09-21T04:37:35+00:00,2025-12-18
2025-11-25,XLRE,40.218505859375,5898100.0,Yahoo Finance,2026-09-21T04:37:35+00:00,2025-12-18
2025-11-26,XLRE,40.39383316040039,6814100.0,Yahoo Finance,2026-09-21T04:37:35+00:00,2025-12-18
2025-11-28,XLRE,40.58863830566406,3771900.0,Yahoo Finance,2026-09-21T04:37:35+00:00,2025-12-18
2025-12-01,XLRE,40.0236930847168,6008700.0,Yahoo Finance,2026-09-21T04:37:35+00:00,2025-12-18
2025-12-02,XLRE,39.92628860473633,5411600.0,Yahoo Finance,2026-09-21T04:37:35+00:00,2025-12-18
2025-12-03,XLRE,40.004215240478516,4501400.0,Yahoo Finance,2026-09-21T04:37:35+00:00,2025-12-18
2025-12-04,XLRE,39.93602752685547,7427000.0,Yahoo Finance,2026-09-21T04:37:35+00:00,2025-12-18
2025-12-05,XLRE,39.92628860473633,4553300.0,Yahoo Finance,2026-09-21T04:37:35+00:00,2025-12-18
2025-12-08,XLRE,39.682777404785156,6046300.0,Yahoo Finance,2026-09-21T04:37:35+00:00,2025-12-18
2025-12-09,XLRE,39.449005126953125,6325000.0,Yahoo Finance,2026-09-21T04:37:35+00:00,2025-12-18
2025-12-10,XLRE,39.52692794799805,7956300.0,Yahoo Finance,2026-09-21T04:37:35+00:00,2025-12-18
2025-12-11,XLRE,39.741214752197266,10300400.0,Yahoo Finance,2026-09-21T04:37:35+00:00,2025-12-18
2025-12-12,XLRE,39.6925163269043,7441900.0,Yahoo Finance,2026-09-21T04:37:35+00:00,2025-12-18
2025-12-15,XLRE,39.84836196899414,7820400.0,Yahoo Finance,2026-09-21T04:37:35+00:00,2025-12-18
2025-12-16,XLRE,39.49770736694336,7722200.0,Yahoo Finance,2026-09-21T04:37:35+00:00,2025-12-18
2025-12-17,XLRE,39.673030853271484,8811800.0,Yahoo Finance,2026-09-21T04:37:35+00:00,2025-12-18
2025-12-18,XLRE,39.42951965332031,9482100.0,Yahoo Finance,2026-09-21T04:37:35+00:00,2025-12-18
2024-11-13,XLU,37.273834228515625,16411800.0,Yahoo Finance,2026-09-21T04:37:35+00:00,2025-12-18
2024-11-14,XLU,37.145389556884766,17707400.0,Yahoo Finance,2026-09-21T04:37:35+00:00,2025-12-18
2024-11-15,XLU,37.701995849609375,23931400.0,Yahoo Finance,2026-09-21T04:37:35+00:00,2025-12-18
2024-11-18,XLU,38.030250549316406,14660200.0,Yahoo Finance,2026-09-21T04:37:35+00:00,2025-12-18
2024-11-19,XLU,38.27287673950195,11750400.0,Yahoo Finance,2026-09-21T04:37:35+00:00,2025-12-18
2024-11-20,XLU,38.29190444946289,12196800.0,Yahoo Finance,2026-09-21T04:37:35+00:00,2025-12-18
2024-11-21,XLU,38.95793533325195,21764000.0,Yahoo Finance,2026-09-21T04:37:35+00:00,2025-12-18
2024-11-22,XLU,38.74860763549805,15761400.0,Yahoo Finance,2026-09-21T04:37:35+00:00,2025-12-18
2024-11-25,XLU,38.81997299194336,14253800.0,Yahoo Finance,2026-09-21T04:37:35+00:00,2025-12-18
2024-11-26,XLU,39.43843078613281,17374800.0,Yahoo Finance,2026-09-21T04:37:35+00:00,2025-12-18
2024-11-27,XLU,39.43843078613281,17156600.0,Yahoo Finance,2026-09-21T04:37:35+00:00,2025-12-18
2024-11-29,XLU,39.452701568603516,9234800.0,Yahoo Finance,2026-09-21T04:37:35+00:00,2025-12-18
2024-12-02,XLU,38.605892181396484,22084200.0,Yahoo Finance,2026-09-21T04:37:35+00:00,2025-12-18
2024-12-03,XLU,38.27287673950195,18853600.0,Yahoo Finance,2026-09-21T04:37:35+00:00,2025-12-18
2024-12-04,XLU,38.26811981201172,24169400.0,Yahoo Finance,2026-09-21T04:37:35+00:00,2025-12-18
2024-12-05,XLU,38.387062072753906,14226000.0,Yahoo Finance,2026-09-21T04:37:35+00:00,2025-12-18
2024-12-06,XLU,37.91132736206055,14228600.0,Yahoo Finance,2026-09-21T04:37:35+00:00,2025-12-18
2024-12-09,XLU,37.43558883666992,21053800.0,Yahoo Finance,2026-09-21T04:37:35+00:00,2025-12-18
2024-12-10,XLU,37.16442108154297,20319000.0,Yahoo Finance,2026-09-21T04:37:35+00:00,2025-12-18
2024-12-11,XLU,36.93130111694336,14759600.0,Yahoo Finance,2026-09-21T04:37:35+00:00,2025-12-18
2024-12-12,XLU,36.91227722167969,15425000.0,Yahoo Finance,2026-09-21T04:37:35+00:00,2025-12-18
2024-12-13,XLU,36.936065673828125,13808400.0,Yahoo Finance,2026-09-21T04:37:35+00:00,2025-12-18
2024-12-16,XLU,36.6411018371582,16121000.0,Yahoo Finance,2026-09-21T04:37:35+00:00,2025-12-18
2024-12-17,XLU,36.48887252807617,15876800.0,Yahoo Finance,2026-09-21T04:37:35+00:00,2025-12-18
2024-12-18,XLU,35.627784729003906,29811800.0,Yahoo Finance,2026-09-21T04:37:35+00:00,2025-12-18
2024-12-19,XLU,35.78954315185547,27076400.0,Yahoo Finance,2026-09-21T04:37:35+00:00,2025-12-18
2024-12-20,XLU,36.36042785644531,25188600.0,Yahoo Finance,2026-09-21T04:37:35+00:00,2025-12-18
2024-12-23,XLU,36.48417663574219,20114400.0,Yahoo Finance,2026-09-21T04:37:35+00:00,2025-12-18
2024-12-24,XLU,36.68564987182617,9010200.0,Yahoo Finance,2026-09-21T04:37:35+00:00,2025-12-18
2024-12-26,XLU,36.59930419921875,10114000.0,Yahoo Finance,2026-09-21T04:37:35+00:00,2025-12-18
2024-12-27,XLU,36.4937744140625,13805400.0,Yahoo Finance,2026-09-21T04:37:35+00:00,2025-12-18
2024-12-30,XLU,36.340274810791016,16870000.0,Yahoo Finance,2026-09-21T04:37:35+00:00,2025-12-18
2024-12-31,XLU,36.30670166015625,12605400.0,Yahoo Finance,2026-09-21T04:37:35+00:00,2025-12-18
2025-01-02,XLU,36.58491134643555,24103400.0,Yahoo Finance,2026-09-21T04:37:35+00:00,2025-12-18
2025-01-03,XLU,36.97344970703125,17767000.0,Yahoo Finance,2026-09-21T04:37:35+00:00,2025-12-18
2025-01-06,XLU,36.5609245300293,25623800.0,Yahoo Finance,2026-09-21T04:37:35+00:00,2025-12-18
2025-01-07,XLU,36.469791412353516,22856400.0,Yahoo Finance,2026-09-21T04:37:35+00:00,2025-12-18
2025-01-08,XLU,36.460201263427734,26845800.0,Yahoo Finance,2026-09-21T04:37:35+00:00,2025-12-18
2025-01-10,XLU,36.253936767578125,31217000.0,Yahoo Finance,2026-09-21T04:37:35+00:00,2025-12-18
2025-01-13,XLU,35.831817626953125,24891600.0,Yahoo Finance,2026-09-21T04:37:35+00:00,2025-12-18
2025-01-14,XLU,36.301902770996094,19675000.0,Yahoo Finance,2026-09-21T04:37:35+00:00,2025-12-18
2025-01-15,XLU,36.834346771240234,21360400.0,Yahoo Finance,2026-09-21T04:37:35+00:00,2025-12-18
2025-01-16,XLU,37.76491928100586,30415000.0,Yahoo Finance,2026-09-21T04:37:35+00:00,2025-12-18
2025-01-17,XLU,37.81768035888672,14668800.0,Yahoo Finance,2026-09-21T04:37:35+00:00,2025-12-18
2025-01-21,XLU,38.39809036254883,21633400.0,Yahoo Finance,2026-09-21T04:37:35+00:00,2025-12-18
2025-01-22,XLU,37.5682487487793,23644800.0,Yahoo Finance,2026-09-21T04:37:35+00:00,2025-12-18
2025-01-23,XLU,37.74573516845703,21585000.0,Yahoo Finance,2026-09-21T04:37:35+00:00,2025-12-18
2025-01-24,XLU,38.12946701049805,16769600.0,Yahoo Finance,2026-09-21T04:37:35+00:00,2025-12-18
2025-01-27,XLU,37.246864318847656,42448200.0,Yahoo Finance,2026-09-21T04:37:35+00:00,2025-12-18
2025-01-28,XLU,36.733612060546875,28540200.0,Yahoo Finance,2026-09-21T04:37:35+00:00,2025-12-18
2025-01-29,XLU,36.810359954833984,19130800.0,Yahoo Finance,2026-09-21T04:37:35+00:00,2025-12-18
2025-01-30,XLU,37.57783889770508,18712600.0,Yahoo Finance,2026-09-21T04:37:35+00:00,2025-12-18
2025-01-31,XLU,37.35719299316406,19669600.0,Yahoo Finance,2026-09-21T04:37:35+00:00,2025-12-18
2025-02-03,XLU,37.558658599853516,28118800.0,Yahoo Finance,2026-09-21T04:37:35+00:00,2025-12-18
2025-02-04,XLU,37.22767639160156,20498200.0,Yahoo Finance,2026-09-21T04:37:35+00:00,2025-12-18
2025-02-05,XLU,37.60182571411133,15992600.0,Yahoo Finance,2026-09-21T04:37:35+00:00,2025-12-18
2025-02-06,XLU,37.558658599853516,12820800.0,Yahoo Finance,2026-09-21T04:37:35+00:00,2025-12-18
2025-02-07,XLU,37.48191452026367,14330400.0,Yahoo Finance,2026-09-21T04:37:35+00:00,2025-12-18
2025-02-10,XLU,37.88962936401367,10664200.0,Yahoo Finance,2026-09-21T04:37:35+00:00,2025-12-18
2025-02-11,XLU,38.081504821777344,10835600.0,Yahoo Finance,2026-09-21T04:37:35+00:00,2025-12-18
2025-02-12,XLU,38.014347076416016,14888800.0,Yahoo Finance,2026-09-21T04:37:35+00:00,2025-12-18
2025-02-13,XLU,38.10068893432617,17020800.0,Yahoo Finance,2026-09-21T04:37:35+00:00,2025-12-18
2025-02-14,XLU,37.9423942565918,13972000.0,Yahoo Finance,2026-09-21T04:37:35+00:00,2025-12-18
2025-02-18,XLU,38.2973518371582,15509000.0,Yahoo Finance,2026-09-21T04:37:35+00:00,2025-12-18
2025-02-19,XLU,38.498817443847656,12513200.0,Yahoo Finance,2026-09-21T04:37:35+00:00,2025-12-18
2025-02-20,XLU,38.49402618408203,17390800.0,Yahoo Finance,2026-09-21T04:37:35+00:00,2025-12-18
2025-02-21,XLU,38.50361633300781,15547400.0,Yahoo Finance,2026-09-21T04:37:35+00:00,2025-12-18
2025-02-24,XLU,38.31174850463867,14974000.0,Yahoo Finance,2026-09-21T04:37:35+00:00,2025-12-18
2025-02-25,XLU,38.119876861572266,21837800.0,Yahoo Finance,2026-09-21T04:37:35+00:00,2025-12-18
2025-02-26,XLU,38.27817153930664,15421800.0,Yahoo Finance,2026-09-21T04:37:35+00:00,2025-12-18
2025-02-27,XLU,37.429141998291016,25074600.0,Yahoo Finance,2026-09-21T04:37:35+00:00,2025-12-18
2025-02-28,XLU,37.99995803833008,21770000.0,Yahoo Finance,2026-09-21T04:37:35+00:00,2025-12-18
2025-03-03,XLU,38.05272674560547,19276400.0,Yahoo Finance,2026-09-21T04:37:35+00:00,2025-12-18
2025-03-04,XLU,37.433937072753906,22561800.0,Yahoo Finance,2026-09-21T04:37:35+00:00,2025-12-18
2025-03-05,XLU,37.17011642456055,20666800.0,Yahoo Finance,2026-09-21T04:37:35+00:00,2025-12-18
2025-03-06,XLU,36.3978385925293,25405800.0,Yahoo Finance,2026-09-21T04:37:35+00:00,2025-12-18
2025-03-07,XLU,37.07418441772461,23234400.0,Yahoo Finance,2026-09-21T04:37:35+00:00,2025-12-18
2025-03-10,XLU,37.48191452026367,37366000.0,Yahoo Finance,2026-09-21T04:37:35+00:00,2025-12-18
2025-03-11,XLU,37.13174819946289,32640000.0,Yahoo Finance,2026-09-21T04:37:35+00:00,2025-12-18
2025-03-12,XLU,37.016624450683594,17432000.0,Yahoo Finance,2026-09-21T04:37:35+00:00,2025-12-18
2025-03-13,XLU,37.107757568359375,16801200.0,Yahoo Finance,2026-09-21T04:37:35+00:00,2025-12-18
2025-03-14,XLU,37.832069396972656,18269400.0,Yahoo Finance,2026-09-21T04:37:35+00:00,2025-12-18
2025-03-17,XLU,37.9903678894043,19290400.0,Yahoo Finance,2026-09-21T04:37:35+00:00,2025-12-18
2025-03-18,XLU,37.72654724121094,19285200.0,Yahoo Finance,2026-09-21T04:37:35+00:00,2025-12-18
2025-03-19,XLU,37.86565017700195,16163400.0,Yahoo Finance,2026-09-21T04:37:35+00:00,2025-12-18
2025-03-20,XLU,38.01914596557617,16415200.0,Yahoo Finance,2026-09-21T04:37:35+00:00,2025-12-18
2025-03-21,XLU,37.774505615234375,15627600.0,Yahoo Finance,2026-09-21T04:37:35+00:00,2025-12-18
2025-03-24,XLU,37.76243209838867,13996800.0,Yahoo Finance,2026-09-21T04:37:35+00:00,2025-12-18
2025-03-25,XLU,37.1585807800293,22396000.0,Yahoo Finance,2026-09-21T04:37:35+00:00,2025-12-18
2025-03-26,XLU,37.40495681762695,15164000.0,Yahoo Finance,2026-09-21T04:37:35+00:00,2025-12-18
2025-03-27,XLU,37.395294189453125,13971800.0,Yahoo Finance,2026-09-21T04:37:35+00:00,2025-12-18
2025-03-28,XLU,37.67064666748047,19078600.0,Yahoo Finance,2026-09-21T04:37:35+00:00,2025-12-18
2025-03-31,XLU,38.09092712402344,21470000.0,Yahoo Finance,2026-09-21T04:37:35+00:00,2025-12-18
2025-04-01,XLU,38.18754577636719,18084800.0,Yahoo Finance,2026-09-21T04:37:35+00:00,2025-12-18
2025-04-02,XLU,38.36627960205078,12951200.0,Yahoo Finance,2026-09-21T04:37:35+00:00,2025-12-18
2025-04-03,XLU,38.12474060058594,38650200.0,Yahoo Finance,2026-09-21T04:37:35+00:00,2025-12-18
2025-04-04,XLU,36.00402069091797,66165400.0,Yahoo Finance,2026-09-21T04:37:35+00:00,2025-12-18
2025-04-07,XLU,35.453304290771484,73162600.0,Yahoo Finance,2026-09-21T04:37:35+00:00,2025-12-18
2025-04-08,XLU,35.308380126953125,39600400.0,Yahoo Finance,2026-09-21T04:37:35+00:00,2025-12-18
2025-04-09,XLU,36.69965744018555,70054800.0,Yahoo Finance,2026-09-21T04:37:35+00:00,2025-12-18
2025-04-10,XLU,36.42430114746094,44167800.0,Yahoo Finance,2026-09-21T04:37:35+00:00,2025-12-18
2025-04-11,XLU,36.868736267089844,28840000.0,Yahoo Finance,2026-09-21T04:37:35+00:00,2025-12-18
2025-04-14,XLU,37.53055191040039,19415600.0,Yahoo Finance,2026-09-21T04:37:35+00:00,2025-12-18
2025-04-15,XLU,37.525726318359375,15257200.0,Yahoo Finance,2026-09-21T04:37:35+00:00,2025-12-18
2025-04-16,XLU,37.18756866455078,17500800.0,Yahoo Finance,2026-09-21T04:37:35+00:00,2025-12-18
2025-04-17,XLU,37.56919860839844,18928800.0,Yahoo Finance,2026-09-21T04:37:35+00:00,2025-12-18
2025-04-21,XLU,36.680328369140625,20780000.0,Yahoo Finance,2026-09-21T04:37:35+00:00,2025-12-18
2025-04-22,XLU,37.68030548095703,21700800.0,Yahoo Finance,2026-09-21T04:37:35+00:00,2025-12-18
2025-04-23,XLU,37.839725494384766,27903600.0,Yahoo Finance,2026-09-21T04:37:35+00:00,2025-12-18
2025-04-24,XLU,37.8976936340332,16828000.0,Yahoo Finance,2026-09-21T04:37:35+00:00,2025-12-18
2025-04-25,XLU,37.78175735473633,14074600.0,Yahoo Finance,2026-09-21T04:37:35+00:00,2025-12-18
2025-04-28,XLU,38.01363754272461,11084800.0,Yahoo Finance,2026-09-21T04:37:35+00:00,2025-12-18
2025-04-29,XLU,38.308319091796875,13168000.0,Yahoo Finance,2026-09-21T04:37:35+00:00,2025-12-18
2025-04-30,XLU,38.115081787109375,18077200.0,Yahoo Finance,2026-09-21T04:37:35+00:00,2025-12-18
2025-05-01,XLU,38.22618865966797,17967000.0,Yahoo Finance,2026-09-21T04:37:35+00:00,2025-12-18
2025-05-02,XLU,38.52570343017578,16074000.0,Yahoo Finance,2026-09-21T04:37:35+00:00,2025-12-18
2025-05-05,XLU,38.42908477783203,14895800.0,Yahoo Finance,2026-09-21T04:37:35+00:00,2025-12-18
2025-05-06,XLU,38.89767074584961,20635000.0,Yahoo Finance,2026-09-21T04:37:35+00:00,2025-12-18
2025-05-07,XLU,39.00878143310547,19575000.0,Yahoo Finance,2026-09-21T04:37:35+00:00,2025-12-18
2025-05-08,XLU,38.69477844238281,22437800.0,Yahoo Finance,2026-09-21T04:37:35+00:00,2025-12-18
2025-05-09,XLU,38.762413024902344,17420400.0,Yahoo Finance,2026-09-21T04:37:35+00:00,2025-12-18
2025-05-12,XLU,38.53053283691406,27460200.0,Yahoo Finance,2026-09-21T04:37:35+00:00,2025-12-18
2025-05-13,XLU,38.47739028930664,24064000.0,Yahoo Finance,2026-09-21T04:37:35+00:00,2025-12-18
2025-05-14,XLU,38.308319091796875,22912600.0,Yahoo Finance,2026-09-21T04:37:35+00:00,2025-12-18
2025-05-15,XLU,39.124717712402344,26629200.0,Yahoo Finance,2026-09-21T04:37:35+00:00,2025-12-18
2025-05-16,XLU,39.699588775634766,20076800.0,Yahoo Finance,2026-09-21T04:37:35+00:00,2025-12-18
2025-05-19,XLU,39.8686637878418,16306400.0,Yahoo Finance,2026-09-21T04:37:35+00:00,2025-12-18
2025-05-20,XLU,39.98460006713867,18075200.0,Yahoo Finance,2026-09-21T04:37:35+00:00,2025-12-18
2025-05-21,XLU,39.25515365600586,22704000.0,Yahoo Finance,2026-09-21T04:37:35+00:00,2025-12-18
2025-05-22,XLU,38.69477844238281,30637600.0,Yahoo Finance,2026-09-21T04:37:35+00:00,2025-12-18
2025-05-23,XLU,39.15853500366211,21730200.0,Yahoo Finance,2026-09-21T04:37:35+00:00,2025-12-18
2025-05-27,XLU,39.45321273803711,18494200.0,Yahoo Finance,2026-09-21T04:37:35+00:00,2025-12-18
2025-05-28,XLU,38.90250015258789,20954600.0,Yahoo Finance,2026-09-21T04:37:35+00:00,2025-12-18
2025-05-29,XLU,39.173030853271484,20867400.0,Yahoo Finance,2026-09-21T04:37:35+00:00,2025-12-18
2025-05-30,XLU,39.57398223876953,20680400.0,Yahoo Finance,2026-09-21T04:37:35+00:00,2025-12-18
2025-06-02,XLU,39.699588775634766,26799200.0,Yahoo Finance,2026-09-21T04:37:35+00:00,2025-12-18
2025-06-03,XLU,39.80586242675781,28547800.0,Yahoo Finance,2026-09-21T04:37:35+00:00,2025-12-18
2025-06-04,XLU,39.1102294921875,33001800.0,Yahoo Finance,2026-09-21T04:37:35+00:00,2025-12-18
2025-06-05,XLU,39.04742431640625,21175000.0,Yahoo Finance,2026-09-21T04:37:35+00:00,2025-12-18
2025-06-06,XLU,39.22133255004883,21267200.0,Yahoo Finance,2026-09-21T04:37:35+00:00,2025-12-18
2025-06-09,XLU,38.97013473510742,24866400.0,Yahoo Finance,2026-09-21T04:37:35+00:00,2025-12-18
2025-06-10,XLU,39.06192398071289,28052800.0,Yahoo Finance,2026-09-21T04:37:35+00:00,2025-12-18
2025-06-11,XLU,39.08607482910156,21394800.0,Yahoo Finance,2026-09-21T04:37:35+00:00,2025-12-18
2025-06-12,XLU,39.55949401855469,19568600.0,Yahoo Finance,2026-09-21T04:37:35+00:00,2025-12-18
2025-06-13,XLU,39.33244323730469,25325400.0,Yahoo Finance,2026-09-21T04:37:35+00:00,2025-12-18
2025-06-16,XLU,39.13920974731445,27266600.0,Yahoo Finance,2026-09-21T04:37:35+00:00,2025-12-18
2025-06-17,XLU,38.815547943115234,28335800.0,Yahoo Finance,2026-09-21T04:37:35+00:00,2025-12-18
2025-06-18,XLU,38.916988372802734,22324000.0,Yahoo Finance,2026-09-21T04:37:35+00:00,2025-12-18
2025-06-20,XLU,39.02326965332031,31688200.0,Yahoo Finance,2026-09-21T04:37:35+00:00,2025-12-18
2025-06-23,XLU,39.517974853515625,25573000.0,Yahoo Finance,2026-09-21T04:37:35+00:00,2025-12-18
2025-06-24,XLU,39.688228607177734,20389600.0,Yahoo Finance,2026-09-21T04:37:35+00:00,2025-12-18
2025-06-25,XLU,39.158016204833984,26771800.0,Yahoo Finance,2026-09-21T04:37:35+00:00,2025-12-18
2025-06-26,XLU,39.483924865722656,18746200.0,Yahoo Finance,2026-09-21T04:37:35+00:00,2025-12-18
2025-06-27,XLU,39.5617561340332,25307800.0,Yahoo Finance,2026-09-21T04:37:35+00:00,2025-12-18
2025-06-30,XLU,39.72228240966797,22018000.0,Yahoo Finance,2026-09-21T04:37:35+00:00,2025-12-18
2025-07-01,XLU,39.858482360839844,39690200.0,Yahoo Finance,2026-09-21T04:37:35+00:00,2025-12-18
2025-07-02,XLU,39.51311492919922,21891000.0,Yahoo Finance,2026-09-21T04:37:35+00:00,2025-12-18
2025-07-03,XLU,39.809837341308594,14900200.0,Yahoo Finance,2026-09-21T04:37:35+00:00,2025-12-18
2025-07-07,XLU,39.89253234863281,20215600.0,Yahoo Finance,2026-09-21T04:37:35+00:00,2025-12-18
2025-07-08,XLU,39.46933364868164,44289800.0,Yahoo Finance,2026-09-21T04:37:35+00:00,2025-12-18
2025-07-09,XLU,39.83902359008789,40230400.0,Yahoo Finance,2026-09-21T04:37:35+00:00,2025-12-18
2025-07-10,XLU,40.16493606567383,29074000.0,Yahoo Finance,2026-09-21T04:37:35+00:00,2025-12-18
2025-07-11,XLU,40.10655975341797,22199800.0,Yahoo Finance,2026-09-21T04:37:35+00:00,2025-12-18
2025-07-14,XLU,40.267086029052734,23883400.0,Yahoo Finance,2026-09-21T04:37:35+00:00,2025-12-18
2025-07-15,XLU,39.8828010559082,26253000.0,Yahoo Finance,2026-09-21T04:37:35+00:00,2025-12-18
2025-07-16,XLU,39.902259826660156,22625000.0,Yahoo Finance,2026-09-21T04:37:35+00:00,2025-12-18
2025-07-17,XLU,40.067649841308594,19757000.0,Yahoo Finance,2026-09-21T04:37:35+00:00,2025-12-18
2025-07-18,XLU,40.738929748535156,28627400.0,Yahoo Finance,2026-09-21T04:37:35+00:00,2025-12-18
2025-07-21,XLU,40.87026596069336,19895600.0,Yahoo Finance,2026-09-21T04:37:35+00:00,2025-12-18
2025-07-22,XLU,41.37129592895508,23518200.0,Yahoo Finance,2026-09-21T04:37:35+00:00,2025-12-18
2025-07-23,XLU,41.05997848510742,40333000.0,Yahoo Finance,2026-09-21T04:37:35+00:00,2025-12-18
2025-07-24,XLU,41.006465911865234,22137600.0,Yahoo Finance,2026-09-21T04:37:35+00:00,2025-12-18
2025-07-25,XLU,41.11348342895508,16320400.0,Yahoo Finance,2026-09-21T04:37:35+00:00,2025-12-18
2025-07-28,XLU,40.67569351196289,22413600.0,Yahoo Finance,2026-09-21T04:37:35+00:00,2025-12-18
2025-07-29,XLU,41.142669677734375,18395400.0,Yahoo Finance,2026-09-21T04:37:35+00:00,2025-12-18
2025-07-30,XLU,41.44912338256836,27424400.0,Yahoo Finance,2026-09-21T04:37:35+00:00,2025-12-18
2025-07-31,XLU,41.67288589477539,30179600.0,Yahoo Finance,2026-09-21T04:37:35+00:00,2025-12-18
2025-08-01,XLU,41.736122131347656,35852000.0,Yahoo Finance,2026-09-21T04:37:35+00:00,2025-12-18
2025-08-04,XLU,42.47549819946289,25730800.0,Yahoo Finance,2026-09-21T04:37:35+00:00,2025-12-18
2025-08-05,XLU,42.02312088012695,21454400.0,Yahoo Finance,2026-09-21T04:37:35+00:00,2025-12-18
2025-08-06,XLU,41.6485595703125,23020600.0,Yahoo Finance,2026-09-21T04:37:35+00:00,2025-12-18
2025-08-07,XLU,42.100948333740234,25702800.0,Yahoo Finance,2026-09-21T04:37:35+00:00,2025-12-18
2025-08-08,XLU,41.92096710205078,18445200.0,Yahoo Finance,2026-09-21T04:37:35+00:00,2025-12-18
2025-08-11,XLU,41.789634704589844,19548800.0,Yahoo Finance,2026-09-21T04:37:35+00:00,2025-12-18
2025-08-12,XLU,41.969608306884766,20756800.0,Yahoo Finance,2026-09-21T04:37:35+00:00,2025-12-18
2025-08-13,XLU,42.06203079223633,22425400.0,Yahoo Finance,2026-09-21T04:37:35+00:00,2025-12-18
2025-08-14,XLU,41.770172119140625,18747800.0,Yahoo Finance,2026-09-21T04:37:35+00:00,2025-12-18
2025-08-15,XLU,41.6485595703125,29576600.0,Yahoo Finance,2026-09-21T04:37:35+00:00,2025-12-18
2025-08-18,XLU,41.46857833862305,16080000.0,Yahoo Finance,2026-09-21T04:37:35+00:00,2025-12-18
2025-08-19,XLU,41.8723258972168,16436800.0,Yahoo Finance,2026-09-21T04:37:35+00:00,2025-12-18
2025-08-20,XLU,41.916099548339844,20169000.0,Yahoo Finance,2026-09-21T04:37:35+00:00,2025-12-18
2025-08-21,XLU,41.62910842895508,16230000.0,Yahoo Finance,2026-09-21T04:37:35+00:00,2025-12-18
2025-08-22,XLU,41.852867126464844,19234800.0,Yahoo Finance,2026-09-21T04:37:35+00:00,2025-12-18
2025-08-25,XLU,41.38102340698242,16982200.0,Yahoo Finance,2026-09-21T04:37:35+00:00,2025-12-18
2025-08-26,XLU,41.473445892333984,17263000.0,Yahoo Finance,2026-09-21T04:37:35+00:00,2025-12-18
2025-08-27,XLU,41.48316955566406,16821400.0,Yahoo Finance,2026-09-21T04:37:35+00:00,2025-12-18
2025-08-28,XLU,41.1669921875,16078800.0,Yahoo Finance,2026-09-21T04:37:35+00:00,2025-12-18
2025-08-29,XLU,41.01619338989258,19469400.0,Yahoo Finance,2026-09-21T04:37:35+00:00,2025-12-18
2025-09-02,XLU,40.87999725341797,20655000.0,Yahoo Finance,2026-09-21T04:37:35+00:00,2025-12-18
2025-09-03,XLU,40.7778434753418,17268000.0,Yahoo Finance,2026-09-21T04:37:35+00:00,2025-12-18
2025-09-04,XLU,40.72920227050781,22362200.0,Yahoo Finance,2026-09-21T04:37:35+00:00,2025-12-18
2025-09-05,XLU,40.602725982666016,27006800.0,Yahoo Finance,2026-09-21T04:37:35+00:00,2025-12-18
2025-09-08,XLU,40.18925857543945,28469400.0,Yahoo Finance,2026-09-21T04:37:35+00:00,2025-12-18
2025-09-09,XLU,40.46652603149414,25741400.0,Yahoo Finance,2026-09-21T04:37:35+00:00,2025-12-18
2025-09-10,XLU,41.16212844848633,32168800.0,Yahoo Finance,2026-09-21T04:37:35+00:00,2025-12-18
2025-09-11,XLU,41.38102340698242,24265200.0,Yahoo Finance,2026-09-21T04:37:35+00:00,2025-12-18
2025-09-12,XLU,41.590187072753906,18727000.0,Yahoo Finance,2026-09-21T04:37:35+00:00,2025-12-18
2025-09-15,XLU,41.687477111816406,22818400.0,Yahoo Finance,2026-09-21T04:37:35+00:00,2025-12-18
2025-09-16,XLU,40.92863845825195,21652800.0,Yahoo Finance,2026-09-21T04:37:35+00:00,2025-12-18
2025-09-17,XLU,41.03078842163086,20168200.0,Yahoo Finance,2026-09-21T04:37:35+00:00,2025-12-18
2025-09-18,XLU,41.05997848510742,25303000.0,Yahoo Finance,2026-09-21T04:37:35+00:00,2025-12-18
2025-09-19,XLU,41.32265090942383,20974000.0,Yahoo Finance,2026-09-21T04:37:35+00:00,2025-12-18
2025-09-22,XLU,41.72323226928711,19477000.0,Yahoo Finance,2026-09-21T04:37:35+00:00,2025-12-18
2025-09-23,XLU,41.93870544433594,17900600.0,Yahoo Finance,2026-09-21T04:37:35+00:00,2025-12-18
2025-09-24,XLU,42.2374267578125,17317600.0,Yahoo Finance,2026-09-21T04:37:35+00:00,2025-12-18
2025-09-25,XLU,41.830970764160156,18689600.0,Yahoo Finance,2026-09-21T04:37:35+00:00,2025-12-18
2025-09-26,XLU,42.51166534423828,16233800.0,Yahoo Finance,2026-09-21T04:37:35+00:00,2025-12-18
2025-09-29,XLU,42.63409423828125,17130800.0,Yahoo Finance,2026-09-21T04:37:35+00:00,2025-12-18
2025-09-30,XLU,42.70754623413086,21960000.0,Yahoo Finance,2026-09-21T04:37:35+00:00,2025-12-18
2025-10-01,XLU,43.11890411376953,29195400.0,Yahoo Finance,2026-09-21T04:37:35+00:00,2025-12-18
2025-10-02,XLU,43.04054641723633,22648600.0,Yahoo Finance,2026-09-21T04:37:35+00:00,2025-12-18
2025-10-03,XLU,43.54005432128906,25133200.0,Yahoo Finance,2026-09-21T04:37:35+00:00,2025-12-18
2025-10-06,XLU,43.96120071411133,20024200.0,Yahoo Finance,2026-09-21T04:37:35+00:00,2025-12-18
2025-10-07,XLU,44.161983489990234,32901800.0,Yahoo Finance,2026-09-21T04:37:35+00:00,2025-12-18
2025-10-08,XLU,44.465606689453125,19790400.0,Yahoo Finance,2026-09-21T04:37:35+00:00,2025-12-18
2025-10-09,XLU,44.35297393798828,21557400.0,Yahoo Finance,2026-09-21T04:37:35+00:00,2025-12-18
2025-10-10,XLU,44.171775817871094,23183800.0,Yahoo Finance,2026-09-21T04:37:35+00:00,2025-12-18
2025-10-13,XLU,44.509674072265625,18760600.0,Yahoo Finance,2026-09-21T04:37:35+00:00,2025-12-18
2025-10-14,XLU,44.906341552734375,17571800.0,Yahoo Finance,2026-09-21T04:37:35+00:00,2025-12-18
2025-10-15,XLU,45.493995666503906,19087600.0,Yahoo Finance,2026-09-21T04:37:35+00:00,2025-12-18
2025-10-16,XLU,44.999385833740234,29119000.0,Yahoo Finance,2026-09-21T04:37:35+00:00,2025-12-18
2025-10-17,XLU,44.842681884765625,21825800.0,Yahoo Finance,2026-09-21T04:37:35+00:00,2025-12-18
2025-10-20,XLU,44.8279914855957,25420000.0,Yahoo Finance,2026-09-21T04:37:35+00:00,2025-12-18
2025-10-21,XLU,44.37255859375,22107800.0,Yahoo Finance,2026-09-21T04:37:35+00:00,2025-12-18
2025-10-22,XLU,44.26972198486328,19108600.0,Yahoo Finance,2026-09-21T04:37:35+00:00,2025-12-18
2025-10-23,XLU,44.235443115234375,16134000.0,Yahoo Finance,2026-09-21T04:37:35+00:00,2025-12-18
2025-10-24,XLU,44.75453186035156,21737600.0,Yahoo Finance,2026-09-21T04:37:35+00:00,2025-12-18
2025-10-27,XLU,44.87696075439453,16042800.0,Yahoo Finance,2026-09-21T04:37:35+00:00,2025-12-18
2025-10-28,XLU,44.13750076293945,20661400.0,Yahoo Finance,2026-09-21T04:37:35+00:00,2025-12-18
2025-10-29,XLU,44.122806549072266,24271800.0,Yahoo Finance,2026-09-21T04:37:35+00:00,2025-12-18
2025-10-30,XLU,43.93671798706055,18870800.0,Yahoo Finance,2026-09-21T04:37:35+00:00,2025-12-18
2025-10-31,XLU,43.63309860229492,18434000.0,Yahoo Finance,2026-09-21T04:37:35+00:00,2025-12-18
2025-11-03,XLU,43.65758514404297,22339600.0,Yahoo Finance,2026-09-21T04:37:35+00:00,2025-12-18
2025-11-04,XLU,43.500877380371094,17156200.0,Yahoo Finance,2026-09-21T04:37:35+00:00,2025-12-18
2025-11-05,XLU,43.51066970825195,16858200.0,Yahoo Finance,2026-09-21T04:37:35+00:00,2025-12-18
2025-11-06,XLU,43.31968307495117,23668200.0,Yahoo Finance,2026-09-21T04:37:35+00:00,2025-12-18
2025-11-07,XLU,43.922027587890625,24337600.0,Yahoo Finance,2026-09-21T04:37:35+00:00,2025-12-18
2025-11-10,XLU,43.9073371887207,17947200.0,Yahoo Finance,2026-09-21T04:37:35+00:00,2025-12-18
2025-11-11,XLU,43.931819915771484,14435400.0,Yahoo Finance,2026-09-21T04:37:35+00:00,2025-12-18
2025-11-12,XLU,44.03466033935547,15018400.0,Yahoo Finance,2026-09-21T04:37:35+00:00,2025-12-18
2025-11-13,XLU,43.42741775512695,20675400.0,Yahoo Finance,2026-09-21T04:37:35+00:00,2025-12-18
2025-11-14,XLU,43.46660232543945,20168200.0,Yahoo Finance,2026-09-21T04:37:35+00:00,2025-12-18
2025-11-17,XLU,43.85836410522461,24201400.0,Yahoo Finance,2026-09-21T04:37:35+00:00,2025-12-18
2025-11-18,XLU,43.691864013671875,25158800.0,Yahoo Finance,2026-09-21T04:37:35+00:00,2025-12-18
2025-11-19,XLU,43.324581146240234,25095600.0,Yahoo Finance,2026-09-21T04:37:35+00:00,2025-12-18
2025-11-20,XLU,43.104209899902344,25543200.0,Yahoo Finance,2026-09-21T04:37:35+00:00,2025-12-18
2025-11-21,XLU,43.16787338256836,28589400.0,Yahoo Finance,2026-09-21T04:37:35+00:00,2025-12-18
2025-11-24,XLU,43.65758514404297,23572800.0,Yahoo Finance,2026-09-21T04:37:35+00:00,2025-12-18
2025-11-25,XLU,43.4910774230957,22195600.0,Yahoo Finance,2026-09-21T04:37:35+00:00,2025-12-18
2025-11-26,XLU,44.068939208984375,16759200.0,Yahoo Finance,2026-09-21T04:37:35+00:00,2025-12-18
2025-11-28,XLU,44.382354736328125,7882600.0,Yahoo Finance,2026-09-21T04:37:35+00:00,2025-12-18
2025-12-01,XLU,43.344173431396484,26339000.0,Yahoo Finance,2026-09-21T04:37:35+00:00,2025-12-18
2025-12-02,XLU,43.03565216064453,17384200.0,Yahoo Finance,2026-09-21T04:37:35+00:00,2025-12-18
2025-12-03,XLU,42.89853286743164,21728000.0,Yahoo Finance,2026-09-21T04:37:35+00:00,2025-12-18
2025-12-04,XLU,42.81038284301758,15535200.0,Yahoo Finance,2026-09-21T04:37:35+00:00,2025-12-18
2025-12-05,XLU,42.4088249206543,13474700.0,Yahoo Finance,2026-09-21T04:37:35+00:00,2025-12-18
2025-12-08,XLU,41.84076690673828,21607900.0,Yahoo Finance,2026-09-21T04:37:35+00:00,2025-12-18
2025-12-09,XLU,41.87014389038086,24347200.0,Yahoo Finance,2026-09-21T04:37:35+00:00,2025-12-18
2025-12-10,XLU,41.850555419921875,25940200.0,Yahoo Finance,2026-09-21T04:37:35+00:00,2025-12-18
2025-12-11,XLU,42.154178619384766,18703300.0,Yahoo Finance,2026-09-21T04:37:35+00:00,2025-12-18
2025-12-12,XLU,41.94850158691406,17179800.0,Yahoo Finance,2026-09-21T04:37:35+00:00,2025-12-18
2025-12-15,XLU,42.33047103881836,19176400.0,Yahoo Finance,2026-09-21T04:37:35+00:00,2025-12-18
2025-12-16,XLU,42.154178619384766,19067900.0,Yahoo Finance,2026-09-21T04:37:35+00:00,2025-12-18
2025-12-17,XLU,41.87993621826172,19444600.0,Yahoo Finance,2026-09-21T04:37:35+00:00,2025-12-18
2025-12-18,XLU,42.291297912597656,21935800.0,Yahoo Finance,2026-09-21T04:37:35+00:00,2025-12-18
2024-11-13,XLV,142.4254608154297,5981200.0,Yahoo Finance,2026-09-21T04:37:35+00:00,2025-12-18
2024-11-14,XLV,140.1847686767578,7936700.0,Yahoo Finance,2026-09-21T04:37:35+00:00,2025-12-18
2024-11-15,XLV,137.5851593017578,14246100.0,Yahoo Finance,2026-09-21T04:37:35+00:00,2025-12-18
2024-11-18,XLV,137.68215942382812,7933100.0,Yahoo Finance,2026-09-21T04:37:35+00:00,2025-12-18
2024-11-19,XLV,136.97406005859375,6205800.0,Yahoo Finance,2026-09-21T04:37:35+00:00,2025-12-18
2024-11-20,XLV,138.59396362304688,9328800.0,Yahoo Finance,2026-09-21T04:37:35+00:00,2025-12-18
2024-11-21,XLV,139.70945739746094,7969600.0,Yahoo Finance,2026-09-21T04:37:35+00:00,2025-12-18
2024-11-22,XLV,139.8355712890625,6330300.0,Yahoo Finance,2026-09-21T04:37:35+00:00,2025-12-18
2024-11-25,XLV,141.02865600585938,6834300.0,Yahoo Finance,2026-09-21T04:37:35+00:00,2025-12-18
2024-11-26,XLV,141.78526306152344,6018400.0,Yahoo Finance,2026-09-21T04:37:35+00:00,2025-12-18
2024-11-27,XLV,142.5418701171875,5952800.0,Yahoo Finance,2026-09-21T04:37:35+00:00,2025-12-18
2024-11-29,XLV,142.98806762695312,3521200.0,Yahoo Finance,2026-09-21T04:37:35+00:00,2025-12-18
2024-12-02,XLV,142.7358856201172,6220800.0,Yahoo Finance,2026-09-21T04:37:35+00:00,2025-12-18
2024-12-03,XLV,142.415771484375,4236200.0,Yahoo Finance,2026-09-21T04:37:35+00:00,2025-12-18
2024-12-04,XLV,142.33816528320312,5597400.0,Yahoo Finance,2026-09-21T04:37:35+00:00,2025-12-18
2024-12-05,XLV,140.7473602294922,8948700.0,Yahoo Finance,2026-09-21T04:37:35+00:00,2025-12-18
2024-12-06,XLV,139.95196533203125,6545200.0,Yahoo Finance,2026-09-21T04:37:35+00:00,2025-12-18
2024-12-09,XLV,140.35939025878906,6258600.0,Yahoo Finance,2026-09-21T04:37:35+00:00,2025-12-18
2024-12-10,XLV,139.77734375,7200500.0,Yahoo Finance,2026-09-21T04:37:35+00:00,2025-12-18
2024-12-11,XLV,137.8761749267578,6895000.0,Yahoo Finance,2026-09-21T04:37:35+00:00,2025-12-18
2024-12-12,XLV,136.78005981445312,5994200.0,Yahoo Finance,2026-09-21T04:37:35+00:00,2025-12-18
2024-12-13,XLV,136.76065063476562,7599400.0,Yahoo Finance,2026-09-21T04:37:35+00:00,2025-12-18
2024-12-16,XLV,135.1310577392578,9476600.0,Yahoo Finance,2026-09-21T04:37:35+00:00,2025-12-18
2024-12-17,XLV,135.03404235839844,10280100.0,Yahoo Finance,2026-09-21T04:37:35+00:00,2025-12-18
2024-12-18,XLV,133.20077514648438,14448100.0,Yahoo Finance,2026-09-21T04:37:35+00:00,2025-12-18
2024-12-19,XLV,132.19192504882812,11929300.0,Yahoo Finance,2026-09-21T04:37:35+00:00,2025-12-18
2024-12-20,XLV,133.8603515625,12098400.0,Yahoo Finance,2026-09-21T04:37:35+00:00,2025-12-18
2024-12-23,XLV,135.19720458984375,8050500.0,Yahoo Finance,2026-09-21T04:37:35+00:00,2025-12-18
2024-12-24,XLV,135.75262451171875,3139300.0,Yahoo Finance,2026-09-21T04:37:35+00:00,2025-12-18
2024-12-26,XLV,136.0254669189453,4720300.0,Yahoo Finance,2026-09-21T04:37:35+00:00,2025-12-18
2024-12-27,XLV,135.39208984375,5948000.0,Yahoo Finance,2026-09-21T04:37:35+00:00,2025-12-18
2024-12-30,XLV,133.7258758544922,6890300.0,Yahoo Finance,2026-09-21T04:37:35+00:00,2025-12-18
2024-12-31,XLV,134.04742431640625,6626900.0,Yahoo Finance,2026-09-21T04:37:35+00:00,2025-12-18
2025-01-02,XLV,134.08639526367188,8973000.0,Yahoo Finance,2026-09-21T04:37:35+00:00,2025-12-18
2025-01-03,XLV,135.40182495117188,8288700.0,Yahoo Finance,2026-09-21T04:37:35+00:00,2025-12-18
2025-01-06,XLV,135.46029663085938,8653300.0,Yahoo Finance,2026-09-21T04:37:35+00:00,2025-12-18
2025-01-07,XLV,136.13262939453125,12639700.0,Yahoo Finance,2026-09-21T04:37:35+00:00,2025-12-18
2025-01-08,XLV,136.8341827392578,7827400.0,Yahoo Finance,2026-09-21T04:37:35+00:00,2025-12-18
2025-01-10,XLV,136.06442260742188,10343700.0,Yahoo Finance,2026-09-21T04:37:35+00:00,2025-12-18
2025-01-13,XLV,137.83782958984375,9422200.0,Yahoo Finance,2026-09-21T04:37:35+00:00,2025-12-18
2025-01-14,XLV,136.4152069091797,10277800.0,Yahoo Finance,2026-09-21T04:37:35+00:00,2025-12-18
2025-01-15,XLV,136.9706268310547,11388400.0,Yahoo Finance,2026-09-21T04:37:35+00:00,2025-12-18
2025-01-16,XLV,137.5162811279297,8512100.0,Yahoo Finance,2026-09-21T04:37:35+00:00,2025-12-18
2025-01-17,XLV,136.59059143066406,7668100.0,Yahoo Finance,2026-09-21T04:37:35+00:00,2025-12-18
2025-01-21,XLV,138.85121154785156,7257800.0,Yahoo Finance,2026-09-21T04:37:35+00:00,2025-12-18
2025-01-22,XLV,138.53936767578125,8189900.0,Yahoo Finance,2026-09-21T04:37:35+00:00,2025-12-18
2025-01-23,XLV,140.3907470703125,8032900.0,Yahoo Finance,2026-09-21T04:37:35+00:00,2025-12-18
2025-01-24,XLV,140.61483764648438,8127900.0,Yahoo Finance,2026-09-21T04:37:35+00:00,2025-12-18
2025-01-27,XLV,143.77188110351562,12311300.0,Yahoo Finance,2026-09-21T04:37:35+00:00,2025-12-18
2025-01-28,XLV,142.76828002929688,9686400.0,Yahoo Finance,2026-09-21T04:37:35+00:00,2025-12-18
2025-01-29,XLV,141.93026733398438,8159100.0,Yahoo Finance,2026-09-21T04:37:35+00:00,2025-12-18
2025-01-30,XLV,143.5672607421875,7705200.0,Yahoo Finance,2026-09-21T04:37:35+00:00,2025-12-18
2025-01-31,XLV,143.10928344726562,9211800.0,Yahoo Finance,2026-09-21T04:37:35+00:00,2025-12-18
2025-02-03,XLV,143.66468811035156,13001500.0,Yahoo Finance,2026-09-21T04:37:35+00:00,2025-12-18
2025-02-04,XLV,143.27491760253906,11762000.0,Yahoo Finance,2026-09-21T04:37:35+00:00,2025-12-18
2025-02-05,XLV,144.64883422851562,10042300.0,Yahoo Finance,2026-09-21T04:37:35+00:00,2025-12-18
2025-02-06,XLV,143.35289001464844,12422100.0,Yahoo Finance,2026-09-21T04:37:35+00:00,2025-12-18
2025-02-07,XLV,142.68055725097656,11199700.0,Yahoo Finance,2026-09-21T04:37:35+00:00,2025-12-18
2025-02-10,XLV,142.5538787841797,7374300.0,Yahoo Finance,2026-09-21T04:37:35+00:00,2025-12-18
2025-02-11,XLV,142.29080200195312,6634900.0,Yahoo Finance,2026-09-21T04:37:35+00:00,2025-12-18
2025-02-12,XLV,142.086181640625,7572200.0,Yahoo Finance,2026-09-21T04:37:35+00:00,2025-12-18
2025-02-13,XLV,142.64157104492188,6293100.0,Yahoo Finance,2026-09-21T04:37:35+00:00,2025-12-18
2025-02-14,XLV,141.09226989746094,5299200.0,Yahoo Finance,2026-09-21T04:37:35+00:00,2025-12-18
2025-02-18,XLV,140.81948852539062,11366800.0,Yahoo Finance,2026-09-21T04:37:35+00:00,2025-12-18
2025-02-19,XLV,142.65130615234375,6295900.0,Yahoo Finance,2026-09-21T04:37:35+00:00,2025-12-18
2025-02-20,XLV,143.45033264160156,6264800.0,Yahoo Finance,2026-09-21T04:37:35+00:00,2025-12-18
2025-02-21,XLV,142.68055725097656,8647000.0,Yahoo Finance,2026-09-21T04:37:35+00:00,2025-12-18
2025-02-24,XLV,143.84007263183594,7559400.0,Yahoo Finance,2026-09-21T04:37:35+00:00,2025-12-18
2025-02-25,XLV,145.07757568359375,11981300.0,Yahoo Finance,2026-09-21T04:37:35+00:00,2025-12-18
2025-02-26,XLV,144.0349578857422,6566800.0,Yahoo Finance,2026-09-21T04:37:35+00:00,2025-12-18
2025-02-27,XLV,143.45033264160156,7377000.0,Yahoo Finance,2026-09-21T04:37:35+00:00,2025-12-18
2025-02-28,XLV,145.11654663085938,8453700.0,Yahoo Finance,2026-09-21T04:37:35+00:00,2025-12-18
2025-03-03,XLV,145.74989318847656,9459300.0,Yahoo Finance,2026-09-21T04:37:35+00:00,2025-12-18
2025-03-04,XLV,144.39547729492188,10804700.0,Yahoo Finance,2026-09-21T04:37:35+00:00,2025-12-18
2025-03-05,XLV,145.84735107421875,7597700.0,Yahoo Finance,2026-09-21T04:37:35+00:00,2025-12-18
2025-03-06,XLV,145.44784545898438,7122200.0,Yahoo Finance,2026-09-21T04:37:35+00:00,2025-12-18
2025-03-07,XLV,145.45758056640625,8532400.0,Yahoo Finance,2026-09-21T04:37:35+00:00,2025-12-18
2025-03-10,XLV,143.88882446289062,13577800.0,Yahoo Finance,2026-09-21T04:37:35+00:00,2025-12-18
2025-03-11,XLV,142.32003784179688,9411600.0,Yahoo Finance,2026-09-21T04:37:35+00:00,2025-12-18
2025-03-12,XLV,140.8974151611328,7141100.0,Yahoo Finance,2026-09-21T04:37:35+00:00,2025-12-18
2025-03-13,XLV,140.14712524414062,8041600.0,Yahoo Finance,2026-09-21T04:37:35+00:00,2025-12-18
2025-03-14,XLV,141.21896362304688,6761200.0,Yahoo Finance,2026-09-21T04:37:35+00:00,2025-12-18
2025-03-17,XLV,143.01185607910156,6017300.0,Yahoo Finance,2026-09-21T04:37:35+00:00,2025-12-18
2025-03-18,XLV,143.08004760742188,5528000.0,Yahoo Finance,2026-09-21T04:37:35+00:00,2025-12-18
2025-03-19,XLV,143.15802001953125,6156200.0,Yahoo Finance,2026-09-21T04:37:35+00:00,2025-12-18
2025-03-20,XLV,143.24571228027344,8033800.0,Yahoo Finance,2026-09-21T04:37:35+00:00,2025-12-18
2025-03-21,XLV,142.84620666503906,7635300.0,Yahoo Finance,2026-09-21T04:37:35+00:00,2025-12-18
2025-03-24,XLV,143.93685913085938,6500600.0,Yahoo Finance,2026-09-21T04:37:35+00:00,2025-12-18
2025-03-25,XLV,142.09791564941406,6502000.0,Yahoo Finance,2026-09-21T04:37:35+00:00,2025-12-18
2025-03-26,XLV,141.57949829101562,8758600.0,Yahoo Finance,2026-09-21T04:37:35+00:00,2025-12-18
2025-03-27,XLV,141.80447387695312,6264300.0,Yahoo Finance,2026-09-21T04:37:35+00:00,2025-12-18
2025-03-28,XLV,141.36428833007812,6210500.0,Yahoo Finance,2026-09-21T04:37:35+00:00,2025-12-18
2025-03-31,XLV,142.82174682617188,8085600.0,Yahoo Finance,2026-09-21T04:37:35+00:00,2025-12-18
2025-04-01,XLV,140.21005249023438,9906100.0,Yahoo Finance,2026-09-21T04:37:35+00:00,2025-12-18
2025-04-02,XLV,141.1490936279297,6392700.0,Yahoo Finance,2026-09-21T04:37:35+00:00,2025-12-18
2025-04-03,XLV,140.004638671875,10990600.0,Yahoo Finance,2026-09-21T04:37:35+00:00,2025-12-18
2025-04-04,XLV,132.3260498046875,21341100.0,Yahoo Finance,2026-09-21T04:37:35+00:00,2025-12-18
2025-04-07,XLV,131.53375244140625,29940300.0,Yahoo Finance,2026-09-21T04:37:35+00:00,2025-12-18
2025-04-08,XLV,130.07627868652344,20860400.0,Yahoo Finance,2026-09-21T04:37:35+00:00,2025-12-18
2025-04-09,XLV,135.73007202148438,39444700.0,Yahoo Finance,2026-09-21T04:37:35+00:00,2025-12-18
2025-04-10,XLV,131.94456481933594,21957400.0,Yahoo Finance,2026-09-21T04:37:35+00:00,2025-12-18
2025-04-11,XLV,133.88133239746094,10755600.0,Yahoo Finance,2026-09-21T04:37:35+00:00,2025-12-18
2025-04-14,XLV,135.5148468017578,7437200.0,Yahoo Finance,2026-09-21T04:37:35+00:00,2025-12-18
2025-04-15,XLV,134.68341064453125,6239000.0,Yahoo Finance,2026-09-21T04:37:35+00:00,2025-12-18
2025-04-16,XLV,133.31399536132812,8150700.0,Yahoo Finance,2026-09-21T04:37:35+00:00,2025-12-18
2025-04-17,XLV,132.53146362304688,9662800.0,Yahoo Finance,2026-09-21T04:37:35+00:00,2025-12-18
2025-04-21,XLV,129.6752471923828,6456000.0,Yahoo Finance,2026-09-21T04:37:35+00:00,2025-12-18
2025-04-22,XLV,132.11085510253906,8012500.0,Yahoo Finance,2026-09-21T04:37:35+00:00,2025-12-18
2025-04-23,XLV,132.7662353515625,9503200.0,Yahoo Finance,2026-09-21T04:37:35+00:00,2025-12-18
2025-04-24,XLV,134.3899688720703,5433000.0,Yahoo Finance,2026-09-21T04:37:35+00:00,2025-12-18
2025-04-25,XLV,135.03558349609375,6438400.0,Yahoo Finance,2026-09-21T04:37:35+00:00,2025-12-18
2025-04-28,XLV,135.57357788085938,5803300.0,Yahoo Finance,2026-09-21T04:37:35+00:00,2025-12-18
2025-04-29,XLV,136.2387237548828,7811900.0,Yahoo Finance,2026-09-21T04:37:35+00:00,2025-12-18
2025-04-30,XLV,137.40272521972656,6827800.0,Yahoo Finance,2026-09-21T04:37:35+00:00,2025-12-18
2025-05-01,XLV,133.65635681152344,10363200.0,Yahoo Finance,2026-09-21T04:37:35+00:00,2025-12-18
2025-05-02,XLV,135.5050811767578,9777000.0,Yahoo Finance,2026-09-21T04:37:35+00:00,2025-12-18
2025-05-05,XLV,135.12359619140625,5479700.0,Yahoo Finance,2026-09-21T04:37:35+00:00,2025-12-18
2025-05-06,XLV,131.3968048095703,11625900.0,Yahoo Finance,2026-09-21T04:37:35+00:00,2025-12-18
2025-05-07,XLV,132.40431213378906,6417500.0,Yahoo Finance,2026-09-21T04:37:35+00:00,2025-12-18
2025-05-08,XLV,131.2109375,10558100.0,Yahoo Finance,2026-09-21T04:37:35+00:00,2025-12-18
2025-05-09,XLV,129.78282165527344,7555200.0,Yahoo Finance,2026-09-21T04:37:35+00:00,2025-12-18
2025-05-12,XLV,132.9912109375,15211100.0,Yahoo Finance,2026-09-21T04:37:35+00:00,2025-12-18
2025-05-13,XLV,128.99049377441406,17817000.0,Yahoo Finance,2026-09-21T04:37:35+00:00,2025-12-18
2025-05-14,XLV,125.95821380615234,19579500.0,Yahoo Finance,2026-09-21T04:37:35+00:00,2025-12-18
2025-05-15,XLV,127.61132049560547,18792700.0,Yahoo Finance,2026-09-21T04:37:35+00:00,2025-12-18
2025-05-16,XLV,130.1838836669922,12901800.0,Yahoo Finance,2026-09-21T04:37:35+00:00,2025-12-18
2025-05-19,XLV,131.4359130859375,11645200.0,Yahoo Finance,2026-09-21T04:37:35+00:00,2025-12-18
2025-05-20,XLV,131.7587127685547,11644500.0,Yahoo Finance,2026-09-21T04:37:35+00:00,2025-12-18
2025-05-21,XLV,128.70684814453125,16635900.0,Yahoo Finance,2026-09-21T04:37:35+00:00,2025-12-18
2025-05-22,XLV,127.6993408203125,12722600.0,Yahoo Finance,2026-09-21T04:37:35+00:00,2025-12-18
2025-05-23,XLV,127.4939193725586,9127100.0,Yahoo Finance,2026-09-21T04:37:35+00:00,2025-12-18
2025-05-27,XLV,129.27418518066406,12304000.0,Yahoo Finance,2026-09-21T04:37:35+00:00,2025-12-18
2025-05-28,XLV,128.60902404785156,11087500.0,Yahoo Finance,2026-09-21T04:37:35+00:00,2025-12-18
2025-05-29,XLV,129.46981811523438,10670300.0,Yahoo Finance,2026-09-21T04:37:35+00:00,2025-12-18
2025-05-30,XLV,129.7436981201172,11651300.0,Yahoo Finance,2026-09-21T04:37:35+00:00,2025-12-18
2025-06-02,XLV,129.8219451904297,11845000.0,Yahoo Finance,2026-09-21T04:37:35+00:00,2025-12-18
2025-06-03,XLV,130.12518310546875,14304300.0,Yahoo Finance,2026-09-21T04:37:35+00:00,2025-12-18
2025-06-04,XLV,130.3794708251953,9986100.0,Yahoo Finance,2026-09-21T04:37:35+00:00,2025-12-18
2025-06-05,XLV,130.2034149169922,13705000.0,Yahoo Finance,2026-09-21T04:37:35+00:00,2025-12-18
2025-06-06,XLV,131.44570922851562,9153500.0,Yahoo Finance,2026-09-21T04:37:35+00:00,2025-12-18
2025-06-09,XLV,131.22073364257812,9976600.0,Yahoo Finance,2026-09-21T04:37:35+00:00,2025-12-18
2025-06-10,XLV,132.71731567382812,11488000.0,Yahoo Finance,2026-09-21T04:37:35+00:00,2025-12-18
2025-06-11,XLV,132.78578186035156,13644000.0,Yahoo Finance,2026-09-21T04:37:35+00:00,2025-12-18
2025-06-12,XLV,133.8226318359375,9809500.0,Yahoo Finance,2026-09-21T04:37:35+00:00,2025-12-18
2025-06-13,XLV,133.15748596191406,13722800.0,Yahoo Finance,2026-09-21T04:37:35+00:00,2025-12-18
2025-06-16,XLV,132.74667358398438,14171000.0,Yahoo Finance,2026-09-21T04:37:35+00:00,2025-12-18
2025-06-17,XLV,130.55557250976562,13506000.0,Yahoo Finance,2026-09-21T04:37:35+00:00,2025-12-18
2025-06-18,XLV,130.33059692382812,12185300.0,Yahoo Finance,2026-09-21T04:37:35+00:00,2025-12-18
2025-06-20,XLV,129.70457458496094,13744900.0,Yahoo Finance,2026-09-21T04:37:35+00:00,2025-12-18
2025-06-23,XLV,129.89129638671875,14181600.0,Yahoo Finance,2026-09-21T04:37:35+00:00,2025-12-18
2025-06-24,XLV,131.48348999023438,11272900.0,Yahoo Finance,2026-09-21T04:37:35+00:00,2025-12-18
2025-06-25,XLV,131.6014404296875,11996400.0,Yahoo Finance,2026-09-21T04:37:35+00:00,2025-12-18
2025-06-26,XLV,131.91595458984375,13177700.0,Yahoo Finance,2026-09-21T04:37:35+00:00,2025-12-18
2025-06-27,XLV,131.6309356689453,13818500.0,Yahoo Finance,2026-09-21T04:37:35+00:00,2025-12-18
2025-06-30,XLV,132.47616577148438,12407700.0,Yahoo Finance,2026-09-21T04:37:35+00:00,2025-12-18
2025-07-01,XLV,134.36322021484375,21204300.0,Yahoo Finance,2026-09-21T04:37:35+00:00,2025-12-18
2025-07-02,XLV,133.036376953125,13720400.0,Yahoo Finance,2026-09-21T04:37:35+00:00,2025-12-18
2025-07-03,XLV,133.17398071289062,7282700.0,Yahoo Finance,2026-09-21T04:37:35+00:00,2025-12-18
2025-07-07,XLV,132.05352783203125,14052300.0,Yahoo Finance,2026-09-21T04:37:35+00:00,2025-12-18
2025-07-08,XLV,132.653076171875,19485900.0,Yahoo Finance,2026-09-21T04:37:35+00:00,2025-12-18
2025-07-09,XLV,133.1641387939453,13963900.0,Yahoo Finance,2026-09-21T04:37:35+00:00,2025-12-18
2025-07-10,XLV,133.97991943359375,17668300.0,Yahoo Finance,2026-09-21T04:37:35+00:00,2025-12-18
2025-07-11,XLV,132.8693084716797,14246600.0,Yahoo Finance,2026-09-21T04:37:35+00:00,2025-12-18
2025-07-14,XLV,132.7120361328125,11095400.0,Yahoo Finance,2026-09-21T04:37:35+00:00,2025-12-18
2025-07-15,XLV,130.32376098632812,17095600.0,Yahoo Finance,2026-09-21T04:37:35+00:00,2025-12-18
2025-07-16,XLV,131.94544982910156,14142100.0,Yahoo Finance,2026-09-21T04:37:35+00:00,2025-12-18
2025-07-17,XLV,130.44171142578125,15740900.0,Yahoo Finance,2026-09-21T04:37:35+00:00,2025-12-18
2025-07-18,XLV,129.57679748535156,13245500.0,Yahoo Finance,2026-09-21T04:37:35+00:00,2025-12-18
2025-07-21,XLV,128.8396759033203,9468700.0,Yahoo Finance,2026-09-21T04:37:35+00:00,2025-12-18
2025-07-22,XLV,131.23779296875,16681900.0,Yahoo Finance,2026-09-21T04:37:35+00:00,2025-12-18
2025-07-23,XLV,133.93075561523438,16624000.0,Yahoo Finance,2026-09-21T04:37:35+00:00,2025-12-18
2025-07-24,XLV,133.42950439453125,11054800.0,Yahoo Finance,2026-09-21T04:37:35+00:00,2025-12-18
2025-07-25,XLV,134.13714599609375,9539900.0,Yahoo Finance,2026-09-21T04:37:35+00:00,2025-12-18
2025-07-28,XLV,132.9675750732422,9780300.0,Yahoo Finance,2026-09-21T04:37:35+00:00,2025-12-18
2025-07-29,XLV,132.1223602294922,14967600.0,Yahoo Finance,2026-09-21T04:37:35+00:00,2025-12-18
2025-07-30,XLV,131.886474609375,11634600.0,Yahoo Finance,2026-09-21T04:37:35+00:00,2025-12-18
2025-07-31,XLV,128.1909942626953,26441600.0,Yahoo Finance,2026-09-21T04:37:35+00:00,2025-12-18
2025-08-01,XLV,128.87899780273438,20736200.0,Yahoo Finance,2026-09-21T04:37:35+00:00,2025-12-18
2025-08-04,XLV,130.72671508789062,11331000.0,Yahoo Finance,2026-09-21T04:37:35+00:00,2025-12-18
2025-08-05,XLV,130.22547912597656,14319200.0,Yahoo Finance,2026-09-21T04:37:35+00:00,2025-12-18
2025-08-06,XLV,128.26962280273438,14342800.0,Yahoo Finance,2026-09-21T04:37:35+00:00,2025-12-18
2025-08-07,XLV,126.7953872680664,24421900.0,Yahoo Finance,2026-09-21T04:37:35+00:00,2025-12-18
2025-08-08,XLV,127.92565155029297,13747100.0,Yahoo Finance,2026-09-21T04:37:35+00:00,2025-12-18
2025-08-11,XLV,128.0534210205078,14474000.0,Yahoo Finance,2026-09-21T04:37:35+00:00,2025-12-18
2025-08-12,XLV,128.93795776367188,17219500.0,Yahoo Finance,2026-09-21T04:37:35+00:00,2025-12-18
2025-08-13,XLV,131.00189208984375,15069900.0,Yahoo Finance,2026-09-21T04:37:35+00:00,2025-12-18
2025-08-14,XLV,131.66041564941406,15464000.0,Yahoo Finance,2026-09-21T04:37:35+00:00,2025-12-18
2025-08-15,XLV,133.87179565429688,13929600.0,Yahoo Finance,2026-09-21T04:37:35+00:00,2025-12-18
2025-08-18,XLV,133.5572967529297,12572000.0,Yahoo Finance,2026-09-21T04:37:35+00:00,2025-12-18
2025-08-19,XLV,134.41233825683594,13578200.0,Yahoo Finance,2026-09-21T04:37:35+00:00,2025-12-18
2025-08-20,XLV,135.13963317871094,14607000.0,Yahoo Finance,2026-09-21T04:37:35+00:00,2025-12-18
2025-08-21,XLV,134.68751525878906,13218900.0,Yahoo Finance,2026-09-21T04:37:35+00:00,2025-12-18
2025-08-22,XLV,135.79812622070312,11898600.0,Yahoo Finance,2026-09-21T04:37:35+00:00,2025-12-18
2025-08-25,XLV,133.86196899414062,10681000.0,Yahoo Finance,2026-09-21T04:37:35+00:00,2025-12-18
2025-08-26,XLV,134.6973876953125,11397500.0,Yahoo Finance,2026-09-21T04:37:35+00:00,2025-12-18
2025-08-27,XLV,134.61874389648438,8321700.0,Yahoo Finance,2026-09-21T04:37:35+00:00,2025-12-18
2025-08-28,XLV,134.08799743652344,9165700.0,Yahoo Finance,2026-09-21T04:37:35+00:00,2025-12-18
2025-08-29,XLV,135.07083129882812,9655700.0,Yahoo Finance,2026-09-21T04:37:35+00:00,2025-12-18
2025-09-02,XLV,135.1986083984375,13325300.0,Yahoo Finance,2026-09-21T04:37:35+00:00,2025-12-18
2025-09-03,XLV,134.5597686767578,12586000.0,Yahoo Finance,2026-09-21T04:37:35+00:00,2025-12-18
2025-09-04,XLV,135.07083129882812,11778600.0,Yahoo Finance,2026-09-21T04:37:35+00:00,2025-12-18
2025-09-05,XLV,135.53277587890625,14664000.0,Yahoo Finance,2026-09-21T04:37:35+00:00,2025-12-18
2025-09-08,XLV,135.483642578125,15753300.0,Yahoo Finance,2026-09-21T04:37:35+00:00,2025-12-18
2025-09-09,XLV,136.2109375,12249600.0,Yahoo Finance,2026-09-21T04:37:35+00:00,2025-12-18
2025-09-10,XLV,134.9725799560547,13588300.0,Yahoo Finance,2026-09-21T04:37:35+00:00,2025-12-18
2025-09-11,XLV,137.32154846191406,16470800.0,Yahoo Finance,2026-09-21T04:37:35+00:00,2025-12-18
2025-09-12,XLV,135.73916625976562,11345400.0,Yahoo Finance,2026-09-21T04:37:35+00:00,2025-12-18
2025-09-15,XLV,134.5794219970703,11233800.0,Yahoo Finance,2026-09-21T04:37:35+00:00,2025-12-18
2025-09-16,XLV,134.5794219970703,12443800.0,Yahoo Finance,2026-09-21T04:37:35+00:00,2025-12-18
2025-09-17,XLV,134.8448028564453,12501500.0,Yahoo Finance,2026-09-21T04:37:35+00:00,2025-12-18
2025-09-18,XLV,135.1101531982422,11472900.0,Yahoo Finance,2026-09-21T04:37:35+00:00,2025-12-18
2025-09-19,XLV,134.93325805664062,11280900.0,Yahoo Finance,2026-09-21T04:37:35+00:00,2025-12-18
2025-09-22,XLV,134.89869689941406,9732700.0,Yahoo Finance,2026-09-21T04:37:35+00:00,2025-12-18
2025-09-23,XLV,135.20477294921875,9903000.0,Yahoo Finance,2026-09-21T04:37:35+00:00,2025-12-18
2025-09-24,XLV,134.6617431640625,7471600.0,Yahoo Finance,2026-09-21T04:37:35+00:00,2025-12-18
2025-09-25,XLV,132.43038940429688,14099700.0,Yahoo Finance,2026-09-21T04:37:35+00:00,2025-12-18
2025-09-26,XLV,133.78302001953125,10071000.0,Yahoo Finance,2026-09-21T04:37:35+00:00,2025-12-18
2025-09-29,XLV,134.1779327392578,7735700.0,Yahoo Finance,2026-09-21T04:37:35+00:00,2025-12-18
2025-09-30,XLV,137.406494140625,19313500.0,Yahoo Finance,2026-09-21T04:37:35+00:00,2025-12-18
2025-10-01,XLV,141.65200805664062,23657900.0,Yahoo Finance,2026-09-21T04:37:35+00:00,2025-12-18
2025-10-02,XLV,141.3755645751953,15176200.0,Yahoo Finance,2026-09-21T04:37:35+00:00,2025-12-18
2025-10-03,XLV,142.98492431640625,15829200.0,Yahoo Finance,2026-09-21T04:37:35+00:00,2025-12-18
2025-10-06,XLV,142.29379272460938,12879900.0,Yahoo Finance,2026-09-21T04:37:35+00:00,2025-12-18
2025-10-07,XLV,142.40237426757812,12478700.0,Yahoo Finance,2026-09-21T04:37:35+00:00,2025-12-18
2025-10-08,XLV,142.6788330078125,8925800.0,Yahoo Finance,2026-09-21T04:37:35+00:00,2025-12-18
2025-10-09,XLV,142.36289978027344,7657000.0,Yahoo Finance,2026-09-21T04:37:35+00:00,2025-12-18
2025-10-10,XLV,140.3092498779297,13350100.0,Yahoo Finance,2026-09-21T04:37:35+00:00,2025-12-18
2025-10-13,XLV,140.1512908935547,8257500.0,Yahoo Finance,2026-09-21T04:37:35+00:00,2025-12-18
2025-10-14,XLV,140.5363311767578,10044700.0,Yahoo Finance,2026-09-21T04:37:35+00:00,2025-12-18
2025-10-15,XLV,140.75355529785156,7260600.0,Yahoo Finance,2026-09-21T04:37:35+00:00,2025-12-18
2025-10-16,XLV,140.5166015625,11194100.0,Yahoo Finance,2026-09-21T04:37:35+00:00,2025-12-18
2025-10-17,XLV,141.45455932617188,8160300.0,Yahoo Finance,2026-09-21T04:37:35+00:00,2025-12-18
2025-10-20,XLV,142.95530700683594,8435900.0,Yahoo Finance,2026-09-21T04:37:35+00:00,2025-12-18
2025-10-21,XLV,143.29098510742188,9031800.0,Yahoo Finance,2026-09-21T04:37:35+00:00,2025-12-18
2025-10-22,XLV,144.11048889160156,12705300.0,Yahoo Finance,2026-09-21T04:37:35+00:00,2025-12-18
2025-10-23,XLV,144.189453125,7924900.0,Yahoo Finance,2026-09-21T04:37:35+00:00,2025-12-18
2025-10-24,XLV,144.17958068847656,7007400.0,Yahoo Finance,2026-09-21T04:37:35+00:00,2025-12-18
2025-10-27,XLV,144.51528930664062,6466700.0,Yahoo Finance,2026-09-21T04:37:35+00:00,2025-12-18
2025-10-28,XLV,143.60691833496094,8652700.0,Yahoo Finance,2026-09-21T04:37:35+00:00,2025-12-18
2025-10-29,XLV,142.1555633544922,12425600.0,Yahoo Finance,2026-09-21T04:37:35+00:00,2025-12-18
2025-10-30,XLV,142.4715118408203,10756100.0,Yahoo Finance,2026-09-21T04:37:35+00:00,2025-12-18
2025-10-31,XLV,142.42214965820312,10581100.0,Yahoo Finance,2026-09-21T04:37:35+00:00,2025-12-18
2025-11-03,XLV,142.61961364746094,12279300.0,Yahoo Finance,2026-09-21T04:37:35+00:00,2025-12-18
2025-11-04,XLV,143.26138305664062,14182200.0,Yahoo Finance,2026-09-21T04:37:35+00:00,2025-12-18
2025-11-05,XLV,143.81427001953125,13154600.0,Yahoo Finance,2026-09-21T04:37:35+00:00,2025-12-18
2025-11-06,XLV,144.09072875976562,14395800.0,Yahoo Finance,2026-09-21T04:37:35+00:00,2025-12-18
2025-11-07,XLV,144.28817749023438,14522900.0,Yahoo Finance,2026-09-21T04:37:35+00:00,2025-12-18
2025-11-10,XLV,145.4137420654297,12305900.0,Yahoo Finance,2026-09-21T04:37:35+00:00,2025-12-18
2025-11-11,XLV,148.77066040039062,12659500.0,Yahoo Finance,2026-09-21T04:37:35+00:00,2025-12-18
2025-11-12,XLV,150.883544921875,17847500.0,Yahoo Finance,2026-09-21T04:37:35+00:00,2025-12-18
2025-11-13,XLV,150.8045654296875,21807600.0,Yahoo Finance,2026-09-21T04:37:35+00:00,2025-12-18
2025-11-14,XLV,149.90609741210938,15468900.0,Yahoo Finance,2026-09-21T04:37:35+00:00,2025-12-18
2025-11-17,XLV,149.77774047851562,17516500.0,Yahoo Finance,2026-09-21T04:37:35+00:00,2025-12-18
2025-11-18,XLV,150.65646362304688,24494200.0,Yahoo Finance,2026-09-21T04:37:35+00:00,2025-12-18
2025-11-19,XLV,150.39974975585938,17352600.0,Yahoo Finance,2026-09-21T04:37:35+00:00,2025-12-18
2025-11-20,XLV,149.50128173828125,25278500.0,Yahoo Finance,2026-09-21T04:37:35+00:00,2025-12-18
2025-11-21,XLV,152.65086364746094,25526100.0,Yahoo Finance,2026-09-21T04:37:35+00:00,2025-12-18
2025-11-24,XLV,153.29261779785156,17928400.0,Yahoo Finance,2026-09-21T04:37:35+00:00,2025-12-18
2025-11-25,XLV,156.75816345214844,17298600.0,Yahoo Finance,2026-09-21T04:37:35+00:00,2025-12-18
2025-11-26,XLV,156.41258239746094,12398900.0,Yahoo Finance,2026-09-21T04:37:35+00:00,2025-12-18
2025-11-28,XLV,155.65234375,8559700.0,Yahoo Finance,2026-09-21T04:37:35+00:00,2025-12-18
2025-12-01,XLV,153.32223510742188,17321200.0,Yahoo Finance,2026-09-21T04:37:35+00:00,2025-12-18
2025-12-02,XLV,152.40403747558594,16150300.0,Yahoo Finance,2026-09-21T04:37:35+00:00,2025-12-18
2025-12-03,XLV,153.1149139404297,12724800.0,Yahoo Finance,2026-09-21T04:37:35+00:00,2025-12-18
2025-12-04,XLV,151.94985961914062,13674600.0,Yahoo Finance,2026-09-21T04:37:35+00:00,2025-12-18
2025-12-05,XLV,151.31796264648438,8868700.0,Yahoo Finance,2026-09-21T04:37:35+00:00,2025-12-18
2025-12-08,XLV,149.5111541748047,10996000.0,Yahoo Finance,2026-09-21T04:37:35+00:00,2025-12-18
2025-12-09,XLV,148.05978393554688,11543300.0,Yahoo Finance,2026-09-21T04:37:35+00:00,2025-12-18
2025-12-10,XLV,150.212158203125,15534800.0,Yahoo Finance,2026-09-21T04:37:35+00:00,2025-12-18
2025-12-11,XLV,151.6339111328125,14703000.0,Yahoo Finance,2026-09-21T04:37:35+00:00,2025-12-18
2025-12-12,XLV,152.1078338623047,13175500.0,Yahoo Finance,2026-09-21T04:37:35+00:00,2025-12-18
2025-12-15,XLV,154.1219940185547,14681800.0,Yahoo Finance,2026-09-21T04:37:35+00:00,2025-12-18
2025-12-16,XLV,152.11770629882812,12491300.0,Yahoo Finance,2026-09-21T04:37:35+00:00,2025-12-18
2025-12-17,XLV,151.84124755859375,9093300.0,Yahoo Finance,2026-09-21T04:37:35+00:00,2025-12-18
2025-12-18,XLV,151.95973205566406,8876400.0,Yahoo Finance,2026-09-21T04:37:35+00:00,2025-12-18
2024-11-13,XLY,107.61756896972656,5883400.0,Yahoo Finance,2026-09-21T04:37:35+00:00,2025-12-18
2024-11-14,XLY,106.08988189697266,4620200.0,Yahoo Finance,2026-09-21T04:37:35+00:00,2025-12-18
2024-11-15,XLY,105.18314361572266,7824800.0,Yahoo Finance,2026-09-21T04:37:35+00:00,2025-12-18
2024-11-18,XLY,106.1539535522461,4752200.0,Yahoo Finance,2026-09-21T04:37:35+00:00,2025-12-18
2024-11-19,XLY,106.2328109741211,3935800.0,Yahoo Finance,2026-09-21T04:37:35+00:00,2025-12-18
2024-11-20,XLY,105.76464080810547,5979200.0,Yahoo Finance,2026-09-21T04:37:35+00:00,2025-12-18
2024-11-21,XLY,105.95191192626953,5468400.0,Yahoo Finance,2026-09-21T04:37:35+00:00,2025-12-18
2024-11-22,XLY,107.47959899902344,4550600.0,Yahoo Finance,2026-09-21T04:37:35+00:00,2025-12-18
2024-11-25,XLY,108.57852935791016,7360400.0,Yahoo Finance,2026-09-21T04:37:35+00:00,2025-12-18
2024-11-26,XLY,108.9727783203125,3979600.0,Yahoo Finance,2026-09-21T04:37:35+00:00,2025-12-18
2024-11-27,XLY,108.43561553955078,3829000.0,Yahoo Finance,2026-09-21T04:37:35+00:00,2025-12-18
2024-11-29,XLY,109.54934692382812,1771400.0,Yahoo Finance,2026-09-21T04:37:35+00:00,2025-12-18
2024-12-02,XLY,110.50537109375,8134800.0,Yahoo Finance,2026-09-21T04:37:35+00:00,2025-12-18
2024-12-03,XLY,110.42160034179688,7051400.0,Yahoo Finance,2026-09-21T04:37:35+00:00,2025-12-18
2024-12-04,XLY,111.44661712646484,5539400.0,Yahoo Finance,2026-09-21T04:37:35+00:00,2025-12-18
2024-12-05,XLY,112.35829162597656,7321000.0,Yahoo Finance,2026-09-21T04:37:35+00:00,2025-12-18
2024-12-06,XLY,114.72373962402344,4889200.0,Yahoo Finance,2026-09-21T04:37:35+00:00,2025-12-18
2024-12-09,XLY,114.35906982421875,6513800.0,Yahoo Finance,2026-09-21T04:37:35+00:00,2025-12-18
2024-12-10,XLY,114.54632568359375,7630800.0,Yahoo Finance,2026-09-21T04:37:35+00:00,2025-12-18
2024-12-11,XLY,116.55696105957031,5734800.0,Yahoo Finance,2026-09-21T04:37:35+00:00,2025-12-18
2024-12-12,XLY,115.591064453125,4871800.0,Yahoo Finance,2026-09-21T04:37:35+00:00,2025-12-18
2024-12-13,XLY,116.04937744140625,5382400.0,Yahoo Finance,2026-09-21T04:37:35+00:00,2025-12-18
2024-12-16,XLY,117.62139129638672,6013600.0,Yahoo Finance,2026-09-21T04:37:35+00:00,2025-12-18
2024-12-17,XLY,117.9909896850586,10221000.0,Yahoo Finance,2026-09-21T04:37:35+00:00,2025-12-18
2024-12-18,XLY,112.67369079589844,14405000.0,Yahoo Finance,2026-09-21T04:37:35+00:00,2025-12-18
2024-12-19,XLY,112.52091979980469,13205200.0,Yahoo Finance,2026-09-21T04:37:35+00:00,2025-12-18
2024-12-20,XLY,112.80675506591797,10915800.0,Yahoo Finance,2026-09-21T04:37:35+00:00,2025-12-18
2024-12-23,XLY,113.14891052246094,5922400.0,Yahoo Finance,2026-09-21T04:37:35+00:00,2025-12-18
2024-12-24,XLY,115.76569366455078,2552600.0,Yahoo Finance,2026-09-21T04:37:35+00:00,2025-12-18
2024-12-26,XLY,115.33615112304688,4109600.0,Yahoo Finance,2026-09-21T04:37:35+00:00,2025-12-18
2024-12-27,XLY,113.43033599853516,6097200.0,Yahoo Finance,2026-09-21T04:37:35+00:00,2025-12-18
2024-12-30,XLY,111.60845184326172,5413000.0,Yahoo Finance,2026-09-21T04:37:35+00:00,2025-12-18
2024-12-31,XLY,110.76911163330078,5250800.0,Yahoo Finance,2026-09-21T04:37:35+00:00,2025-12-18
2025-01-02,XLY,109.31259155273438,9166400.0,Yahoo Finance,2026-09-21T04:37:35+00:00,2025-12-18
2025-01-03,XLY,111.52452087402344,6501000.0,Yahoo Finance,2026-09-21T04:37:35+00:00,2025-12-18
2025-01-06,XLY,111.96394348144531,6785400.0,Yahoo Finance,2026-09-21T04:37:35+00:00,2025-12-18
2025-01-07,XLY,109.79645538330078,5554000.0,Yahoo Finance,2026-09-21T04:37:35+00:00,2025-12-18
2025-01-08,XLY,110.10750579833984,5309200.0,Yahoo Finance,2026-09-21T04:37:35+00:00,2025-12-18
2025-01-10,XLY,109.02623748779297,6869400.0,Yahoo Finance,2026-09-21T04:37:35+00:00,2025-12-18
2025-01-13,XLY,109.64339447021484,5422000.0,Yahoo Finance,2026-09-21T04:37:35+00:00,2025-12-18
2025-01-14,XLY,109.43109130859375,6762200.0,Yahoo Finance,2026-09-21T04:37:35+00:00,2025-12-18
2025-01-15,XLY,112.21573638916016,6197400.0,Yahoo Finance,2026-09-21T04:37:35+00:00,2025-12-18
2025-01-16,XLY,111.60845184326172,4851800.0,Yahoo Finance,2026-09-21T04:37:35+00:00,2025-12-18
2025-01-17,XLY,113.173583984375,3884600.0,Yahoo Finance,2026-09-21T04:37:35+00:00,2025-12-18
2025-01-21,XLY,114.0030517578125,6036600.0,Yahoo Finance,2026-09-21T04:37:35+00:00,2025-12-18
2025-01-22,XLY,113.57351684570312,4948800.0,Yahoo Finance,2026-09-21T04:37:35+00:00,2025-12-18
2025-01-23,XLY,114.25980377197266,3888800.0,Yahoo Finance,2026-09-21T04:37:35+00:00,2025-12-18
2025-01-24,XLY,113.56364440917969,3543400.0,Yahoo Finance,2026-09-21T04:37:35+00:00,2025-12-18
2025-01-27,XLY,114.21043395996094,7069800.0,Yahoo Finance,2026-09-21T04:37:35+00:00,2025-12-18
2025-01-28,XLY,114.34867858886719,5211000.0,Yahoo Finance,2026-09-21T04:37:35+00:00,2025-12-18
2025-01-29,XLY,114.02281951904297,6538000.0,Yahoo Finance,2026-09-21T04:37:35+00:00,2025-12-18
2025-01-30,XLY,115.13863372802734,5386400.0,Yahoo Finance,2026-09-21T04:37:35+00:00,2025-12-18
2025-01-31,XLY,114.6301040649414,5092600.0,Yahoo Finance,2026-09-21T04:37:35+00:00,2025-12-18
2025-02-03,XLY,113.11434936523438,7460000.0,Yahoo Finance,2026-09-21T04:37:35+00:00,2025-12-18
2025-02-04,XLY,114.44743347167969,3987000.0,Yahoo Finance,2026-09-21T04:37:35+00:00,2025-12-18
2025-02-05,XLY,113.14891052246094,5902800.0,Yahoo Finance,2026-09-21T04:37:35+00:00,2025-12-18
2025-02-06,XLY,113.59820556640625,6045800.0,Yahoo Finance,2026-09-21T04:37:35+00:00,2025-12-18
2025-02-07,XLY,111.37641143798828,5536400.0,Yahoo Finance,2026-09-21T04:37:35+00:00,2025-12-18
2025-02-10,XLY,111.75658416748047,5963800.0,Yahoo Finance,2026-09-21T04:37:35+00:00,2025-12-18
2025-02-11,XLY,110.48767852783203,5538200.0,Yahoo Finance,2026-09-21T04:37:35+00:00,2025-12-18
2025-02-12,XLY,110.46793365478516,7903000.0,Yahoo Finance,2026-09-21T04:37:35+00:00,2025-12-18
2025-02-13,XLY,112.12688446044922,6484400.0,Yahoo Finance,2026-09-21T04:37:35+00:00,2025-12-18
2025-02-14,XLY,112.07749938964844,3425600.0,Yahoo Finance,2026-09-21T04:37:35+00:00,2025-12-18
2025-02-18,XLY,111.76644897460938,7567200.0,Yahoo Finance,2026-09-21T04:37:35+00:00,2025-12-18
2025-02-19,XLY,111.7022705078125,3996400.0,Yahoo Finance,2026-09-21T04:37:35+00:00,2025-12-18
2025-02-20,XLY,110.7394790649414,4732400.0,Yahoo Finance,2026-09-21T04:37:35+00:00,2025-12-18
2025-02-21,XLY,107.82645416259766,9043000.0,Yahoo Finance,2026-09-21T04:37:35+00:00,2025-12-18
2025-02-24,XLY,107.42160034179688,5953400.0,Yahoo Finance,2026-09-21T04:37:35+00:00,2025-12-18
2025-02-25,XLY,106.8587417602539,8006400.0,Yahoo Finance,2026-09-21T04:37:35+00:00,2025-12-18
2025-02-26,XLY,106.41931915283203,6143600.0,Yahoo Finance,2026-09-21T04:37:35+00:00,2025-12-18
2025-02-27,XLY,104.88380432128906,6799000.0,Yahoo Finance,2026-09-21T04:37:35+00:00,2025-12-18
2025-02-28,XLY,106.62667846679688,7696400.0,Yahoo Finance,2026-09-21T04:37:35+00:00,2025-12-18
2025-03-03,XLY,104.66162109375,10983600.0,Yahoo Finance,2026-09-21T04:37:35+00:00,2025-12-18
2025-03-04,XLY,102.81505584716797,13842600.0,Yahoo Finance,2026-09-21T04:37:35+00:00,2025-12-18
2025-03-05,XLY,104.38020324707031,10128200.0,Yahoo Finance,2026-09-21T04:37:35+00:00,2025-12-18
2025-03-06,XLY,101.7337875366211,9755400.0,Yahoo Finance,2026-09-21T04:37:35+00:00,2025-12-18
2025-03-07,XLY,101.54615783691406,9798800.0,Yahoo Finance,2026-09-21T04:37:35+00:00,2025-12-18
2025-03-10,XLY,97.92216491699219,14412600.0,Yahoo Finance,2026-09-21T04:37:35+00:00,2025-12-18
2025-03-11,XLY,96.96432495117188,14379600.0,Yahoo Finance,2026-09-21T04:37:35+00:00,2025-12-18
2025-03-12,XLY,97.52716827392578,8548200.0,Yahoo Finance,2026-09-21T04:37:35+00:00,2025-12-18
2025-03-13,XLY,95.09307861328125,9992800.0,Yahoo Finance,2026-09-21T04:37:35+00:00,2025-12-18
2025-03-14,XLY,97.11737060546875,6295600.0,Yahoo Finance,2026-09-21T04:37:35+00:00,2025-12-18
2025-03-17,XLY,97.27043151855469,6053200.0,Yahoo Finance,2026-09-21T04:37:35+00:00,2025-12-18
2025-03-18,XLY,95.53742980957031,8246200.0,Yahoo Finance,2026-09-21T04:37:35+00:00,2025-12-18
2025-03-19,XLY,97.36919403076172,9831400.0,Yahoo Finance,2026-09-21T04:37:35+00:00,2025-12-18
2025-03-20,XLY,97.13712310791016,8586400.0,Yahoo Finance,2026-09-21T04:37:35+00:00,2025-12-18
2025-03-21,XLY,97.4876708984375,9794800.0,Yahoo Finance,2026-09-21T04:37:35+00:00,2025-12-18
2025-03-24,XLY,101.14244079589844,8567600.0,Yahoo Finance,2026-09-21T04:37:35+00:00,2025-12-18
2025-03-25,XLY,101.94944763183594,7421400.0,Yahoo Finance,2026-09-21T04:37:35+00:00,2025-12-18
2025-03-26,XLY,100.6176528930664,6187000.0,Yahoo Finance,2026-09-21T04:37:35+00:00,2025-12-18
2025-03-27,XLY,100.6820068359375,6736800.0,Yahoo Finance,2026-09-21T04:37:35+00:00,2025-12-18
2025-03-28,XLY,97.55302429199219,9886600.0,Yahoo Finance,2026-09-21T04:37:35+00:00,2025-12-18
2025-03-31,XLY,97.7609634399414,10221000.0,Yahoo Finance,2026-09-21T04:37:35+00:00,2025-12-18
2025-04-01,XLY,98.78085327148438,11097400.0,Yahoo Finance,2026-09-21T04:37:35+00:00,2025-12-18
2025-04-02,XLY,100.65725708007812,9356000.0,Yahoo Finance,2026-09-21T04:37:35+00:00,2025-12-18
2025-04-03,XLY,94.57752227783203,13795600.0,Yahoo Finance,2026-09-21T04:37:35+00:00,2025-12-18
2025-04-04,XLY,90.49796295166016,25286000.0,Yahoo Finance,2026-09-21T04:37:35+00:00,2025-12-18
2025-04-07,XLY,89.42855834960938,41234000.0,Yahoo Finance,2026-09-21T04:37:35+00:00,2025-12-18
2025-04-08,XLY,87.30461120605469,17407400.0,Yahoo Finance,2026-09-21T04:37:35+00:00,2025-12-18
2025-04-09,XLY,96.81039428710938,29318600.0,Yahoo Finance,2026-09-21T04:37:35+00:00,2025-12-18
2025-04-10,XLY,93.02788543701172,16600400.0,Yahoo Finance,2026-09-21T04:37:35+00:00,2025-12-18
2025-04-11,XLY,93.92893981933594,8266800.0,Yahoo Finance,2026-09-21T04:37:35+00:00,2025-12-18
2025-04-14,XLY,94.20125579833984,7720600.0,Yahoo Finance,2026-09-21T04:37:35+00:00,2025-12-18
2025-04-15,XLY,93.5229721069336,6676400.0,Yahoo Finance,2026-09-21T04:37:35+00:00,2025-12-18
2025-04-16,XLY,91.2158432006836,8579600.0,Yahoo Finance,2026-09-21T04:37:35+00:00,2025-12-18
2025-04-17,XLY,91.79015350341797,7623600.0,Yahoo Finance,2026-09-21T04:37:35+00:00,2025-12-18
2025-04-21,XLY,89.33944702148438,9802000.0,Yahoo Finance,2026-09-21T04:37:35+00:00,2025-12-18
2025-04-22,XLY,92.16641998291016,8564800.0,Yahoo Finance,2026-09-21T04:37:35+00:00,2025-12-18
2025-04-23,XLY,94.22601318359375,8957400.0,Yahoo Finance,2026-09-21T04:37:35+00:00,2025-12-18
2025-04-24,XLY,96.10240936279297,5341200.0,Yahoo Finance,2026-09-21T04:37:35+00:00,2025-12-18
2025-04-25,XLY,97.83027648925781,5968800.0,Yahoo Finance,2026-09-21T04:37:35+00:00,2025-12-18
2025-04-28,XLY,97.86493682861328,5562000.0,Yahoo Finance,2026-09-21T04:37:35+00:00,2025-12-18
2025-04-29,XLY,98.55807495117188,5136600.0,Yahoo Finance,2026-09-21T04:37:35+00:00,2025-12-18
2025-04-30,XLY,97.66194152832031,5881800.0,Yahoo Finance,2026-09-21T04:37:35+00:00,2025-12-18
2025-05-01,XLY,98.20159912109375,7359000.0,Yahoo Finance,2026-09-21T04:37:35+00:00,2025-12-18
2025-05-02,XLY,99.72648620605469,7457000.0,Yahoo Finance,2026-09-21T04:37:35+00:00,2025-12-18
2025-05-05,XLY,98.66698455810547,4677000.0,Yahoo Finance,2026-09-21T04:37:35+00:00,2025-12-18
2025-05-06,XLY,97.80552673339844,4811200.0,Yahoo Finance,2026-09-21T04:37:35+00:00,2025-12-18
2025-05-07,XLY,98.56796264648438,5359400.0,Yahoo Finance,2026-09-21T04:37:35+00:00,2025-12-18
2025-05-08,XLY,99.73143768310547,6464400.0,Yahoo Finance,2026-09-21T04:37:35+00:00,2025-12-18
2025-05-09,XLY,100.21167755126953,5159600.0,Yahoo Finance,2026-09-21T04:37:35+00:00,2025-12-18
2025-05-12,XLY,105.19230651855469,9569400.0,Yahoo Finance,2026-09-21T04:37:35+00:00,2025-12-18
2025-05-13,XLY,106.58350372314453,11431000.0,Yahoo Finance,2026-09-21T04:37:35+00:00,2025-12-18
2025-05-14,XLY,106.99444580078125,7117000.0,Yahoo Finance,2026-09-21T04:37:35+00:00,2025-12-18
2025-05-15,XLY,106.75679779052734,8393000.0,Yahoo Finance,2026-09-21T04:37:35+00:00,2025-12-18
2025-05-16,XLY,107.76679229736328,5973200.0,Yahoo Finance,2026-09-21T04:37:35+00:00,2025-12-18
2025-05-19,XLY,107.51428985595703,6935000.0,Yahoo Finance,2026-09-21T04:37:35+00:00,2025-12-18
2025-05-20,XLY,106.954833984375,7046800.0,Yahoo Finance,2026-09-21T04:37:35+00:00,2025-12-18
2025-05-21,XLY,104.78633117675781,10325600.0,Yahoo Finance,2026-09-21T04:37:35+00:00,2025-12-18
2025-05-22,XLY,105.23686218261719,8992400.0,Yahoo Finance,2026-09-21T04:37:35+00:00,2025-12-18
2025-05-23,XLY,104.29122924804688,7497000.0,Yahoo Finance,2026-09-21T04:37:35+00:00,2025-12-18
2025-05-27,XLY,107.37071228027344,7886800.0,Yahoo Finance,2026-09-21T04:37:35+00:00,2025-12-18
2025-05-28,XLY,106.38548278808594,7542400.0,Yahoo Finance,2026-09-21T04:37:35+00:00,2025-12-18
2025-05-29,XLY,106.4300308227539,8031600.0,Yahoo Finance,2026-09-21T04:37:35+00:00,2025-12-18
2025-05-30,XLY,105.85077667236328,10233200.0,Yahoo Finance,2026-09-21T04:37:35+00:00,2025-12-18
2025-06-02,XLY,106.09832000732422,8783800.0,Yahoo Finance,2026-09-21T04:37:35+00:00,2025-12-18
2025-06-03,XLY,106.66273498535156,7855400.0,Yahoo Finance,2026-09-21T04:37:35+00:00,2025-12-18
2025-06-04,XLY,106.3805160522461,7581000.0,Yahoo Finance,2026-09-21T04:37:35+00:00,2025-12-18
2025-06-05,XLY,103.6971206665039,12096600.0,Yahoo Finance,2026-09-21T04:37:35+00:00,2025-12-18
2025-06-06,XLY,105.04377746582031,9948800.0,Yahoo Finance,2026-09-21T04:37:35+00:00,2025-12-18
2025-06-09,XLY,105.88542938232422,10596400.0,Yahoo Finance,2026-09-21T04:37:35+00:00,2025-12-18
2025-06-10,XLY,107.15287017822266,8594800.0,Yahoo Finance,2026-09-21T04:37:35+00:00,2025-12-18
2025-06-11,XLY,106.30626678466797,6888600.0,Yahoo Finance,2026-09-21T04:37:35+00:00,2025-12-18
2025-06-12,XLY,105.80622100830078,5413800.0,Yahoo Finance,2026-09-21T04:37:35+00:00,2025-12-18
2025-06-13,XLY,104.83088684082031,10292200.0,Yahoo Finance,2026-09-21T04:37:35+00:00,2025-12-18
2025-06-16,XLY,105.9596939086914,4764600.0,Yahoo Finance,2026-09-21T04:37:35+00:00,2025-12-18
2025-06-17,XLY,104.1328125,8473200.0,Yahoo Finance,2026-09-21T04:37:35+00:00,2025-12-18
2025-06-18,XLY,104.18231964111328,7405800.0,Yahoo Finance,2026-09-21T04:37:35+00:00,2025-12-18
2025-06-20,XLY,104.30608367919922,9704800.0,Yahoo Finance,2026-09-21T04:37:35+00:00,2025-12-18
2025-06-23,XLY,106.37351989746094,12557200.0,Yahoo Finance,2026-09-21T04:37:35+00:00,2025-12-18
2025-06-24,XLY,106.96393585205078,8652000.0,Yahoo Finance,2026-09-21T04:37:35+00:00,2025-12-18
2025-06-25,XLY,105.70372009277344,9302000.0,Yahoo Finance,2026-09-21T04:37:35+00:00,2025-12-18
2025-06-26,XLY,106.6761703491211,7543000.0,Yahoo Finance,2026-09-21T04:37:35+00:00,2025-12-18
2025-06-27,XLY,108.4523696899414,8902000.0,Yahoo Finance,2026-09-21T04:37:35+00:00,2025-12-18
2025-06-30,XLY,107.82723236083984,7003400.0,Yahoo Finance,2026-09-21T04:37:35+00:00,2025-12-18
2025-07-01,XLY,108.28864288330078,13085400.0,Yahoo Finance,2026-09-21T04:37:35+00:00,2025-12-18
2025-07-02,XLY,109.15689849853516,12436200.0,Yahoo Finance,2026-09-21T04:37:35+00:00,2025-12-18
2025-07-03,XLY,109.75228118896484,6904800.0,Yahoo Finance,2026-09-21T04:37:35+00:00,2025-12-18
2025-07-07,XLY,108.35810089111328,10081600.0,Yahoo Finance,2026-09-21T04:37:35+00:00,2025-12-18
2025-07-08,XLY,107.990966796875,6855000.0,Yahoo Finance,2026-09-21T04:37:35+00:00,2025-12-18
2025-07-09,XLY,108.63097381591797,4864800.0,Yahoo Finance,2026-09-21T04:37:35+00:00,2025-12-18
2025-07-10,XLY,109.83164978027344,7566000.0,Yahoo Finance,2026-09-21T04:37:35+00:00,2025-12-18
2025-07-11,XLY,109.86141204833984,6690400.0,Yahoo Finance,2026-09-21T04:37:35+00:00,2025-12-18
2025-07-14,XLY,110.26826477050781,7292200.0,Yahoo Finance,2026-09-21T04:37:35+00:00,2025-12-18
2025-07-15,XLY,108.6905288696289,10133200.0,Yahoo Finance,2026-09-21T04:37:35+00:00,2025-12-18
2025-07-16,XLY,108.88897705078125,13982600.0,Yahoo Finance,2026-09-21T04:37:35+00:00,2025-12-18
2025-07-17,XLY,109.2610855102539,7742400.0,Yahoo Finance,2026-09-21T04:37:35+00:00,2025-12-18
2025-07-18,XLY,110.22856903076172,11246400.0,Yahoo Finance,2026-09-21T04:37:35+00:00,2025-12-18
2025-07-21,XLY,110.74952697753906,9807800.0,Yahoo Finance,2026-09-21T04:37:35+00:00,2025-12-18
2025-07-22,XLY,111.87080383300781,10980000.0,Yahoo Finance,2026-09-21T04:37:35+00:00,2025-12-18
2025-07-23,XLY,112.40168762207031,10083200.0,Yahoo Finance,2026-09-21T04:37:35+00:00,2025-12-18
2025-07-24,XLY,110.5411376953125,15148400.0,Yahoo Finance,2026-09-21T04:37:35+00:00,2025-12-18
2025-07-25,XLY,111.56816101074219,12268000.0,Yahoo Finance,2026-09-21T04:37:35+00:00,2025-12-18
2025-07-28,XLY,112.21810913085938,11332600.0,Yahoo Finance,2026-09-21T04:37:35+00:00,2025-12-18
2025-07-29,XLY,111.44412994384766,11012600.0,Yahoo Finance,2026-09-21T04:37:35+00:00,2025-12-18
2025-07-30,XLY,110.73960876464844,13746000.0,Yahoo Finance,2026-09-21T04:37:35+00:00,2025-12-18
2025-07-31,XLY,109.86141204833984,13728200.0,Yahoo Finance,2026-09-21T04:37:35+00:00,2025-12-18
2025-08-01,XLY,107.21200561523438,22660400.0,Yahoo Finance,2026-09-21T04:37:35+00:00,2025-12-18
2025-08-04,XLY,108.47222137451172,12640200.0,Yahoo Finance,2026-09-21T04:37:35+00:00,2025-12-18
2025-08-05,XLY,108.61115264892578,11021600.0,Yahoo Finance,2026-09-21T04:37:35+00:00,2025-12-18
2025-08-06,XLY,110.86860656738281,11728800.0,Yahoo Finance,2026-09-21T04:37:35+00:00,2025-12-18
2025-08-07,XLY,110.83386993408203,12127600.0,Yahoo Finance,2026-09-21T04:37:35+00:00,2025-12-18
2025-08-08,XLY,111.02735900878906,10108600.0,Yahoo Finance,2026-09-21T04:37:35+00:00,2025-12-18
2025-08-11,XLY,111.31513214111328,9686400.0,Yahoo Finance,2026-09-21T04:37:35+00:00,2025-12-18
2025-08-12,XLY,112.49596405029297,9791400.0,Yahoo Finance,2026-09-21T04:37:35+00:00,2025-12-18
2025-08-13,XLY,114.03897094726562,12555400.0,Yahoo Finance,2026-09-21T04:37:35+00:00,2025-12-18
2025-08-14,XLY,113.90996551513672,11244600.0,Yahoo Finance,2026-09-21T04:37:35+00:00,2025-12-18
2025-08-15,XLY,113.6370849609375,9346800.0,Yahoo Finance,2026-09-21T04:37:35+00:00,2025-12-18
2025-08-18,XLY,114.09354400634766,9293000.0,Yahoo Finance,2026-09-21T04:37:35+00:00,2025-12-18
2025-08-19,XLY,114.03897094726562,11843000.0,Yahoo Finance,2026-09-21T04:37:35+00:00,2025-12-18
2025-08-20,XLY,112.9127197265625,15303600.0,Yahoo Finance,2026-09-21T04:37:35+00:00,2025-12-18
2025-08-21,XLY,112.242919921875,10117000.0,Yahoo Finance,2026-09-21T04:37:35+00:00,2025-12-18
2025-08-22,XLY,115.65144348144531,14933800.0,Yahoo Finance,2026-09-21T04:37:35+00:00,2025-12-18
2025-08-25,XLY,115.41825103759766,9851400.0,Yahoo Finance,2026-09-21T04:37:35+00:00,2025-12-18
2025-08-26,XLY,115.9491195678711,10809600.0,Yahoo Finance,2026-09-21T04:37:35+00:00,2025-12-18
2025-08-27,XLY,115.97393798828125,8764400.0,Yahoo Finance,2026-09-21T04:37:35+00:00,2025-12-18
2025-08-28,XLY,116.17239379882812,8211400.0,Yahoo Finance,2026-09-21T04:37:35+00:00,2025-12-18
2025-08-29,XLY,114.9766845703125,11766000.0,Yahoo Finance,2026-09-21T04:37:35+00:00,2025-12-18
2025-09-02,XLY,114.11833953857422,14705400.0,Yahoo Finance,2026-09-21T04:37:35+00:00,2025-12-18
2025-09-03,XLY,114.57976531982422,13839000.0,Yahoo Finance,2026-09-21T04:37:35+00:00,2025-12-18
2025-09-04,XLY,116.67350006103516,24662400.0,Yahoo Finance,2026-09-21T04:37:35+00:00,2025-12-18
2025-09-05,XLY,116.64868927001953,30997000.0,Yahoo Finance,2026-09-21T04:37:35+00:00,2025-12-18
2025-09-08,XLY,117.10018157958984,18769200.0,Yahoo Finance,2026-09-21T04:37:35+00:00,2025-12-18
2025-09-09,XLY,116.93645477294922,13340200.0,Yahoo Finance,2026-09-21T04:37:35+00:00,2025-12-18
2025-09-10,XLY,115.53732299804688,16330400.0,Yahoo Finance,2026-09-21T04:37:35+00:00,2025-12-18
2025-09-11,XLY,117.78485870361328,16448800.0,Yahoo Finance,2026-09-21T04:37:35+00:00,2025-12-18
2025-09-12,XLY,118.39512634277344,9002800.0,Yahoo Finance,2026-09-21T04:37:35+00:00,2025-12-18
2025-09-15,XLY,119.42213439941406,13760200.0,Yahoo Finance,2026-09-21T04:37:35+00:00,2025-12-18
2025-09-16,XLY,120.15643310546875,8687400.0,Yahoo Finance,2026-09-21T04:37:35+00:00,2025-12-18
2025-09-17,XLY,119.8537826538086,15324000.0,Yahoo Finance,2026-09-21T04:37:35+00:00,2025-12-18
2025-09-18,XLY,119.31299591064453,10819800.0,Yahoo Finance,2026-09-21T04:37:35+00:00,2025-12-18
2025-09-19,XLY,119.76448822021484,12576200.0,Yahoo Finance,2026-09-21T04:37:35+00:00,2025-12-18
2025-09-22,XLY,119.37432861328125,12283600.0,Yahoo Finance,2026-09-21T04:37:35+00:00,2025-12-18
2025-09-23,XLY,118.25106048583984,9696400.0,Yahoo Finance,2026-09-21T04:37:35+00:00,2025-12-18
2025-09-24,XLY,119.08605194091797,9862000.0,Yahoo Finance,2026-09-21T04:37:35+00:00,2025-12-18
2025-09-25,XLY,117.4061279296875,11590800.0,Yahoo Finance,2026-09-21T04:37:35+00:00,2025-12-18
2025-09-26,XLY,119.14073181152344,9749400.0,Yahoo Finance,2026-09-21T04:37:35+00:00,2025-12-18
2025-09-29,XLY,119.66259002685547,11244600.0,Yahoo Finance,2026-09-21T04:37:35+00:00,2025-12-18
2025-09-30,XLY,119.1059341430664,12982000.0,Yahoo Finance,2026-09-21T04:37:35+00:00,2025-12-18
2025-10-01,XLY,119.8514633178711,11258000.0,Yahoo Finance,2026-09-21T04:37:35+00:00,2025-12-18
2025-10-02,XLY,118.98664855957031,13191400.0,Yahoo Finance,2026-09-21T04:37:35+00:00,2025-12-18
2025-10-03,XLY,118.22123718261719,13934400.0,Yahoo Finance,2026-09-21T04:37:35+00:00,2025-12-18
2025-10-06,XLY,119.23515319824219,10462800.0,Yahoo Finance,2026-09-21T04:37:35+00:00,2025-12-18
2025-10-07,XLY,117.14766693115234,14624000.0,Yahoo Finance,2026-09-21T04:37:35+00:00,2025-12-18
2025-10-08,XLY,117.4955825805664,7910200.0,Yahoo Finance,2026-09-21T04:37:35+00:00,2025-12-18
2025-10-09,XLY,116.90911102294922,9757600.0,Yahoo Finance,2026-09-21T04:37:35+00:00,2025-12-18
2025-10-10,XLY,113.6933822631836,17978200.0,Yahoo Finance,2026-09-21T04:37:35+00:00,2025-12-18
2025-10-13,XLY,116.23316192626953,10860200.0,Yahoo Finance,2026-09-21T04:37:35+00:00,2025-12-18
2025-10-14,XLY,116.47669982910156,12533600.0,Yahoo Finance,2026-09-21T04:37:35+00:00,2025-12-18
2025-10-15,XLY,116.64568328857422,10836000.0,Yahoo Finance,2026-09-21T04:37:35+00:00,2025-12-18
2025-10-16,XLY,115.51744079589844,13036800.0,Yahoo Finance,2026-09-21T04:37:35+00:00,2025-12-18
2025-10-17,XLY,116.51148223876953,11769800.0,Yahoo Finance,2026-09-21T04:37:35+00:00,2025-12-18
2025-10-20,XLY,117.43594360351562,8356400.0,Yahoo Finance,2026-09-21T04:37:35+00:00,2025-12-18
2025-10-21,XLY,118.8723373413086,8674600.0,Yahoo Finance,2026-09-21T04:37:35+00:00,2025-12-18
2025-10-22,XLY,117.94290161132812,12749600.0,Yahoo Finance,2026-09-21T04:37:35+00:00,2025-12-18
2025-10-23,XLY,118.4747085571289,11286800.0,Yahoo Finance,2026-09-21T04:37:35+00:00,2025-12-18
2025-10-24,XLY,118.12183380126953,6481600.0,Yahoo Finance,2026-09-21T04:37:35+00:00,2025-12-18
2025-10-27,XLY,119.82164764404297,7407800.0,Yahoo Finance,2026-09-21T04:37:35+00:00,2025-12-18
2025-10-28,XLY,119.8514633178711,8999400.0,Yahoo Finance,2026-09-21T04:37:35+00:00,2025-12-18
2025-10-29,XLY,118.86238861083984,11064000.0,Yahoo Finance,2026-09-21T04:37:35+00:00,2025-12-18
2025-10-30,XLY,116.17848205566406,11853400.0,Yahoo Finance,2026-09-21T04:37:35+00:00,2025-12-18
2025-10-31,XLY,119.25006103515625,13414400.0,Yahoo Finance,2026-09-21T04:37:35+00:00,2025-12-18
2025-11-03,XLY,120.36836242675781,10730800.0,Yahoo Finance,2026-09-21T04:37:35+00:00,2025-12-18
2025-11-04,XLY,118.37034606933594,9312600.0,Yahoo Finance,2026-09-21T04:37:35+00:00,2025-12-18
2025-11-05,XLY,119.81169891357422,11716200.0,Yahoo Finance,2026-09-21T04:37:35+00:00,2025-12-18
2025-11-06,XLY,117.04330444335938,14726000.0,Yahoo Finance,2026-09-21T04:37:35+00:00,2025-12-18
2025-11-07,XLY,117.22720336914062,11502000.0,Yahoo Finance,2026-09-21T04:37:35+00:00,2025-12-18
2025-11-10,XLY,118.76795959472656,10434800.0,Yahoo Finance,2026-09-21T04:37:35+00:00,2025-12-18
2025-11-11,XLY,119.06120300292969,12775400.0,Yahoo Finance,2026-09-21T04:37:35+00:00,2025-12-18
2025-11-12,XLY,118.26100158691406,9314200.0,Yahoo Finance,2026-09-21T04:37:35+00:00,2025-12-18
2025-11-13,XLY,115.30870056152344,15268400.0,Yahoo Finance,2026-09-21T04:37:35+00:00,2025-12-18
2025-11-14,XLY,114.75700378417969,14662200.0,Yahoo Finance,2026-09-21T04:37:35+00:00,2025-12-18
2025-11-17,XLY,113.678466796875,20233600.0,Yahoo Finance,2026-09-21T04:37:35+00:00,2025-12-18
2025-11-18,XLY,111.58104705810547,27057400.0,Yahoo Finance,2026-09-21T04:37:35+00:00,2025-12-18
2025-11-19,XLY,111.58601379394531,15912200.0,Yahoo Finance,2026-09-21T04:37:35+00:00,2025-12-18
2025-11-20,XLY,109.92100524902344,24924400.0,Yahoo Finance,2026-09-21T04:37:35+00:00,2025-12-18
2025-11-21,XLY,112.07806396484375,19013200.0,Yahoo Finance,2026-09-21T04:37:35+00:00,2025-12-18
2025-11-24,XLY,113.5740966796875,11181800.0,Yahoo Finance,2026-09-21T04:37:35+00:00,2025-12-18
2025-11-25,XLY,116.00452423095703,10395400.0,Yahoo Finance,2026-09-21T04:37:35+00:00,2025-12-18
2025-11-26,XLY,116.79975891113281,8122200.0,Yahoo Finance,2026-09-21T04:37:35+00:00,2025-12-18
2025-11-28,XLY,117.5254135131836,4827200.0,Yahoo Finance,2026-09-21T04:37:35+00:00,2025-12-18
2025-12-01,XLY,117.5949935913086,11579800.0,Yahoo Finance,2026-09-21T04:37:35+00:00,2025-12-18
2025-12-02,XLY,117.51546478271484,11105800.0,Yahoo Finance,2026-09-21T04:37:35+00:00,2025-12-18
2025-12-03,XLY,118.78287506103516,9369800.0,Yahoo Finance,2026-09-21T04:37:35+00:00,2025-12-18
2025-12-04,XLY,118.36040496826172,11828800.0,Yahoo Finance,2026-09-21T04:37:35+00:00,2025-12-18
2025-12-05,XLY,119.01647186279297,4556800.0,Yahoo Finance,2026-09-21T04:37:35+00:00,2025-12-18
2025-12-08,XLY,117.28683471679688,6400100.0,Yahoo Finance,2026-09-21T04:37:35+00:00,2025-12-18
2025-12-09,XLY,117.27690887451172,5153900.0,Yahoo Finance,2026-09-21T04:37:35+00:00,2025-12-18
2025-12-10,XLY,118.99658966064453,9440800.0,Yahoo Finance,2026-09-21T04:37:35+00:00,2025-12-18
2025-12-11,XLY,119.46378326416016,5863400.0,Yahoo Finance,2026-09-21T04:37:35+00:00,2025-12-18
2025-12-12,XLY,119.98068237304688,7865600.0,Yahoo Finance,2026-09-21T04:37:35+00:00,2025-12-18
2025-12-15,XLY,121.00454711914062,12137500.0,Yahoo Finance,2026-09-21T04:37:35+00:00,2025-12-18
2025-12-16,XLY,121.20336151123047,12052000.0,Yahoo Finance,2026-09-21T04:37:35+00:00,2025-12-18
2025-12-17,XLY,119.8017578125,10597600.0,Yahoo Finance,2026-09-21T04:37:35+00:00,2025-12-18
2025-12-18,XLY,121.61090850830078,11598200.0,Yahoo Finance,2026-09-21T04:37:35+00:00,2025-12-18
2024-11-13,XOM,113.92927551269531,15127900.0,Yahoo Finance,2026-09-21T04:37:35+00:00,2025-12-18
2024-11-14,XOM,114.00492095947266,13041800.0,Yahoo Finance,2026-09-21T04:37:35+00:00,2025-12-18
2024-11-15,XOM,112.82289123535156,19051700.0,Yahoo Finance,2026-09-21T04:37:35+00:00,2025-12-18
2024-11-18,XOM,113.76850891113281,14239700.0,Yahoo Finance,2026-09-21T04:37:35+00:00,2025-12-18
2024-11-19,XOM,112.17984771728516,11584400.0,Yahoo Finance,2026-09-21T04:37:35+00:00,2025-12-18
2024-11-20,XOM,113.77796936035156,11360900.0,Yahoo Finance,2026-09-21T04:37:35+00:00,2025-12-18
2024-11-21,XOM,115.30042266845703,14675400.0,Yahoo Finance,2026-09-21T04:37:35+00:00,2025-12-18
2024-11-22,XOM,115.16803741455078,13323400.0,Yahoo Finance,2026-09-21T04:37:35+00:00,2025-12-18
2024-11-25,XOM,113.4469985961914,26580300.0,Yahoo Finance,2026-09-21T04:37:35+00:00,2025-12-18
2024-11-26,XOM,111.55574798583984,14827300.0,Yahoo Finance,2026-09-21T04:37:35+00:00,2025-12-18
2024-11-27,XOM,111.2625961303711,11079100.0,Yahoo Finance,2026-09-21T04:37:35+00:00,2025-12-18
2024-11-29,XOM,111.5462875366211,9426500.0,Yahoo Finance,2026-09-21T04:37:35+00:00,2025-12-18
2024-12-02,XOM,111.44227600097656,12687300.0,Yahoo Finance,2026-09-21T04:37:35+00:00,2025-12-18
2024-12-03,XOM,111.27204895019531,11756600.0,Yahoo Finance,2026-09-21T04:37:35+00:00,2025-12-18
2024-12-04,XOM,108.06637573242188,19520600.0,Yahoo Finance,2026-09-21T04:37:35+00:00,2025-12-18
2024-12-05,XOM,108.53919219970703,15751200.0,Yahoo Finance,2026-09-21T04:37:35+00:00,2025-12-18
2024-12-06,XOM,107.39497375488281,16171100.0,Yahoo Finance,2026-09-21T04:37:35+00:00,2025-12-18
2024-12-09,XOM,106.76140594482422,17412600.0,Yahoo Finance,2026-09-21T04:37:35+00:00,2025-12-18
2024-12-10,XOM,106.54391479492188,20990900.0,Yahoo Finance,2026-09-21T04:37:35+00:00,2025-12-18
2024-12-11,XOM,105.8346939086914,32392200.0,Yahoo Finance,2026-09-21T04:37:35+00:00,2025-12-18
2024-12-12,XOM,105.74012756347656,14543300.0,Yahoo Finance,2026-09-21T04:37:35+00:00,2025-12-18
2024-12-13,XOM,104.81341552734375,13106100.0,Yahoo Finance,2026-09-21T04:37:35+00:00,2025-12-18
2024-12-16,XOM,102.57228088378906,20256100.0,Yahoo Finance,2026-09-21T04:37:35+00:00,2025-12-18
2024-12-17,XOM,102.13729095458984,17554000.0,Yahoo Finance,2026-09-21T04:37:35+00:00,2025-12-18
2024-12-18,XOM,100.63373565673828,17114500.0,Yahoo Finance,2026-09-21T04:37:35+00:00,2025-12-18
2024-12-19,XOM,99.77322387695312,20565600.0,Yahoo Finance,2026-09-21T04:37:35+00:00,2025-12-18
2024-12-20,XOM,100.11365509033203,40141200.0,Yahoo Finance,2026-09-21T04:37:35+00:00,2025-12-18
2024-12-23,XOM,100.520263671875,12285100.0,Yahoo Finance,2026-09-21T04:37:35+00:00,2025-12-18
2024-12-24,XOM,100.61483001708984,7807000.0,Yahoo Finance,2026-09-21T04:37:35+00:00,2025-12-18
2024-12-26,XOM,100.6999282836914,9652400.0,Yahoo Finance,2026-09-21T04:37:35+00:00,2025-12-18
2024-12-27,XOM,100.69047546386719,11943900.0,Yahoo Finance,2026-09-21T04:37:35+00:00,2025-12-18
2024-12-30,XOM,100.0096206665039,11080800.0,Yahoo Finance,2026-09-21T04:37:35+00:00,2025-12-18
2024-12-31,XOM,101.72120666503906,12387800.0,Yahoo Finance,2026-09-21T04:37:35+00:00,2025-12-18
2025-01-02,XOM,101.47534942626953,12685400.0,Yahoo Finance,2026-09-21T04:37:35+00:00,2025-12-18
2025-01-03,XOM,101.99544525146484,14237900.0,Yahoo Finance,2026-09-21T04:37:35+00:00,2025-12-18
2025-01-06,XOM,101.88196563720703,15623700.0,Yahoo Finance,2026-09-21T04:37:35+00:00,2025-12-18
2025-01-07,XOM,102.83705139160156,12625900.0,Yahoo Finance,2026-09-21T04:37:35+00:00,2025-12-18
2025-01-08,XOM,101.11601257324219,17858100.0,Yahoo Finance,2026-09-21T04:37:35+00:00,2025-12-18
2025-01-10,XOM,100.7472152709961,19304500.0,Yahoo Finance,2026-09-21T04:37:35+00:00,2025-12-18
2025-01-13,XOM,103.34770202636719,17073400.0,Yahoo Finance,2026-09-21T04:37:35+00:00,2025-12-18
2025-01-14,XOM,103.75431060791016,11191200.0,Yahoo Finance,2026-09-21T04:37:35+00:00,2025-12-18
2025-01-15,XOM,105.44699096679688,14521100.0,Yahoo Finance,2026-09-21T04:37:35+00:00,2025-12-18
2025-01-16,XOM,105.26731872558594,10366600.0,Yahoo Finance,2026-09-21T04:37:35+00:00,2025-12-18
2025-01-17,XOM,106.21294403076172,19298500.0,Yahoo Finance,2026-09-21T04:37:35+00:00,2025-12-18
2025-01-21,XOM,105.40914916992188,20416300.0,Yahoo Finance,2026-09-21T04:37:35+00:00,2025-12-18
2025-01-22,XOM,103.57463836669922,15718000.0,Yahoo Finance,2026-09-21T04:37:35+00:00,2025-12-18
2025-01-23,XOM,104.16093444824219,13726800.0,Yahoo Finance,2026-09-21T04:37:35+00:00,2025-12-18
2025-01-24,XOM,102.75194549560547,14235900.0,Yahoo Finance,2026-09-21T04:37:35+00:00,2025-12-18
2025-01-27,XOM,104.17984008789062,15926700.0,Yahoo Finance,2026-09-21T04:37:35+00:00,2025-12-18
2025-01-28,XOM,102.16566467285156,15862000.0,Yahoo Finance,2026-09-21T04:37:35+00:00,2025-12-18
2025-01-29,XOM,102.76141357421875,12345500.0,Yahoo Finance,2026-09-21T04:37:35+00:00,2025-12-18
2025-01-30,XOM,103.61246490478516,14346300.0,Yahoo Finance,2026-09-21T04:37:35+00:00,2025-12-18
2025-01-31,XOM,101.02144622802734,20376500.0,Yahoo Finance,2026-09-21T04:37:35+00:00,2025-12-18
2025-02-03,XOM,101.26730346679688,14623200.0,Yahoo Finance,2026-09-21T04:37:35+00:00,2025-12-18
2025-02-04,XOM,103.98126220703125,14835700.0,Yahoo Finance,2026-09-21T04:37:35+00:00,2025-12-18
2025-02-05,XOM,103.9056167602539,13364400.0,Yahoo Finance,2026-09-21T04:37:35+00:00,2025-12-18
2025-02-06,XOM,102.53446197509766,13411400.0,Yahoo Finance,2026-09-21T04:37:35+00:00,2025-12-18
2025-02-07,XOM,102.96945190429688,10051600.0,Yahoo Finance,2026-09-21T04:37:35+00:00,2025-12-18
2025-02-10,XOM,104.93634796142578,12142200.0,Yahoo Finance,2026-09-21T04:37:35+00:00,2025-12-18
2025-02-11,XOM,105.5982894897461,12713100.0,Yahoo Finance,2026-09-21T04:37:35+00:00,2025-12-18
2025-02-12,XOM,102.42118072509766,18244100.0,Yahoo Finance,2026-09-21T04:37:35+00:00,2025-12-18
2025-02-13,XOM,103.16536712646484,15460000.0,Yahoo Finance,2026-09-21T04:37:35+00:00,2025-12-18
2025-02-14,XOM,103.27031707763672,15733500.0,Yahoo Finance,2026-09-21T04:37:35+00:00,2025-12-18
2025-02-18,XOM,105.08308410644531,20060300.0,Yahoo Finance,2026-09-21T04:37:35+00:00,2025-12-18
2025-02-19,XOM,105.23573303222656,10964700.0,Yahoo Finance,2026-09-21T04:37:35+00:00,2025-12-18
2025-02-20,XOM,106.85768127441406,16325800.0,Yahoo Finance,2026-09-21T04:37:35+00:00,2025-12-18
2025-02-21,XOM,105.60783386230469,14710000.0,Yahoo Finance,2026-09-21T04:37:35+00:00,2025-12-18
2025-02-24,XOM,106.16119384765625,13153500.0,Yahoo Finance,2026-09-21T04:37:35+00:00,2025-12-18
2025-02-25,XOM,104.69190979003906,14497000.0,Yahoo Finance,2026-09-21T04:37:35+00:00,2025-12-18
2025-02-26,XOM,104.43429565429688,10446400.0,Yahoo Finance,2026-09-21T04:37:35+00:00,2025-12-18
2025-02-27,XOM,105.09262084960938,15293200.0,Yahoo Finance,2026-09-21T04:37:35+00:00,2025-12-18
2025-02-28,XOM,106.21844482421875,18821700.0,Yahoo Finance,2026-09-21T04:37:35+00:00,2025-12-18
2025-03-03,XOM,102.8123550415039,18706900.0,Yahoo Finance,2026-09-21T04:37:35+00:00,2025-12-18
2025-03-04,XOM,102.60245513916016,19394900.0,Yahoo Finance,2026-09-21T04:37:35+00:00,2025-12-18
2025-03-05,XOM,100.59888458251953,24822200.0,Yahoo Finance,2026-09-21T04:37:35+00:00,2025-12-18
2025-03-06,XOM,102.67878723144531,17150200.0,Yahoo Finance,2026-09-21T04:37:35+00:00,2025-12-18
2025-03-07,XOM,104.01451110839844,19625000.0,Yahoo Finance,2026-09-21T04:37:35+00:00,2025-12-18
2025-03-10,XOM,106.66686248779297,22749100.0,Yahoo Finance,2026-09-21T04:37:35+00:00,2025-12-18
2025-03-11,XOM,104.14807891845703,19904700.0,Yahoo Finance,2026-09-21T04:37:35+00:00,2025-12-18
2025-03-12,XOM,104.11945343017578,14051500.0,Yahoo Finance,2026-09-21T04:37:35+00:00,2025-12-18
2025-03-13,XOM,103.68058013916016,17767800.0,Yahoo Finance,2026-09-21T04:37:35+00:00,2025-12-18
2025-03-14,XOM,106.76228332519531,15890100.0,Yahoo Finance,2026-09-21T04:37:35+00:00,2025-12-18
2025-03-17,XOM,108.53687286376953,19908800.0,Yahoo Finance,2026-09-21T04:37:35+00:00,2025-12-18
2025-03-18,XOM,108.42237091064453,15998700.0,Yahoo Finance,2026-09-21T04:37:35+00:00,2025-12-18
2025-03-19,XOM,110.11111450195312,17315000.0,Yahoo Finance,2026-09-21T04:37:35+00:00,2025-12-18
2025-03-20,XOM,110.57862091064453,16230800.0,Yahoo Finance,2026-09-21T04:37:35+00:00,2025-12-18
2025-03-21,XOM,110.19699096679688,41102800.0,Yahoo Finance,2026-09-21T04:37:35+00:00,2025-12-18
2025-03-24,XOM,110.48320770263672,14207500.0,Yahoo Finance,2026-09-21T04:37:35+00:00,2025-12-18
2025-03-25,XOM,111.23692321777344,12081800.0,Yahoo Finance,2026-09-21T04:37:35+00:00,2025-12-18
2025-03-26,XOM,112.83980560302734,14110800.0,Yahoo Finance,2026-09-21T04:37:35+00:00,2025-12-18
2025-03-27,XOM,112.47724914550781,12740800.0,Yahoo Finance,2026-09-21T04:37:35+00:00,2025-12-18
2025-03-28,XOM,112.3246078491211,10233400.0,Yahoo Finance,2026-09-21T04:37:35+00:00,2025-12-18
2025-03-31,XOM,113.46949768066406,21652300.0,Yahoo Finance,2026-09-21T04:37:35+00:00,2025-12-18
2025-04-01,XOM,113.574462890625,12425400.0,Yahoo Finance,2026-09-21T04:37:35+00:00,2025-12-18
2025-04-02,XOM,113.22144317626953,12614600.0,Yahoo Finance,2026-09-21T04:37:35+00:00,2025-12-18
2025-04-03,XOM,107.26792907714844,21204600.0,Yahoo Finance,2026-09-21T04:37:35+00:00,2025-12-18
2025-04-04,XOM,99.54936981201172,30841300.0,Yahoo Finance,2026-09-21T04:37:35+00:00,2025-12-18
2025-04-07,XOM,98.21366119384766,35068500.0,Yahoo Finance,2026-09-21T04:37:35+00:00,2025-12-18
2025-04-08,XOM,96.1432876586914,27147800.0,Yahoo Finance,2026-09-21T04:37:35+00:00,2025-12-18
2025-04-09,XOM,100.94235229492188,30063300.0,Yahoo Finance,2026-09-21T04:37:35+00:00,2025-12-18
2025-04-10,XOM,95.34186553955078,33999300.0,Yahoo Finance,2026-09-21T04:37:35+00:00,2025-12-18
2025-04-11,XOM,98.40447998046875,22884600.0,Yahoo Finance,2026-09-21T04:37:35+00:00,2025-12-18
2025-04-14,XOM,98.64299774169922,18020000.0,Yahoo Finance,2026-09-21T04:37:35+00:00,2025-12-18
2025-04-15,XOM,98.36631774902344,13164900.0,Yahoo Finance,2026-09-21T04:37:35+00:00,2025-12-18
2025-04-16,XOM,99.4062728881836,13607000.0,Yahoo Finance,2026-09-21T04:37:35+00:00,2025-12-18
2025-04-17,XOM,102.01092529296875,17916500.0,Yahoo Finance,2026-09-21T04:37:35+00:00,2025-12-18
2025-04-21,XOM,100.51300811767578,16926500.0,Yahoo Finance,2026-09-21T04:37:35+00:00,2025-12-18
2025-04-22,XOM,103.32756805419922,13147000.0,Yahoo Finance,2026-09-21T04:37:35+00:00,2025-12-18
2025-04-23,XOM,102.44026184082031,14235700.0,Yahoo Finance,2026-09-21T04:37:35+00:00,2025-12-18
2025-04-24,XOM,103.64241027832031,9849600.0,Yahoo Finance,2026-09-21T04:37:35+00:00,2025-12-18
2025-04-25,XOM,103.58516693115234,11245800.0,Yahoo Finance,2026-09-21T04:37:35+00:00,2025-12-18
2025-04-28,XOM,103.64241027832031,13890900.0,Yahoo Finance,2026-09-21T04:37:35+00:00,2025-12-18
2025-04-29,XOM,103.38481140136719,9483100.0,Yahoo Finance,2026-09-21T04:37:35+00:00,2025-12-18
2025-04-30,XOM,100.78014373779297,20379300.0,Yahoo Finance,2026-09-21T04:37:35+00:00,2025-12-18
2025-05-01,XOM,100.92326354980469,18610300.0,Yahoo Finance,2026-09-21T04:37:35+00:00,2025-12-18
2025-05-02,XOM,101.3335189819336,16581900.0,Yahoo Finance,2026-09-21T04:37:35+00:00,2025-12-18
2025-05-05,XOM,98.52849578857422,19624000.0,Yahoo Finance,2026-09-21T04:37:35+00:00,2025-12-18
2025-05-06,XOM,99.90238952636719,16303400.0,Yahoo Finance,2026-09-21T04:37:35+00:00,2025-12-18
2025-05-07,XOM,99.80697631835938,12332200.0,Yahoo Finance,2026-09-21T04:37:35+00:00,2025-12-18
2025-05-08,XOM,101.199951171875,19196500.0,Yahoo Finance,2026-09-21T04:37:35+00:00,2025-12-18
2025-05-09,XOM,102.38301086425781,10992100.0,Yahoo Finance,2026-09-21T04:37:35+00:00,2025-12-18
2025-05-12,XOM,104.14807891845703,14244600.0,Yahoo Finance,2026-09-21T04:37:35+00:00,2025-12-18
2025-05-13,XOM,104.43429565429688,13350800.0,Yahoo Finance,2026-09-21T04:37:35+00:00,2025-12-18
2025-05-14,XOM,103.49930572509766,15494900.0,Yahoo Finance,2026-09-21T04:37:35+00:00,2025-12-18
2025-05-15,XOM,104.54884338378906,15004300.0,Yahoo Finance,2026-09-21T04:37:35+00:00,2025-12-18
2025-05-16,XOM,104.1733169555664,14042500.0,Yahoo Finance,2026-09-21T04:37:35+00:00,2025-12-18
2025-05-19,XOM,102.51716613769531,16802700.0,Yahoo Finance,2026-09-21T04:37:35+00:00,2025-12-18
2025-05-20,XOM,101.05359649658203,12429300.0,Yahoo Finance,2026-09-21T04:37:35+00:00,2025-12-18
2025-05-21,XOM,99.81149291992188,16716100.0,Yahoo Finance,2026-09-21T04:37:35+00:00,2025-12-18
2025-05-22,XOM,99.14710998535156,13417400.0,Yahoo Finance,2026-09-21T04:37:35+00:00,2025-12-18
2025-05-23,XOM,99.20487976074219,12061600.0,Yahoo Finance,2026-09-21T04:37:35+00:00,2025-12-18
2025-05-27,XOM,99.67668151855469,13043600.0,Yahoo Finance,2026-09-21T04:37:35+00:00,2025-12-18
2025-05-28,XOM,98.31903839111328,14292400.0,Yahoo Finance,2026-09-21T04:37:35+00:00,2025-12-18
2025-05-29,XOM,98.87750244140625,13825300.0,Yahoo Finance,2026-09-21T04:37:35+00:00,2025-12-18
2025-05-30,XOM,98.50199127197266,28645800.0,Yahoo Finance,2026-09-21T04:37:35+00:00,2025-12-18
2025-06-02,XOM,99.22415161132812,17290500.0,Yahoo Finance,2026-09-21T04:37:35+00:00,2025-12-18
2025-06-03,XOM,99.94630432128906,19194300.0,Yahoo Finance,2026-09-21T04:37:35+00:00,2025-12-18
2025-06-04,XOM,98.50199127197266,15648500.0,Yahoo Finance,2026-09-21T04:37:35+00:00,2025-12-18
2025-06-05,XOM,98.04944610595703,13924800.0,Yahoo Finance,2026-09-21T04:37:35+00:00,2025-12-18
2025-06-06,XOM,100.39884948730469,15487800.0,Yahoo Finance,2026-09-21T04:37:35+00:00,2025-12-18
2025-06-09,XOM,101.07286071777344,17087300.0,Yahoo Finance,2026-09-21T04:37:35+00:00,2025-12-18
2025-06-10,XOM,103.23932647705078,17634800.0,Yahoo Finance,2026-09-21T04:37:35+00:00,2025-12-18
2025-06-11,XOM,105.25172424316406,22648200.0,Yahoo Finance,2026-09-21T04:37:35+00:00,2025-12-18
2025-06-12,XOM,105.65614318847656,17469400.0,Yahoo Finance,2026-09-21T04:37:35+00:00,2025-12-18
2025-06-13,XOM,107.95741271972656,28540200.0,Yahoo Finance,2026-09-21T04:37:35+00:00,2025-12-18
2025-06-16,XOM,108.30404663085938,22986100.0,Yahoo Finance,2026-09-21T04:37:35+00:00,2025-12-18
2025-06-17,XOM,109.76760864257812,19451700.0,Yahoo Finance,2026-09-21T04:37:35+00:00,2025-12-18
2025-06-18,XOM,108.98768615722656,17968900.0,Yahoo Finance,2026-09-21T04:37:35+00:00,2025-12-18
2025-06-20,XOM,110.44161224365234,36273300.0,Yahoo Finance,2026-09-21T04:37:35+00:00,2025-12-18
2025-06-23,XOM,107.59150695800781,26631100.0,Yahoo Finance,2026-09-21T04:37:35+00:00,2025-12-18
2025-06-24,XOM,104.31774139404297,24828300.0,Yahoo Finance,2026-09-21T04:37:35+00:00,2025-12-18
2025-06-25,XOM,104.34662628173828,17483200.0,Yahoo Finance,2026-09-21T04:37:35+00:00,2025-12-18
2025-06-26,XOM,105.90648651123047,18304800.0,Yahoo Finance,2026-09-21T04:37:35+00:00,2025-12-18
2025-06-27,XOM,105.31912994384766,22002100.0,Yahoo Finance,2026-09-21T04:37:35+00:00,2025-12-18
2025-06-30,XOM,103.79779052734375,19199000.0,Yahoo Finance,2026-09-21T04:37:35+00:00,2025-12-18
2025-07-01,XOM,105.184326171875,15536900.0,Yahoo Finance,2026-09-21T04:37:35+00:00,2025-12-18
2025-07-02,XOM,106.92713928222656,11892200.0,Yahoo Finance,2026-09-21T04:37:35+00:00,2025-12-18
2025-07-03,XOM,108.03443908691406,11223600.0,Yahoo Finance,2026-09-21T04:37:35+00:00,2025-12-18
2025-07-07,XOM,106.98490142822266,15415900.0,Yahoo Finance,2026-09-21T04:37:35+00:00,2025-12-18
2025-07-08,XOM,109.95055389404297,17913400.0,Yahoo Finance,2026-09-21T04:37:35+00:00,2025-12-18
2025-07-09,XOM,109.57503509521484,10652100.0,Yahoo Finance,2026-09-21T04:37:35+00:00,2025-12-18
2025-07-10,XOM,110.6630859375,14901700.0,Yahoo Finance,2026-09-21T04:37:35+00:00,2025-12-18
2025-07-11,XOM,111.14452362060547,11683900.0,Yahoo Finance,2026-09-21T04:37:35+00:00,2025-12-18
2025-07-14,XOM,109.69058227539062,13220300.0,Yahoo Finance,2026-09-21T04:37:35+00:00,2025-12-18
2025-07-15,XOM,108.71807861328125,10959300.0,Yahoo Finance,2026-09-21T04:37:35+00:00,2025-12-18
2025-07-16,XOM,108.06332397460938,11158900.0,Yahoo Finance,2026-09-21T04:37:35+00:00,2025-12-18
2025-07-17,XOM,107.51448822021484,13151400.0,Yahoo Finance,2026-09-21T04:37:35+00:00,2025-12-18
2025-07-18,XOM,103.76890563964844,32366600.0,Yahoo Finance,2026-09-21T04:37:35+00:00,2025-12-18
2025-07-21,XOM,104.03851318359375,17010400.0,Yahoo Finance,2026-09-21T04:37:35+00:00,2025-12-18
2025-07-22,XOM,104.51032257080078,13970900.0,Yahoo Finance,2026-09-21T04:37:35+00:00,2025-12-18
2025-07-23,XOM,105.84870910644531,12002700.0,Yahoo Finance,2026-09-21T04:37:35+00:00,2025-12-18
2025-07-24,XOM,106.6767807006836,15647200.0,Yahoo Finance,2026-09-21T04:37:35+00:00,2025-12-18
2025-07-25,XOM,106.30126190185547,10548900.0,Yahoo Finance,2026-09-21T04:37:35+00:00,2025-12-18
2025-07-28,XOM,107.30265808105469,12353000.0,Yahoo Finance,2026-09-21T04:37:35+00:00,2025-12-18
2025-07-29,XOM,108.68917846679688,15928000.0,Yahoo Finance,2026-09-21T04:37:35+00:00,2025-12-18
2025-07-30,XOM,107.7455825805664,12996900.0,Yahoo Finance,2026-09-21T04:37:35+00:00,2025-12-18
2025-07-31,XOM,107.4952163696289,17233700.0,Yahoo Finance,2026-09-21T04:37:35+00:00,2025-12-18
2025-08-01,XOM,105.5694808959961,19652000.0,Yahoo Finance,2026-09-21T04:37:35+00:00,2025-12-18
2025-08-04,XOM,103.38375854492188,19129500.0,Yahoo Finance,2026-09-21T04:37:35+00:00,2025-12-18
2025-08-05,XOM,103.25858306884766,21314300.0,Yahoo Finance,2026-09-21T04:37:35+00:00,2025-12-18
2025-08-06,XOM,102.5556869506836,15321800.0,Yahoo Finance,2026-09-21T04:37:35+00:00,2025-12-18
2025-08-07,XOM,102.01647186279297,13468300.0,Yahoo Finance,2026-09-21T04:37:35+00:00,2025-12-18
2025-08-08,XOM,102.83492279052734,14417700.0,Yahoo Finance,2026-09-21T04:37:35+00:00,2025-12-18
2025-08-11,XOM,101.90093231201172,13570700.0,Yahoo Finance,2026-09-21T04:37:35+00:00,2025-12-18
2025-08-12,XOM,102.18978118896484,14109400.0,Yahoo Finance,2026-09-21T04:37:35+00:00,2025-12-18
2025-08-13,XOM,103.60520935058594,17958700.0,Yahoo Finance,2026-09-21T04:37:35+00:00,2025-12-18
2025-08-14,XOM,103.39337158203125,13683500.0,Yahoo Finance,2026-09-21T04:37:35+00:00,2025-12-18
2025-08-15,XOM,103.49056243896484,19271900.0,Yahoo Finance,2026-09-21T04:37:35+00:00,2025-12-18
2025-08-18,XOM,103.7140884399414,13040000.0,Yahoo Finance,2026-09-21T04:37:35+00:00,2025-12-18
2025-08-19,XOM,104.39437103271484,16113600.0,Yahoo Finance,2026-09-21T04:37:35+00:00,2025-12-18
2025-08-20,XOM,105.47309875488281,18959700.0,Yahoo Finance,2026-09-21T04:37:35+00:00,2025-12-18
2025-08-21,XOM,106.15339660644531,12194900.0,Yahoo Finance,2026-09-21T04:37:35+00:00,2025-12-18
2025-08-22,XOM,108.14566040039062,13586700.0,Yahoo Finance,2026-09-21T04:37:35+00:00,2025-12-18
2025-08-25,XOM,108.59268951416016,9744900.0,Yahoo Finance,2026-09-21T04:37:35+00:00,2025-12-18
2025-08-26,XOM,108.34972381591797,18143900.0,Yahoo Finance,2026-09-21T04:37:35+00:00,2025-12-18
2025-08-27,XOM,109.57424926757812,15262600.0,Yahoo Finance,2026-09-21T04:37:35+00:00,2025-12-18
2025-08-28,XOM,110.1573486328125,14189800.0,Yahoo Finance,2026-09-21T04:37:35+00:00,2025-12-18
2025-08-29,XOM,111.07086181640625,14597900.0,Yahoo Finance,2026-09-21T04:37:35+00:00,2025-12-18
2025-09-02,XOM,111.45960235595703,15206700.0,Yahoo Finance,2026-09-21T04:37:35+00:00,2025-12-18
2025-09-03,XOM,108.7579116821289,14920100.0,Yahoo Finance,2026-09-21T04:37:35+00:00,2025-12-18
2025-09-04,XOM,109.2341079711914,12864400.0,Yahoo Finance,2026-09-21T04:37:35+00:00,2025-12-18
2025-09-05,XOM,106.15339660644531,16826700.0,Yahoo Finance,2026-09-21T04:37:35+00:00,2025-12-18
2025-09-08,XOM,106.75592803955078,15440500.0,Yahoo Finance,2026-09-21T04:37:35+00:00,2025-12-18
2025-09-09,XOM,107.53339385986328,14899500.0,Yahoo Finance,2026-09-21T04:37:35+00:00,2025-12-18
2025-09-10,XOM,109.33129119873047,15837600.0,Yahoo Finance,2026-09-21T04:37:35+00:00,2025-12-18
2025-09-11,XOM,108.98143005371094,11534500.0,Yahoo Finance,2026-09-21T04:37:35+00:00,2025-12-18
2025-09-12,XOM,109.00086975097656,11105700.0,Yahoo Finance,2026-09-21T04:37:35+00:00,2025-12-18
2025-09-15,XOM,109.18551635742188,12880500.0,Yahoo Finance,2026-09-21T04:37:35+00:00,2025-12-18
2025-09-16,XOM,111.44988250732422,17208000.0,Yahoo Finance,2026-09-21T04:37:35+00:00,2025-12-18
2025-09-17,XOM,112.0427017211914,13302000.0,Yahoo Finance,2026-09-21T04:37:35+00:00,2025-12-18
2025-09-18,XOM,110.72100830078125,14628700.0,Yahoo Finance,2026-09-21T04:37:35+00:00,2025-12-18
2025-09-19,XOM,109.64227294921875,38746500.0,Yahoo Finance,2026-09-21T04:37:35+00:00,2025-12-18
2025-09-22,XOM,108.86479949951172,15611500.0,Yahoo Finance,2026-09-21T04:37:35+00:00,2025-12-18
2025-09-23,XOM,110.74044036865234,25369100.0,Yahoo Finance,2026-09-21T04:37:35+00:00,2025-12-18
2025-09-24,XOM,111.33326721191406,14756100.0,Yahoo Finance,2026-09-21T04:37:35+00:00,2025-12-18
2025-09-25,XOM,112.3342514038086,15012600.0,Yahoo Finance,2026-09-21T04:37:35+00:00,2025-12-18
2025-09-26,XOM,113.91834259033203,18568900.0,Yahoo Finance,2026-09-21T04:37:35+00:00,2025-12-18
2025-09-29,XOM,111.00283813476562,19189300.0,Yahoo Finance,2026-09-21T04:37:35+00:00,2025-12-18
2025-09-30,XOM,109.57424926757812,18076200.0,Yahoo Finance,2026-09-21T04:37:35+00:00,2025-12-18
2025-10-01,XOM,108.83564758300781,16614000.0,Yahoo Finance,2026-09-21T04:37:35+00:00,2025-12-18
2025-10-02,XOM,108.15536499023438,13062600.0,Yahoo Finance,2026-09-21T04:37:35+00:00,2025-12-18
2025-10-03,XOM,110.06988525390625,12950100.0,Yahoo Finance,2026-09-21T04:37:35+00:00,2025-12-18
2025-10-06,XOM,110.9833984375,12036800.0,Yahoo Finance,2026-09-21T04:37:35+00:00,2025-12-18
2025-10-07,XOM,111.04170989990234,11945000.0,Yahoo Finance,2026-09-21T04:37:35+00:00,2025-12-18
2025-10-08,XOM,110.8084716796875,12301000.0,Yahoo Finance,2026-09-21T04:37:35+00:00,2025-12-18
2025-10-09,XOM,109.729736328125,10976200.0,Yahoo Finance,2026-09-21T04:37:35+00:00,2025-12-18
2025-10-10,XOM,107.61113739013672,13811600.0,Yahoo Finance,2026-09-21T04:37:35+00:00,2025-12-18
2025-10-13,XOM,109.07861328125,10296500.0,Yahoo Finance,2026-09-21T04:37:35+00:00,2025-12-18
2025-10-14,XOM,109.127197265625,11167200.0,Yahoo Finance,2026-09-21T04:37:35+00:00,2025-12-18
2025-10-15,XOM,108.46635437011719,12182900.0,Yahoo Finance,2026-09-21T04:37:35+00:00,2025-12-18
2025-10-16,XOM,107.52367401123047,11782200.0,Yahoo Finance,2026-09-21T04:37:35+00:00,2025-12-18
2025-10-17,XOM,109.07861328125,13460100.0,Yahoo Finance,2026-09-21T04:37:35+00:00,2025-12-18
2025-10-20,XOM,109.52565002441406,9523600.0,Yahoo Finance,2026-09-21T04:37:35+00:00,2025-12-18
2025-10-21,XOM,109.53536987304688,9202300.0,Yahoo Finance,2026-09-21T04:37:35+00:00,2025-12-18
2025-10-22,XOM,111.47903442382812,12938800.0,Yahoo Finance,2026-09-21T04:37:35+00:00,2025-12-18
2025-10-23,XOM,112.71327209472656,15001100.0,Yahoo Finance,2026-09-21T04:37:35+00:00,2025-12-18
2025-10-24,XOM,112.13988494873047,9919400.0,Yahoo Finance,2026-09-21T04:37:35+00:00,2025-12-18
2025-10-27,XOM,112.67440032958984,10975400.0,Yahoo Finance,2026-09-21T04:37:35+00:00,2025-12-18
2025-10-28,XOM,111.79002380371094,9535200.0,Yahoo Finance,2026-09-21T04:37:35+00:00,2025-12-18
2025-10-29,XOM,113.17003631591797,12570600.0,Yahoo Finance,2026-09-21T04:37:35+00:00,2025-12-18
2025-10-30,XOM,111.45960235595703,16172900.0,Yahoo Finance,2026-09-21T04:37:35+00:00,2025-12-18
2025-10-31,XOM,111.13890075683594,20213400.0,Yahoo Finance,2026-09-21T04:37:35+00:00,2025-12-18
2025-11-03,XOM,110.55579376220703,12290300.0,Yahoo Finance,2026-09-21T04:37:35+00:00,2025-12-18
2025-11-04,XOM,110.92510223388672,16860700.0,Yahoo Finance,2026-09-21T04:37:35+00:00,2025-12-18
2025-11-05,XOM,110.47805786132812,12400900.0,Yahoo Finance,2026-09-21T04:37:35+00:00,2025-12-18
2025-11-06,XOM,111.27495574951172,14219700.0,Yahoo Finance,2026-09-21T04:37:35+00:00,2025-12-18
2025-11-07,XOM,113.91834259033203,17181100.0,Yahoo Finance,2026-09-21T04:37:35+00:00,2025-12-18
2025-11-10,XOM,114.89017486572266,13048000.0,Yahoo Finance,2026-09-21T04:37:35+00:00,2025-12-18
2025-11-11,XOM,116.40623474121094,16077100.0,Yahoo Finance,2026-09-21T04:37:35+00:00,2025-12-18
2025-11-12,XOM,114.7929916381836,13790900.0,Yahoo Finance,2026-09-21T04:37:35+00:00,2025-12-18
2025-11-13,XOM,115.44412231445312,17291900.0,Yahoo Finance,2026-09-21T04:37:35+00:00,2025-12-18
2025-11-14,XOM,116.94403076171875,17064300.0,Yahoo Finance,2026-09-21T04:37:35+00:00,2025-12-18
2025-11-17,XOM,115.36568450927734,16034900.0,Yahoo Finance,2026-09-21T04:37:35+00:00,2025-12-18
2025-11-18,XOM,116.68914794921875,15808500.0,Yahoo Finance,2026-09-21T04:37:35+00:00,2025-12-18
2025-11-19,XOM,115.04218292236328,15919200.0,Yahoo Finance,2026-09-21T04:37:35+00:00,2025-12-18
2025-11-20,XOM,114.71866607666016,14401000.0,Yahoo Finance,2026-09-21T04:37:35+00:00,2025-12-18
2025-11-21,XOM,114.77749633789062,15667600.0,Yahoo Finance,2026-09-21T04:37:35+00:00,2025-12-18
2025-11-24,XOM,113.68932342529297,18034900.0,Yahoo Finance,2026-09-21T04:37:35+00:00,2025-12-18
2025-11-25,XOM,112.2580337524414,14434600.0,Yahoo Finance,2026-09-21T04:37:35+00:00,2025-12-18
2025-11-26,XOM,112.5129165649414,11650600.0,Yahoo Finance,2026-09-21T04:37:35+00:00,2025-12-18
2025-11-28,XOM,113.64030456542969,7240800.0,Yahoo Finance,2026-09-21T04:37:35+00:00,2025-12-18
2025-12-01,XOM,114.33634185791016,12658100.0,Yahoo Finance,2026-09-21T04:37:35+00:00,2025-12-18
2025-12-02,XOM,113.11091613769531,14607700.0,Yahoo Finance,2026-09-21T04:37:35+00:00,2025-12-18
2025-12-03,XOM,115.48333740234375,16819100.0,Yahoo Finance,2026-09-21T04:37:35+00:00,2025-12-18
2025-12-04,XOM,114.83631134033203,13686900.0,Yahoo Finance,2026-09-21T04:37:35+00:00,2025-12-18
2025-12-05,XOM,114.24811553955078,12516900.0,Yahoo Finance,2026-09-21T04:37:35+00:00,2025-12-18
2025-12-08,XOM,113.69912719726562,14904200.0,Yahoo Finance,2026-09-21T04:37:35+00:00,2025-12-18
2025-12-09,XOM,115.92448425292969,23790800.0,Yahoo Finance,2026-09-21T04:37:35+00:00,2025-12-18
2025-12-10,XOM,117.1891098022461,19845200.0,Yahoo Finance,2026-09-21T04:37:35+00:00,2025-12-18
2025-12-11,XOM,117.1891098022461,14781800.0,Yahoo Finance,2026-09-21T04:37:35+00:00,2025-12-18
2025-12-12,XOM,116.48326873779297,14459500.0,Yahoo Finance,2026-09-21T04:37:35+00:00,2025-12-18
2025-12-15,XOM,115.44412231445312,16358700.0,Yahoo Finance,2026-09-21T04:37:35+00:00,2025-12-18
2025-12-16,XOM,112.42469024658203,17638700.0,Yahoo Finance,2026-09-21T04:37:35+00:00,2025-12-18
2025-12-17,XOM,115.10101318359375,18502200.0,Yahoo Finance,2026-09-21T04:37:35+00:00,2025-12-18
2025-12-18,XOM,114.24811553955078,13705600.0,Yahoo Finance,2026-09-21T04:37:35+00:00,2025-12-18
2024-11-13,^FCHI,7216.830078125,62925600.0,Yahoo Finance,2026-09-21T04:37:35+00:00,2025-12-18
2024-11-14,^FCHI,7311.7998046875,71041000.0,Yahoo Finance,2026-09-21T04:37:35+00:00,2025-12-18
2024-11-15,^FCHI,7269.6298828125,66901200.0,Yahoo Finance,2026-09-21T04:37:35+00:00,2025-12-18
2024-11-18,^FCHI,7278.22998046875,50146900.0,Yahoo Finance,2026-09-21T04:37:35+00:00,2025-12-18
2024-11-19,^FCHI,7229.64013671875,64615700.0,Yahoo Finance,2026-09-21T04:37:35+00:00,2025-12-18
2024-11-20,^FCHI,7198.4501953125,55750600.0,Yahoo Finance,2026-09-21T04:37:35+00:00,2025-12-18
2024-11-21,^FCHI,7213.31982421875,53383700.0,Yahoo Finance,2026-09-21T04:37:35+00:00,2025-12-18
2024-11-22,^FCHI,7255.009765625,71958600.0,Yahoo Finance,2026-09-21T04:37:35+00:00,2025-12-18
2024-11-25,^FCHI,7257.47021484375,122963000.0,Yahoo Finance,2026-09-21T04:37:35+00:00,2025-12-18
2024-11-26,^FCHI,7194.509765625,68773200.0,Yahoo Finance,2026-09-21T04:37:35+00:00,2025-12-18
2024-11-27,^FCHI,7143.02978515625,77023300.0,Yahoo Finance,2026-09-21T04:37:35+00:00,2025-12-18
2024-11-28,^FCHI,7179.25,56381700.0,Yahoo Finance,2026-09-21T04:37:35+00:00,2025-12-18
2024-11-29,^FCHI,7235.10986328125,66530400.0,Yahoo Finance,2026-09-21T04:37:35+00:00,2025-12-18
2024-12-02,^FCHI,7236.89013671875,98817900.0,Yahoo Finance,2026-09-21T04:37:35+00:00,2025-12-18
2024-12-03,^FCHI,7255.419921875,73182500.0,Yahoo Finance,2026-09-21T04:37:35+00:00,2025-12-18
2024-12-04,^FCHI,7303.27978515625,73097300.0,Yahoo Finance,2026-09-21T04:37:35+00:00,2025-12-18
2024-12-05,^FCHI,7330.5400390625,82651900.0,Yahoo Finance,2026-09-21T04:37:35+00:00,2025-12-18
2024-12-06,^FCHI,7426.8798828125,72204700.0,Yahoo Finance,2026-09-21T04:37:35+00:00,2025-12-18
2024-12-09,^FCHI,7480.14013671875,70243900.0,Yahoo Finance,2026-09-21T04:37:35+00:00,2025-12-18
2024-12-10,^FCHI,7394.77978515625,62092200.0,Yahoo Finance,2026-09-21T04:37:35+00:00,2025-12-18
2024-12-11,^FCHI,7423.39990234375,62203700.0,Yahoo Finance,2026-09-21T04:37:35+00:00,2025-12-18
2024-12-12,^FCHI,7420.93994140625,61838000.0,Yahoo Finance,2026-09-21T04:37:35+00:00,2025-12-18
2024-12-13,^FCHI,7409.56982421875,82858600.0,Yahoo Finance,2026-09-21T04:37:35+00:00,2025-12-18
2024-12-16,^FCHI,7357.080078125,135807000.0,Yahoo Finance,2026-09-21T04:37:35+00:00,2025-12-18
2024-12-17,^FCHI,7365.7001953125,94104400.0,Yahoo Finance,2026-09-21T04:37:35+00:00,2025-12-18
2024-12-18,^FCHI,7384.6201171875,81504900.0,Yahoo Finance,2026-09-21T04:37:35+00:00,2025-12-18
2024-12-19,^FCHI,7294.3701171875,86813900.0,Yahoo Finance,2026-09-21T04:37:35+00:00,2025-12-18
2024-12-20,^FCHI,7274.47998046875,156262400.0,Yahoo Finance,2026-09-21T04:37:35+00:00,2025-12-18
2024-12-23,^FCHI,7272.31982421875,46296600.0,Yahoo Finance,2026-09-21T04:37:35+00:00,2025-12-18
2024-12-24,^FCHI,7282.68994140625,20579600.0,Yahoo Finance,2026-09-21T04:37:35+00:00,2025-12-18
2024-12-27,^FCHI,7355.3701171875,46195200.0,Yahoo Finance,2026-09-21T04:37:35+00:00,2025-12-18
2024-12-30,^FCHI,7313.56005859375,41887400.0,Yahoo Finance,2026-09-21T04:37:35+00:00,2025-12-18
2024-12-31,^FCHI,7380.740234375,23241400.0,Yahoo Finance,2026-09-21T04:37:35+00:00,2025-12-18
2025-01-02,^FCHI,7393.759765625,52769000.0,Yahoo Finance,2026-09-21T04:37:35+00:00,2025-12-18
2025-01-03,^FCHI,7282.22021484375,61578200.0,Yahoo Finance,2026-09-21T04:37:35+00:00,2025-12-18
2025-01-06,^FCHI,7445.68994140625,78726100.0,Yahoo Finance,2026-09-21T04:37:35+00:00,2025-12-18
2025-01-07,^FCHI,7489.35009765625,68128400.0,Yahoo Finance,2026-09-21T04:37:35+00:00,2025-12-18
2025-01-08,^FCHI,7452.419921875,68013600.0,Yahoo Finance,2026-09-21T04:37:35+00:00,2025-12-18
2025-01-09,^FCHI,7490.27978515625,46769000.0,Yahoo Finance,2026-09-21T04:37:35+00:00,2025-12-18
2025-01-10,^FCHI,7431.0400390625,65416600.0,Yahoo Finance,2026-09-21T04:37:35+00:00,2025-12-18
2025-01-13,^FCHI,7408.64013671875,61436800.0,Yahoo Finance,2026-09-21T04:37:35+00:00,2025-12-18
2025-01-14,^FCHI,7423.669921875,75439900.0,Yahoo Finance,2026-09-21T04:37:35+00:00,2025-12-18
2025-01-15,^FCHI,7474.58984375,90347900.0,Yahoo Finance,2026-09-21T04:37:35+00:00,2025-12-18
2025-01-16,^FCHI,7634.740234375,74666800.0,Yahoo Finance,2026-09-21T04:37:35+00:00,2025-12-18
2025-01-17,^FCHI,7709.75,93238600.0,Yahoo Finance,2026-09-21T04:37:35+00:00,2025-12-18
2025-01-20,^FCHI,7733.5,66371900.0,Yahoo Finance,2026-09-21T04:37:35+00:00,2025-12-18
2025-01-21,^FCHI,7770.9501953125,62824400.0,Yahoo Finance,2026-09-21T04:37:35+00:00,2025-12-18
2025-01-22,^FCHI,7837.39990234375,70350300.0,Yahoo Finance,2026-09-21T04:37:35+00:00,2025-12-18
2025-01-23,^FCHI,7892.60986328125,67604300.0,Yahoo Finance,2026-09-21T04:37:35+00:00,2025-12-18
2025-01-24,^FCHI,7927.6201171875,65431800.0,Yahoo Finance,2026-09-21T04:37:35+00:00,2025-12-18
2025-01-27,^FCHI,7906.580078125,87932900.0,Yahoo Finance,2026-09-21T04:37:35+00:00,2025-12-18
2025-01-28,^FCHI,7897.3701171875,73336500.0,Yahoo Finance,2026-09-21T04:37:35+00:00,2025-12-18
2025-01-29,^FCHI,7872.47998046875,61912300.0,Yahoo Finance,2026-09-21T04:37:35+00:00,2025-12-18
2025-01-30,^FCHI,7941.64013671875,71722800.0,Yahoo Finance,2026-09-21T04:37:35+00:00,2025-12-18
2025-01-31,^FCHI,7950.169921875,77134700.0,Yahoo Finance,2026-09-21T04:37:35+00:00,2025-12-18
2025-02-03,^FCHI,7854.919921875,85149300.0,Yahoo Finance,2026-09-21T04:37:35+00:00,2025-12-18
2025-02-04,^FCHI,7906.39990234375,83795000.0,Yahoo Finance,2026-09-21T04:37:35+00:00,2025-12-18
2025-02-05,^FCHI,7891.68017578125,63874400.0,Yahoo Finance,2026-09-21T04:37:35+00:00,2025-12-18
2025-02-06,^FCHI,8007.6201171875,104325900.0,Yahoo Finance,2026-09-21T04:37:35+00:00,2025-12-18
2025-02-07,^FCHI,7973.02978515625,86935500.0,Yahoo Finance,2026-09-21T04:37:35+00:00,2025-12-18
2025-02-10,^FCHI,8006.22021484375,69365400.0,Yahoo Finance,2026-09-21T04:37:35+00:00,2025-12-18
2025-02-11,^FCHI,8028.89990234375,63982300.0,Yahoo Finance,2026-09-21T04:37:35+00:00,2025-12-18
2025-02-12,^FCHI,8042.18994140625,83614200.0,Yahoo Finance,2026-09-21T04:37:35+00:00,2025-12-18
2025-02-13,^FCHI,8164.10986328125,100733100.0,Yahoo Finance,2026-09-21T04:37:35+00:00,2025-12-18
2025-02-14,^FCHI,8178.5400390625,84064800.0,Yahoo Finance,2026-09-21T04:37:35+00:00,2025-12-18
2025-02-17,^FCHI,8189.1298828125,57770100.0,Yahoo Finance,2026-09-21T04:37:35+00:00,2025-12-18
2025-02-18,^FCHI,8206.5595703125,71132800.0,Yahoo Finance,2026-09-21T04:37:35+00:00,2025-12-18
2025-02-19,^FCHI,8110.5400390625,76876600.0,Yahoo Finance,2026-09-21T04:37:35+00:00,2025-12-18
2025-02-20,^FCHI,8122.580078125,80101800.0,Yahoo Finance,2026-09-21T04:37:35+00:00,2025-12-18
2025-02-21,^FCHI,8154.509765625,85167900.0,Yahoo Finance,2026-09-21T04:37:35+00:00,2025-12-18
2025-02-24,^FCHI,8090.990234375,70669300.0,Yahoo Finance,2026-09-21T04:37:35+00:00,2025-12-18
2025-02-25,^FCHI,8051.06982421875,84120800.0,Yahoo Finance,2026-09-21T04:37:35+00:00,2025-12-18
2025-02-26,^FCHI,8143.919921875,89949900.0,Yahoo Finance,2026-09-21T04:37:35+00:00,2025-12-18
2025-02-27,^FCHI,8102.52001953125,93870400.0,Yahoo Finance,2026-09-21T04:37:35+00:00,2025-12-18
2025-02-28,^FCHI,8111.6298828125,132221800.0,Yahoo Finance,2026-09-21T04:37:35+00:00,2025-12-18
2025-03-03,^FCHI,8199.7099609375,91389800.0,Yahoo Finance,2026-09-21T04:37:35+00:00,2025-12-18
2025-03-04,^FCHI,8047.919921875,109307000.0,Yahoo Finance,2026-09-21T04:37:35+00:00,2025-12-18
2025-03-05,^FCHI,8173.75,114727300.0,Yahoo Finance,2026-09-21T04:37:35+00:00,2025-12-18
2025-03-06,^FCHI,8197.669921875,111802200.0,Yahoo Finance,2026-09-21T04:37:35+00:00,2025-12-18
2025-03-07,^FCHI,8120.7998046875,103415600.0,Yahoo Finance,2026-09-21T04:37:35+00:00,2025-12-18
2025-03-10,^FCHI,8047.60009765625,104956400.0,Yahoo Finance,2026-09-21T04:37:35+00:00,2025-12-18
2025-03-11,^FCHI,7941.91015625,102843400.0,Yahoo Finance,2026-09-21T04:37:35+00:00,2025-12-18
2025-03-12,^FCHI,7988.9599609375,89409700.0,Yahoo Finance,2026-09-21T04:37:35+00:00,2025-12-18
2025-03-13,^FCHI,7938.2099609375,82347100.0,Yahoo Finance,2026-09-21T04:37:35+00:00,2025-12-18
2025-03-14,^FCHI,8028.27978515625,80007200.0,Yahoo Finance,2026-09-21T04:37:35+00:00,2025-12-18
2025-03-17,^FCHI,8073.97998046875,68242800.0,Yahoo Finance,2026-09-21T04:37:35+00:00,2025-12-18
2025-03-18,^FCHI,8114.56982421875,78614400.0,Yahoo Finance,2026-09-21T04:37:35+00:00,2025-12-18
2025-03-19,^FCHI,8171.47021484375,67187300.0,Yahoo Finance,2026-09-21T04:37:35+00:00,2025-12-18
2025-03-20,^FCHI,8094.2001953125,71330200.0,Yahoo Finance,2026-09-21T04:37:35+00:00,2025-12-18
2025-03-21,^FCHI,8042.9501953125,145105800.0,Yahoo Finance,2026-09-21T04:37:35+00:00,2025-12-18
2025-03-24,^FCHI,8022.330078125,61431800.0,Yahoo Finance,2026-09-21T04:37:35+00:00,2025-12-18
2025-03-25,^FCHI,8108.58984375,66802100.0,Yahoo Finance,2026-09-21T04:37:35+00:00,2025-12-18
2025-03-26,^FCHI,8030.68017578125,68178000.0,Yahoo Finance,2026-09-21T04:37:35+00:00,2025-12-18
2025-03-27,^FCHI,7990.10986328125,71336700.0,Yahoo Finance,2026-09-21T04:37:35+00:00,2025-12-18
2025-03-28,^FCHI,7916.080078125,74145700.0,Yahoo Finance,2026-09-21T04:37:35+00:00,2025-12-18
2025-03-31,^FCHI,7790.7099609375,93214500.0,Yahoo Finance,2026-09-21T04:37:35+00:00,2025-12-18
2025-04-01,^FCHI,7876.35986328125,73679000.0,Yahoo Finance,2026-09-21T04:37:35+00:00,2025-12-18
2025-04-02,^FCHI,7858.830078125,66242600.0,Yahoo Finance,2026-09-21T04:37:35+00:00,2025-12-18
2025-04-03,^FCHI,7598.97998046875,115848900.0,Yahoo Finance,2026-09-21T04:37:35+00:00,2025-12-18
2025-04-04,^FCHI,7274.9501953125,177451600.0,Yahoo Finance,2026-09-21T04:37:35+00:00,2025-12-18
2025-04-07,^FCHI,6927.1201171875,197563800.0,Yahoo Finance,2026-09-21T04:37:35+00:00,2025-12-18
2025-04-08,^FCHI,7100.419921875,118583500.0,Yahoo Finance,2026-09-21T04:37:35+00:00,2025-12-18
2025-04-09,^FCHI,6863.02001953125,122317100.0,Yahoo Finance,2026-09-21T04:37:35+00:00,2025-12-18
2025-04-10,^FCHI,7126.02001953125,125588200.0,Yahoo Finance,2026-09-21T04:37:35+00:00,2025-12-18
2025-04-11,^FCHI,7104.7998046875,89406900.0,Yahoo Finance,2026-09-21T04:37:35+00:00,2025-12-18
2025-04-14,^FCHI,7273.1201171875,77135600.0,Yahoo Finance,2026-09-21T04:37:35+00:00,2025-12-18
2025-04-15,^FCHI,7335.39990234375,76652500.0,Yahoo Finance,2026-09-21T04:37:35+00:00,2025-12-18
2025-04-16,^FCHI,7329.97021484375,69618700.0,Yahoo Finance,2026-09-21T04:37:35+00:00,2025-12-18
2025-04-17,^FCHI,7285.85986328125,60437800.0,Yahoo Finance,2026-09-21T04:37:35+00:00,2025-12-18
2025-04-22,^FCHI,7326.47021484375,75618400.0,Yahoo Finance,2026-09-21T04:37:35+00:00,2025-12-18
2025-04-23,^FCHI,7482.35986328125,94945000.0,Yahoo Finance,2026-09-21T04:37:35+00:00,2025-12-18
2025-04-24,^FCHI,7502.77978515625,70597400.0,Yahoo Finance,2026-09-21T04:37:35+00:00,2025-12-18
2025-04-25,^FCHI,7536.259765625,71766900.0,Yahoo Finance,2026-09-21T04:37:35+00:00,2025-12-18
2025-04-28,^FCHI,7573.759765625,67007800.0,Yahoo Finance,2026-09-21T04:37:35+00:00,2025-12-18
2025-04-29,^FCHI,7555.8701171875,69142800.0,Yahoo Finance,2026-09-21T04:37:35+00:00,2025-12-18
2025-04-30,^FCHI,7593.8701171875,111554900.0,Yahoo Finance,2026-09-21T04:37:35+00:00,2025-12-18
2025-05-02,^FCHI,7770.47998046875,80868800.0,Yahoo Finance,2026-09-21T04:37:35+00:00,2025-12-18
2025-05-05,^FCHI,7727.93017578125,46759300.0,Yahoo Finance,2026-09-21T04:37:35+00:00,2025-12-18
2025-05-06,^FCHI,7696.919921875,60335900.0,Yahoo Finance,2026-09-21T04:37:35+00:00,2025-12-18
2025-05-07,^FCHI,7626.83984375,61695900.0,Yahoo Finance,2026-09-21T04:37:35+00:00,2025-12-18
2025-05-08,^FCHI,7694.43994140625,62217600.0,Yahoo Finance,2026-09-21T04:37:35+00:00,2025-12-18
2025-05-09,^FCHI,7743.75,55902300.0,Yahoo Finance,2026-09-21T04:37:35+00:00,2025-12-18
2025-05-12,^FCHI,7850.10009765625,86218100.0,Yahoo Finance,2026-09-21T04:37:35+00:00,2025-12-18
2025-05-13,^FCHI,7873.830078125,57046800.0,Yahoo Finance,2026-09-21T04:37:35+00:00,2025-12-18
2025-05-14,^FCHI,7836.7900390625,66229500.0,Yahoo Finance,2026-09-21T04:37:35+00:00,2025-12-18
2025-05-15,^FCHI,7853.47021484375,62402300.0,Yahoo Finance,2026-09-21T04:37:35+00:00,2025-12-18
2025-05-16,^FCHI,7886.68994140625,67204200.0,Yahoo Finance,2026-09-21T04:37:35+00:00,2025-12-18
2025-05-19,^FCHI,7883.6298828125,56011100.0,Yahoo Finance,2026-09-21T04:37:35+00:00,2025-12-18
2025-05-20,^FCHI,7942.419921875,65943600.0,Yahoo Finance,2026-09-21T04:37:35+00:00,2025-12-18
2025-05-21,^FCHI,7910.490234375,57998400.0,Yahoo Finance,2026-09-21T04:37:35+00:00,2025-12-18
2025-05-22,^FCHI,7864.43994140625,61205200.0,Yahoo Finance,2026-09-21T04:37:35+00:00,2025-12-18
2025-05-23,^FCHI,7734.39990234375,79976100.0,Yahoo Finance,2026-09-21T04:37:35+00:00,2025-12-18
2025-05-26,^FCHI,7828.1298828125,45804600.0,Yahoo Finance,2026-09-21T04:37:35+00:00,2025-12-18
2025-05-27,^FCHI,7826.7900390625,51608000.0,Yahoo Finance,2026-09-21T04:37:35+00:00,2025-12-18
2025-05-28,^FCHI,7788.10009765625,59924500.0,Yahoo Finance,2026-09-21T04:37:35+00:00,2025-12-18
2025-05-29,^FCHI,7779.72021484375,38396900.0,Yahoo Finance,2026-09-21T04:37:35+00:00,2025-12-18
2025-05-30,^FCHI,7751.89013671875,126162300.0,Yahoo Finance,2026-09-21T04:37:35+00:00,2025-12-18
2025-06-02,^FCHI,7737.2001953125,59191900.0,Yahoo Finance,2026-09-21T04:37:35+00:00,2025-12-18
2025-06-03,^FCHI,7763.83984375,58270900.0,Yahoo Finance,2026-09-21T04:37:35+00:00,2025-12-18
2025-06-04,^FCHI,7804.669921875,60842600.0,Yahoo Finance,2026-09-21T04:37:35+00:00,2025-12-18
2025-06-05,^FCHI,7790.27001953125,53717400.0,Yahoo Finance,2026-09-21T04:37:35+00:00,2025-12-18
2025-06-06,^FCHI,7804.8701171875,43299700.0,Yahoo Finance,2026-09-21T04:37:35+00:00,2025-12-18
2025-06-09,^FCHI,7791.47021484375,39647500.0,Yahoo Finance,2026-09-21T04:37:35+00:00,2025-12-18
2025-06-10,^FCHI,7804.330078125,61379600.0,Yahoo Finance,2026-09-21T04:37:35+00:00,2025-12-18
2025-06-11,^FCHI,7775.89990234375,58253000.0,Yahoo Finance,2026-09-21T04:37:35+00:00,2025-12-18
2025-06-12,^FCHI,7765.10986328125,57177200.0,Yahoo Finance,2026-09-21T04:37:35+00:00,2025-12-18
2025-06-13,^FCHI,7684.68017578125,74634100.0,Yahoo Finance,2026-09-21T04:37:35+00:00,2025-12-18
2025-06-16,^FCHI,7742.240234375,66005300.0,Yahoo Finance,2026-09-21T04:37:35+00:00,2025-12-18
2025-06-17,^FCHI,7683.72998046875,63015300.0,Yahoo Finance,2026-09-21T04:37:35+00:00,2025-12-18
2025-06-18,^FCHI,7656.1201171875,56555500.0,Yahoo Finance,2026-09-21T04:37:35+00:00,2025-12-18
2025-06-19,^FCHI,7553.4501953125,54333600.0,Yahoo Finance,2026-09-21T04:37:35+00:00,2025-12-18
2025-06-20,^FCHI,7589.66015625,150191600.0,Yahoo Finance,2026-09-21T04:37:35+00:00,2025-12-18
2025-06-23,^FCHI,7537.56982421875,53135000.0,Yahoo Finance,2026-09-21T04:37:35+00:00,2025-12-18
2025-06-24,^FCHI,7615.990234375,69697400.0,Yahoo Finance,2026-09-21T04:37:35+00:00,2025-12-18
2025-06-25,^FCHI,7558.16015625,53189500.0,Yahoo Finance,2026-09-21T04:37:35+00:00,2025-12-18
2025-06-26,^FCHI,7557.31005859375,70187900.0,Yahoo Finance,2026-09-21T04:37:35+00:00,2025-12-18
2025-06-27,^FCHI,7691.5498046875,60467400.0,Yahoo Finance,2026-09-21T04:37:35+00:00,2025-12-18
2025-06-30,^FCHI,7665.91015625,63121500.0,Yahoo Finance,2026-09-21T04:37:35+00:00,2025-12-18
2025-07-01,^FCHI,7662.58984375,56189700.0,Yahoo Finance,2026-09-21T04:37:35+00:00,2025-12-18
2025-07-02,^FCHI,7738.419921875,64521800.0,Yahoo Finance,2026-09-21T04:37:35+00:00,2025-12-18
2025-07-03,^FCHI,7754.5498046875,51421200.0,Yahoo Finance,2026-09-21T04:37:35+00:00,2025-12-18
2025-07-04,^FCHI,7696.27001953125,39006400.0,Yahoo Finance,2026-09-21T04:37:35+00:00,2025-12-18
2025-07-07,^FCHI,7723.47021484375,49271000.0,Yahoo Finance,2026-09-21T04:37:35+00:00,2025-12-18
2025-07-08,^FCHI,7766.7099609375,54942400.0,Yahoo Finance,2026-09-21T04:37:35+00:00,2025-12-18
2025-07-09,^FCHI,7878.4599609375,59300100.0,Yahoo Finance,2026-09-21T04:37:35+00:00,2025-12-18
2025-07-10,^FCHI,7902.25,52841500.0,Yahoo Finance,2026-09-21T04:37:35+00:00,2025-12-18
2025-07-11,^FCHI,7829.2900390625,48937000.0,Yahoo Finance,2026-09-21T04:37:35+00:00,2025-12-18
2025-07-14,^FCHI,7808.169921875,40409300.0,Yahoo Finance,2026-09-21T04:37:35+00:00,2025-12-18
2025-07-15,^FCHI,7766.2099609375,48694900.0,Yahoo Finance,2026-09-21T04:37:35+00:00,2025-12-18
2025-07-16,^FCHI,7722.08984375,64253700.0,Yahoo Finance,2026-09-21T04:37:35+00:00,2025-12-18
2025-07-17,^FCHI,7822.0,52115700.0,Yahoo Finance,2026-09-21T04:37:35+00:00,2025-12-18
2025-07-18,^FCHI,7822.669921875,51242500.0,Yahoo Finance,2026-09-21T04:37:35+00:00,2025-12-18
2025-07-21,^FCHI,7798.22021484375,47487000.0,Yahoo Finance,2026-09-21T04:37:35+00:00,2025-12-18
2025-07-22,^FCHI,7744.41015625,47029700.0,Yahoo Finance,2026-09-21T04:37:35+00:00,2025-12-18
2025-07-23,^FCHI,7850.43017578125,66792400.0,Yahoo Finance,2026-09-21T04:37:35+00:00,2025-12-18
2025-07-24,^FCHI,7818.27978515625,74863300.0,Yahoo Finance,2026-09-21T04:37:35+00:00,2025-12-18
2025-07-25,^FCHI,7834.580078125,59054700.0,Yahoo Finance,2026-09-21T04:37:35+00:00,2025-12-18
2025-07-28,^FCHI,7800.8798828125,54179100.0,Yahoo Finance,2026-09-21T04:37:35+00:00,2025-12-18
2025-07-29,^FCHI,7857.35986328125,57353300.0,Yahoo Finance,2026-09-21T04:37:35+00:00,2025-12-18
2025-07-30,^FCHI,7861.9599609375,51555900.0,Yahoo Finance,2026-09-21T04:37:35+00:00,2025-12-18
2025-07-31,^FCHI,7771.97021484375,84917700.0,Yahoo Finance,2026-09-21T04:37:35+00:00,2025-12-18
2025-08-01,^FCHI,7546.16015625,91055600.0,Yahoo Finance,2026-09-21T04:37:35+00:00,2025-12-18
2025-08-04,^FCHI,7632.009765625,57746900.0,Yahoo Finance,2026-09-21T04:37:35+00:00,2025-12-18
2025-08-05,^FCHI,7621.0400390625,48283700.0,Yahoo Finance,2026-09-21T04:37:35+00:00,2025-12-18
2025-08-06,^FCHI,7635.02978515625,46905700.0,Yahoo Finance,2026-09-21T04:37:35+00:00,2025-12-18
2025-08-07,^FCHI,7709.31982421875,55875200.0,Yahoo Finance,2026-09-21T04:37:35+00:00,2025-12-18
2025-08-08,^FCHI,7743.0,50735400.0,Yahoo Finance,2026-09-21T04:37:35+00:00,2025-12-18
2025-08-11,^FCHI,7698.52001953125,41752100.0,Yahoo Finance,2026-09-21T04:37:35+00:00,2025-12-18
2025-08-12,^FCHI,7753.419921875,45578600.0,Yahoo Finance,2026-09-21T04:37:35+00:00,2025-12-18
2025-08-13,^FCHI,7804.97021484375,48809400.0,Yahoo Finance,2026-09-21T04:37:35+00:00,2025-12-18
2025-08-14,^FCHI,7870.33984375,45938800.0,Yahoo Finance,2026-09-21T04:37:35+00:00,2025-12-18
2025-08-15,^FCHI,7923.4501953125,45150600.0,Yahoo Finance,2026-09-21T04:37:35+00:00,2025-12-18
2025-08-18,^FCHI,7884.0498046875,39333100.0,Yahoo Finance,2026-09-21T04:37:35+00:00,2025-12-18
2025-08-19,^FCHI,7979.080078125,45661000.0,Yahoo Finance,2026-09-21T04:37:35+00:00,2025-12-18
2025-08-20,^FCHI,7973.02978515625,42249900.0,Yahoo Finance,2026-09-21T04:37:35+00:00,2025-12-18
2025-08-21,^FCHI,7938.2900390625,36764300.0,Yahoo Finance,2026-09-21T04:37:35+00:00,2025-12-18
2025-08-22,^FCHI,7969.68994140625,40033500.0,Yahoo Finance,2026-09-21T04:37:35+00:00,2025-12-18
2025-08-25,^FCHI,7843.0400390625,48417900.0,Yahoo Finance,2026-09-21T04:37:35+00:00,2025-12-18
2025-08-26,^FCHI,7709.81005859375,131793500.0,Yahoo Finance,2026-09-21T04:37:35+00:00,2025-12-18
2025-08-27,^FCHI,7743.93017578125,57293600.0,Yahoo Finance,2026-09-21T04:37:35+00:00,2025-12-18
2025-08-28,^FCHI,7762.60009765625,51176800.0,Yahoo Finance,2026-09-21T04:37:35+00:00,2025-12-18
2025-08-29,^FCHI,7703.89990234375,53287000.0,Yahoo Finance,2026-09-21T04:37:35+00:00,2025-12-18
2025-09-01,^FCHI,7707.89990234375,33581700.0,Yahoo Finance,2026-09-21T04:37:35+00:00,2025-12-18
2025-09-02,^FCHI,7654.25,64400100.0,Yahoo Finance,2026-09-21T04:37:35+00:00,2025-12-18
2025-09-03,^FCHI,7719.7099609375,58857500.0,Yahoo Finance,2026-09-21T04:37:35+00:00,2025-12-18
2025-09-04,^FCHI,7698.919921875,63711400.0,Yahoo Finance,2026-09-21T04:37:35+00:00,2025-12-18
2025-09-05,^FCHI,7674.77978515625,55619600.0,Yahoo Finance,2026-09-21T04:37:35+00:00,2025-12-18
2025-09-08,^FCHI,7734.83984375,47203800.0,Yahoo Finance,2026-09-21T04:37:35+00:00,2025-12-18
2025-09-09,^FCHI,7749.39013671875,49086400.0,Yahoo Finance,2026-09-21T04:37:35+00:00,2025-12-18
2025-09-10,^FCHI,7761.31982421875,51828200.0,Yahoo Finance,2026-09-21T04:37:35+00:00,2025-12-18
2025-09-11,^FCHI,7823.52001953125,54251700.0,Yahoo Finance,2026-09-21T04:37:35+00:00,2025-12-18
2025-09-12,^FCHI,7825.240234375,48520500.0,Yahoo Finance,2026-09-21T04:37:35+00:00,2025-12-18
2025-09-15,^FCHI,7896.93017578125,49857700.0,Yahoo Finance,2026-09-21T04:37:35+00:00,2025-12-18
2025-09-16,^FCHI,7818.22021484375,59036100.0,Yahoo Finance,2026-09-21T04:37:35+00:00,2025-12-18
2025-09-17,^FCHI,7786.97998046875,53227000.0,Yahoo Finance,2026-09-21T04:37:35+00:00,2025-12-18
2025-09-18,^FCHI,7854.60986328125,56679400.0,Yahoo Finance,2026-09-21T04:37:35+00:00,2025-12-18
2025-09-19,^FCHI,7853.58984375,138907700.0,Yahoo Finance,2026-09-21T04:37:35+00:00,2025-12-18
2025-09-22,^FCHI,7830.10986328125,42599900.0,Yahoo Finance,2026-09-21T04:37:35+00:00,2025-12-18
2025-09-23,^FCHI,7872.02001953125,48991400.0,Yahoo Finance,2026-09-21T04:37:35+00:00,2025-12-18
2025-09-24,^FCHI,7827.4501953125,52936900.0,Yahoo Finance,2026-09-21T04:37:35+00:00,2025-12-18
2025-09-25,^FCHI,7795.419921875,51878400.0,Yahoo Finance,2026-09-21T04:37:35+00:00,2025-12-18
2025-09-26,^FCHI,7870.68017578125,52920700.0,Yahoo Finance,2026-09-21T04:37:35+00:00,2025-12-18
2025-09-29,^FCHI,7880.8701171875,46221000.0,Yahoo Finance,2026-09-21T04:37:35+00:00,2025-12-18
2025-09-30,^FCHI,7895.93994140625,60290200.0,Yahoo Finance,2026-09-21T04:37:35+00:00,2025-12-18
2025-10-01,^FCHI,7966.9501953125,63080400.0,Yahoo Finance,2026-09-21T04:37:35+00:00,2025-12-18
2025-10-02,^FCHI,8056.6298828125,64288600.0,Yahoo Finance,2026-09-21T04:37:35+00:00,2025-12-18
2025-10-03,^FCHI,8081.5400390625,52963700.0,Yahoo Finance,2026-09-21T04:37:35+00:00,2025-12-18
2025-10-06,^FCHI,7971.77978515625,80272100.0,Yahoo Finance,2026-09-21T04:37:35+00:00,2025-12-18
2025-10-07,^FCHI,7974.85009765625,55312500.0,Yahoo Finance,2026-09-21T04:37:35+00:00,2025-12-18
2025-10-08,^FCHI,8060.1298828125,58212000.0,Yahoo Finance,2026-09-21T04:37:35+00:00,2025-12-18
2025-10-09,^FCHI,8041.35986328125,50470000.0,Yahoo Finance,2026-09-21T04:37:35+00:00,2025-12-18
2025-10-10,^FCHI,7918.0,61196100.0,Yahoo Finance,2026-09-21T04:37:35+00:00,2025-12-18
2025-10-13,^FCHI,7934.259765625,47157200.0,Yahoo Finance,2026-09-21T04:37:35+00:00,2025-12-18
2025-10-14,^FCHI,7919.6201171875,61249500.0,Yahoo Finance,2026-09-21T04:37:35+00:00,2025-12-18
2025-10-15,^FCHI,8077.0,72826600.0,Yahoo Finance,2026-09-21T04:37:35+00:00,2025-12-18
2025-10-16,^FCHI,8188.58984375,56494100.0,Yahoo Finance,2026-09-21T04:37:35+00:00,2025-12-18
2025-10-17,^FCHI,8174.2001953125,67602100.0,Yahoo Finance,2026-09-21T04:37:35+00:00,2025-12-18
2025-10-20,^FCHI,8206.0703125,62656300.0,Yahoo Finance,2026-09-21T04:37:35+00:00,2025-12-18
2025-10-21,^FCHI,8258.8603515625,58317200.0,Yahoo Finance,2026-09-21T04:37:35+00:00,2025-12-18
2025-10-22,^FCHI,8206.8701171875,61261000.0,Yahoo Finance,2026-09-21T04:37:35+00:00,2025-12-18
2025-10-23,^FCHI,8225.7802734375,66578600.0,Yahoo Finance,2026-09-21T04:37:35+00:00,2025-12-18
2025-10-24,^FCHI,8225.6298828125,55232000.0,Yahoo Finance,2026-09-21T04:37:35+00:00,2025-12-18
2025-10-27,^FCHI,8239.1796875,46330600.0,Yahoo Finance,2026-09-21T04:37:35+00:00,2025-12-18
2025-10-28,^FCHI,8216.580078125,52319200.0,Yahoo Finance,2026-09-21T04:37:35+00:00,2025-12-18
2025-10-29,^FCHI,8200.8798828125,51921600.0,Yahoo Finance,2026-09-21T04:37:35+00:00,2025-12-18
2025-10-30,^FCHI,8157.2900390625,74718500.0,Yahoo Finance,2026-09-21T04:37:35+00:00,2025-12-18
2025-10-31,^FCHI,8121.06982421875,60682000.0,Yahoo Finance,2026-09-21T04:37:35+00:00,2025-12-18
2025-11-03,^FCHI,8109.7900390625,47263500.0,Yahoo Finance,2026-09-21T04:37:35+00:00,2025-12-18
2025-11-04,^FCHI,8067.52978515625,54448200.0,Yahoo Finance,2026-09-21T04:37:35+00:00,2025-12-18
2025-11-05,^FCHI,8074.22998046875,49985700.0,Yahoo Finance,2026-09-21T04:37:35+00:00,2025-12-18
2025-11-06,^FCHI,7964.77001953125,62779100.0,Yahoo Finance,2026-09-21T04:37:35+00:00,2025-12-18
2025-11-07,^FCHI,7950.18017578125,52404200.0,Yahoo Finance,2026-09-21T04:37:35+00:00,2025-12-18
2025-11-10,^FCHI,8055.509765625,52949300.0,Yahoo Finance,2026-09-21T04:37:35+00:00,2025-12-18
2025-11-11,^FCHI,8156.22998046875,47538300.0,Yahoo Finance,2026-09-21T04:37:35+00:00,2025-12-18
2025-11-12,^FCHI,8241.240234375,61916100.0,Yahoo Finance,2026-09-21T04:37:35+00:00,2025-12-18
2025-11-13,^FCHI,8232.490234375,54230000.0,Yahoo Finance,2026-09-21T04:37:35+00:00,2025-12-18
2025-11-14,^FCHI,8170.08984375,54654300.0,Yahoo Finance,2026-09-21T04:37:35+00:00,2025-12-18
2025-11-17,^FCHI,8119.02001953125,42960200.0,Yahoo Finance,2026-09-21T04:37:35+00:00,2025-12-18
2025-11-18,^FCHI,7967.93017578125,68564200.0,Yahoo Finance,2026-09-21T04:37:35+00:00,2025-12-18
2025-11-19,^FCHI,7953.77001953125,55042800.0,Yahoo Finance,2026-09-21T04:37:35+00:00,2025-12-18
2025-11-20,^FCHI,7981.06982421875,60357000.0,Yahoo Finance,2026-09-21T04:37:35+00:00,2025-12-18
2025-11-21,^FCHI,7982.64990234375,64784800.0,Yahoo Finance,2026-09-21T04:37:35+00:00,2025-12-18
2025-11-24,^FCHI,7959.669921875,112183000.0,Yahoo Finance,2026-09-21T04:37:35+00:00,2025-12-18
2025-11-25,^FCHI,8025.7998046875,60730300.0,Yahoo Finance,2026-09-21T04:37:35+00:00,2025-12-18
2025-11-26,^FCHI,8096.43017578125,53500500.0,Yahoo Finance,2026-09-21T04:37:35+00:00,2025-12-18
2025-11-27,^FCHI,8099.47021484375,31913000.0,Yahoo Finance,2026-09-21T04:37:35+00:00,2025-12-18
2025-11-28,^FCHI,8122.7099609375,42475900.0,Yahoo Finance,2026-09-21T04:37:35+00:00,2025-12-18
2025-12-01,^FCHI,8097.0,53441200.0,Yahoo Finance,2026-09-21T04:37:35+00:00,2025-12-18
2025-12-02,^FCHI,8074.60986328125,49999600.0,Yahoo Finance,2026-09-21T04:37:35+00:00,2025-12-18
2025-12-03,^FCHI,8087.419921875,60034900.0,Yahoo Finance,2026-09-21T04:37:35+00:00,2025-12-18
2025-12-04,^FCHI,8122.02978515625,60726200.0,Yahoo Finance,2026-09-21T04:37:35+00:00,2025-12-18
2025-12-05,^FCHI,8114.740234375,49530600.0,Yahoo Finance,2026-09-21T04:37:35+00:00,2025-12-18
2025-12-08,^FCHI,8108.43017578125,45305200.0,Yahoo Finance,2026-09-21T04:37:35+00:00,2025-12-18
2025-12-09,^FCHI,8052.509765625,50232800.0,Yahoo Finance,2026-09-21T04:37:35+00:00,2025-12-18
2025-12-10,^FCHI,8022.68994140625,50663900.0,Yahoo Finance,2026-09-21T04:37:35+00:00,2025-12-18
2025-12-11,^FCHI,8085.759765625,57698900.0,Yahoo Finance,2026-09-21T04:37:35+00:00,2025-12-18
2025-12-12,^FCHI,8068.6201171875,56113400.0,Yahoo Finance,2026-09-21T04:37:35+00:00,2025-12-18
2025-12-15,^FCHI,8124.8798828125,57678300.0,Yahoo Finance,2026-09-21T04:37:35+00:00,2025-12-18
2025-12-16,^FCHI,8106.16015625,61766000.0,Yahoo Finance,2026-09-21T04:37:35+00:00,2025-12-18
2025-12-17,^FCHI,8086.0498046875,54621500.0,Yahoo Finance,2026-09-21T04:37:35+00:00,2025-12-18
2025-12-18,^FCHI,8150.64013671875,62013200.0,Yahoo Finance,2026-09-21T04:37:35+00:00,2025-12-18
2024-11-13,^FTSE,8030.2998046875,1001024100.0,Yahoo Finance,2026-09-21T04:37:35+00:00,2025-12-18
2024-11-14,^FTSE,8071.2001953125,662893000.0,Yahoo Finance,2026-09-21T04:37:35+00:00,2025-12-18
2024-11-15,^FTSE,8063.60009765625,740001000.0,Yahoo Finance,2026-09-21T04:37:35+00:00,2025-12-18
2024-11-18,^FTSE,8109.2998046875,800777400.0,Yahoo Finance,2026-09-21T04:37:35+00:00,2025-12-18
2024-11-19,^FTSE,8099.0,740741000.0,Yahoo Finance,2026-09-21T04:37:35+00:00,2025-12-18
2024-11-20,^FTSE,8085.10009765625,744104500.0,Yahoo Finance,2026-09-21T04:37:35+00:00,2025-12-18
2024-11-21,^FTSE,8149.2998046875,856150000.0,Yahoo Finance,2026-09-21T04:37:35+00:00,2025-12-18
2024-11-22,^FTSE,8262.099609375,791049500.0,Yahoo Finance,2026-09-21T04:37:35+00:00,2025-12-18
2024-11-25,^FTSE,8291.7001953125,1952081800.0,Yahoo Finance,2026-09-21T04:37:35+00:00,2025-12-18
2024-11-26,^FTSE,8258.599609375,771580100.0,Yahoo Finance,2026-09-21T04:37:35+00:00,2025-12-18
2024-11-27,^FTSE,8274.7998046875,658162500.0,Yahoo Finance,2026-09-21T04:37:35+00:00,2025-12-18
2024-11-28,^FTSE,8281.2001953125,515831900.0,Yahoo Finance,2026-09-21T04:37:35+00:00,2025-12-18
2024-11-29,^FTSE,8287.2998046875,588369200.0,Yahoo Finance,2026-09-21T04:37:35+00:00,2025-12-18
2024-12-02,^FTSE,8312.900390625,822818500.0,Yahoo Finance,2026-09-21T04:37:35+00:00,2025-12-18
2024-12-03,^FTSE,8359.400390625,815525800.0,Yahoo Finance,2026-09-21T04:37:35+00:00,2025-12-18
2024-12-04,^FTSE,8335.7998046875,760035100.0,Yahoo Finance,2026-09-21T04:37:35+00:00,2025-12-18
2024-12-05,^FTSE,8349.400390625,855079400.0,Yahoo Finance,2026-09-21T04:37:35+00:00,2025-12-18
2024-12-06,^FTSE,8308.599609375,1058504800.0,Yahoo Finance,2026-09-21T04:37:35+00:00,2025-12-18
2024-12-09,^FTSE,8352.099609375,731046000.0,Yahoo Finance,2026-09-21T04:37:35+00:00,2025-12-18
2024-12-10,^FTSE,8280.400390625,605634700.0,Yahoo Finance,2026-09-21T04:37:35+00:00,2025-12-18
2024-12-11,^FTSE,8301.599609375,1274444500.0,Yahoo Finance,2026-09-21T04:37:35+00:00,2025-12-18
2024-12-12,^FTSE,8311.7998046875,584951900.0,Yahoo Finance,2026-09-21T04:37:35+00:00,2025-12-18
2024-12-13,^FTSE,8300.2998046875,653230000.0,Yahoo Finance,2026-09-21T04:37:35+00:00,2025-12-18
2024-12-16,^FTSE,8262.099609375,621726000.0,Yahoo Finance,2026-09-21T04:37:35+00:00,2025-12-18
2024-12-17,^FTSE,8195.2001953125,1176055700.0,Yahoo Finance,2026-09-21T04:37:35+00:00,2025-12-18
2024-12-18,^FTSE,8199.099609375,836400800.0,Yahoo Finance,2026-09-21T04:37:35+00:00,2025-12-18
2024-12-19,^FTSE,8105.2998046875,802810600.0,Yahoo Finance,2026-09-21T04:37:35+00:00,2025-12-18
2024-12-20,^FTSE,8084.60009765625,1608807700.0,Yahoo Finance,2026-09-21T04:37:35+00:00,2025-12-18
2024-12-23,^FTSE,8102.7001953125,573891100.0,Yahoo Finance,2026-09-21T04:37:35+00:00,2025-12-18
2024-12-24,^FTSE,8137.0,243246600.0,Yahoo Finance,2026-09-21T04:37:35+00:00,2025-12-18
2024-12-27,^FTSE,8149.7998046875,356239100.0,Yahoo Finance,2026-09-21T04:37:35+00:00,2025-12-18
2024-12-30,^FTSE,8121.0,325039700.0,Yahoo Finance,2026-09-21T04:37:35+00:00,2025-12-18
2024-12-31,^FTSE,8173.0,203355200.0,Yahoo Finance,2026-09-21T04:37:35+00:00,2025-12-18
2025-01-02,^FTSE,8260.099609375,422219900.0,Yahoo Finance,2026-09-21T04:37:35+00:00,2025-12-18
2025-01-03,^FTSE,8224.0,742503900.0,Yahoo Finance,2026-09-21T04:37:35+00:00,2025-12-18
2025-01-06,^FTSE,8249.7001953125,766244700.0,Yahoo Finance,2026-09-21T04:37:35+00:00,2025-12-18
2025-01-07,^FTSE,8245.2998046875,741506800.0,Yahoo Finance,2026-09-21T04:37:35+00:00,2025-12-18
2025-01-08,^FTSE,8251.0,899645300.0,Yahoo Finance,2026-09-21T04:37:35+00:00,2025-12-18
2025-01-09,^FTSE,8319.7001953125,837818000.0,Yahoo Finance,2026-09-21T04:37:35+00:00,2025-12-18
2025-01-10,^FTSE,8248.5,912377200.0,Yahoo Finance,2026-09-21T04:37:35+00:00,2025-12-18
2025-01-13,^FTSE,8224.2001953125,896847800.0,Yahoo Finance,2026-09-21T04:37:35+00:00,2025-12-18
2025-01-14,^FTSE,8201.5,955210200.0,Yahoo Finance,2026-09-21T04:37:35+00:00,2025-12-18
2025-01-15,^FTSE,8301.099609375,1038434200.0,Yahoo Finance,2026-09-21T04:37:35+00:00,2025-12-18
2025-01-16,^FTSE,8391.900390625,801801600.0,Yahoo Finance,2026-09-21T04:37:35+00:00,2025-12-18
2025-01-17,^FTSE,8505.2001953125,1066188700.0,Yahoo Finance,2026-09-21T04:37:35+00:00,2025-12-18
2025-01-20,^FTSE,8520.5,731489400.0,Yahoo Finance,2026-09-21T04:37:35+00:00,2025-12-18
2025-01-21,^FTSE,8548.2998046875,793665300.0,Yahoo Finance,2026-09-21T04:37:35+00:00,2025-12-18
2025-01-22,^FTSE,8545.099609375,993162800.0,Yahoo Finance,2026-09-21T04:37:35+00:00,2025-12-18
2025-01-23,^FTSE,8565.2001953125,1052013500.0,Yahoo Finance,2026-09-21T04:37:35+00:00,2025-12-18
2025-01-24,^FTSE,8502.400390625,699240800.0,Yahoo Finance,2026-09-21T04:37:35+00:00,2025-12-18
2025-01-27,^FTSE,8503.7001953125,684095200.0,Yahoo Finance,2026-09-21T04:37:35+00:00,2025-12-18
2025-01-28,^FTSE,8533.900390625,762856300.0,Yahoo Finance,2026-09-21T04:37:35+00:00,2025-12-18
2025-01-29,^FTSE,8557.7998046875,769283700.0,Yahoo Finance,2026-09-21T04:37:35+00:00,2025-12-18
2025-01-30,^FTSE,8646.900390625,641234300.0,Yahoo Finance,2026-09-21T04:37:35+00:00,2025-12-18
2025-01-31,^FTSE,8674.0,1136186800.0,Yahoo Finance,2026-09-21T04:37:35+00:00,2025-12-18
2025-02-03,^FTSE,8583.599609375,776851300.0,Yahoo Finance,2026-09-21T04:37:35+00:00,2025-12-18
2025-02-04,^FTSE,8570.7998046875,1132804200.0,Yahoo Finance,2026-09-21T04:37:35+00:00,2025-12-18
2025-02-05,^FTSE,8623.2998046875,794984000.0,Yahoo Finance,2026-09-21T04:37:35+00:00,2025-12-18
2025-02-06,^FTSE,8727.2998046875,776192500.0,Yahoo Finance,2026-09-21T04:37:35+00:00,2025-12-18
2025-02-07,^FTSE,8700.5,993507700.0,Yahoo Finance,2026-09-21T04:37:35+00:00,2025-12-18
2025-02-10,^FTSE,8767.7998046875,835975800.0,Yahoo Finance,2026-09-21T04:37:35+00:00,2025-12-18
2025-02-11,^FTSE,8777.400390625,900729100.0,Yahoo Finance,2026-09-21T04:37:35+00:00,2025-12-18
2025-02-12,^FTSE,8807.400390625,853097300.0,Yahoo Finance,2026-09-21T04:37:35+00:00,2025-12-18
2025-02-13,^FTSE,8764.7001953125,873981500.0,Yahoo Finance,2026-09-21T04:37:35+00:00,2025-12-18
2025-02-14,^FTSE,8732.5,900486200.0,Yahoo Finance,2026-09-21T04:37:35+00:00,2025-12-18
2025-02-17,^FTSE,8768.0,628962700.0,Yahoo Finance,2026-09-21T04:37:35+00:00,2025-12-18
2025-02-18,^FTSE,8766.7001953125,681039100.0,Yahoo Finance,2026-09-21T04:37:35+00:00,2025-12-18
2025-02-19,^FTSE,8712.5,763343900.0,Yahoo Finance,2026-09-21T04:37:35+00:00,2025-12-18
2025-02-20,^FTSE,8663.0,1295365000.0,Yahoo Finance,2026-09-21T04:37:35+00:00,2025-12-18
2025-02-21,^FTSE,8659.400390625,987174200.0,Yahoo Finance,2026-09-21T04:37:35+00:00,2025-12-18
2025-02-24,^FTSE,8659.0,793153400.0,Yahoo Finance,2026-09-21T04:37:35+00:00,2025-12-18
2025-02-25,^FTSE,8668.7001953125,918642700.0,Yahoo Finance,2026-09-21T04:37:35+00:00,2025-12-18
2025-02-26,^FTSE,8731.5,983507000.0,Yahoo Finance,2026-09-21T04:37:35+00:00,2025-12-18
2025-02-27,^FTSE,8756.2001953125,1169088400.0,Yahoo Finance,2026-09-21T04:37:35+00:00,2025-12-18
2025-02-28,^FTSE,8809.7001953125,2236877400.0,Yahoo Finance,2026-09-21T04:37:35+00:00,2025-12-18
2025-03-03,^FTSE,8871.2998046875,1257576300.0,Yahoo Finance,2026-09-21T04:37:35+00:00,2025-12-18
2025-03-04,^FTSE,8759.0,1075235300.0,Yahoo Finance,2026-09-21T04:37:35+00:00,2025-12-18
2025-03-05,^FTSE,8755.7998046875,1274923200.0,Yahoo Finance,2026-09-21T04:37:35+00:00,2025-12-18
2025-03-06,^FTSE,8682.7998046875,1027583200.0,Yahoo Finance,2026-09-21T04:37:35+00:00,2025-12-18
2025-03-07,^FTSE,8679.900390625,916305900.0,Yahoo Finance,2026-09-21T04:37:35+00:00,2025-12-18
2025-03-10,^FTSE,8600.2001953125,1518951000.0,Yahoo Finance,2026-09-21T04:37:35+00:00,2025-12-18
2025-03-11,^FTSE,8496.0,1065664100.0,Yahoo Finance,2026-09-21T04:37:35+00:00,2025-12-18
2025-03-12,^FTSE,8541.0,974845500.0,Yahoo Finance,2026-09-21T04:37:35+00:00,2025-12-18
2025-03-13,^FTSE,8542.599609375,772709400.0,Yahoo Finance,2026-09-21T04:37:35+00:00,2025-12-18
2025-03-14,^FTSE,8632.2998046875,770290500.0,Yahoo Finance,2026-09-21T04:37:35+00:00,2025-12-18
2025-03-17,^FTSE,8680.2998046875,845612500.0,Yahoo Finance,2026-09-21T04:37:35+00:00,2025-12-18
2025-03-18,^FTSE,8705.2001953125,1112954700.0,Yahoo Finance,2026-09-21T04:37:35+00:00,2025-12-18
2025-03-19,^FTSE,8706.7001953125,824383600.0,Yahoo Finance,2026-09-21T04:37:35+00:00,2025-12-18
2025-03-20,^FTSE,8702.0,918761900.0,Yahoo Finance,2026-09-21T04:37:35+00:00,2025-12-18
2025-03-21,^FTSE,8646.7998046875,1930845700.0,Yahoo Finance,2026-09-21T04:37:35+00:00,2025-12-18
2025-03-24,^FTSE,8638.0,617343400.0,Yahoo Finance,2026-09-21T04:37:35+00:00,2025-12-18
2025-03-25,^FTSE,8663.7998046875,1090882500.0,Yahoo Finance,2026-09-21T04:37:35+00:00,2025-12-18
2025-03-26,^FTSE,8689.599609375,704514600.0,Yahoo Finance,2026-09-21T04:37:35+00:00,2025-12-18
2025-03-27,^FTSE,8666.099609375,702932000.0,Yahoo Finance,2026-09-21T04:37:35+00:00,2025-12-18
2025-03-28,^FTSE,8658.900390625,747545800.0,Yahoo Finance,2026-09-21T04:37:35+00:00,2025-12-18
2025-03-31,^FTSE,8582.7998046875,925075000.0,Yahoo Finance,2026-09-21T04:37:35+00:00,2025-12-18
2025-04-01,^FTSE,8634.7998046875,682410100.0,Yahoo Finance,2026-09-21T04:37:35+00:00,2025-12-18
2025-04-02,^FTSE,8608.5,601417800.0,Yahoo Finance,2026-09-21T04:37:35+00:00,2025-12-18
2025-04-03,^FTSE,8474.7001953125,1403210800.0,Yahoo Finance,2026-09-21T04:37:35+00:00,2025-12-18
2025-04-04,^FTSE,8055.0,1572146400.0,Yahoo Finance,2026-09-21T04:37:35+00:00,2025-12-18
2025-04-07,^FTSE,7702.10009765625,2001791200.0,Yahoo Finance,2026-09-21T04:37:35+00:00,2025-12-18
2025-04-08,^FTSE,7910.5,1346508600.0,Yahoo Finance,2026-09-21T04:37:35+00:00,2025-12-18
2025-04-09,^FTSE,7679.5,1348496400.0,Yahoo Finance,2026-09-21T04:37:35+00:00,2025-12-18
2025-04-10,^FTSE,7913.2998046875,1430098700.0,Yahoo Finance,2026-09-21T04:37:35+00:00,2025-12-18
2025-04-11,^FTSE,7964.2001953125,1328746600.0,Yahoo Finance,2026-09-21T04:37:35+00:00,2025-12-18
2025-04-14,^FTSE,8134.2998046875,712694800.0,Yahoo Finance,2026-09-21T04:37:35+00:00,2025-12-18
2025-04-15,^FTSE,8249.099609375,830488500.0,Yahoo Finance,2026-09-21T04:37:35+00:00,2025-12-18
2025-04-16,^FTSE,8275.599609375,804660100.0,Yahoo Finance,2026-09-21T04:37:35+00:00,2025-12-18
2025-04-17,^FTSE,8275.7001953125,735769800.0,Yahoo Finance,2026-09-21T04:37:35+00:00,2025-12-18
2025-04-22,^FTSE,8328.599609375,1042190300.0,Yahoo Finance,2026-09-21T04:37:35+00:00,2025-12-18
2025-04-23,^FTSE,8403.2001953125,1043916400.0,Yahoo Finance,2026-09-21T04:37:35+00:00,2025-12-18
2025-04-24,^FTSE,8407.400390625,1126605500.0,Yahoo Finance,2026-09-21T04:37:35+00:00,2025-12-18
2025-04-25,^FTSE,8415.2998046875,802734000.0,Yahoo Finance,2026-09-21T04:37:35+00:00,2025-12-18
2025-04-28,^FTSE,8417.2998046875,738741700.0,Yahoo Finance,2026-09-21T04:37:35+00:00,2025-12-18
2025-04-29,^FTSE,8463.5,655924800.0,Yahoo Finance,2026-09-21T04:37:35+00:00,2025-12-18
2025-04-30,^FTSE,8494.900390625,1589592400.0,Yahoo Finance,2026-09-21T04:37:35+00:00,2025-12-18
2025-05-01,^FTSE,8496.7998046875,527568800.0,Yahoo Finance,2026-09-21T04:37:35+00:00,2025-12-18
2025-05-02,^FTSE,8596.400390625,908575200.0,Yahoo Finance,2026-09-21T04:37:35+00:00,2025-12-18
2025-05-06,^FTSE,8597.400390625,980036200.0,Yahoo Finance,2026-09-21T04:37:35+00:00,2025-12-18
2025-05-07,^FTSE,8559.2998046875,1265512400.0,Yahoo Finance,2026-09-21T04:37:35+00:00,2025-12-18
2025-05-08,^FTSE,8531.599609375,894696500.0,Yahoo Finance,2026-09-21T04:37:35+00:00,2025-12-18
2025-05-09,^FTSE,8554.7998046875,697106500.0,Yahoo Finance,2026-09-21T04:37:35+00:00,2025-12-18
2025-05-12,^FTSE,8605.0,804071800.0,Yahoo Finance,2026-09-21T04:37:35+00:00,2025-12-18
2025-05-13,^FTSE,8602.900390625,694005000.0,Yahoo Finance,2026-09-21T04:37:35+00:00,2025-12-18
2025-05-14,^FTSE,8585.0,857059700.0,Yahoo Finance,2026-09-21T04:37:35+00:00,2025-12-18
2025-05-15,^FTSE,8633.7998046875,1229933100.0,Yahoo Finance,2026-09-21T04:37:35+00:00,2025-12-18
2025-05-16,^FTSE,8684.599609375,950109800.0,Yahoo Finance,2026-09-21T04:37:35+00:00,2025-12-18
2025-05-19,^FTSE,8699.2998046875,890111700.0,Yahoo Finance,2026-09-21T04:37:35+00:00,2025-12-18
2025-05-20,^FTSE,8781.099609375,950651400.0,Yahoo Finance,2026-09-21T04:37:35+00:00,2025-12-18
2025-05-21,^FTSE,8786.5,923718700.0,Yahoo Finance,2026-09-21T04:37:35+00:00,2025-12-18
2025-05-22,^FTSE,8739.2998046875,815431200.0,Yahoo Finance,2026-09-21T04:37:35+00:00,2025-12-18
2025-05-23,^FTSE,8718.0,1051526200.0,Yahoo Finance,2026-09-21T04:37:35+00:00,2025-12-18
2025-05-27,^FTSE,8778.099609375,840001900.0,Yahoo Finance,2026-09-21T04:37:35+00:00,2025-12-18
2025-05-28,^FTSE,8726.0,816619700.0,Yahoo Finance,2026-09-21T04:37:35+00:00,2025-12-18
2025-05-29,^FTSE,8716.5,973200900.0,Yahoo Finance,2026-09-21T04:37:35+00:00,2025-12-18
2025-05-30,^FTSE,8772.400390625,1740609200.0,Yahoo Finance,2026-09-21T04:37:35+00:00,2025-12-18
2025-06-02,^FTSE,8774.2998046875,669303400.0,Yahoo Finance,2026-09-21T04:37:35+00:00,2025-12-18
2025-06-03,^FTSE,8787.0,690088000.0,Yahoo Finance,2026-09-21T04:37:35+00:00,2025-12-18
2025-06-04,^FTSE,8801.2998046875,741650200.0,Yahoo Finance,2026-09-21T04:37:35+00:00,2025-12-18
2025-06-05,^FTSE,8811.0,722917300.0,Yahoo Finance,2026-09-21T04:37:35+00:00,2025-12-18
2025-06-06,^FTSE,8837.900390625,718102200.0,Yahoo Finance,2026-09-21T04:37:35+00:00,2025-12-18
2025-06-09,^FTSE,8832.2998046875,573091300.0,Yahoo Finance,2026-09-21T04:37:35+00:00,2025-12-18
2025-06-10,^FTSE,8853.099609375,734467300.0,Yahoo Finance,2026-09-21T04:37:35+00:00,2025-12-18
2025-06-11,^FTSE,8864.400390625,805983200.0,Yahoo Finance,2026-09-21T04:37:35+00:00,2025-12-18
2025-06-12,^FTSE,8884.900390625,767509300.0,Yahoo Finance,2026-09-21T04:37:35+00:00,2025-12-18
2025-06-13,^FTSE,8850.599609375,711772600.0,Yahoo Finance,2026-09-21T04:37:35+00:00,2025-12-18
2025-06-16,^FTSE,8875.2001953125,842787400.0,Yahoo Finance,2026-09-21T04:37:35+00:00,2025-12-18
2025-06-17,^FTSE,8834.0,851103300.0,Yahoo Finance,2026-09-21T04:37:35+00:00,2025-12-18
2025-06-18,^FTSE,8843.5,657935000.0,Yahoo Finance,2026-09-21T04:37:35+00:00,2025-12-18
2025-06-19,^FTSE,8791.7998046875,481335200.0,Yahoo Finance,2026-09-21T04:37:35+00:00,2025-12-18
2025-06-20,^FTSE,8774.7001953125,1831139500.0,Yahoo Finance,2026-09-21T04:37:35+00:00,2025-12-18
2025-06-23,^FTSE,8758.0,611232900.0,Yahoo Finance,2026-09-21T04:37:35+00:00,2025-12-18
2025-06-24,^FTSE,8759.0,1063635300.0,Yahoo Finance,2026-09-21T04:37:35+00:00,2025-12-18
2025-06-25,^FTSE,8718.7998046875,699302400.0,Yahoo Finance,2026-09-21T04:37:35+00:00,2025-12-18
2025-06-26,^FTSE,8735.599609375,768435000.0,Yahoo Finance,2026-09-21T04:37:35+00:00,2025-12-18
2025-06-27,^FTSE,8798.900390625,711522100.0,Yahoo Finance,2026-09-21T04:37:35+00:00,2025-12-18
2025-06-30,^FTSE,8761.0,713304300.0,Yahoo Finance,2026-09-21T04:37:35+00:00,2025-12-18
2025-07-01,^FTSE,8785.2998046875,766020100.0,Yahoo Finance,2026-09-21T04:37:35+00:00,2025-12-18
2025-07-02,^FTSE,8774.7001953125,1097788200.0,Yahoo Finance,2026-09-21T04:37:35+00:00,2025-12-18
2025-07-03,^FTSE,8823.2001953125,651280900.0,Yahoo Finance,2026-09-21T04:37:35+00:00,2025-12-18
2025-07-04,^FTSE,8822.900390625,444807000.0,Yahoo Finance,2026-09-21T04:37:35+00:00,2025-12-18
2025-07-07,^FTSE,8806.5,580213300.0,Yahoo Finance,2026-09-21T04:37:35+00:00,2025-12-18
2025-07-08,^FTSE,8854.2001953125,698144300.0,Yahoo Finance,2026-09-21T04:37:35+00:00,2025-12-18
2025-07-09,^FTSE,8867.0,707584400.0,Yahoo Finance,2026-09-21T04:37:35+00:00,2025-12-18
2025-07-10,^FTSE,8975.7001953125,750104900.0,Yahoo Finance,2026-09-21T04:37:35+00:00,2025-12-18
2025-07-11,^FTSE,8941.099609375,685521300.0,Yahoo Finance,2026-09-21T04:37:35+00:00,2025-12-18
2025-07-14,^FTSE,8998.099609375,514090200.0,Yahoo Finance,2026-09-21T04:37:35+00:00,2025-12-18
2025-07-15,^FTSE,8938.2998046875,688056100.0,Yahoo Finance,2026-09-21T04:37:35+00:00,2025-12-18
2025-07-16,^FTSE,8926.599609375,633643300.0,Yahoo Finance,2026-09-21T04:37:35+00:00,2025-12-18
2025-07-17,^FTSE,8972.599609375,566360500.0,Yahoo Finance,2026-09-21T04:37:35+00:00,2025-12-18
2025-07-18,^FTSE,8992.099609375,678409600.0,Yahoo Finance,2026-09-21T04:37:35+00:00,2025-12-18
2025-07-21,^FTSE,9013.0,770772700.0,Yahoo Finance,2026-09-21T04:37:35+00:00,2025-12-18
2025-07-22,^FTSE,9023.7998046875,637414800.0,Yahoo Finance,2026-09-21T04:37:35+00:00,2025-12-18
2025-07-23,^FTSE,9061.5,716780800.0,Yahoo Finance,2026-09-21T04:37:35+00:00,2025-12-18
2025-07-24,^FTSE,9138.400390625,800722200.0,Yahoo Finance,2026-09-21T04:37:35+00:00,2025-12-18
2025-07-25,^FTSE,9120.2998046875,1064163700.0,Yahoo Finance,2026-09-21T04:37:35+00:00,2025-12-18
2025-07-28,^FTSE,9081.400390625,543629900.0,Yahoo Finance,2026-09-21T04:37:35+00:00,2025-12-18
2025-07-29,^FTSE,9136.2998046875,717674800.0,Yahoo Finance,2026-09-21T04:37:35+00:00,2025-12-18
2025-07-30,^FTSE,9136.900390625,774736700.0,Yahoo Finance,2026-09-21T04:37:35+00:00,2025-12-18
2025-07-31,^FTSE,9132.7998046875,926035400.0,Yahoo Finance,2026-09-21T04:37:35+00:00,2025-12-18
2025-08-01,^FTSE,9068.599609375,750993500.0,Yahoo Finance,2026-09-21T04:37:35+00:00,2025-12-18
2025-08-04,^FTSE,9128.2998046875,1259903600.0,Yahoo Finance,2026-09-21T04:37:35+00:00,2025-12-18
2025-08-05,^FTSE,9142.7001953125,815463500.0,Yahoo Finance,2026-09-21T04:37:35+00:00,2025-12-18
2025-08-06,^FTSE,9164.2998046875,902688800.0,Yahoo Finance,2026-09-21T04:37:35+00:00,2025-12-18
2025-08-07,^FTSE,9100.7998046875,857875100.0,Yahoo Finance,2026-09-21T04:37:35+00:00,2025-12-18
2025-08-08,^FTSE,9095.7001953125,874135800.0,Yahoo Finance,2026-09-21T04:37:35+00:00,2025-12-18
2025-08-11,^FTSE,9129.7001953125,574794700.0,Yahoo Finance,2026-09-21T04:37:35+00:00,2025-12-18
2025-08-12,^FTSE,9147.7998046875,620578300.0,Yahoo Finance,2026-09-21T04:37:35+00:00,2025-12-18
2025-08-13,^FTSE,9165.2001953125,668377900.0,Yahoo Finance,2026-09-21T04:37:35+00:00,2025-12-18
2025-08-14,^FTSE,9177.2001953125,558589800.0,Yahoo Finance,2026-09-21T04:37:35+00:00,2025-12-18
2025-08-15,^FTSE,9138.900390625,637843000.0,Yahoo Finance,2026-09-21T04:37:35+00:00,2025-12-18
2025-08-18,^FTSE,9157.7001953125,904487300.0,Yahoo Finance,2026-09-21T04:37:35+00:00,2025-12-18
2025-08-19,^FTSE,9189.2001953125,638477900.0,Yahoo Finance,2026-09-21T04:37:35+00:00,2025-12-18
2025-08-20,^FTSE,9288.099609375,738157900.0,Yahoo Finance,2026-09-21T04:37:35+00:00,2025-12-18
2025-08-21,^FTSE,9309.2001953125,471872700.0,Yahoo Finance,2026-09-21T04:37:35+00:00,2025-12-18
2025-08-22,^FTSE,9321.400390625,503779500.0,Yahoo Finance,2026-09-21T04:37:35+00:00,2025-12-18
2025-08-26,^FTSE,9265.7998046875,1238002200.0,Yahoo Finance,2026-09-21T04:37:35+00:00,2025-12-18
2025-08-27,^FTSE,9255.5,580184000.0,Yahoo Finance,2026-09-21T04:37:35+00:00,2025-12-18
2025-08-28,^FTSE,9216.7998046875,545856600.0,Yahoo Finance,2026-09-21T04:37:35+00:00,2025-12-18
2025-08-29,^FTSE,9187.2998046875,786259500.0,Yahoo Finance,2026-09-21T04:37:35+00:00,2025-12-18
2025-09-01,^FTSE,9196.2998046875,432004700.0,Yahoo Finance,2026-09-21T04:37:35+00:00,2025-12-18
2025-09-02,^FTSE,9116.7001953125,704169000.0,Yahoo Finance,2026-09-21T04:37:35+00:00,2025-12-18
2025-09-03,^FTSE,9178.0,705659700.0,Yahoo Finance,2026-09-21T04:37:35+00:00,2025-12-18
2025-09-04,^FTSE,9216.900390625,487597700.0,Yahoo Finance,2026-09-21T04:37:35+00:00,2025-12-18
2025-09-05,^FTSE,9208.2001953125,524336500.0,Yahoo Finance,2026-09-21T04:37:35+00:00,2025-12-18
2025-09-08,^FTSE,9221.400390625,478762300.0,Yahoo Finance,2026-09-21T04:37:35+00:00,2025-12-18
2025-09-09,^FTSE,9242.5,679753900.0,Yahoo Finance,2026-09-21T04:37:35+00:00,2025-12-18
2025-09-10,^FTSE,9225.400390625,1101672800.0,Yahoo Finance,2026-09-21T04:37:35+00:00,2025-12-18
2025-09-11,^FTSE,9297.599609375,628343100.0,Yahoo Finance,2026-09-21T04:37:35+00:00,2025-12-18
2025-09-12,^FTSE,9283.2998046875,640038400.0,Yahoo Finance,2026-09-21T04:37:35+00:00,2025-12-18
2025-09-15,^FTSE,9277.0,896734100.0,Yahoo Finance,2026-09-21T04:37:35+00:00,2025-12-18
2025-09-16,^FTSE,9195.7001953125,1160022600.0,Yahoo Finance,2026-09-21T04:37:35+00:00,2025-12-18
2025-09-17,^FTSE,9208.400390625,550017700.0,Yahoo Finance,2026-09-21T04:37:35+00:00,2025-12-18
2025-09-18,^FTSE,9228.099609375,641326900.0,Yahoo Finance,2026-09-21T04:37:35+00:00,2025-12-18
2025-09-19,^FTSE,9216.7001953125,1741545500.0,Yahoo Finance,2026-09-21T04:37:35+00:00,2025-12-18
2025-09-22,^FTSE,9226.7001953125,608280800.0,Yahoo Finance,2026-09-21T04:37:35+00:00,2025-12-18
2025-09-23,^FTSE,9223.2998046875,690489000.0,Yahoo Finance,2026-09-21T04:37:35+00:00,2025-12-18
2025-09-24,^FTSE,9250.400390625,631425700.0,Yahoo Finance,2026-09-21T04:37:35+00:00,2025-12-18
2025-09-25,^FTSE,9214.0,652023200.0,Yahoo Finance,2026-09-21T04:37:35+00:00,2025-12-18
2025-09-26,^FTSE,9284.7998046875,687681900.0,Yahoo Finance,2026-09-21T04:37:35+00:00,2025-12-18
2025-09-29,^FTSE,9299.7998046875,546230500.0,Yahoo Finance,2026-09-21T04:37:35+00:00,2025-12-18
2025-09-30,^FTSE,9350.400390625,770556700.0,Yahoo Finance,2026-09-21T04:37:35+00:00,2025-12-18
2025-10-01,^FTSE,9446.400390625,853312200.0,Yahoo Finance,2026-09-21T04:37:35+00:00,2025-12-18
2025-10-02,^FTSE,9427.7001953125,650916500.0,Yahoo Finance,2026-09-21T04:37:35+00:00,2025-12-18
2025-10-03,^FTSE,9491.2998046875,596685900.0,Yahoo Finance,2026-09-21T04:37:35+00:00,2025-12-18
2025-10-06,^FTSE,9479.099609375,608049100.0,Yahoo Finance,2026-09-21T04:37:35+00:00,2025-12-18
2025-10-07,^FTSE,9483.599609375,647484600.0,Yahoo Finance,2026-09-21T04:37:35+00:00,2025-12-18
2025-10-08,^FTSE,9548.900390625,800211500.0,Yahoo Finance,2026-09-21T04:37:35+00:00,2025-12-18
2025-10-09,^FTSE,9509.400390625,963047900.0,Yahoo Finance,2026-09-21T04:37:35+00:00,2025-12-18
2025-10-10,^FTSE,9427.5,633596500.0,Yahoo Finance,2026-09-21T04:37:35+00:00,2025-12-18
2025-10-13,^FTSE,9442.900390625,866346000.0,Yahoo Finance,2026-09-21T04:37:35+00:00,2025-12-18
2025-10-14,^FTSE,9452.7998046875,715453800.0,Yahoo Finance,2026-09-21T04:37:35+00:00,2025-12-18
2025-10-15,^FTSE,9424.7998046875,610965100.0,Yahoo Finance,2026-09-21T04:37:35+00:00,2025-12-18
2025-10-16,^FTSE,9436.099609375,451574500.0,Yahoo Finance,2026-09-21T04:37:35+00:00,2025-12-18
2025-10-17,^FTSE,9354.599609375,751531100.0,Yahoo Finance,2026-09-21T04:37:35+00:00,2025-12-18
2025-10-20,^FTSE,9403.599609375,612224700.0,Yahoo Finance,2026-09-21T04:37:35+00:00,2025-12-18
2025-10-21,^FTSE,9427.0,612553400.0,Yahoo Finance,2026-09-21T04:37:35+00:00,2025-12-18
2025-10-22,^FTSE,9515.0,1047120500.0,Yahoo Finance,2026-09-21T04:37:35+00:00,2025-12-18
2025-10-23,^FTSE,9578.599609375,814894500.0,Yahoo Finance,2026-09-21T04:37:35+00:00,2025-12-18
2025-10-24,^FTSE,9645.599609375,779192300.0,Yahoo Finance,2026-09-21T04:37:35+00:00,2025-12-18
2025-10-27,^FTSE,9653.7998046875,729163900.0,Yahoo Finance,2026-09-21T04:37:35+00:00,2025-12-18
2025-10-28,^FTSE,9696.7001953125,708743000.0,Yahoo Finance,2026-09-21T04:37:35+00:00,2025-12-18
2025-10-29,^FTSE,9756.099609375,752470200.0,Yahoo Finance,2026-09-21T04:37:35+00:00,2025-12-18
2025-10-30,^FTSE,9760.099609375,893377000.0,Yahoo Finance,2026-09-21T04:37:35+00:00,2025-12-18
2025-10-31,^FTSE,9717.2998046875,596284500.0,Yahoo Finance,2026-09-21T04:37:35+00:00,2025-12-18
2025-11-03,^FTSE,9701.400390625,848988200.0,Yahoo Finance,2026-09-21T04:37:35+00:00,2025-12-18
2025-11-04,^FTSE,9715.0,1023130000.0,Yahoo Finance,2026-09-21T04:37:35+00:00,2025-12-18
2025-11-05,^FTSE,9777.099609375,862811200.0,Yahoo Finance,2026-09-21T04:37:35+00:00,2025-12-18
2025-11-06,^FTSE,9735.7998046875,938291200.0,Yahoo Finance,2026-09-21T04:37:35+00:00,2025-12-18
2025-11-07,^FTSE,9682.599609375,747990900.0,Yahoo Finance,2026-09-21T04:37:35+00:00,2025-12-18
2025-11-10,^FTSE,9787.2001953125,761287500.0,Yahoo Finance,2026-09-21T04:37:35+00:00,2025-12-18
2025-11-11,^FTSE,9899.599609375,924385900.0,Yahoo Finance,2026-09-21T04:37:35+00:00,2025-12-18
2025-11-12,^FTSE,9911.400390625,814638100.0,Yahoo Finance,2026-09-21T04:37:35+00:00,2025-12-18
2025-11-13,^FTSE,9807.7001953125,626791500.0,Yahoo Finance,2026-09-21T04:37:35+00:00,2025-12-18
2025-11-14,^FTSE,9698.400390625,715744700.0,Yahoo Finance,2026-09-21T04:37:35+00:00,2025-12-18
2025-11-17,^FTSE,9675.400390625,812453900.0,Yahoo Finance,2026-09-21T04:37:35+00:00,2025-12-18
2025-11-18,^FTSE,9552.2998046875,804147700.0,Yahoo Finance,2026-09-21T04:37:35+00:00,2025-12-18
2025-11-19,^FTSE,9507.400390625,866995100.0,Yahoo Finance,2026-09-21T04:37:35+00:00,2025-12-18
2025-11-20,^FTSE,9527.7001953125,808216600.0,Yahoo Finance,2026-09-21T04:37:35+00:00,2025-12-18
2025-11-21,^FTSE,9539.7001953125,805279800.0,Yahoo Finance,2026-09-21T04:37:35+00:00,2025-12-18
2025-11-24,^FTSE,9534.900390625,1668886000.0,Yahoo Finance,2026-09-21T04:37:35+00:00,2025-12-18
2025-11-25,^FTSE,9609.5,785920000.0,Yahoo Finance,2026-09-21T04:37:35+00:00,2025-12-18
2025-11-26,^FTSE,9691.599609375,1115421300.0,Yahoo Finance,2026-09-21T04:37:35+00:00,2025-12-18
2025-11-27,^FTSE,9693.900390625,768475200.0,Yahoo Finance,2026-09-21T04:37:35+00:00,2025-12-18
2025-11-28,^FTSE,9720.5,537586900.0,Yahoo Finance,2026-09-21T04:37:35+00:00,2025-12-18
2025-12-01,^FTSE,9702.5,823282000.0,Yahoo Finance,2026-09-21T04:37:35+00:00,2025-12-18
2025-12-02,^FTSE,9701.7998046875,654140300.0,Yahoo Finance,2026-09-21T04:37:35+00:00,2025-12-18
2025-12-03,^FTSE,9692.099609375,750194100.0,Yahoo Finance,2026-09-21T04:37:35+00:00,2025-12-18
2025-12-04,^FTSE,9710.900390625,899242300.0,Yahoo Finance,2026-09-21T04:37:35+00:00,2025-12-18
2025-12-05,^FTSE,9667.0,592674800.0,Yahoo Finance,2026-09-21T04:37:35+00:00,2025-12-18
2025-12-08,^FTSE,9645.099609375,777520000.0,Yahoo Finance,2026-09-21T04:37:35+00:00,2025-12-18
2025-12-09,^FTSE,9642.0,787104800.0,Yahoo Finance,2026-09-21T04:37:35+00:00,2025-12-18
2025-12-10,^FTSE,9655.5,932473800.0,Yahoo Finance,2026-09-21T04:37:35+00:00,2025-12-18
2025-12-11,^FTSE,9703.2001953125,637684000.0,Yahoo Finance,2026-09-21T04:37:35+00:00,2025-12-18
2025-12-12,^FTSE,9649.0,601108600.0,Yahoo Finance,2026-09-21T04:37:35+00:00,2025-12-18
2025-12-15,^FTSE,9751.2998046875,656861100.0,Yahoo Finance,2026-09-21T04:37:35+00:00,2025-12-18
2025-12-16,^FTSE,9684.7998046875,760319300.0,Yahoo Finance,2026-09-21T04:37:35+00:00,2025-12-18
2025-12-17,^FTSE,9774.2998046875,842799500.0,Yahoo Finance,2026-09-21T04:37:35+00:00,2025-12-18
2025-12-18,^FTSE,9837.7998046875,702927400.0,Yahoo Finance,2026-09-21T04:37:35+00:00,2025-12-18
2024-11-13,^GDAXI,19003.109375,92679600.0,Yahoo Finance,2026-09-21T04:37:35+00:00,2025-12-18
2024-11-14,^GDAXI,19263.69921875,77861900.0,Yahoo Finance,2026-09-21T04:37:35+00:00,2025-12-18
2024-11-15,^GDAXI,19210.810546875,67439800.0,Yahoo Finance,2026-09-21T04:37:35+00:00,2025-12-18
2024-11-18,^GDAXI,19189.189453125,51546500.0,Yahoo Finance,2026-09-21T04:37:35+00:00,2025-12-18
2024-11-19,^GDAXI,19060.310546875,62320400.0,Yahoo Finance,2026-09-21T04:37:35+00:00,2025-12-18
2024-11-20,^GDAXI,19004.779296875,53795400.0,Yahoo Finance,2026-09-21T04:37:35+00:00,2025-12-18
2024-11-21,^GDAXI,19146.169921875,55646800.0,Yahoo Finance,2026-09-21T04:37:35+00:00,2025-12-18
2024-11-22,^GDAXI,19322.58984375,71164000.0,Yahoo Finance,2026-09-21T04:37:35+00:00,2025-12-18
2024-11-25,^GDAXI,19405.19921875,121851800.0,Yahoo Finance,2026-09-21T04:37:35+00:00,2025-12-18
2024-11-26,^GDAXI,19295.98046875,60758200.0,Yahoo Finance,2026-09-21T04:37:35+00:00,2025-12-18
2024-11-27,^GDAXI,19261.75,51794500.0,Yahoo Finance,2026-09-21T04:37:35+00:00,2025-12-18
2024-11-28,^GDAXI,19425.73046875,42531100.0,Yahoo Finance,2026-09-21T04:37:35+00:00,2025-12-18
2024-11-29,^GDAXI,19626.44921875,52162600.0,Yahoo Finance,2026-09-21T04:37:35+00:00,2025-12-18
2024-12-02,^GDAXI,19933.619140625,63210300.0,Yahoo Finance,2026-09-21T04:37:35+00:00,2025-12-18
2024-12-03,^GDAXI,20016.75,63234700.0,Yahoo Finance,2026-09-21T04:37:35+00:00,2025-12-18
2024-12-04,^GDAXI,20232.140625,63418900.0,Yahoo Finance,2026-09-21T04:37:35+00:00,2025-12-18
2024-12-05,^GDAXI,20358.80078125,58274500.0,Yahoo Finance,2026-09-21T04:37:35+00:00,2025-12-18
2024-12-06,^GDAXI,20384.609375,61610000.0,Yahoo Finance,2026-09-21T04:37:35+00:00,2025-12-18
2024-12-09,^GDAXI,20345.9609375,58794900.0,Yahoo Finance,2026-09-21T04:37:35+00:00,2025-12-18
2024-12-10,^GDAXI,20329.16015625,66183800.0,Yahoo Finance,2026-09-21T04:37:35+00:00,2025-12-18
2024-12-11,^GDAXI,20399.16015625,59728100.0,Yahoo Finance,2026-09-21T04:37:35+00:00,2025-12-18
2024-12-12,^GDAXI,20426.26953125,55684800.0,Yahoo Finance,2026-09-21T04:37:35+00:00,2025-12-18
2024-12-13,^GDAXI,20405.919921875,52015900.0,Yahoo Finance,2026-09-21T04:37:35+00:00,2025-12-18
2024-12-16,^GDAXI,20313.810546875,64212700.0,Yahoo Finance,2026-09-21T04:37:35+00:00,2025-12-18
2024-12-17,^GDAXI,20246.369140625,70862400.0,Yahoo Finance,2026-09-21T04:37:35+00:00,2025-12-18
2024-12-18,^GDAXI,20242.5703125,62488100.0,Yahoo Finance,2026-09-21T04:37:35+00:00,2025-12-18
2024-12-19,^GDAXI,19969.859375,70045700.0,Yahoo Finance,2026-09-21T04:37:35+00:00,2025-12-18
2024-12-20,^GDAXI,19884.75,135977900.0,Yahoo Finance,2026-09-21T04:37:35+00:00,2025-12-18
2024-12-23,^GDAXI,19848.76953125,38341600.0,Yahoo Finance,2026-09-21T04:37:35+00:00,2025-12-18
2024-12-27,^GDAXI,19984.3203125,43396400.0,Yahoo Finance,2026-09-21T04:37:35+00:00,2025-12-18
2024-12-30,^GDAXI,19909.140625,26662200.0,Yahoo Finance,2026-09-21T04:37:35+00:00,2025-12-18
2025-01-02,^GDAXI,20024.66015625,52445600.0,Yahoo Finance,2026-09-21T04:37:35+00:00,2025-12-18
2025-01-03,^GDAXI,19906.080078125,44372900.0,Yahoo Finance,2026-09-21T04:37:35+00:00,2025-12-18
2025-01-06,^GDAXI,20216.189453125,70784900.0,Yahoo Finance,2026-09-21T04:37:35+00:00,2025-12-18
2025-01-07,^GDAXI,20340.5703125,62020000.0,Yahoo Finance,2026-09-21T04:37:35+00:00,2025-12-18
2025-01-08,^GDAXI,20329.939453125,62954900.0,Yahoo Finance,2026-09-21T04:37:35+00:00,2025-12-18
2025-01-09,^GDAXI,20317.099609375,50177100.0,Yahoo Finance,2026-09-21T04:37:35+00:00,2025-12-18
2025-01-10,^GDAXI,20214.7890625,76245500.0,Yahoo Finance,2026-09-21T04:37:35+00:00,2025-12-18
2025-01-13,^GDAXI,20132.849609375,56263600.0,Yahoo Finance,2026-09-21T04:37:35+00:00,2025-12-18
2025-01-14,^GDAXI,20271.330078125,65394100.0,Yahoo Finance,2026-09-21T04:37:35+00:00,2025-12-18
2025-01-15,^GDAXI,20574.6796875,81035100.0,Yahoo Finance,2026-09-21T04:37:35+00:00,2025-12-18
2025-01-16,^GDAXI,20655.390625,66273400.0,Yahoo Finance,2026-09-21T04:37:35+00:00,2025-12-18
2025-01-17,^GDAXI,20903.390625,76253100.0,Yahoo Finance,2026-09-21T04:37:35+00:00,2025-12-18
2025-01-20,^GDAXI,20990.310546875,49988700.0,Yahoo Finance,2026-09-21T04:37:35+00:00,2025-12-18
2025-01-21,^GDAXI,21042.0,49305500.0,Yahoo Finance,2026-09-21T04:37:35+00:00,2025-12-18
2025-01-22,^GDAXI,21254.26953125,63282300.0,Yahoo Finance,2026-09-21T04:37:35+00:00,2025-12-18
2025-01-23,^GDAXI,21411.529296875,56353200.0,Yahoo Finance,2026-09-21T04:37:35+00:00,2025-12-18
2025-01-24,^GDAXI,21394.9296875,67380500.0,Yahoo Finance,2026-09-21T04:37:35+00:00,2025-12-18
2025-01-27,^GDAXI,21282.1796875,79343800.0,Yahoo Finance,2026-09-21T04:37:35+00:00,2025-12-18
2025-01-28,^GDAXI,21430.580078125,68020300.0,Yahoo Finance,2026-09-21T04:37:35+00:00,2025-12-18
2025-01-29,^GDAXI,21637.529296875,69568800.0,Yahoo Finance,2026-09-21T04:37:35+00:00,2025-12-18
2025-01-30,^GDAXI,21727.19921875,81446400.0,Yahoo Finance,2026-09-21T04:37:35+00:00,2025-12-18
2025-01-31,^GDAXI,21732.05078125,70233900.0,Yahoo Finance,2026-09-21T04:37:35+00:00,2025-12-18
2025-02-03,^GDAXI,21428.240234375,80512800.0,Yahoo Finance,2026-09-21T04:37:35+00:00,2025-12-18
2025-02-04,^GDAXI,21505.69921875,63679500.0,Yahoo Finance,2026-09-21T04:37:35+00:00,2025-12-18
2025-02-05,^GDAXI,21585.9296875,61173700.0,Yahoo Finance,2026-09-21T04:37:35+00:00,2025-12-18
2025-02-06,^GDAXI,21902.419921875,75964300.0,Yahoo Finance,2026-09-21T04:37:35+00:00,2025-12-18
2025-02-07,^GDAXI,21787.0,68654900.0,Yahoo Finance,2026-09-21T04:37:35+00:00,2025-12-18
2025-02-10,^GDAXI,21911.740234375,54330700.0,Yahoo Finance,2026-09-21T04:37:35+00:00,2025-12-18
2025-02-11,^GDAXI,22037.830078125,55759600.0,Yahoo Finance,2026-09-21T04:37:35+00:00,2025-12-18
2025-02-12,^GDAXI,22148.029296875,73775600.0,Yahoo Finance,2026-09-21T04:37:35+00:00,2025-12-18
2025-02-13,^GDAXI,22612.01953125,96482400.0,Yahoo Finance,2026-09-21T04:37:35+00:00,2025-12-18
2025-02-14,^GDAXI,22513.419921875,68291600.0,Yahoo Finance,2026-09-21T04:37:35+00:00,2025-12-18
2025-02-17,^GDAXI,22798.08984375,49597100.0,Yahoo Finance,2026-09-21T04:37:35+00:00,2025-12-18
2025-02-18,^GDAXI,22844.5,61526100.0,Yahoo Finance,2026-09-21T04:37:35+00:00,2025-12-18
2025-02-19,^GDAXI,22433.630859375,72215900.0,Yahoo Finance,2026-09-21T04:37:35+00:00,2025-12-18
2025-02-20,^GDAXI,22314.650390625,70289500.0,Yahoo Finance,2026-09-21T04:37:35+00:00,2025-12-18
2025-02-21,^GDAXI,22287.560546875,73524500.0,Yahoo Finance,2026-09-21T04:37:35+00:00,2025-12-18
2025-02-24,^GDAXI,22425.9296875,72044300.0,Yahoo Finance,2026-09-21T04:37:35+00:00,2025-12-18
2025-02-25,^GDAXI,22410.26953125,71533100.0,Yahoo Finance,2026-09-21T04:37:35+00:00,2025-12-18
2025-02-26,^GDAXI,22794.109375,81091100.0,Yahoo Finance,2026-09-21T04:37:35+00:00,2025-12-18
2025-02-27,^GDAXI,22550.890625,74227200.0,Yahoo Finance,2026-09-21T04:37:35+00:00,2025-12-18
2025-02-28,^GDAXI,22551.4296875,119058500.0,Yahoo Finance,2026-09-21T04:37:35+00:00,2025-12-18
2025-03-03,^GDAXI,23147.01953125,94040900.0,Yahoo Finance,2026-09-21T04:37:35+00:00,2025-12-18
2025-03-04,^GDAXI,22326.810546875,108160100.0,Yahoo Finance,2026-09-21T04:37:35+00:00,2025-12-18
2025-03-05,^GDAXI,23081.029296875,143963500.0,Yahoo Finance,2026-09-21T04:37:35+00:00,2025-12-18
2025-03-06,^GDAXI,23419.48046875,149033300.0,Yahoo Finance,2026-09-21T04:37:35+00:00,2025-12-18
2025-03-07,^GDAXI,23008.939453125,106635100.0,Yahoo Finance,2026-09-21T04:37:35+00:00,2025-12-18
2025-03-10,^GDAXI,22620.94921875,108707000.0,Yahoo Finance,2026-09-21T04:37:35+00:00,2025-12-18
2025-03-11,^GDAXI,22328.76953125,97374800.0,Yahoo Finance,2026-09-21T04:37:35+00:00,2025-12-18
2025-03-12,^GDAXI,22676.41015625,80929100.0,Yahoo Finance,2026-09-21T04:37:35+00:00,2025-12-18
2025-03-13,^GDAXI,22567.140625,78955600.0,Yahoo Finance,2026-09-21T04:37:35+00:00,2025-12-18
2025-03-14,^GDAXI,22986.8203125,93287400.0,Yahoo Finance,2026-09-21T04:37:35+00:00,2025-12-18
2025-03-17,^GDAXI,23154.5703125,67152000.0,Yahoo Finance,2026-09-21T04:37:35+00:00,2025-12-18
2025-03-18,^GDAXI,23380.69921875,80663300.0,Yahoo Finance,2026-09-21T04:37:35+00:00,2025-12-18
2025-03-19,^GDAXI,23288.060546875,79641400.0,Yahoo Finance,2026-09-21T04:37:35+00:00,2025-12-18
2025-03-20,^GDAXI,22999.150390625,92465800.0,Yahoo Finance,2026-09-21T04:37:35+00:00,2025-12-18
2025-03-21,^GDAXI,22891.6796875,146780700.0,Yahoo Finance,2026-09-21T04:37:35+00:00,2025-12-18
2025-03-24,^GDAXI,22852.66015625,66759300.0,Yahoo Finance,2026-09-21T04:37:35+00:00,2025-12-18
2025-03-25,^GDAXI,23109.7890625,60671100.0,Yahoo Finance,2026-09-21T04:37:35+00:00,2025-12-18
2025-03-26,^GDAXI,22839.029296875,57800000.0,Yahoo Finance,2026-09-21T04:37:35+00:00,2025-12-18
2025-03-27,^GDAXI,22678.740234375,74817500.0,Yahoo Finance,2026-09-21T04:37:35+00:00,2025-12-18
2025-03-28,^GDAXI,22461.51953125,81650800.0,Yahoo Finance,2026-09-21T04:37:35+00:00,2025-12-18
2025-03-31,^GDAXI,22163.490234375,83869100.0,Yahoo Finance,2026-09-21T04:37:35+00:00,2025-12-18
2025-04-01,^GDAXI,22539.98046875,67890100.0,Yahoo Finance,2026-09-21T04:37:35+00:00,2025-12-18
2025-04-02,^GDAXI,22390.83984375,61146900.0,Yahoo Finance,2026-09-21T04:37:35+00:00,2025-12-18
2025-04-03,^GDAXI,21717.390625,117129300.0,Yahoo Finance,2026-09-21T04:37:35+00:00,2025-12-18
2025-04-04,^GDAXI,20641.720703125,188118500.0,Yahoo Finance,2026-09-21T04:37:35+00:00,2025-12-18
2025-04-07,^GDAXI,19789.619140625,246525700.0,Yahoo Finance,2026-09-21T04:37:35+00:00,2025-12-18
2025-04-08,^GDAXI,20280.259765625,137326200.0,Yahoo Finance,2026-09-21T04:37:35+00:00,2025-12-18
2025-04-09,^GDAXI,19670.880859375,141645300.0,Yahoo Finance,2026-09-21T04:37:35+00:00,2025-12-18
2025-04-10,^GDAXI,20562.73046875,135458900.0,Yahoo Finance,2026-09-21T04:37:35+00:00,2025-12-18
2025-04-11,^GDAXI,20374.099609375,100475700.0,Yahoo Finance,2026-09-21T04:37:35+00:00,2025-12-18
2025-04-14,^GDAXI,20954.830078125,74524500.0,Yahoo Finance,2026-09-21T04:37:35+00:00,2025-12-18
2025-04-15,^GDAXI,21253.69921875,66922800.0,Yahoo Finance,2026-09-21T04:37:35+00:00,2025-12-18
2025-04-16,^GDAXI,21311.01953125,62776400.0,Yahoo Finance,2026-09-21T04:37:35+00:00,2025-12-18
2025-04-17,^GDAXI,21205.859375,66669900.0,Yahoo Finance,2026-09-21T04:37:35+00:00,2025-12-18
2025-04-22,^GDAXI,21293.529296875,62154800.0,Yahoo Finance,2026-09-21T04:37:35+00:00,2025-12-18
2025-04-23,^GDAXI,21961.970703125,88573200.0,Yahoo Finance,2026-09-21T04:37:35+00:00,2025-12-18
2025-04-24,^GDAXI,22064.509765625,62636800.0,Yahoo Finance,2026-09-21T04:37:35+00:00,2025-12-18
2025-04-25,^GDAXI,22242.44921875,70917400.0,Yahoo Finance,2026-09-21T04:37:35+00:00,2025-12-18
2025-04-28,^GDAXI,22271.669921875,55883200.0,Yahoo Finance,2026-09-21T04:37:35+00:00,2025-12-18
2025-04-29,^GDAXI,22425.830078125,75547100.0,Yahoo Finance,2026-09-21T04:37:35+00:00,2025-12-18
2025-04-30,^GDAXI,22496.98046875,99189800.0,Yahoo Finance,2026-09-21T04:37:35+00:00,2025-12-18
2025-05-02,^GDAXI,23086.650390625,84456300.0,Yahoo Finance,2026-09-21T04:37:35+00:00,2025-12-18
2025-05-05,^GDAXI,23344.5390625,48831900.0,Yahoo Finance,2026-09-21T04:37:35+00:00,2025-12-18
2025-05-06,^GDAXI,23249.650390625,67251500.0,Yahoo Finance,2026-09-21T04:37:35+00:00,2025-12-18
2025-05-07,^GDAXI,23115.9609375,66591700.0,Yahoo Finance,2026-09-21T04:37:35+00:00,2025-12-18
2025-05-08,^GDAXI,23352.689453125,68153300.0,Yahoo Finance,2026-09-21T04:37:35+00:00,2025-12-18
2025-05-09,^GDAXI,23499.3203125,69225600.0,Yahoo Finance,2026-09-21T04:37:35+00:00,2025-12-18
2025-05-12,^GDAXI,23566.5390625,92750000.0,Yahoo Finance,2026-09-21T04:37:35+00:00,2025-12-18
2025-05-13,^GDAXI,23638.560546875,79961500.0,Yahoo Finance,2026-09-21T04:37:35+00:00,2025-12-18
2025-05-14,^GDAXI,23527.009765625,80368900.0,Yahoo Finance,2026-09-21T04:37:35+00:00,2025-12-18
2025-05-15,^GDAXI,23695.58984375,74787600.0,Yahoo Finance,2026-09-21T04:37:35+00:00,2025-12-18
2025-05-16,^GDAXI,23767.4296875,71976600.0,Yahoo Finance,2026-09-21T04:37:35+00:00,2025-12-18
2025-05-19,^GDAXI,23934.98046875,47854200.0,Yahoo Finance,2026-09-21T04:37:35+00:00,2025-12-18
2025-05-20,^GDAXI,24036.109375,66388300.0,Yahoo Finance,2026-09-21T04:37:35+00:00,2025-12-18
2025-05-21,^GDAXI,24122.400390625,58543400.0,Yahoo Finance,2026-09-21T04:37:35+00:00,2025-12-18
2025-05-22,^GDAXI,23999.169921875,56102000.0,Yahoo Finance,2026-09-21T04:37:35+00:00,2025-12-18
2025-05-23,^GDAXI,23629.580078125,94245400.0,Yahoo Finance,2026-09-21T04:37:35+00:00,2025-12-18
2025-05-26,^GDAXI,24027.650390625,37001300.0,Yahoo Finance,2026-09-21T04:37:35+00:00,2025-12-18
2025-05-27,^GDAXI,24226.490234375,53474100.0,Yahoo Finance,2026-09-21T04:37:35+00:00,2025-12-18
2025-05-28,^GDAXI,24038.189453125,57894000.0,Yahoo Finance,2026-09-21T04:37:35+00:00,2025-12-18
2025-05-29,^GDAXI,23933.23046875,42765200.0,Yahoo Finance,2026-09-21T04:37:35+00:00,2025-12-18
2025-05-30,^GDAXI,23997.48046875,110527000.0,Yahoo Finance,2026-09-21T04:37:35+00:00,2025-12-18
2025-06-02,^GDAXI,23930.669921875,53147300.0,Yahoo Finance,2026-09-21T04:37:35+00:00,2025-12-18
2025-06-03,^GDAXI,24091.619140625,50506800.0,Yahoo Finance,2026-09-21T04:37:35+00:00,2025-12-18
2025-06-04,^GDAXI,24276.48046875,54182400.0,Yahoo Finance,2026-09-21T04:37:35+00:00,2025-12-18
2025-06-05,^GDAXI,24323.580078125,53665700.0,Yahoo Finance,2026-09-21T04:37:35+00:00,2025-12-18
2025-06-06,^GDAXI,24304.4609375,41235800.0,Yahoo Finance,2026-09-21T04:37:35+00:00,2025-12-18
2025-06-09,^GDAXI,24174.3203125,35991400.0,Yahoo Finance,2026-09-21T04:37:35+00:00,2025-12-18
2025-06-10,^GDAXI,23987.560546875,59033500.0,Yahoo Finance,2026-09-21T04:37:35+00:00,2025-12-18
2025-06-11,^GDAXI,23948.900390625,62192700.0,Yahoo Finance,2026-09-21T04:37:35+00:00,2025-12-18
2025-06-12,^GDAXI,23771.44921875,63677900.0,Yahoo Finance,2026-09-21T04:37:35+00:00,2025-12-18
2025-06-13,^GDAXI,23516.23046875,73193600.0,Yahoo Finance,2026-09-21T04:37:35+00:00,2025-12-18
2025-06-16,^GDAXI,23699.119140625,55479100.0,Yahoo Finance,2026-09-21T04:37:35+00:00,2025-12-18
2025-06-17,^GDAXI,23434.650390625,55135600.0,Yahoo Finance,2026-09-21T04:37:35+00:00,2025-12-18
2025-06-18,^GDAXI,23317.810546875,56994800.0,Yahoo Finance,2026-09-21T04:37:35+00:00,2025-12-18
2025-06-19,^GDAXI,23057.380859375,41395300.0,Yahoo Finance,2026-09-21T04:37:35+00:00,2025-12-18
2025-06-20,^GDAXI,23350.55078125,153406000.0,Yahoo Finance,2026-09-21T04:37:35+00:00,2025-12-18
2025-06-23,^GDAXI,23269.009765625,50041400.0,Yahoo Finance,2026-09-21T04:37:35+00:00,2025-12-18
2025-06-24,^GDAXI,23641.580078125,63913800.0,Yahoo Finance,2026-09-21T04:37:35+00:00,2025-12-18
2025-06-25,^GDAXI,23498.330078125,57280500.0,Yahoo Finance,2026-09-21T04:37:35+00:00,2025-12-18
2025-06-26,^GDAXI,23649.30078125,51552300.0,Yahoo Finance,2026-09-21T04:37:35+00:00,2025-12-18
2025-06-27,^GDAXI,24033.220703125,57584600.0,Yahoo Finance,2026-09-21T04:37:35+00:00,2025-12-18
2025-06-30,^GDAXI,23909.609375,70772100.0,Yahoo Finance,2026-09-21T04:37:35+00:00,2025-12-18
2025-07-01,^GDAXI,23673.2890625,61850200.0,Yahoo Finance,2026-09-21T04:37:35+00:00,2025-12-18
2025-07-02,^GDAXI,23790.109375,53388000.0,Yahoo Finance,2026-09-21T04:37:35+00:00,2025-12-18
2025-07-03,^GDAXI,23934.130859375,46650200.0,Yahoo Finance,2026-09-21T04:37:35+00:00,2025-12-18
2025-07-04,^GDAXI,23787.44921875,34239700.0,Yahoo Finance,2026-09-21T04:37:35+00:00,2025-12-18
2025-07-07,^GDAXI,24073.669921875,39606000.0,Yahoo Finance,2026-09-21T04:37:35+00:00,2025-12-18
2025-07-08,^GDAXI,24206.91015625,60796000.0,Yahoo Finance,2026-09-21T04:37:35+00:00,2025-12-18
2025-07-09,^GDAXI,24549.560546875,60620400.0,Yahoo Finance,2026-09-21T04:37:35+00:00,2025-12-18
2025-07-10,^GDAXI,24456.810546875,58767400.0,Yahoo Finance,2026-09-21T04:37:35+00:00,2025-12-18
2025-07-11,^GDAXI,24255.310546875,45562600.0,Yahoo Finance,2026-09-21T04:37:35+00:00,2025-12-18
2025-07-14,^GDAXI,24160.640625,42197100.0,Yahoo Finance,2026-09-21T04:37:35+00:00,2025-12-18
2025-07-15,^GDAXI,24060.2890625,41804800.0,Yahoo Finance,2026-09-21T04:37:35+00:00,2025-12-18
2025-07-16,^GDAXI,24009.380859375,51694600.0,Yahoo Finance,2026-09-21T04:37:35+00:00,2025-12-18
2025-07-17,^GDAXI,24370.9296875,47542100.0,Yahoo Finance,2026-09-21T04:37:35+00:00,2025-12-18
2025-07-18,^GDAXI,24289.509765625,47707700.0,Yahoo Finance,2026-09-21T04:37:35+00:00,2025-12-18
2025-07-21,^GDAXI,24307.80078125,42777100.0,Yahoo Finance,2026-09-21T04:37:35+00:00,2025-12-18
2025-07-22,^GDAXI,24041.900390625,49151300.0,Yahoo Finance,2026-09-21T04:37:35+00:00,2025-12-18
2025-07-23,^GDAXI,24240.8203125,80487800.0,Yahoo Finance,2026-09-21T04:37:35+00:00,2025-12-18
2025-07-24,^GDAXI,24295.9296875,78043300.0,Yahoo Finance,2026-09-21T04:37:35+00:00,2025-12-18
2025-07-25,^GDAXI,24217.5,54010400.0,Yahoo Finance,2026-09-21T04:37:35+00:00,2025-12-18
2025-07-28,^GDAXI,23970.359375,52660400.0,Yahoo Finance,2026-09-21T04:37:35+00:00,2025-12-18
2025-07-29,^GDAXI,24217.369140625,50189600.0,Yahoo Finance,2026-09-21T04:37:35+00:00,2025-12-18
2025-07-30,^GDAXI,24262.220703125,51182600.0,Yahoo Finance,2026-09-21T04:37:35+00:00,2025-12-18
2025-07-31,^GDAXI,24065.470703125,61019200.0,Yahoo Finance,2026-09-21T04:37:35+00:00,2025-12-18
2025-08-01,^GDAXI,23425.970703125,69500600.0,Yahoo Finance,2026-09-21T04:37:35+00:00,2025-12-18
2025-08-04,^GDAXI,23757.689453125,50796000.0,Yahoo Finance,2026-09-21T04:37:35+00:00,2025-12-18
2025-08-05,^GDAXI,23846.0703125,58127500.0,Yahoo Finance,2026-09-21T04:37:35+00:00,2025-12-18
2025-08-06,^GDAXI,23924.359375,66327800.0,Yahoo Finance,2026-09-21T04:37:35+00:00,2025-12-18
2025-08-07,^GDAXI,24192.5,75743300.0,Yahoo Finance,2026-09-21T04:37:35+00:00,2025-12-18
2025-08-08,^GDAXI,24162.859375,55854700.0,Yahoo Finance,2026-09-21T04:37:35+00:00,2025-12-18
2025-08-11,^GDAXI,24081.33984375,41591600.0,Yahoo Finance,2026-09-21T04:37:35+00:00,2025-12-18
2025-08-12,^GDAXI,24024.779296875,55507100.0,Yahoo Finance,2026-09-21T04:37:35+00:00,2025-12-18
2025-08-13,^GDAXI,24185.58984375,48580100.0,Yahoo Finance,2026-09-21T04:37:35+00:00,2025-12-18
2025-08-14,^GDAXI,24377.5,47940900.0,Yahoo Finance,2026-09-21T04:37:35+00:00,2025-12-18
2025-08-15,^GDAXI,24359.30078125,47125900.0,Yahoo Finance,2026-09-21T04:37:35+00:00,2025-12-18
2025-08-18,^GDAXI,24314.76953125,40221600.0,Yahoo Finance,2026-09-21T04:37:35+00:00,2025-12-18
2025-08-19,^GDAXI,24423.0703125,43710500.0,Yahoo Finance,2026-09-21T04:37:35+00:00,2025-12-18
2025-08-20,^GDAXI,24276.970703125,44783600.0,Yahoo Finance,2026-09-21T04:37:35+00:00,2025-12-18
2025-08-21,^GDAXI,24293.33984375,39351400.0,Yahoo Finance,2026-09-21T04:37:35+00:00,2025-12-18
2025-08-22,^GDAXI,24363.08984375,44811700.0,Yahoo Finance,2026-09-21T04:37:35+00:00,2025-12-18
2025-08-25,^GDAXI,24273.119140625,31480100.0,Yahoo Finance,2026-09-21T04:37:35+00:00,2025-12-18
2025-08-26,^GDAXI,24152.869140625,78930600.0,Yahoo Finance,2026-09-21T04:37:35+00:00,2025-12-18
2025-08-27,^GDAXI,24046.2109375,43590200.0,Yahoo Finance,2026-09-21T04:37:35+00:00,2025-12-18
2025-08-28,^GDAXI,24039.919921875,42293000.0,Yahoo Finance,2026-09-21T04:37:35+00:00,2025-12-18
2025-08-29,^GDAXI,23902.2109375,45696500.0,Yahoo Finance,2026-09-21T04:37:35+00:00,2025-12-18
2025-09-01,^GDAXI,24037.330078125,26626400.0,Yahoo Finance,2026-09-21T04:37:35+00:00,2025-12-18
2025-09-02,^GDAXI,23487.330078125,54299900.0,Yahoo Finance,2026-09-21T04:37:35+00:00,2025-12-18
2025-09-03,^GDAXI,23594.80078125,53264000.0,Yahoo Finance,2026-09-21T04:37:35+00:00,2025-12-18
2025-09-04,^GDAXI,23770.330078125,46931400.0,Yahoo Finance,2026-09-21T04:37:35+00:00,2025-12-18
2025-09-05,^GDAXI,23596.98046875,46854600.0,Yahoo Finance,2026-09-21T04:37:35+00:00,2025-12-18
2025-09-08,^GDAXI,23807.130859375,48616500.0,Yahoo Finance,2026-09-21T04:37:35+00:00,2025-12-18
2025-09-09,^GDAXI,23718.44921875,44540300.0,Yahoo Finance,2026-09-21T04:37:35+00:00,2025-12-18
2025-09-10,^GDAXI,23632.94921875,49060600.0,Yahoo Finance,2026-09-21T04:37:35+00:00,2025-12-18
2025-09-11,^GDAXI,23703.650390625,47690900.0,Yahoo Finance,2026-09-21T04:37:35+00:00,2025-12-18
2025-09-12,^GDAXI,23698.150390625,43830600.0,Yahoo Finance,2026-09-21T04:37:35+00:00,2025-12-18
2025-09-15,^GDAXI,23748.859375,40171100.0,Yahoo Finance,2026-09-21T04:37:35+00:00,2025-12-18
2025-09-16,^GDAXI,23329.240234375,51217300.0,Yahoo Finance,2026-09-21T04:37:35+00:00,2025-12-18
2025-09-17,^GDAXI,23359.1796875,50053900.0,Yahoo Finance,2026-09-21T04:37:35+00:00,2025-12-18
2025-09-18,^GDAXI,23674.529296875,54290600.0,Yahoo Finance,2026-09-21T04:37:35+00:00,2025-12-18
2025-09-19,^GDAXI,23639.41015625,213887300.0,Yahoo Finance,2026-09-21T04:37:35+00:00,2025-12-18
2025-09-22,^GDAXI,23527.05078125,53681300.0,Yahoo Finance,2026-09-21T04:37:35+00:00,2025-12-18
2025-09-23,^GDAXI,23611.330078125,48153500.0,Yahoo Finance,2026-09-21T04:37:35+00:00,2025-12-18
2025-09-24,^GDAXI,23666.810546875,54163200.0,Yahoo Finance,2026-09-21T04:37:35+00:00,2025-12-18
2025-09-25,^GDAXI,23534.830078125,55308500.0,Yahoo Finance,2026-09-21T04:37:35+00:00,2025-12-18
2025-09-26,^GDAXI,23739.470703125,45110800.0,Yahoo Finance,2026-09-21T04:37:35+00:00,2025-12-18
2025-09-29,^GDAXI,23745.060546875,39242000.0,Yahoo Finance,2026-09-21T04:37:35+00:00,2025-12-18
2025-09-30,^GDAXI,23880.720703125,47602500.0,Yahoo Finance,2026-09-21T04:37:35+00:00,2025-12-18
2025-10-01,^GDAXI,24113.619140625,53499000.0,Yahoo Finance,2026-09-21T04:37:35+00:00,2025-12-18
2025-10-02,^GDAXI,24422.560546875,54187900.0,Yahoo Finance,2026-09-21T04:37:35+00:00,2025-12-18
2025-10-03,^GDAXI,24378.80078125,38220200.0,Yahoo Finance,2026-09-21T04:37:35+00:00,2025-12-18
2025-10-06,^GDAXI,24378.2890625,43413400.0,Yahoo Finance,2026-09-21T04:37:35+00:00,2025-12-18
2025-10-07,^GDAXI,24385.779296875,41564700.0,Yahoo Finance,2026-09-21T04:37:35+00:00,2025-12-18
2025-10-08,^GDAXI,24597.130859375,56849900.0,Yahoo Finance,2026-09-21T04:37:35+00:00,2025-12-18
2025-10-09,^GDAXI,24611.25,41008500.0,Yahoo Finance,2026-09-21T04:37:35+00:00,2025-12-18
2025-10-10,^GDAXI,24241.4609375,50177500.0,Yahoo Finance,2026-09-21T04:37:35+00:00,2025-12-18
2025-10-13,^GDAXI,24387.9296875,36995100.0,Yahoo Finance,2026-09-21T04:37:35+00:00,2025-12-18
2025-10-14,^GDAXI,24236.939453125,45092500.0,Yahoo Finance,2026-09-21T04:37:35+00:00,2025-12-18
2025-10-15,^GDAXI,24181.369140625,43493500.0,Yahoo Finance,2026-09-21T04:37:35+00:00,2025-12-18
2025-10-16,^GDAXI,24272.189453125,45218300.0,Yahoo Finance,2026-09-21T04:37:35+00:00,2025-12-18
2025-10-17,^GDAXI,23830.990234375,69383400.0,Yahoo Finance,2026-09-21T04:37:35+00:00,2025-12-18
2025-10-20,^GDAXI,24258.80078125,46610300.0,Yahoo Finance,2026-09-21T04:37:35+00:00,2025-12-18
2025-10-21,^GDAXI,24330.029296875,42704200.0,Yahoo Finance,2026-09-21T04:37:35+00:00,2025-12-18
2025-10-22,^GDAXI,24151.130859375,57734300.0,Yahoo Finance,2026-09-21T04:37:35+00:00,2025-12-18
2025-10-23,^GDAXI,24207.7890625,51148200.0,Yahoo Finance,2026-09-21T04:37:35+00:00,2025-12-18
2025-10-24,^GDAXI,24239.890625,43268900.0,Yahoo Finance,2026-09-21T04:37:35+00:00,2025-12-18
2025-10-27,^GDAXI,24308.779296875,43352700.0,Yahoo Finance,2026-09-21T04:37:35+00:00,2025-12-18
2025-10-28,^GDAXI,24278.630859375,41976200.0,Yahoo Finance,2026-09-21T04:37:35+00:00,2025-12-18
2025-10-29,^GDAXI,24124.2109375,63568200.0,Yahoo Finance,2026-09-21T04:37:35+00:00,2025-12-18
2025-10-30,^GDAXI,24118.890625,53909400.0,Yahoo Finance,2026-09-21T04:37:35+00:00,2025-12-18
2025-10-31,^GDAXI,23958.30078125,42904400.0,Yahoo Finance,2026-09-21T04:37:35+00:00,2025-12-18
2025-11-03,^GDAXI,24132.41015625,48002500.0,Yahoo Finance,2026-09-21T04:37:35+00:00,2025-12-18
2025-11-04,^GDAXI,23949.109375,51570100.0,Yahoo Finance,2026-09-21T04:37:35+00:00,2025-12-18
2025-11-05,^GDAXI,24049.740234375,55196800.0,Yahoo Finance,2026-09-21T04:37:35+00:00,2025-12-18
2025-11-06,^GDAXI,23734.01953125,58267000.0,Yahoo Finance,2026-09-21T04:37:35+00:00,2025-12-18
2025-11-07,^GDAXI,23569.9609375,53123300.0,Yahoo Finance,2026-09-21T04:37:35+00:00,2025-12-18
2025-11-10,^GDAXI,23959.990234375,52658900.0,Yahoo Finance,2026-09-21T04:37:35+00:00,2025-12-18
2025-11-11,^GDAXI,24088.060546875,47222500.0,Yahoo Finance,2026-09-21T04:37:35+00:00,2025-12-18
2025-11-12,^GDAXI,24381.4609375,75344600.0,Yahoo Finance,2026-09-21T04:37:35+00:00,2025-12-18
2025-11-13,^GDAXI,24041.619140625,60792900.0,Yahoo Finance,2026-09-21T04:37:35+00:00,2025-12-18
2025-11-14,^GDAXI,23876.55078125,64036000.0,Yahoo Finance,2026-09-21T04:37:35+00:00,2025-12-18
2025-11-17,^GDAXI,23590.51953125,46448300.0,Yahoo Finance,2026-09-21T04:37:35+00:00,2025-12-18
2025-11-18,^GDAXI,23180.529296875,61389400.0,Yahoo Finance,2026-09-21T04:37:35+00:00,2025-12-18
2025-11-19,^GDAXI,23162.919921875,52349100.0,Yahoo Finance,2026-09-21T04:37:35+00:00,2025-12-18
2025-11-20,^GDAXI,23278.849609375,47727200.0,Yahoo Finance,2026-09-21T04:37:35+00:00,2025-12-18
2025-11-21,^GDAXI,23091.869140625,68913200.0,Yahoo Finance,2026-09-21T04:37:35+00:00,2025-12-18
2025-11-24,^GDAXI,23239.1796875,129335900.0,Yahoo Finance,2026-09-21T04:37:35+00:00,2025-12-18
2025-11-25,^GDAXI,23464.630859375,50045500.0,Yahoo Finance,2026-09-21T04:37:35+00:00,2025-12-18
2025-11-26,^GDAXI,23726.220703125,45525300.0,Yahoo Finance,2026-09-21T04:37:35+00:00,2025-12-18
2025-11-27,^GDAXI,23767.9609375,31160000.0,Yahoo Finance,2026-09-21T04:37:35+00:00,2025-12-18
2025-11-28,^GDAXI,23836.7890625,37179100.0,Yahoo Finance,2026-09-21T04:37:35+00:00,2025-12-18
2025-12-01,^GDAXI,23589.439453125,48999700.0,Yahoo Finance,2026-09-21T04:37:35+00:00,2025-12-18
2025-12-02,^GDAXI,23710.859375,50968100.0,Yahoo Finance,2026-09-21T04:37:35+00:00,2025-12-18
2025-12-03,^GDAXI,23693.7109375,51721300.0,Yahoo Finance,2026-09-21T04:37:35+00:00,2025-12-18
2025-12-04,^GDAXI,23882.029296875,52994000.0,Yahoo Finance,2026-09-21T04:37:35+00:00,2025-12-18
2025-12-05,^GDAXI,24028.140625,46889600.0,Yahoo Finance,2026-09-21T04:37:35+00:00,2025-12-18
2025-12-08,^GDAXI,24046.009765625,46456700.0,Yahoo Finance,2026-09-21T04:37:35+00:00,2025-12-18
2025-12-09,^GDAXI,24162.650390625,49105800.0,Yahoo Finance,2026-09-21T04:37:35+00:00,2025-12-18
2025-12-10,^GDAXI,24130.140625,47603300.0,Yahoo Finance,2026-09-21T04:37:35+00:00,2025-12-18
2025-12-11,^GDAXI,24294.609375,52093700.0,Yahoo Finance,2026-09-21T04:37:35+00:00,2025-12-18
2025-12-12,^GDAXI,24186.490234375,45470300.0,Yahoo Finance,2026-09-21T04:37:35+00:00,2025-12-18
2025-12-15,^GDAXI,24229.91015625,47059700.0,Yahoo Finance,2026-09-21T04:37:35+00:00,2025-12-18
2025-12-16,^GDAXI,24076.869140625,53280600.0,Yahoo Finance,2026-09-21T04:37:35+00:00,2025-12-18
2025-12-17,^GDAXI,23960.58984375,52418200.0,Yahoo Finance,2026-09-21T04:37:35+00:00,2025-12-18
2025-12-18,^GDAXI,24199.5,51639200.0,Yahoo Finance,2026-09-21T04:37:35+00:00,2025-12-18
2024-11-13,^IBEX,11377.099609375,107398700.0,Yahoo Finance,2026-09-21T04:37:35+00:00,2025-12-18
2024-11-14,^IBEX,11524.2998046875,103802500.0,Yahoo Finance,2026-09-21T04:37:35+00:00,2025-12-18
2024-11-15,^IBEX,11635.900390625,125501300.0,Yahoo Finance,2026-09-21T04:37:35+00:00,2025-12-18
2024-11-18,^IBEX,11674.7998046875,94911100.0,Yahoo Finance,2026-09-21T04:37:35+00:00,2025-12-18
2024-11-19,^IBEX,11588.400390625,135961100.0,Yahoo Finance,2026-09-21T04:37:35+00:00,2025-12-18
2024-11-20,^IBEX,11589.5,105324500.0,Yahoo Finance,2026-09-21T04:37:35+00:00,2025-12-18
2024-11-21,^IBEX,11611.7001953125,100849000.0,Yahoo Finance,2026-09-21T04:37:35+00:00,2025-12-18
2024-11-22,^IBEX,11656.599609375,158602500.0,Yahoo Finance,2026-09-21T04:37:35+00:00,2025-12-18
2024-11-25,^IBEX,11711.7998046875,251665000.0,Yahoo Finance,2026-09-21T04:37:35+00:00,2025-12-18
2024-11-26,^IBEX,11617.900390625,106149400.0,Yahoo Finance,2026-09-21T04:37:35+00:00,2025-12-18
2024-11-27,^IBEX,11579.5,109154800.0,Yahoo Finance,2026-09-21T04:37:35+00:00,2025-12-18
2024-11-28,^IBEX,11610.7998046875,79734400.0,Yahoo Finance,2026-09-21T04:37:35+00:00,2025-12-18
2024-11-29,^IBEX,11641.2998046875,109064800.0,Yahoo Finance,2026-09-21T04:37:35+00:00,2025-12-18
2024-12-02,^IBEX,11735.2998046875,92358600.0,Yahoo Finance,2026-09-21T04:37:35+00:00,2025-12-18
2024-12-03,^IBEX,11873.599609375,98386300.0,Yahoo Finance,2026-09-21T04:37:35+00:00,2025-12-18
2024-12-04,^IBEX,11931.599609375,99568700.0,Yahoo Finance,2026-09-21T04:37:35+00:00,2025-12-18
2024-12-05,^IBEX,12118.7001953125,143783600.0,Yahoo Finance,2026-09-21T04:37:35+00:00,2025-12-18
2024-12-06,^IBEX,12072.0,83928400.0,Yahoo Finance,2026-09-21T04:37:35+00:00,2025-12-18
2024-12-09,^IBEX,12011.5,88297700.0,Yahoo Finance,2026-09-21T04:37:35+00:00,2025-12-18
2024-12-10,^IBEX,11965.5,92532900.0,Yahoo Finance,2026-09-21T04:37:35+00:00,2025-12-18
2024-12-11,^IBEX,11789.2998046875,106111800.0,Yahoo Finance,2026-09-21T04:37:35+00:00,2025-12-18
2024-12-12,^IBEX,11764.7998046875,122243900.0,Yahoo Finance,2026-09-21T04:37:35+00:00,2025-12-18
2024-12-13,^IBEX,11752.099609375,95007200.0,Yahoo Finance,2026-09-21T04:37:35+00:00,2025-12-18
2024-12-16,^IBEX,11778.599609375,104561200.0,Yahoo Finance,2026-09-21T04:37:35+00:00,2025-12-18
2024-12-17,^IBEX,11588.099609375,138709100.0,Yahoo Finance,2026-09-21T04:37:35+00:00,2025-12-18
2024-12-18,^IBEX,11617.900390625,101930600.0,Yahoo Finance,2026-09-21T04:37:35+00:00,2025-12-18
2024-12-19,^IBEX,11439.900390625,138523000.0,Yahoo Finance,2026-09-21T04:37:35+00:00,2025-12-18
2024-12-20,^IBEX,11467.2998046875,246522300.0,Yahoo Finance,2026-09-21T04:37:35+00:00,2025-12-18
2024-12-23,^IBEX,11435.7001953125,74793600.0,Yahoo Finance,2026-09-21T04:37:35+00:00,2025-12-18
2024-12-24,^IBEX,11473.900390625,30482300.0,Yahoo Finance,2026-09-21T04:37:35+00:00,2025-12-18
2024-12-27,^IBEX,11531.599609375,78825300.0,Yahoo Finance,2026-09-21T04:37:35+00:00,2025-12-18
2024-12-30,^IBEX,11536.7998046875,85852800.0,Yahoo Finance,2026-09-21T04:37:35+00:00,2025-12-18
2024-12-31,^IBEX,11595.0,47625000.0,Yahoo Finance,2026-09-21T04:37:35+00:00,2025-12-18
2025-01-02,^IBEX,11676.900390625,105381500.0,Yahoo Finance,2026-09-21T04:37:35+00:00,2025-12-18
2025-01-03,^IBEX,11651.599609375,71179100.0,Yahoo Finance,2026-09-21T04:37:35+00:00,2025-12-18
2025-01-06,^IBEX,11808.2001953125,108994000.0,Yahoo Finance,2026-09-21T04:37:35+00:00,2025-12-18
2025-01-07,^IBEX,11811.900390625,115308200.0,Yahoo Finance,2026-09-21T04:37:35+00:00,2025-12-18
2025-01-08,^IBEX,11798.099609375,123029500.0,Yahoo Finance,2026-09-21T04:37:35+00:00,2025-12-18
2025-01-09,^IBEX,11899.2998046875,97932900.0,Yahoo Finance,2026-09-21T04:37:35+00:00,2025-12-18
2025-01-10,^IBEX,11720.900390625,133296700.0,Yahoo Finance,2026-09-21T04:37:35+00:00,2025-12-18
2025-01-13,^IBEX,11688.2001953125,109070300.0,Yahoo Finance,2026-09-21T04:37:35+00:00,2025-12-18
2025-01-14,^IBEX,11752.099609375,120298100.0,Yahoo Finance,2026-09-21T04:37:35+00:00,2025-12-18
2025-01-15,^IBEX,11898.5,124473800.0,Yahoo Finance,2026-09-21T04:37:35+00:00,2025-12-18
2025-01-16,^IBEX,11840.599609375,118292200.0,Yahoo Finance,2026-09-21T04:37:35+00:00,2025-12-18
2025-01-17,^IBEX,11916.2998046875,120721200.0,Yahoo Finance,2026-09-21T04:37:35+00:00,2025-12-18
2025-01-20,^IBEX,11943.599609375,135782800.0,Yahoo Finance,2026-09-21T04:37:35+00:00,2025-12-18
2025-01-21,^IBEX,11927.400390625,98749400.0,Yahoo Finance,2026-09-21T04:37:35+00:00,2025-12-18
2025-01-22,^IBEX,11882.7001953125,119097400.0,Yahoo Finance,2026-09-21T04:37:35+00:00,2025-12-18
2025-01-23,^IBEX,11991.5,121476700.0,Yahoo Finance,2026-09-21T04:37:35+00:00,2025-12-18
2025-01-24,^IBEX,11982.599609375,105557500.0,Yahoo Finance,2026-09-21T04:37:35+00:00,2025-12-18
2025-01-27,^IBEX,11997.099609375,105749300.0,Yahoo Finance,2026-09-21T04:37:35+00:00,2025-12-18
2025-01-28,^IBEX,12154.2001953125,102214200.0,Yahoo Finance,2026-09-21T04:37:35+00:00,2025-12-18
2025-01-29,^IBEX,12286.5,123731000.0,Yahoo Finance,2026-09-21T04:37:35+00:00,2025-12-18
2025-01-30,^IBEX,12419.599609375,122507500.0,Yahoo Finance,2026-09-21T04:37:35+00:00,2025-12-18
2025-01-31,^IBEX,12368.900390625,107144500.0,Yahoo Finance,2026-09-21T04:37:35+00:00,2025-12-18
2025-02-03,^IBEX,12205.7998046875,147691700.0,Yahoo Finance,2026-09-21T04:37:35+00:00,2025-12-18
2025-02-04,^IBEX,12372.7998046875,121115200.0,Yahoo Finance,2026-09-21T04:37:35+00:00,2025-12-18
2025-02-05,^IBEX,12536.7001953125,189280800.0,Yahoo Finance,2026-09-21T04:37:35+00:00,2025-12-18
2025-02-06,^IBEX,12731.0,182977900.0,Yahoo Finance,2026-09-21T04:37:35+00:00,2025-12-18
2025-02-07,^IBEX,12688.900390625,129941800.0,Yahoo Finance,2026-09-21T04:37:35+00:00,2025-12-18
2025-02-10,^IBEX,12708.7998046875,104170800.0,Yahoo Finance,2026-09-21T04:37:35+00:00,2025-12-18
2025-02-11,^IBEX,12774.7998046875,132441700.0,Yahoo Finance,2026-09-21T04:37:35+00:00,2025-12-18
2025-02-12,^IBEX,12911.5,152197700.0,Yahoo Finance,2026-09-21T04:37:35+00:00,2025-12-18
2025-02-13,^IBEX,12936.2998046875,123544900.0,Yahoo Finance,2026-09-21T04:37:35+00:00,2025-12-18
2025-02-14,^IBEX,12956.0,123289000.0,Yahoo Finance,2026-09-21T04:37:35+00:00,2025-12-18
2025-02-17,^IBEX,13016.900390625,98460200.0,Yahoo Finance,2026-09-21T04:37:35+00:00,2025-12-18
2025-02-18,^IBEX,13143.900390625,127405100.0,Yahoo Finance,2026-09-21T04:37:35+00:00,2025-12-18
2025-02-19,^IBEX,12929.400390625,131029700.0,Yahoo Finance,2026-09-21T04:37:35+00:00,2025-12-18
2025-02-20,^IBEX,12967.099609375,127107400.0,Yahoo Finance,2026-09-21T04:37:35+00:00,2025-12-18
2025-02-21,^IBEX,12952.0,125136300.0,Yahoo Finance,2026-09-21T04:37:35+00:00,2025-12-18
2025-02-24,^IBEX,13012.900390625,120800900.0,Yahoo Finance,2026-09-21T04:37:35+00:00,2025-12-18
2025-02-25,^IBEX,13116.7998046875,150760400.0,Yahoo Finance,2026-09-21T04:37:35+00:00,2025-12-18
2025-02-26,^IBEX,13332.0,125564200.0,Yahoo Finance,2026-09-21T04:37:35+00:00,2025-12-18
2025-02-27,^IBEX,13270.599609375,159410500.0,Yahoo Finance,2026-09-21T04:37:35+00:00,2025-12-18
2025-02-28,^IBEX,13347.2998046875,251581300.0,Yahoo Finance,2026-09-21T04:37:35+00:00,2025-12-18
2025-03-03,^IBEX,13373.099609375,153783500.0,Yahoo Finance,2026-09-21T04:37:35+00:00,2025-12-18
2025-03-04,^IBEX,13031.7001953125,195204400.0,Yahoo Finance,2026-09-21T04:37:35+00:00,2025-12-18
2025-03-05,^IBEX,13214.0,177351300.0,Yahoo Finance,2026-09-21T04:37:35+00:00,2025-12-18
2025-03-06,^IBEX,13234.2001953125,176624900.0,Yahoo Finance,2026-09-21T04:37:35+00:00,2025-12-18
2025-03-07,^IBEX,13257.099609375,134505200.0,Yahoo Finance,2026-09-21T04:37:35+00:00,2025-12-18
2025-03-10,^IBEX,13082.7001953125,164744800.0,Yahoo Finance,2026-09-21T04:37:35+00:00,2025-12-18
2025-03-11,^IBEX,12877.2998046875,173666800.0,Yahoo Finance,2026-09-21T04:37:35+00:00,2025-12-18
2025-03-12,^IBEX,12804.0,139429700.0,Yahoo Finance,2026-09-21T04:37:35+00:00,2025-12-18
2025-03-13,^IBEX,12821.2998046875,112707500.0,Yahoo Finance,2026-09-21T04:37:35+00:00,2025-12-18
2025-03-14,^IBEX,13005.2001953125,127740700.0,Yahoo Finance,2026-09-21T04:37:35+00:00,2025-12-18
2025-03-17,^IBEX,13147.2001953125,112264600.0,Yahoo Finance,2026-09-21T04:37:35+00:00,2025-12-18
2025-03-18,^IBEX,13354.7001953125,159889600.0,Yahoo Finance,2026-09-21T04:37:35+00:00,2025-12-18
2025-03-19,^IBEX,13408.099609375,118517400.0,Yahoo Finance,2026-09-21T04:37:35+00:00,2025-12-18
2025-03-20,^IBEX,13306.2998046875,131939500.0,Yahoo Finance,2026-09-21T04:37:35+00:00,2025-12-18
2025-03-21,^IBEX,13350.2001953125,327772900.0,Yahoo Finance,2026-09-21T04:37:35+00:00,2025-12-18
2025-03-24,^IBEX,13323.2998046875,105607000.0,Yahoo Finance,2026-09-21T04:37:35+00:00,2025-12-18
2025-03-25,^IBEX,13484.2998046875,111197300.0,Yahoo Finance,2026-09-21T04:37:35+00:00,2025-12-18
2025-03-26,^IBEX,13432.2001953125,109255200.0,Yahoo Finance,2026-09-21T04:37:35+00:00,2025-12-18
2025-03-27,^IBEX,13422.599609375,107010900.0,Yahoo Finance,2026-09-21T04:37:35+00:00,2025-12-18
2025-03-28,^IBEX,13309.2998046875,121572800.0,Yahoo Finance,2026-09-21T04:37:35+00:00,2025-12-18
2025-03-31,^IBEX,13135.400390625,167060300.0,Yahoo Finance,2026-09-21T04:37:35+00:00,2025-12-18
2025-04-01,^IBEX,13297.0,123046200.0,Yahoo Finance,2026-09-21T04:37:35+00:00,2025-12-18
2025-04-02,^IBEX,13350.2001953125,107758200.0,Yahoo Finance,2026-09-21T04:37:35+00:00,2025-12-18
2025-04-03,^IBEX,13191.2001953125,209798600.0,Yahoo Finance,2026-09-21T04:37:35+00:00,2025-12-18
2025-04-04,^IBEX,12422.0,371357800.0,Yahoo Finance,2026-09-21T04:37:35+00:00,2025-12-18
2025-04-07,^IBEX,11785.7998046875,423011800.0,Yahoo Finance,2026-09-21T04:37:35+00:00,2025-12-18
2025-04-08,^IBEX,12065.599609375,232198800.0,Yahoo Finance,2026-09-21T04:37:35+00:00,2025-12-18
2025-04-09,^IBEX,11797.599609375,221644700.0,Yahoo Finance,2026-09-21T04:37:35+00:00,2025-12-18
2025-04-10,^IBEX,12307.599609375,277114600.0,Yahoo Finance,2026-09-21T04:37:35+00:00,2025-12-18
2025-04-11,^IBEX,12286.0,135190900.0,Yahoo Finance,2026-09-21T04:37:35+00:00,2025-12-18
2025-04-14,^IBEX,12609.7998046875,120617900.0,Yahoo Finance,2026-09-21T04:37:35+00:00,2025-12-18
2025-04-15,^IBEX,12879.2998046875,124665000.0,Yahoo Finance,2026-09-21T04:37:35+00:00,2025-12-18
2025-04-16,^IBEX,12942.099609375,127312200.0,Yahoo Finance,2026-09-21T04:37:35+00:00,2025-12-18
2025-04-17,^IBEX,12918.0,118973300.0,Yahoo Finance,2026-09-21T04:37:35+00:00,2025-12-18
2025-04-22,^IBEX,13010.599609375,109911000.0,Yahoo Finance,2026-09-21T04:37:35+00:00,2025-12-18
2025-04-23,^IBEX,13208.2998046875,163116500.0,Yahoo Finance,2026-09-21T04:37:35+00:00,2025-12-18
2025-04-24,^IBEX,13179.7001953125,104438600.0,Yahoo Finance,2026-09-21T04:37:35+00:00,2025-12-18
2025-04-25,^IBEX,13355.2998046875,115013300.0,Yahoo Finance,2026-09-21T04:37:35+00:00,2025-12-18
2025-04-28,^IBEX,13456.099609375,117159400.0,Yahoo Finance,2026-09-21T04:37:35+00:00,2025-12-18
2025-04-29,^IBEX,13366.900390625,116559300.0,Yahoo Finance,2026-09-21T04:37:35+00:00,2025-12-18
2025-04-30,^IBEX,13287.7998046875,200803500.0,Yahoo Finance,2026-09-21T04:37:35+00:00,2025-12-18
2025-05-02,^IBEX,13446.7001953125,141233700.0,Yahoo Finance,2026-09-21T04:37:35+00:00,2025-12-18
2025-05-05,^IBEX,13518.0,85373300.0,Yahoo Finance,2026-09-21T04:37:35+00:00,2025-12-18
2025-05-06,^IBEX,13530.2001953125,111702500.0,Yahoo Finance,2026-09-21T04:37:35+00:00,2025-12-18
2025-05-07,^IBEX,13480.400390625,118455100.0,Yahoo Finance,2026-09-21T04:37:35+00:00,2025-12-18
2025-05-08,^IBEX,13488.900390625,136310300.0,Yahoo Finance,2026-09-21T04:37:35+00:00,2025-12-18
2025-05-09,^IBEX,13554.099609375,127549500.0,Yahoo Finance,2026-09-21T04:37:35+00:00,2025-12-18
2025-05-12,^IBEX,13655.2998046875,144186700.0,Yahoo Finance,2026-09-21T04:37:35+00:00,2025-12-18
2025-05-13,^IBEX,13769.099609375,118479800.0,Yahoo Finance,2026-09-21T04:37:35+00:00,2025-12-18
2025-05-14,^IBEX,13840.2001953125,158379200.0,Yahoo Finance,2026-09-21T04:37:35+00:00,2025-12-18
2025-05-15,^IBEX,13930.2001953125,111198100.0,Yahoo Finance,2026-09-21T04:37:35+00:00,2025-12-18
2025-05-16,^IBEX,14064.5,122336100.0,Yahoo Finance,2026-09-21T04:37:35+00:00,2025-12-18
2025-05-19,^IBEX,14099.0,104238000.0,Yahoo Finance,2026-09-21T04:37:35+00:00,2025-12-18
2025-05-20,^IBEX,14323.400390625,140963800.0,Yahoo Finance,2026-09-21T04:37:35+00:00,2025-12-18
2025-05-21,^IBEX,14307.599609375,114276500.0,Yahoo Finance,2026-09-21T04:37:35+00:00,2025-12-18
2025-05-22,^IBEX,14272.5,106118300.0,Yahoo Finance,2026-09-21T04:37:35+00:00,2025-12-18
2025-05-23,^IBEX,14104.099609375,173060400.0,Yahoo Finance,2026-09-21T04:37:35+00:00,2025-12-18
2025-05-26,^IBEX,14221.599609375,87069700.0,Yahoo Finance,2026-09-21T04:37:35+00:00,2025-12-18
2025-05-27,^IBEX,14239.900390625,115082000.0,Yahoo Finance,2026-09-21T04:37:35+00:00,2025-12-18
2025-05-28,^IBEX,14100.599609375,107696100.0,Yahoo Finance,2026-09-21T04:37:35+00:00,2025-12-18
2025-05-29,^IBEX,14116.599609375,83480200.0,Yahoo Finance,2026-09-21T04:37:35+00:00,2025-12-18
2025-05-30,^IBEX,14152.2001953125,449124100.0,Yahoo Finance,2026-09-21T04:37:35+00:00,2025-12-18
2025-06-02,^IBEX,14202.7998046875,89794000.0,Yahoo Finance,2026-09-21T04:37:35+00:00,2025-12-18
2025-06-03,^IBEX,14128.400390625,104041400.0,Yahoo Finance,2026-09-21T04:37:35+00:00,2025-12-18
2025-06-04,^IBEX,14101.2998046875,101954800.0,Yahoo Finance,2026-09-21T04:37:35+00:00,2025-12-18
2025-06-05,^IBEX,14203.7001953125,98898900.0,Yahoo Finance,2026-09-21T04:37:35+00:00,2025-12-18
2025-06-06,^IBEX,14247.599609375,78318000.0,Yahoo Finance,2026-09-21T04:37:35+00:00,2025-12-18
2025-06-09,^IBEX,14251.2998046875,75590900.0,Yahoo Finance,2026-09-21T04:37:35+00:00,2025-12-18
2025-06-10,^IBEX,14221.099609375,100383800.0,Yahoo Finance,2026-09-21T04:37:35+00:00,2025-12-18
2025-06-11,^IBEX,14134.099609375,98420200.0,Yahoo Finance,2026-09-21T04:37:35+00:00,2025-12-18
2025-06-12,^IBEX,14088.900390625,102176200.0,Yahoo Finance,2026-09-21T04:37:35+00:00,2025-12-18
2025-06-13,^IBEX,13910.599609375,129988400.0,Yahoo Finance,2026-09-21T04:37:35+00:00,2025-12-18
2025-06-16,^IBEX,14110.7998046875,140851500.0,Yahoo Finance,2026-09-21T04:37:35+00:00,2025-12-18
2025-06-17,^IBEX,13911.7001953125,112460800.0,Yahoo Finance,2026-09-21T04:37:35+00:00,2025-12-18
2025-06-18,^IBEX,13923.2001953125,94902300.0,Yahoo Finance,2026-09-21T04:37:35+00:00,2025-12-18
2025-06-19,^IBEX,13744.900390625,82221100.0,Yahoo Finance,2026-09-21T04:37:35+00:00,2025-12-18
2025-06-20,^IBEX,13850.2998046875,286491100.0,Yahoo Finance,2026-09-21T04:37:35+00:00,2025-12-18
2025-06-23,^IBEX,13839.400390625,101045600.0,Yahoo Finance,2026-09-21T04:37:35+00:00,2025-12-18
2025-06-24,^IBEX,14035.099609375,143212900.0,Yahoo Finance,2026-09-21T04:37:35+00:00,2025-12-18
2025-06-25,^IBEX,13811.7998046875,107091500.0,Yahoo Finance,2026-09-21T04:37:35+00:00,2025-12-18
2025-06-26,^IBEX,13815.5,93447400.0,Yahoo Finance,2026-09-21T04:37:35+00:00,2025-12-18
2025-06-27,^IBEX,13969.0,100089100.0,Yahoo Finance,2026-09-21T04:37:35+00:00,2025-12-18
2025-06-30,^IBEX,13991.900390625,110470200.0,Yahoo Finance,2026-09-21T04:37:35+00:00,2025-12-18
2025-07-01,^IBEX,13987.400390625,97952900.0,Yahoo Finance,2026-09-21T04:37:35+00:00,2025-12-18
2025-07-02,^IBEX,14044.599609375,132184700.0,Yahoo Finance,2026-09-21T04:37:35+00:00,2025-12-18
2025-07-03,^IBEX,14182.900390625,104281400.0,Yahoo Finance,2026-09-21T04:37:35+00:00,2025-12-18
2025-07-04,^IBEX,13973.0,83272800.0,Yahoo Finance,2026-09-21T04:37:35+00:00,2025-12-18
2025-07-07,^IBEX,14074.7998046875,100275300.0,Yahoo Finance,2026-09-21T04:37:35+00:00,2025-12-18
2025-07-08,^IBEX,14079.5,120473400.0,Yahoo Finance,2026-09-21T04:37:35+00:00,2025-12-18
2025-07-09,^IBEX,14254.400390625,123328700.0,Yahoo Finance,2026-09-21T04:37:35+00:00,2025-12-18
2025-07-10,^IBEX,14141.599609375,110944000.0,Yahoo Finance,2026-09-21T04:37:35+00:00,2025-12-18
2025-07-11,^IBEX,14009.2001953125,95693800.0,Yahoo Finance,2026-09-21T04:37:35+00:00,2025-12-18
2025-07-14,^IBEX,14036.0,86325700.0,Yahoo Finance,2026-09-21T04:37:35+00:00,2025-12-18
2025-07-15,^IBEX,13874.7001953125,87360300.0,Yahoo Finance,2026-09-21T04:37:35+00:00,2025-12-18
2025-07-16,^IBEX,13885.7001953125,97091700.0,Yahoo Finance,2026-09-21T04:37:35+00:00,2025-12-18
2025-07-17,^IBEX,13994.5,86514400.0,Yahoo Finance,2026-09-21T04:37:35+00:00,2025-12-18
2025-07-18,^IBEX,13989.0,94010100.0,Yahoo Finance,2026-09-21T04:37:35+00:00,2025-12-18
2025-07-21,^IBEX,14031.5,81563200.0,Yahoo Finance,2026-09-21T04:37:35+00:00,2025-12-18
2025-07-22,^IBEX,14041.5,86532300.0,Yahoo Finance,2026-09-21T04:37:35+00:00,2025-12-18
2025-07-23,^IBEX,14067.900390625,138205900.0,Yahoo Finance,2026-09-21T04:37:35+00:00,2025-12-18
2025-07-24,^IBEX,14256.5,146515400.0,Yahoo Finance,2026-09-21T04:37:35+00:00,2025-12-18
2025-07-25,^IBEX,14237.2998046875,85919600.0,Yahoo Finance,2026-09-21T04:37:35+00:00,2025-12-18
2025-07-28,^IBEX,14220.2001953125,145598800.0,Yahoo Finance,2026-09-21T04:37:35+00:00,2025-12-18
2025-07-29,^IBEX,14347.7001953125,129145100.0,Yahoo Finance,2026-09-21T04:37:35+00:00,2025-12-18
2025-07-30,^IBEX,14380.599609375,134910900.0,Yahoo Finance,2026-09-21T04:37:35+00:00,2025-12-18
2025-07-31,^IBEX,14397.0,163375400.0,Yahoo Finance,2026-09-21T04:37:35+00:00,2025-12-18
2025-08-01,^IBEX,14126.7001953125,147770700.0,Yahoo Finance,2026-09-21T04:37:35+00:00,2025-12-18
2025-08-04,^IBEX,14386.099609375,88452700.0,Yahoo Finance,2026-09-21T04:37:35+00:00,2025-12-18
2025-08-05,^IBEX,14407.5,88499100.0,Yahoo Finance,2026-09-21T04:37:35+00:00,2025-12-18
2025-08-06,^IBEX,14536.599609375,95482200.0,Yahoo Finance,2026-09-21T04:37:35+00:00,2025-12-18
2025-08-07,^IBEX,14690.900390625,102037000.0,Yahoo Finance,2026-09-21T04:37:35+00:00,2025-12-18
2025-08-08,^IBEX,14824.900390625,95127000.0,Yahoo Finance,2026-09-21T04:37:35+00:00,2025-12-18
2025-08-11,^IBEX,14855.900390625,83418100.0,Yahoo Finance,2026-09-21T04:37:35+00:00,2025-12-18
2025-08-12,^IBEX,14859.0,102249100.0,Yahoo Finance,2026-09-21T04:37:35+00:00,2025-12-18
2025-08-13,^IBEX,15019.900390625,87075300.0,Yahoo Finance,2026-09-21T04:37:35+00:00,2025-12-18
2025-08-14,^IBEX,15206.400390625,89214200.0,Yahoo Finance,2026-09-21T04:37:35+00:00,2025-12-18
2025-08-15,^IBEX,15277.2001953125,80478900.0,Yahoo Finance,2026-09-21T04:37:35+00:00,2025-12-18
2025-08-18,^IBEX,15251.7001953125,70222400.0,Yahoo Finance,2026-09-21T04:37:35+00:00,2025-12-18
2025-08-19,^IBEX,15303.7998046875,87973400.0,Yahoo Finance,2026-09-21T04:37:35+00:00,2025-12-18
2025-08-20,^IBEX,15292.099609375,69710900.0,Yahoo Finance,2026-09-21T04:37:35+00:00,2025-12-18
2025-08-21,^IBEX,15303.7998046875,97921200.0,Yahoo Finance,2026-09-21T04:37:35+00:00,2025-12-18
2025-08-22,^IBEX,15396.7998046875,72265200.0,Yahoo Finance,2026-09-21T04:37:35+00:00,2025-12-18
2025-08-25,^IBEX,15265.5,59710500.0,Yahoo Finance,2026-09-21T04:37:35+00:00,2025-12-18
2025-08-26,^IBEX,15119.2998046875,152500800.0,Yahoo Finance,2026-09-21T04:37:35+00:00,2025-12-18
2025-08-27,^IBEX,15020.900390625,80710300.0,Yahoo Finance,2026-09-21T04:37:35+00:00,2025-12-18
2025-08-28,^IBEX,15071.400390625,65867100.0,Yahoo Finance,2026-09-21T04:37:35+00:00,2025-12-18
2025-08-29,^IBEX,14935.7998046875,77503500.0,Yahoo Finance,2026-09-21T04:37:35+00:00,2025-12-18
2025-09-01,^IBEX,14939.400390625,56478800.0,Yahoo Finance,2026-09-21T04:37:35+00:00,2025-12-18
2025-09-02,^IBEX,14704.2001953125,83403600.0,Yahoo Finance,2026-09-21T04:37:35+00:00,2025-12-18
2025-09-03,^IBEX,14789.400390625,79354500.0,Yahoo Finance,2026-09-21T04:37:35+00:00,2025-12-18
2025-09-04,^IBEX,14918.2998046875,81571500.0,Yahoo Finance,2026-09-21T04:37:35+00:00,2025-12-18
2025-09-05,^IBEX,14850.900390625,85860400.0,Yahoo Finance,2026-09-21T04:37:35+00:00,2025-12-18
2025-09-08,^IBEX,15002.2001953125,72164400.0,Yahoo Finance,2026-09-21T04:37:35+00:00,2025-12-18
2025-09-09,^IBEX,15023.900390625,86280600.0,Yahoo Finance,2026-09-21T04:37:35+00:00,2025-12-18
2025-09-10,^IBEX,15217.5,121291100.0,Yahoo Finance,2026-09-21T04:37:35+00:00,2025-12-18
2025-09-11,^IBEX,15321.2998046875,88333100.0,Yahoo Finance,2026-09-21T04:37:35+00:00,2025-12-18
2025-09-12,^IBEX,15308.2001953125,86163600.0,Yahoo Finance,2026-09-21T04:37:35+00:00,2025-12-18
2025-09-15,^IBEX,15395.099609375,86042500.0,Yahoo Finance,2026-09-21T04:37:35+00:00,2025-12-18
2025-09-16,^IBEX,15163.2998046875,108844000.0,Yahoo Finance,2026-09-21T04:37:35+00:00,2025-12-18
2025-09-17,^IBEX,15127.2001953125,92518300.0,Yahoo Finance,2026-09-21T04:37:35+00:00,2025-12-18
2025-09-18,^IBEX,15175.400390625,88001500.0,Yahoo Finance,2026-09-21T04:37:35+00:00,2025-12-18
2025-09-19,^IBEX,15260.7001953125,304653800.0,Yahoo Finance,2026-09-21T04:37:35+00:00,2025-12-18
2025-09-22,^IBEX,15082.5,105181400.0,Yahoo Finance,2026-09-21T04:37:35+00:00,2025-12-18
2025-09-23,^IBEX,15158.2001953125,93816900.0,Yahoo Finance,2026-09-21T04:37:35+00:00,2025-12-18
2025-09-24,^IBEX,15194.599609375,90569400.0,Yahoo Finance,2026-09-21T04:37:35+00:00,2025-12-18
2025-09-25,^IBEX,15153.7001953125,86256200.0,Yahoo Finance,2026-09-21T04:37:35+00:00,2025-12-18
2025-09-26,^IBEX,15350.400390625,87930000.0,Yahoo Finance,2026-09-21T04:37:35+00:00,2025-12-18
2025-09-29,^IBEX,15316.2998046875,80979800.0,Yahoo Finance,2026-09-21T04:37:35+00:00,2025-12-18
2025-09-30,^IBEX,15475.0,102819500.0,Yahoo Finance,2026-09-21T04:37:35+00:00,2025-12-18
2025-10-01,^IBEX,15538.7998046875,112447800.0,Yahoo Finance,2026-09-21T04:37:35+00:00,2025-12-18
2025-10-02,^IBEX,15496.2001953125,103428700.0,Yahoo Finance,2026-09-21T04:37:35+00:00,2025-12-18
2025-10-03,^IBEX,15585.099609375,84088800.0,Yahoo Finance,2026-09-21T04:37:35+00:00,2025-12-18
2025-10-06,^IBEX,15556.7001953125,86888000.0,Yahoo Finance,2026-09-21T04:37:35+00:00,2025-12-18
2025-10-07,^IBEX,15527.0,95150900.0,Yahoo Finance,2026-09-21T04:37:35+00:00,2025-12-18
2025-10-08,^IBEX,15678.2998046875,103099500.0,Yahoo Finance,2026-09-21T04:37:35+00:00,2025-12-18
2025-10-09,^IBEX,15584.7998046875,98918000.0,Yahoo Finance,2026-09-21T04:37:35+00:00,2025-12-18
2025-10-10,^IBEX,15476.5,110232400.0,Yahoo Finance,2026-09-21T04:37:35+00:00,2025-12-18
2025-10-13,^IBEX,15541.599609375,67895000.0,Yahoo Finance,2026-09-21T04:37:35+00:00,2025-12-18
2025-10-14,^IBEX,15586.400390625,89838200.0,Yahoo Finance,2026-09-21T04:37:35+00:00,2025-12-18
2025-10-15,^IBEX,15570.2998046875,95275000.0,Yahoo Finance,2026-09-21T04:37:35+00:00,2025-12-18
2025-10-16,^IBEX,15645.7998046875,86414300.0,Yahoo Finance,2026-09-21T04:37:35+00:00,2025-12-18
2025-10-17,^IBEX,15601.099609375,226751000.0,Yahoo Finance,2026-09-21T04:37:35+00:00,2025-12-18
2025-10-20,^IBEX,15828.2998046875,114551400.0,Yahoo Finance,2026-09-21T04:37:35+00:00,2025-12-18
2025-10-21,^IBEX,15767.099609375,87902600.0,Yahoo Finance,2026-09-21T04:37:35+00:00,2025-12-18
2025-10-22,^IBEX,15781.599609375,102103900.0,Yahoo Finance,2026-09-21T04:37:35+00:00,2025-12-18
2025-10-23,^IBEX,15792.2001953125,78419800.0,Yahoo Finance,2026-09-21T04:37:35+00:00,2025-12-18
2025-10-24,^IBEX,15861.5,80345300.0,Yahoo Finance,2026-09-21T04:37:35+00:00,2025-12-18
2025-10-27,^IBEX,16000.2001953125,81172200.0,Yahoo Finance,2026-09-21T04:37:35+00:00,2025-12-18
2025-10-28,^IBEX,16087.0,95070000.0,Yahoo Finance,2026-09-21T04:37:35+00:00,2025-12-18
2025-10-29,^IBEX,16150.099609375,121817600.0,Yahoo Finance,2026-09-21T04:37:35+00:00,2025-12-18
2025-10-30,^IBEX,16040.2998046875,99650100.0,Yahoo Finance,2026-09-21T04:37:35+00:00,2025-12-18
2025-10-31,^IBEX,16032.599609375,130323900.0,Yahoo Finance,2026-09-21T04:37:35+00:00,2025-12-18
2025-11-03,^IBEX,16037.0,110705800.0,Yahoo Finance,2026-09-21T04:37:35+00:00,2025-12-18
2025-11-04,^IBEX,16036.400390625,161044000.0,Yahoo Finance,2026-09-21T04:37:35+00:00,2025-12-18
2025-11-05,^IBEX,16098.400390625,115005100.0,Yahoo Finance,2026-09-21T04:37:35+00:00,2025-12-18
2025-11-06,^IBEX,16118.0,124301600.0,Yahoo Finance,2026-09-21T04:37:35+00:00,2025-12-18
2025-11-07,^IBEX,15901.400390625,142615100.0,Yahoo Finance,2026-09-21T04:37:35+00:00,2025-12-18
2025-11-10,^IBEX,16182.5,116077100.0,Yahoo Finance,2026-09-21T04:37:35+00:00,2025-12-18
2025-11-11,^IBEX,16388.80078125,111727000.0,Yahoo Finance,2026-09-21T04:37:35+00:00,2025-12-18
2025-11-12,^IBEX,16615.80078125,129027700.0,Yahoo Finance,2026-09-21T04:37:35+00:00,2025-12-18
2025-11-13,^IBEX,16577.400390625,129174800.0,Yahoo Finance,2026-09-21T04:37:35+00:00,2025-12-18
2025-11-14,^IBEX,16345.900390625,119804900.0,Yahoo Finance,2026-09-21T04:37:35+00:00,2025-12-18
2025-11-17,^IBEX,16172.599609375,88437600.0,Yahoo Finance,2026-09-21T04:37:35+00:00,2025-12-18
2025-11-18,^IBEX,15827.0,119226900.0,Yahoo Finance,2026-09-21T04:37:35+00:00,2025-12-18
2025-11-19,^IBEX,15889.2998046875,107626100.0,Yahoo Finance,2026-09-21T04:37:35+00:00,2025-12-18
2025-11-20,^IBEX,15988.900390625,98275300.0,Yahoo Finance,2026-09-21T04:37:35+00:00,2025-12-18
2025-11-21,^IBEX,15821.900390625,107858900.0,Yahoo Finance,2026-09-21T04:37:35+00:00,2025-12-18
2025-11-24,^IBEX,15967.7998046875,0.0,Yahoo Finance,2026-09-21T04:37:35+00:00,2025-12-18
2025-11-25,^IBEX,16140.900390625,0.0,Yahoo Finance,2026-09-21T04:37:35+00:00,2025-12-18
2025-11-26,^IBEX,16361.099609375,0.0,Yahoo Finance,2026-09-21T04:37:35+00:00,2025-12-18
2025-11-27,^IBEX,16361.7998046875,0.0,Yahoo Finance,2026-09-21T04:37:35+00:00,2025-12-18
2025-11-28,^IBEX,16371.599609375,0.0,Yahoo Finance,2026-09-21T04:37:35+00:00,2025-12-18
2025-12-01,^IBEX,16389.0,0.0,Yahoo Finance,2026-09-21T04:37:35+00:00,2025-12-18
2025-12-02,^IBEX,16473.099609375,0.0,Yahoo Finance,2026-09-21T04:37:35+00:00,2025-12-18
2025-12-03,^IBEX,16585.69921875,0.0,Yahoo Finance,2026-09-21T04:37:35+00:00,2025-12-18
2025-12-04,^IBEX,16746.599609375,0.0,Yahoo Finance,2026-09-21T04:37:35+00:00,2025-12-18
2025-12-05,^IBEX,16688.5,0.0,Yahoo Finance,2026-09-21T04:37:35+00:00,2025-12-18
2025-12-08,^IBEX,16712.19921875,0.0,Yahoo Finance,2026-09-21T04:37:35+00:00,2025-12-18
2025-12-09,^IBEX,16734.5,0.0,Yahoo Finance,2026-09-21T04:37:35+00:00,2025-12-18
2025-12-10,^IBEX,16762.5,0.0,Yahoo Finance,2026-09-21T04:37:35+00:00,2025-12-18
2025-12-11,^IBEX,16883.0,0.0,Yahoo Finance,2026-09-21T04:37:35+00:00,2025-12-18
2025-12-12,^IBEX,16854.400390625,0.0,Yahoo Finance,2026-09-21T04:37:35+00:00,2025-12-18
2025-12-15,^IBEX,17041.400390625,0.0,Yahoo Finance,2026-09-21T04:37:35+00:00,2025-12-18
2025-12-16,^IBEX,16921.900390625,0.0,Yahoo Finance,2026-09-21T04:37:35+00:00,2025-12-18
2025-12-17,^IBEX,16938.19921875,0.0,Yahoo Finance,2026-09-21T04:37:35+00:00,2025-12-18
2025-12-18,^IBEX,17132.599609375,0.0,Yahoo Finance,2026-09-21T04:37:35+00:00,2025-12-18
2024-11-13,^STOXX50E,4740.33984375,25868600.0,Yahoo Finance,2026-09-21T04:37:35+00:00,2025-12-18
2024-11-14,^STOXX50E,4833.52978515625,25660800.0,Yahoo Finance,2026-09-21T04:37:35+00:00,2025-12-18
2024-11-15,^STOXX50E,4794.85009765625,26340500.0,Yahoo Finance,2026-09-21T04:37:35+00:00,2025-12-18
2024-11-18,^STOXX50E,4790.330078125,23568600.0,Yahoo Finance,2026-09-21T04:37:35+00:00,2025-12-18
2024-11-19,^STOXX50E,4751.22998046875,31162100.0,Yahoo Finance,2026-09-21T04:37:35+00:00,2025-12-18
2024-11-20,^STOXX50E,4729.7099609375,21527100.0,Yahoo Finance,2026-09-21T04:37:35+00:00,2025-12-18
2024-11-21,^STOXX50E,4755.830078125,22655300.0,Yahoo Finance,2026-09-21T04:37:35+00:00,2025-12-18
2024-11-22,^STOXX50E,4789.080078125,32450100.0,Yahoo Finance,2026-09-21T04:37:35+00:00,2025-12-18
2024-11-25,^STOXX50E,4799.8701171875,46758600.0,Yahoo Finance,2026-09-21T04:37:35+00:00,2025-12-18
2024-11-26,^STOXX50E,4761.990234375,25243100.0,Yahoo Finance,2026-09-21T04:37:35+00:00,2025-12-18
2024-11-27,^STOXX50E,4733.14990234375,23573200.0,Yahoo Finance,2026-09-21T04:37:35+00:00,2025-12-18
2024-11-28,^STOXX50E,4758.64990234375,15604900.0,Yahoo Finance,2026-09-21T04:37:35+00:00,2025-12-18
2024-11-29,^STOXX50E,4804.39990234375,23066300.0,Yahoo Finance,2026-09-21T04:37:35+00:00,2025-12-18
2024-12-02,^STOXX50E,4846.72998046875,27358500.0,Yahoo Finance,2026-09-21T04:37:35+00:00,2025-12-18
2024-12-03,^STOXX50E,4878.509765625,25253600.0,Yahoo Finance,2026-09-21T04:37:35+00:00,2025-12-18
2024-12-04,^STOXX50E,4919.02001953125,22678700.0,Yahoo Finance,2026-09-21T04:37:35+00:00,2025-12-18
2024-12-05,^STOXX50E,4951.580078125,29752700.0,Yahoo Finance,2026-09-21T04:37:35+00:00,2025-12-18
2024-12-06,^STOXX50E,4977.77978515625,23202100.0,Yahoo Finance,2026-09-21T04:37:35+00:00,2025-12-18
2024-12-09,^STOXX50E,4985.4599609375,23029000.0,Yahoo Finance,2026-09-21T04:37:35+00:00,2025-12-18
2024-12-10,^STOXX50E,4951.740234375,21325000.0,Yahoo Finance,2026-09-21T04:37:35+00:00,2025-12-18
2024-12-11,^STOXX50E,4959.35009765625,21651000.0,Yahoo Finance,2026-09-21T04:37:35+00:00,2025-12-18
2024-12-12,^STOXX50E,4965.52978515625,24883500.0,Yahoo Finance,2026-09-21T04:37:35+00:00,2025-12-18
2024-12-13,^STOXX50E,4967.9501953125,20682200.0,Yahoo Finance,2026-09-21T04:37:35+00:00,2025-12-18
2024-12-16,^STOXX50E,4947.02978515625,23759900.0,Yahoo Finance,2026-09-21T04:37:35+00:00,2025-12-18
2024-12-17,^STOXX50E,4942.580078125,23939700.0,Yahoo Finance,2026-09-21T04:37:35+00:00,2025-12-18
2024-12-18,^STOXX50E,4957.27978515625,22981700.0,Yahoo Finance,2026-09-21T04:37:35+00:00,2025-12-18
2024-12-19,^STOXX50E,4879.0,23122400.0,Yahoo Finance,2026-09-21T04:37:35+00:00,2025-12-18
2024-12-20,^STOXX50E,4862.27978515625,52536500.0,Yahoo Finance,2026-09-21T04:37:35+00:00,2025-12-18
2024-12-23,^STOXX50E,4852.93017578125,13206800.0,Yahoo Finance,2026-09-21T04:37:35+00:00,2025-12-18
2024-12-27,^STOXX50E,4898.8798828125,17347300.0,Yahoo Finance,2026-09-21T04:37:35+00:00,2025-12-18
2024-12-30,^STOXX50E,4869.27978515625,14296800.0,Yahoo Finance,2026-09-21T04:37:35+00:00,2025-12-18
2025-01-03,^STOXX50E,4871.4501953125,17720300.0,Yahoo Finance,2026-09-21T04:37:35+00:00,2025-12-18
2025-01-06,^STOXX50E,4986.64013671875,27330700.0,Yahoo Finance,2026-09-21T04:37:35+00:00,2025-12-18
2025-01-07,^STOXX50E,5011.81982421875,23984900.0,Yahoo Finance,2026-09-21T04:37:35+00:00,2025-12-18
2025-01-08,^STOXX50E,4996.39013671875,25784400.0,Yahoo Finance,2026-09-21T04:37:35+00:00,2025-12-18
2025-01-09,^STOXX50E,5017.91015625,17482000.0,Yahoo Finance,2026-09-21T04:37:35+00:00,2025-12-18
2025-01-10,^STOXX50E,4977.259765625,23934100.0,Yahoo Finance,2026-09-21T04:37:35+00:00,2025-12-18
2025-01-13,^STOXX50E,4954.2099609375,20145300.0,Yahoo Finance,2026-09-21T04:37:35+00:00,2025-12-18
2025-01-14,^STOXX50E,4980.47021484375,24052900.0,Yahoo Finance,2026-09-21T04:37:35+00:00,2025-12-18
2025-01-15,^STOXX50E,5032.31005859375,26485400.0,Yahoo Finance,2026-09-21T04:37:35+00:00,2025-12-18
2025-01-16,^STOXX50E,5106.93017578125,25068600.0,Yahoo Finance,2026-09-21T04:37:35+00:00,2025-12-18
2025-01-17,^STOXX50E,5148.2998046875,30777500.0,Yahoo Finance,2026-09-21T04:37:35+00:00,2025-12-18
2025-01-20,^STOXX50E,5164.43994140625,24733800.0,Yahoo Finance,2026-09-21T04:37:35+00:00,2025-12-18
2025-01-21,^STOXX50E,5165.9599609375,20525600.0,Yahoo Finance,2026-09-21T04:37:35+00:00,2025-12-18
2025-01-22,^STOXX50E,5205.830078125,21163300.0,Yahoo Finance,2026-09-21T04:37:35+00:00,2025-12-18
2025-01-23,^STOXX50E,5217.5,20593300.0,Yahoo Finance,2026-09-21T04:37:35+00:00,2025-12-18
2025-01-24,^STOXX50E,5219.3701171875,25905900.0,Yahoo Finance,2026-09-21T04:37:35+00:00,2025-12-18
2025-01-27,^STOXX50E,5188.4501953125,25310800.0,Yahoo Finance,2026-09-21T04:37:35+00:00,2025-12-18
2025-01-28,^STOXX50E,5195.7099609375,22040700.0,Yahoo Finance,2026-09-21T04:37:35+00:00,2025-12-18
2025-01-29,^STOXX50E,5230.66015625,25665300.0,Yahoo Finance,2026-09-21T04:37:35+00:00,2025-12-18
2025-01-30,^STOXX50E,5282.2099609375,23607500.0,Yahoo Finance,2026-09-21T04:37:35+00:00,2025-12-18
2025-01-31,^STOXX50E,5286.8701171875,22051800.0,Yahoo Finance,2026-09-21T04:37:35+00:00,2025-12-18
2025-02-03,^STOXX50E,5217.91015625,31040000.0,Yahoo Finance,2026-09-21T04:37:35+00:00,2025-12-18
2025-02-04,^STOXX50E,5264.58984375,27864700.0,Yahoo Finance,2026-09-21T04:37:35+00:00,2025-12-18
2025-02-05,^STOXX50E,5271.1201171875,20217100.0,Yahoo Finance,2026-09-21T04:37:35+00:00,2025-12-18
2025-02-06,^STOXX50E,5356.6298828125,35728700.0,Yahoo Finance,2026-09-21T04:37:35+00:00,2025-12-18
2025-02-07,^STOXX50E,5325.39990234375,25721200.0,Yahoo Finance,2026-09-21T04:37:35+00:00,2025-12-18
2025-02-10,^STOXX50E,5358.2998046875,20502800.0,Yahoo Finance,2026-09-21T04:37:35+00:00,2025-12-18
2025-02-11,^STOXX50E,5390.91015625,25696000.0,Yahoo Finance,2026-09-21T04:37:35+00:00,2025-12-18
2025-02-12,^STOXX50E,5405.64990234375,29850300.0,Yahoo Finance,2026-09-21T04:37:35+00:00,2025-12-18
2025-02-13,^STOXX50E,5500.5,25967500.0,Yahoo Finance,2026-09-21T04:37:35+00:00,2025-12-18
2025-02-14,^STOXX50E,5493.39990234375,25071600.0,Yahoo Finance,2026-09-21T04:37:35+00:00,2025-12-18
2025-02-17,^STOXX50E,5519.830078125,16925000.0,Yahoo Finance,2026-09-21T04:37:35+00:00,2025-12-18
2025-02-18,^STOXX50E,5533.83984375,21729400.0,Yahoo Finance,2026-09-21T04:37:35+00:00,2025-12-18
2025-02-19,^STOXX50E,5461.169921875,23584800.0,Yahoo Finance,2026-09-21T04:37:35+00:00,2025-12-18
2025-02-20,^STOXX50E,5461.02978515625,18755500.0,Yahoo Finance,2026-09-21T04:37:35+00:00,2025-12-18
2025-02-21,^STOXX50E,5474.85009765625,25029300.0,Yahoo Finance,2026-09-21T04:37:35+00:00,2025-12-18
2025-02-24,^STOXX50E,5453.759765625,19233800.0,Yahoo Finance,2026-09-21T04:37:35+00:00,2025-12-18
2025-02-25,^STOXX50E,5447.89990234375,29797400.0,Yahoo Finance,2026-09-21T04:37:35+00:00,2025-12-18
2025-02-26,^STOXX50E,5527.990234375,31216800.0,Yahoo Finance,2026-09-21T04:37:35+00:00,2025-12-18
2025-02-27,^STOXX50E,5472.56005859375,27652300.0,Yahoo Finance,2026-09-21T04:37:35+00:00,2025-12-18
2025-02-28,^STOXX50E,5463.5400390625,45816200.0,Yahoo Finance,2026-09-21T04:37:35+00:00,2025-12-18
2025-03-03,^STOXX50E,5540.68994140625,27293200.0,Yahoo Finance,2026-09-21T04:37:35+00:00,2025-12-18
2025-03-04,^STOXX50E,5387.31005859375,40445000.0,Yahoo Finance,2026-09-21T04:37:35+00:00,2025-12-18
2025-03-05,^STOXX50E,5489.1201171875,38074800.0,Yahoo Finance,2026-09-21T04:37:35+00:00,2025-12-18
2025-03-06,^STOXX50E,5520.47021484375,35804500.0,Yahoo Finance,2026-09-21T04:37:35+00:00,2025-12-18
2025-03-07,^STOXX50E,5468.41015625,31361000.0,Yahoo Finance,2026-09-21T04:37:35+00:00,2025-12-18
2025-03-10,^STOXX50E,5386.97998046875,30806800.0,Yahoo Finance,2026-09-21T04:37:35+00:00,2025-12-18
2025-03-11,^STOXX50E,5309.89990234375,34109800.0,Yahoo Finance,2026-09-21T04:37:35+00:00,2025-12-18
2025-03-12,^STOXX50E,5359.419921875,22934700.0,Yahoo Finance,2026-09-21T04:37:35+00:00,2025-12-18
2025-03-13,^STOXX50E,5328.39013671875,21630800.0,Yahoo Finance,2026-09-21T04:37:35+00:00,2025-12-18
2025-03-14,^STOXX50E,5404.18017578125,28408200.0,Yahoo Finance,2026-09-21T04:37:35+00:00,2025-12-18
2025-03-17,^STOXX50E,5445.5498046875,22180600.0,Yahoo Finance,2026-09-21T04:37:35+00:00,2025-12-18
2025-03-18,^STOXX50E,5485.009765625,25693100.0,Yahoo Finance,2026-09-21T04:37:35+00:00,2025-12-18
2025-03-19,^STOXX50E,5507.35986328125,25613400.0,Yahoo Finance,2026-09-21T04:37:35+00:00,2025-12-18
2025-03-20,^STOXX50E,5450.93017578125,28700400.0,Yahoo Finance,2026-09-21T04:37:35+00:00,2025-12-18
2025-03-21,^STOXX50E,5423.830078125,59718600.0,Yahoo Finance,2026-09-21T04:37:35+00:00,2025-12-18
2025-03-24,^STOXX50E,5415.7900390625,25925500.0,Yahoo Finance,2026-09-21T04:37:35+00:00,2025-12-18
2025-03-25,^STOXX50E,5475.080078125,24091700.0,Yahoo Finance,2026-09-21T04:37:35+00:00,2025-12-18
2025-03-26,^STOXX50E,5411.68994140625,20856100.0,Yahoo Finance,2026-09-21T04:37:35+00:00,2025-12-18
2025-03-27,^STOXX50E,5381.080078125,29375900.0,Yahoo Finance,2026-09-21T04:37:35+00:00,2025-12-18
2025-03-28,^STOXX50E,5331.39990234375,27881600.0,Yahoo Finance,2026-09-21T04:37:35+00:00,2025-12-18
2025-03-31,^STOXX50E,5248.39013671875,34334800.0,Yahoo Finance,2026-09-21T04:37:35+00:00,2025-12-18
2025-04-01,^STOXX50E,5320.2998046875,22613300.0,Yahoo Finance,2026-09-21T04:37:35+00:00,2025-12-18
2025-04-02,^STOXX50E,5303.9501953125,21353800.0,Yahoo Finance,2026-09-21T04:37:35+00:00,2025-12-18
2025-04-03,^STOXX50E,5113.27978515625,39996800.0,Yahoo Finance,2026-09-21T04:37:35+00:00,2025-12-18
2025-04-04,^STOXX50E,4878.31005859375,71980100.0,Yahoo Finance,2026-09-21T04:37:35+00:00,2025-12-18
2025-04-07,^STOXX50E,4656.41015625,76388500.0,Yahoo Finance,2026-09-21T04:37:35+00:00,2025-12-18
2025-04-08,^STOXX50E,4773.64990234375,43434700.0,Yahoo Finance,2026-09-21T04:37:35+00:00,2025-12-18
2025-04-09,^STOXX50E,4622.14013671875,44888000.0,Yahoo Finance,2026-09-21T04:37:35+00:00,2025-12-18
2025-04-10,^STOXX50E,4818.919921875,45707700.0,Yahoo Finance,2026-09-21T04:37:35+00:00,2025-12-18
2025-04-11,^STOXX50E,4787.22998046875,29758300.0,Yahoo Finance,2026-09-21T04:37:35+00:00,2025-12-18
2025-04-14,^STOXX50E,4911.39013671875,27662300.0,Yahoo Finance,2026-09-21T04:37:35+00:00,2025-12-18
2025-04-15,^STOXX50E,4970.43017578125,32396600.0,Yahoo Finance,2026-09-21T04:37:35+00:00,2025-12-18
2025-04-16,^STOXX50E,4966.5,25368200.0,Yahoo Finance,2026-09-21T04:37:35+00:00,2025-12-18
2025-04-17,^STOXX50E,4935.33984375,23454900.0,Yahoo Finance,2026-09-21T04:37:35+00:00,2025-12-18
2025-04-22,^STOXX50E,4961.4501953125,24478700.0,Yahoo Finance,2026-09-21T04:37:35+00:00,2025-12-18
2025-04-23,^STOXX50E,5098.740234375,35301900.0,Yahoo Finance,2026-09-21T04:37:35+00:00,2025-12-18
2025-04-24,^STOXX50E,5114.97998046875,26216600.0,Yahoo Finance,2026-09-21T04:37:35+00:00,2025-12-18
2025-04-25,^STOXX50E,5154.1201171875,20857500.0,Yahoo Finance,2026-09-21T04:37:35+00:00,2025-12-18
2025-04-28,^STOXX50E,5170.490234375,18888700.0,Yahoo Finance,2026-09-21T04:37:35+00:00,2025-12-18
2025-04-29,^STOXX50E,5161.89990234375,23777600.0,Yahoo Finance,2026-09-21T04:37:35+00:00,2025-12-18
2025-04-30,^STOXX50E,5160.22021484375,34443300.0,Yahoo Finance,2026-09-21T04:37:35+00:00,2025-12-18
2025-05-02,^STOXX50E,5285.18994140625,27269500.0,Yahoo Finance,2026-09-21T04:37:35+00:00,2025-12-18
2025-05-05,^STOXX50E,5283.0498046875,17228000.0,Yahoo Finance,2026-09-21T04:37:35+00:00,2025-12-18
2025-05-06,^STOXX50E,5263.3798828125,22549600.0,Yahoo Finance,2026-09-21T04:37:35+00:00,2025-12-18
2025-05-07,^STOXX50E,5230.18994140625,21218400.0,Yahoo Finance,2026-09-21T04:37:35+00:00,2025-12-18
2025-05-08,^STOXX50E,5288.93994140625,24510100.0,Yahoo Finance,2026-09-21T04:37:35+00:00,2025-12-18
2025-05-09,^STOXX50E,5309.740234375,23175200.0,Yahoo Finance,2026-09-21T04:37:35+00:00,2025-12-18
2025-05-12,^STOXX50E,5392.35986328125,37021900.0,Yahoo Finance,2026-09-21T04:37:35+00:00,2025-12-18
2025-05-13,^STOXX50E,5416.2099609375,23746200.0,Yahoo Finance,2026-09-21T04:37:35+00:00,2025-12-18
2025-05-14,^STOXX50E,5403.43994140625,27932200.0,Yahoo Finance,2026-09-21T04:37:35+00:00,2025-12-18
2025-05-15,^STOXX50E,5412.080078125,25694700.0,Yahoo Finance,2026-09-21T04:37:35+00:00,2025-12-18
2025-05-16,^STOXX50E,5427.52978515625,26843900.0,Yahoo Finance,2026-09-21T04:37:35+00:00,2025-12-18
2025-05-19,^STOXX50E,5427.22998046875,20997600.0,Yahoo Finance,2026-09-21T04:37:35+00:00,2025-12-18
2025-05-20,^STOXX50E,5454.64990234375,24317400.0,Yahoo Finance,2026-09-21T04:37:35+00:00,2025-12-18
2025-05-21,^STOXX50E,5454.4599609375,21848800.0,Yahoo Finance,2026-09-21T04:37:35+00:00,2025-12-18
2025-05-22,^STOXX50E,5424.47998046875,22219000.0,Yahoo Finance,2026-09-21T04:37:35+00:00,2025-12-18
2025-05-23,^STOXX50E,5326.31005859375,36690500.0,Yahoo Finance,2026-09-21T04:37:35+00:00,2025-12-18
2025-05-26,^STOXX50E,5395.330078125,16292800.0,Yahoo Finance,2026-09-21T04:37:35+00:00,2025-12-18
2025-05-27,^STOXX50E,5415.4501953125,19363300.0,Yahoo Finance,2026-09-21T04:37:35+00:00,2025-12-18
2025-05-28,^STOXX50E,5378.39013671875,22227900.0,Yahoo Finance,2026-09-21T04:37:35+00:00,2025-12-18
2025-05-30,^STOXX50E,5366.58984375,44251600.0,Yahoo Finance,2026-09-21T04:37:35+00:00,2025-12-18
2025-06-02,^STOXX50E,5355.56005859375,20978600.0,Yahoo Finance,2026-09-21T04:37:35+00:00,2025-12-18
2025-06-03,^STOXX50E,5375.7001953125,23600300.0,Yahoo Finance,2026-09-21T04:37:35+00:00,2025-12-18
2025-06-04,^STOXX50E,5405.14990234375,21120200.0,Yahoo Finance,2026-09-21T04:37:35+00:00,2025-12-18
2025-06-05,^STOXX50E,5410.5498046875,21911300.0,Yahoo Finance,2026-09-21T04:37:35+00:00,2025-12-18
2025-06-06,^STOXX50E,5430.169921875,19929000.0,Yahoo Finance,2026-09-21T04:37:35+00:00,2025-12-18
2025-06-10,^STOXX50E,5415.3798828125,25739900.0,Yahoo Finance,2026-09-21T04:37:35+00:00,2025-12-18
2025-06-11,^STOXX50E,5393.14990234375,21853500.0,Yahoo Finance,2026-09-21T04:37:35+00:00,2025-12-18
2025-06-12,^STOXX50E,5360.81982421875,22226600.0,Yahoo Finance,2026-09-21T04:37:35+00:00,2025-12-18
2025-06-13,^STOXX50E,5290.47021484375,31376400.0,Yahoo Finance,2026-09-21T04:37:35+00:00,2025-12-18
2025-06-16,^STOXX50E,5339.56982421875,24113300.0,Yahoo Finance,2026-09-21T04:37:35+00:00,2025-12-18
2025-06-17,^STOXX50E,5288.68017578125,23696600.0,Yahoo Finance,2026-09-21T04:37:35+00:00,2025-12-18
2025-06-18,^STOXX50E,5266.91015625,19683100.0,Yahoo Finance,2026-09-21T04:37:35+00:00,2025-12-18
2025-06-19,^STOXX50E,5197.02978515625,19404400.0,Yahoo Finance,2026-09-21T04:37:35+00:00,2025-12-18
2025-06-20,^STOXX50E,5233.580078125,47186700.0,Yahoo Finance,2026-09-21T04:37:35+00:00,2025-12-18
2025-06-23,^STOXX50E,5221.89990234375,22244300.0,Yahoo Finance,2026-09-21T04:37:35+00:00,2025-12-18
2025-06-24,^STOXX50E,5297.06982421875,25662900.0,Yahoo Finance,2026-09-21T04:37:35+00:00,2025-12-18
2025-06-25,^STOXX50E,5252.009765625,20614100.0,Yahoo Finance,2026-09-21T04:37:35+00:00,2025-12-18
2025-06-26,^STOXX50E,5244.02978515625,19248100.0,Yahoo Finance,2026-09-21T04:37:35+00:00,2025-12-18
2025-06-27,^STOXX50E,5325.64013671875,19945700.0,Yahoo Finance,2026-09-21T04:37:35+00:00,2025-12-18
2025-06-30,^STOXX50E,5303.240234375,22053900.0,Yahoo Finance,2026-09-21T04:37:35+00:00,2025-12-18
2025-07-01,^STOXX50E,5282.43017578125,19996900.0,Yahoo Finance,2026-09-21T04:37:35+00:00,2025-12-18
2025-07-02,^STOXX50E,5318.72021484375,23507800.0,Yahoo Finance,2026-09-21T04:37:35+00:00,2025-12-18
2025-07-03,^STOXX50E,5343.14990234375,19117600.0,Yahoo Finance,2026-09-21T04:37:35+00:00,2025-12-18
2025-07-04,^STOXX50E,5288.81005859375,14290600.0,Yahoo Finance,2026-09-21T04:37:35+00:00,2025-12-18
2025-07-07,^STOXX50E,5341.5400390625,18338300.0,Yahoo Finance,2026-09-21T04:37:35+00:00,2025-12-18
2025-07-08,^STOXX50E,5371.9501953125,22869400.0,Yahoo Finance,2026-09-21T04:37:35+00:00,2025-12-18
2025-07-09,^STOXX50E,5445.64990234375,27890300.0,Yahoo Finance,2026-09-21T04:37:35+00:00,2025-12-18
2025-07-10,^STOXX50E,5438.27001953125,22942900.0,Yahoo Finance,2026-09-21T04:37:35+00:00,2025-12-18
2025-07-11,^STOXX50E,5383.47998046875,20740800.0,Yahoo Finance,2026-09-21T04:37:35+00:00,2025-12-18
2025-07-14,^STOXX50E,5370.85009765625,15696500.0,Yahoo Finance,2026-09-21T04:37:35+00:00,2025-12-18
2025-07-15,^STOXX50E,5354.169921875,16054000.0,Yahoo Finance,2026-09-21T04:37:35+00:00,2025-12-18
2025-07-16,^STOXX50E,5298.06982421875,19910000.0,Yahoo Finance,2026-09-21T04:37:35+00:00,2025-12-18
2025-07-17,^STOXX50E,5377.14990234375,17731600.0,Yahoo Finance,2026-09-21T04:37:35+00:00,2025-12-18
2025-07-18,^STOXX50E,5359.22998046875,18711300.0,Yahoo Finance,2026-09-21T04:37:35+00:00,2025-12-18
2025-07-21,^STOXX50E,5342.97998046875,18353100.0,Yahoo Finance,2026-09-21T04:37:35+00:00,2025-12-18
2025-07-22,^STOXX50E,5290.47998046875,16474700.0,Yahoo Finance,2026-09-21T04:37:35+00:00,2025-12-18
2025-07-23,^STOXX50E,5344.25,33305200.0,Yahoo Finance,2026-09-21T04:37:35+00:00,2025-12-18
2025-07-24,^STOXX50E,5355.2001953125,26211600.0,Yahoo Finance,2026-09-21T04:37:35+00:00,2025-12-18
2025-07-25,^STOXX50E,5352.16015625,20673400.0,Yahoo Finance,2026-09-21T04:37:35+00:00,2025-12-18
2025-07-28,^STOXX50E,5337.580078125,25293700.0,Yahoo Finance,2026-09-21T04:37:35+00:00,2025-12-18
2025-07-29,^STOXX50E,5379.2001953125,26138900.0,Yahoo Finance,2026-09-21T04:37:35+00:00,2025-12-18
2025-07-30,^STOXX50E,5393.18017578125,30033200.0,Yahoo Finance,2026-09-21T04:37:35+00:00,2025-12-18
2025-07-31,^STOXX50E,5319.919921875,32217300.0,Yahoo Finance,2026-09-21T04:37:35+00:00,2025-12-18
2025-08-04,^STOXX50E,5242.31982421875,22073200.0,Yahoo Finance,2026-09-21T04:37:35+00:00,2025-12-18
2025-08-05,^STOXX50E,5249.58984375,18467000.0,Yahoo Finance,2026-09-21T04:37:35+00:00,2025-12-18
2025-08-06,^STOXX50E,5263.2900390625,18730400.0,Yahoo Finance,2026-09-21T04:37:35+00:00,2025-12-18
2025-08-07,^STOXX50E,5332.06982421875,23970500.0,Yahoo Finance,2026-09-21T04:37:35+00:00,2025-12-18
2025-08-08,^STOXX50E,5347.740234375,20322800.0,Yahoo Finance,2026-09-21T04:37:35+00:00,2025-12-18
2025-08-11,^STOXX50E,5331.85009765625,15005800.0,Yahoo Finance,2026-09-21T04:37:35+00:00,2025-12-18
2025-08-12,^STOXX50E,5335.97021484375,18406200.0,Yahoo Finance,2026-09-21T04:37:35+00:00,2025-12-18
2025-08-13,^STOXX50E,5388.25,19215500.0,Yahoo Finance,2026-09-21T04:37:35+00:00,2025-12-18
2025-08-14,^STOXX50E,5434.7001953125,18926500.0,Yahoo Finance,2026-09-21T04:37:35+00:00,2025-12-18
2025-08-15,^STOXX50E,5448.60986328125,19688000.0,Yahoo Finance,2026-09-21T04:37:35+00:00,2025-12-18
2025-08-18,^STOXX50E,5434.64013671875,15599400.0,Yahoo Finance,2026-09-21T04:37:35+00:00,2025-12-18
2025-08-19,^STOXX50E,5483.27978515625,18466800.0,Yahoo Finance,2026-09-21T04:37:35+00:00,2025-12-18
2025-08-20,^STOXX50E,5472.31982421875,15401400.0,Yahoo Finance,2026-09-21T04:37:35+00:00,2025-12-18
2025-08-21,^STOXX50E,5462.16015625,14607700.0,Yahoo Finance,2026-09-21T04:37:35+00:00,2025-12-18
2025-08-22,^STOXX50E,5488.22998046875,17438800.0,Yahoo Finance,2026-09-21T04:37:35+00:00,2025-12-18
2025-08-25,^STOXX50E,5443.9599609375,15040400.0,Yahoo Finance,2026-09-21T04:37:35+00:00,2025-12-18
2025-08-26,^STOXX50E,5383.68017578125,42983000.0,Yahoo Finance,2026-09-21T04:37:35+00:00,2025-12-18
2025-08-27,^STOXX50E,5393.06982421875,23057100.0,Yahoo Finance,2026-09-21T04:37:35+00:00,2025-12-18
2025-08-28,^STOXX50E,5396.72998046875,17621600.0,Yahoo Finance,2026-09-21T04:37:35+00:00,2025-12-18
2025-08-29,^STOXX50E,5351.72998046875,20497300.0,Yahoo Finance,2026-09-21T04:37:35+00:00,2025-12-18
2025-09-01,^STOXX50E,5367.080078125,11151300.0,Yahoo Finance,2026-09-21T04:37:35+00:00,2025-12-18
2025-09-02,^STOXX50E,5291.0400390625,21324200.0,Yahoo Finance,2026-09-21T04:37:35+00:00,2025-12-18
2025-09-03,^STOXX50E,5325.009765625,19576300.0,Yahoo Finance,2026-09-21T04:37:35+00:00,2025-12-18
2025-09-04,^STOXX50E,5346.7099609375,19402400.0,Yahoo Finance,2026-09-21T04:37:35+00:00,2025-12-18
2025-09-05,^STOXX50E,5318.14990234375,20122800.0,Yahoo Finance,2026-09-21T04:37:35+00:00,2025-12-18
2025-09-08,^STOXX50E,5362.81005859375,16843100.0,Yahoo Finance,2026-09-21T04:37:35+00:00,2025-12-18
2025-09-09,^STOXX50E,5368.81982421875,20398700.0,Yahoo Finance,2026-09-21T04:37:35+00:00,2025-12-18
2025-09-10,^STOXX50E,5361.47021484375,21572900.0,Yahoo Finance,2026-09-21T04:37:35+00:00,2025-12-18
2025-09-11,^STOXX50E,5386.77001953125,20909000.0,Yahoo Finance,2026-09-21T04:37:35+00:00,2025-12-18
2025-09-12,^STOXX50E,5390.7099609375,19173800.0,Yahoo Finance,2026-09-21T04:37:35+00:00,2025-12-18
2025-09-15,^STOXX50E,5440.39990234375,19628900.0,Yahoo Finance,2026-09-21T04:37:35+00:00,2025-12-18
2025-09-16,^STOXX50E,5372.31005859375,22788000.0,Yahoo Finance,2026-09-21T04:37:35+00:00,2025-12-18
2025-09-17,^STOXX50E,5369.7001953125,22502500.0,Yahoo Finance,2026-09-21T04:37:35+00:00,2025-12-18
2025-09-18,^STOXX50E,5456.669921875,22972600.0,Yahoo Finance,2026-09-21T04:37:35+00:00,2025-12-18
2025-09-19,^STOXX50E,5458.419921875,69929600.0,Yahoo Finance,2026-09-21T04:37:35+00:00,2025-12-18
2025-09-22,^STOXX50E,5442.0498046875,16025300.0,Yahoo Finance,2026-09-21T04:37:35+00:00,2025-12-18
2025-09-23,^STOXX50E,5472.39013671875,16867200.0,Yahoo Finance,2026-09-21T04:37:35+00:00,2025-12-18
2025-09-24,^STOXX50E,5464.56005859375,19178300.0,Yahoo Finance,2026-09-21T04:37:35+00:00,2025-12-18
2025-09-25,^STOXX50E,5444.89013671875,17378500.0,Yahoo Finance,2026-09-21T04:37:35+00:00,2025-12-18
2025-09-26,^STOXX50E,5499.7001953125,18660700.0,Yahoo Finance,2026-09-21T04:37:35+00:00,2025-12-18
2025-09-29,^STOXX50E,5506.85009765625,16086000.0,Yahoo Finance,2026-09-21T04:37:35+00:00,2025-12-18
2025-09-30,^STOXX50E,5529.9599609375,17427000.0,Yahoo Finance,2026-09-21T04:37:35+00:00,2025-12-18
2025-10-01,^STOXX50E,5581.2099609375,20868500.0,Yahoo Finance,2026-09-21T04:37:35+00:00,2025-12-18
2025-10-02,^STOXX50E,5645.81005859375,18133500.0,Yahoo Finance,2026-09-21T04:37:35+00:00,2025-12-18
2025-10-03,^STOXX50E,5651.7099609375,13976800.0,Yahoo Finance,2026-09-21T04:37:35+00:00,2025-12-18
2025-10-06,^STOXX50E,5628.72021484375,16208100.0,Yahoo Finance,2026-09-21T04:37:35+00:00,2025-12-18
2025-10-07,^STOXX50E,5613.6201171875,13579900.0,Yahoo Finance,2026-09-21T04:37:35+00:00,2025-12-18
2025-10-08,^STOXX50E,5649.72998046875,18527600.0,Yahoo Finance,2026-09-21T04:37:35+00:00,2025-12-18
2025-10-09,^STOXX50E,5625.56005859375,16282500.0,Yahoo Finance,2026-09-21T04:37:35+00:00,2025-12-18
2025-10-10,^STOXX50E,5531.31982421875,19991400.0,Yahoo Finance,2026-09-21T04:37:35+00:00,2025-12-18
2025-10-13,^STOXX50E,5568.18994140625,13913600.0,Yahoo Finance,2026-09-21T04:37:35+00:00,2025-12-18
2025-10-14,^STOXX50E,5552.0498046875,19976600.0,Yahoo Finance,2026-09-21T04:37:35+00:00,2025-12-18
2025-10-15,^STOXX50E,5605.02978515625,17119800.0,Yahoo Finance,2026-09-21T04:37:35+00:00,2025-12-18
2025-10-16,^STOXX50E,5652.009765625,19328400.0,Yahoo Finance,2026-09-21T04:37:35+00:00,2025-12-18
2025-10-17,^STOXX50E,5607.39013671875,29083500.0,Yahoo Finance,2026-09-21T04:37:35+00:00,2025-12-18
2025-10-20,^STOXX50E,5680.93017578125,18044000.0,Yahoo Finance,2026-09-21T04:37:35+00:00,2025-12-18
2025-10-21,^STOXX50E,5686.830078125,14789500.0,Yahoo Finance,2026-09-21T04:37:35+00:00,2025-12-18
2025-10-22,^STOXX50E,5639.2099609375,18004600.0,Yahoo Finance,2026-09-21T04:37:35+00:00,2025-12-18
2025-10-23,^STOXX50E,5668.330078125,16245700.0,Yahoo Finance,2026-09-21T04:37:35+00:00,2025-12-18
2025-10-24,^STOXX50E,5674.5,15672600.0,Yahoo Finance,2026-09-21T04:37:35+00:00,2025-12-18
2025-10-27,^STOXX50E,5711.06005859375,17232900.0,Yahoo Finance,2026-09-21T04:37:35+00:00,2025-12-18
2025-10-28,^STOXX50E,5704.35009765625,15811100.0,Yahoo Finance,2026-09-21T04:37:35+00:00,2025-12-18
2025-10-29,^STOXX50E,5705.81005859375,22067900.0,Yahoo Finance,2026-09-21T04:37:35+00:00,2025-12-18
2025-10-30,^STOXX50E,5699.18017578125,20450600.0,Yahoo Finance,2026-09-21T04:37:35+00:00,2025-12-18
2025-10-31,^STOXX50E,5662.0400390625,25985900.0,Yahoo Finance,2026-09-21T04:37:35+00:00,2025-12-18
2025-11-03,^STOXX50E,5679.25,16717700.0,Yahoo Finance,2026-09-21T04:37:35+00:00,2025-12-18
2025-11-04,^STOXX50E,5660.2001953125,18464500.0,Yahoo Finance,2026-09-21T04:37:35+00:00,2025-12-18
2025-11-05,^STOXX50E,5669.1298828125,16592500.0,Yahoo Finance,2026-09-21T04:37:35+00:00,2025-12-18
2025-11-06,^STOXX50E,5611.18017578125,18667000.0,Yahoo Finance,2026-09-21T04:37:35+00:00,2025-12-18
2025-11-07,^STOXX50E,5566.52978515625,16857200.0,Yahoo Finance,2026-09-21T04:37:35+00:00,2025-12-18
2025-11-10,^STOXX50E,5664.4599609375,23607400.0,Yahoo Finance,2026-09-21T04:37:35+00:00,2025-12-18
2025-11-11,^STOXX50E,5725.7001953125,19400800.0,Yahoo Finance,2026-09-21T04:37:35+00:00,2025-12-18
2025-11-12,^STOXX50E,5787.31005859375,25359300.0,Yahoo Finance,2026-09-21T04:37:35+00:00,2025-12-18
2025-11-13,^STOXX50E,5742.7900390625,19286400.0,Yahoo Finance,2026-09-21T04:37:35+00:00,2025-12-18
2025-11-14,^STOXX50E,5693.77001953125,23151100.0,Yahoo Finance,2026-09-21T04:37:35+00:00,2025-12-18
2025-11-17,^STOXX50E,5640.93994140625,16799000.0,Yahoo Finance,2026-09-21T04:37:35+00:00,2025-12-18
2025-11-18,^STOXX50E,5534.7099609375,23805300.0,Yahoo Finance,2026-09-21T04:37:35+00:00,2025-12-18
2025-11-19,^STOXX50E,5542.0498046875,19950000.0,Yahoo Finance,2026-09-21T04:37:35+00:00,2025-12-18
2025-11-20,^STOXX50E,5569.919921875,18291000.0,Yahoo Finance,2026-09-21T04:37:35+00:00,2025-12-18
2025-11-21,^STOXX50E,5515.08984375,22858600.0,Yahoo Finance,2026-09-21T04:37:35+00:00,2025-12-18
2025-11-24,^STOXX50E,5528.669921875,38300300.0,Yahoo Finance,2026-09-21T04:37:35+00:00,2025-12-18
2025-11-25,^STOXX50E,5573.91015625,18585600.0,Yahoo Finance,2026-09-21T04:37:35+00:00,2025-12-18
2025-11-26,^STOXX50E,5655.580078125,16441000.0,Yahoo Finance,2026-09-21T04:37:35+00:00,2025-12-18
2025-11-27,^STOXX50E,5653.169921875,10351300.0,Yahoo Finance,2026-09-21T04:37:35+00:00,2025-12-18
2025-11-28,^STOXX50E,5668.169921875,13112400.0,Yahoo Finance,2026-09-21T04:37:35+00:00,2025-12-18
2025-12-01,^STOXX50E,5667.47998046875,16257400.0,Yahoo Finance,2026-09-21T04:37:35+00:00,2025-12-18
2025-12-02,^STOXX50E,5686.169921875,17124300.0,Yahoo Finance,2026-09-21T04:37:35+00:00,2025-12-18
2025-12-03,^STOXX50E,5694.56005859375,19446900.0,Yahoo Finance,2026-09-21T04:37:35+00:00,2025-12-18
2025-12-04,^STOXX50E,5718.080078125,17703900.0,Yahoo Finance,2026-09-21T04:37:35+00:00,2025-12-18
2025-12-05,^STOXX50E,5723.93017578125,15470400.0,Yahoo Finance,2026-09-21T04:37:35+00:00,2025-12-18
2025-12-08,^STOXX50E,5725.58984375,13360900.0,Yahoo Finance,2026-09-21T04:37:35+00:00,2025-12-18
2025-12-09,^STOXX50E,5718.31982421875,15545600.0,Yahoo Finance,2026-09-21T04:37:35+00:00,2025-12-18
2025-12-10,^STOXX50E,5708.1201171875,16616100.0,Yahoo Finance,2026-09-21T04:37:35+00:00,2025-12-18
2025-12-11,^STOXX50E,5753.9599609375,18166900.0,Yahoo Finance,2026-09-21T04:37:35+00:00,2025-12-18
2025-12-12,^STOXX50E,5720.7099609375,16271300.0,Yahoo Finance,2026-09-21T04:37:35+00:00,2025-12-18
2025-12-15,^STOXX50E,5752.52001953125,18949300.0,Yahoo Finance,2026-09-21T04:37:35+00:00,2025-12-18
2025-12-16,^STOXX50E,5717.830078125,21797500.0,Yahoo Finance,2026-09-21T04:37:35+00:00,2025-12-18
2025-12-17,^STOXX50E,5681.669921875,18917000.0,Yahoo Finance,2026-09-21T04:37:35+00:00,2025-12-18
2025-12-18,^STOXX50E,5741.7099609375,17594000.0,Yahoo Finance,2026-09-21T04:37:35+00:00,2025-12-18
