KEY,FREQ,REF_AREA,CURRENCY,PROVIDER_FM,INSTRUMENT_FM,PROVIDER_FM_ID,DATA_TYPE_FM,TIME_PERIOD,OBS_VALUE,OBS_STATUS,OBS_CONF,OBS_PRE_BREAK,OBS_COM,TIME_FORMAT,BREAKS,COLLECTION,COMPILING_ORG,DISS_ORG,DOM_SER_IDS,FM_CONTRACT_TIME,FM_COUPON_RATE,FM_IDENTIFIER,FM_LOT_SIZE,FM_MATURITY,FM_OUTS_AMOUNT,FM_PUT_CALL,FM_STRIKE_PRICE,PUBL_MU,PUBL_PUBLIC,UNIT_INDEX_BASE,COMPILATION,COVERAGE,DECIMALS,SOURCE_AGENCY,SOURCE_PUB,TITLE,TITLE_COMPL,UNIT,UNIT_MULT
FM.D.U2.EUR.4F.KR.MRR_RT.LEV,D,U2,EUR,4F,KR,MRR_RT,LEV,2023-05-16,3.75,A,F,,,P1D,,E,4F0,,,,,,,,,,,,,,,,7,,,Main refinancing operations - Minimum bid rate/fixed rate (date of changes) - Level,"Euro area (changing composition) - Key interest rate - Main refinancing operations - Minimum bid rate/fixed rate (date of changes) - Level - Euro, provided by ECB",PCPA,0
FM.D.U2.EUR.4F.KR.MRR_RT.LEV,D,U2,EUR,4F,KR,MRR_RT,LEV,2023-05-17,3.75,A,F,,,P1D,,E,4F0,,,,,,,,,,,,,,,,7,,,Main refinancing operations - Minimum bid rate/fixed rate (date of changes) - Level,"Euro area (changing composition) - Key interest rate - Main refinancing operations - Minimum bid rate/fixed rate (date of changes) - Level - Euro, provided by ECB",PCPA,0
FM.D.U2.EUR.4F.KR.MRR_RT.LEV,D,U2,EUR,4F,KR,MRR_RT,LEV,2023-05-18,3.75,A,F,,,P1D,,E,4F0,,,,,,,,,,,,,,,,7,,,Main refinancing operations - Minimum bid rate/fixed rate (date of changes) - Level,"Euro area (changing composition) - Key interest rate - Main refinancing operations - Minimum bid rate/fixed rate (date of changes) - Level - Euro, provided by ECB",PCPA,0
FM.D.U2.EUR.4F.KR.MRR_RT.LEV,D,U2,EUR,4F,KR,MRR_RT,LEV,2023-05-19,3.75,A,F,,,P1D,,E,4F0,,,,,,,,,,,,,,,,7,,,Main refinancing operations - Minimum bid rate/fixed rate (date of changes) - Level,"Euro area (changing composition) - Key interest rate - Main refinancing operations - Minimum bid rate/fixed rate (date of changes) - Level - Euro, provided by ECB",PCPA,0
FM.D.U2.EUR.4F.KR.MRR_RT.LEV,D,U2,EUR,4F,KR,MRR_RT,LEV,2023-05-20,3.75,A,F,,,P1D,,E,4F0,,,,,,,,,,,,,,,,7,,,Main refinancing operations - Minimum bid rate/fixed rate (date of changes) - Level,"Euro area (changing composition) - Key interest rate - Main refinancing operations - Minimum bid rate/fixed rate (date of changes) - Level - Euro, provided by ECB",PCPA,0
FM.D.U2.EUR.4F.KR.MRR_RT.LEV,D,U2,EUR,4F,KR,MRR_RT,LEV,2023-05-21,3.75,A,F,,,P1D,,E,4F0,,,,,,,,,,,,,,,,7,,,Main refinancing operations - Minimum bid rate/fixed rate (date of changes) - Level,"Euro area (changing composition) - Key interest rate - Main refinancing operations - Minimum bid rate/fixed rate (date of changes) - Level - Euro, provided by ECB",PCPA,0
FM.D.U2.EUR.4F.KR.MRR_RT.LEV,D,U2,EUR,4F,KR,MRR_RT,LEV,2023-05-22,3.75,A,F,,,P1D,,E,4F0,,,,,,,,,,,,,,,,7,,,Main refinancing operations - Minimum bid rate/fixed rate (date of changes) - Level,"Euro area (changing composition) - Key interest rate - Main refinancing operations - Minimum bid rate/fixed rate (date of changes) - Level - Euro, provided by ECB",PCPA,0
FM.D.U2.EUR.4F.KR.MRR_RT.LEV,D,U2,EUR,4F,KR,MRR_RT,LEV,2023-05-23,3.75,A,F,,,P1D,,E,4F0,,,,,,,,,,,,,,,,7,,,Main refinancing operations - Minimum bid rate/fixed rate (date of changes) - Level,"Euro area (changing composition) - Key interest rate - Main refinancing operations - Minimum bid rate/fixed rate (date of changes) - Level - Euro, provided by ECB",PCPA,0
FM.D.U2.EUR.4F.KR.MRR_RT.LEV,D,U2,EUR,4F,KR,MRR_RT,LEV,2023-05-24,3.75,A,F,,,P1D,,E,4F0,,,,,,,,,,,,,,,,7,,,Main refinancing operations - Minimum bid rate/fixed rate (date of changes) - Level,"Euro area (changing composition) - Key interest rate - Main refinancing operations - Minimum bid rate/fixed rate (date of changes) - Level - Euro, provided by ECB",PCPA,0
FM.D.U2.EUR.4F.KR.MRR_RT.LEV,D,U2,EUR,4F,KR,MRR_RT,LEV,2023-05-25,3.75,A,F,,,P1D,,E,4F0,,,,,,,,,,,,,,,,7,,,Main refinancing operations - Minimum bid rate/fixed rate (date of changes) - Level,"Euro area (changing composition) - Key interest rate - Main refinancing operations - Minimum bid rate/fixed rate (date of changes) - Level - Euro, provided by ECB",PCPA,0
FM.D.U2.EUR.4F.KR.MRR_RT.LEV,D,U2,EUR,4F,KR,MRR_RT,LEV,2023-05-26,3.75,A,F,,,P1D,,E,4F0,,,,,,,,,,,,,,,,7,,,Main refinancing operations - Minimum bid rate/fixed rate (date of changes) - Level,"Euro area (changing composition) - Key interest rate - Main refinancing operations - Minimum bid rate/fixed rate (date of changes) - Level - Euro, provided by ECB",PCPA,0
FM.D.U2.EUR.4F.KR.MRR_RT.LEV,D,U2,EUR,4F,KR,MRR_RT,LEV,2023-05-27,3.75,A,F,,,P1D,,E,4F0,,,,,,,,,,,,,,,,7,,,Main refinancing operations - Minimum bid rate/fixed rate (date of changes) - Level,"Euro area (changing composition) - Key interest rate - Main refinancing operations - Minimum bid rate/fixed rate (date of changes) - Level - Euro, provided by ECB",PCPA,0
FM.D.U2.EUR.4F.KR.MRR_RT.LEV,D,U2,EUR,4F,KR,MRR_RT,LEV,2023-05-28,3.75,A,F,,,P1D,,E,4F0,,,,,,,,,,,,,,,,7,,,Main refinancing operations - Minimum bid rate/fixed rate (date of changes) - Level,"Euro area (changing composition) - Key interest rate - Main refinancing operations - Minimum bid rate/fixed rate (date of changes) - Level - Euro, provided by ECB",PCPA,0
FM.D.U2.EUR.4F.KR.MRR_RT.LEV,D,U2,EUR,4F,KR,MRR_RT,LEV,2023-05-29,3.75,A,F,,,P1D,,E,4F0,,,,,,,,,,,,,,,,7,,,Main refinancing operations - Minimum bid rate/fixed rate (date of changes) - Level,"Euro area (changing composition) - Key interest rate - Main refinancing operations - Minimum bid rate/fixed rate (date of changes) - Level - Euro, provided by ECB",PCPA,0
FM.D.U2.EUR.4F.KR.MRR_RT.LEV,D,U2,EUR,4F,KR,MRR_RT,LEV,2023-05-30,3.75,A,F,,,P1D,,E,4F0,,,,,,,,,,,,,,,,7,,,Main refinancing operations - Minimum bid rate/fixed rate (date of changes) - Level,"Euro area (changing composition) - Key interest rate - Main refinancing operations - Minimum bid rate/fixed rate (date of changes) - Level - Euro, provided by ECB",PCPA,0
FM.D.U2.EUR.4F.KR.MRR_RT.LEV,D,U2,EUR,4F,KR,MRR_RT,LEV,2023-05-31,3.75,A,F,,,P1D,,E,4F0,,,,,,,,,,,,,,,,7,,,Main refinancing operations - Minimum bid rate/fixed rate (date of changes) - Level,"Euro area (changing composition) - Key interest rate - Main refinancing operations - Minimum bid rate/fixed rate (date of changes) - Level - Euro, provided by ECB",PCPA,0
FM.D.U2.EUR.4F.KR.MRR_RT.LEV,D,U2,EUR,4F,KR,MRR_RT,LEV,2023-06-01,3.75,A,F,,,P1D,,E,4F0,,,,,,,,,,,,,,,,7,,,Main refinancing operations - Minimum bid rate/fixed rate (date of changes) - Level,"Euro area (changing composition) - Key interest rate - Main refinancing operations - Minimum bid rate/fixed rate (date of changes) - Level - Euro, provided by ECB",PCPA,0
FM.D.U2.EUR.4F.KR.MRR_RT.LEV,D,U2,EUR,4F,KR,MRR_RT,LEV,2023-06-02,3.75,A,F,,,P1D,,E,4F0,,,,,,,,,,,,,,,,7,,,Main refinancing operations - Minimum bid rate/fixed rate (date of changes) - Level,"Euro area (changing composition) - Key interest rate - Main refinancing operations - Minimum bid rate/fixed rate (date of changes) - Level - Euro, provided by ECB",PCPA,0
FM.D.U2.EUR.4F.KR.MRR_RT.LEV,D,U2,EUR,4F,KR,MRR_RT,LEV,2023-06-03,3.75,A,F,,,P1D,,E,4F0,,,,,,,,,,,,,,,,7,,,Main refinancing operations - Minimum bid rate/fixed rate (date of changes) - Level,"Euro area (changing composition) - Key interest rate - Main refinancing operations - Minimum bid rate/fixed rate (date of changes) - Level - Euro, provided by ECB",PCPA,0
FM.D.U2.EUR.4F.KR.MRR_RT.LEV,D,U2,EUR,4F,KR,MRR_RT,LEV,2023-06-04,3.75,A,F,,,P1D,,E,4F0,,,,,,,,,,,,,,,,7,,,Main refinancing operations - Minimum bid rate/fixed rate (date of changes) - Level,"Euro area (changing composition) - Key interest rate - Main refinancing operations - Minimum bid rate/fixed rate (date of changes) - Level - Euro, provided by ECB",PCPA,0
FM.D.U2.EUR.4F.KR.MRR_RT.LEV,D,U2,EUR,4F,KR,MRR_RT,LEV,2023-06-05,3.75,A,F,,,P1D,,E,4F0,,,,,,,,,,,,,,,,7,,,Main refinancing operations - Minimum bid rate/fixed rate (date of changes) - Level,"Euro area (changing composition) - Key interest rate - Main refinancing operations - Minimum bid rate/fixed rate (date of changes) - Level - Euro, provided by ECB",PCPA,0
FM.D.U2.EUR.4F.KR.MRR_RT.LEV,D,U2,EUR,4F,KR,MRR_RT,LEV,2023-06-06,3.75,A,F,,,P1D,,E,4F0,,,,,,,,,,,,,,,,7,,,Main refinancing operations - Minimum bid rate/fixed rate (date of changes) - Level,"Euro area (changing composition) - Key interest rate - Main refinancing operations - Minimum bid rate/fixed rate (date of changes) - Level - Euro, provided by ECB",PCPA,0
FM.D.U2.EUR.4F.KR.MRR_RT.LEV,D,U2,EUR,4F,KR,MRR_RT,LEV,2023-06-07,3.75,A,F,,,P1D,,E,4F0,,,,,,,,,,,,,,,,7,,,Main refinancing operations - Minimum bid rate/fixed rate (date of changes) - Level,"Euro area (changing composition) - Key interest rate - Main refinancing operations - Minimum bid rate/fixed rate (date of changes) - Level - Euro, provided by ECB",PCPA,0
FM.D.U2.EUR.4F.KR.MRR_RT.LEV,D,U2,EUR,4F,KR,MRR_RT,LEV,2023-06-08,3.75,A,F,,,P1D,,E,4F0,,,,,,,,,,,,,,,,7,,,Main refinancing operations - Minimum bid rate/fixed rate (date of changes) - Level,"Euro area (changing composition) - Key interest rate - Main refinancing operations - Minimum bid rate/fixed rate (date of changes) - Level - Euro, provided by ECB",PCPA,0
FM.D.U2.EUR.4F.KR.MRR_RT.LEV,D,U2,EUR,4F,KR,MRR_RT,LEV,2023-06-09,3.75,A,F,,,P1D,,E,4F0,,,,,,,,,,,,,,,,7,,,Main refinancing operations - Minimum bid rate/fixed rate (date of changes) - Level,"Euro area (changing composition) - Key interest rate - Main refinancing operations - Minimum bid rate/fixed rate (date of changes) - Level - Euro, provided by ECB",PCPA,0
FM.D.U2.EUR.4F.KR.MRR_RT.LEV,D,U2,EUR,4F,KR,MRR_RT,LEV,2023-06-10,3.75,A,F,,,P1D,,E,4F0,,,,,,,,,,,,,,,,7,,,Main refinancing operations - Minimum bid rate/fixed rate (date of changes) - Level,"Euro area (changing composition) - Key interest rate - Main refinancing operations - Minimum bid rate/fixed rate (date of changes) - Level - Euro, provided by ECB",PCPA,0
FM.D.U2.EUR.4F.KR.MRR_RT.LEV,D,U2,EUR,4F,KR,MRR_RT,LEV,2023-06-11,3.75,A,F,,,P1D,,E,4F0,,,,,,,,,,,,,,,,7,,,Main refinancing operations - Minimum bid rate/fixed rate (date of changes) - Level,"Euro area (changing composition) - Key interest rate - Main refinancing operations - Minimum bid rate/fixed rate (date of changes) - Level - Euro, provided by ECB",PCPA,0
FM.D.U2.EUR.4F.KR.MRR_RT.LEV,D,U2,EUR,4F,KR,MRR_RT,LEV,2023-06-12,3.75,A,F,,,P1D,,E,4F0,,,,,,,,,,,,,,,,7,,,Main refinancing operations - Minimum bid rate/fixed rate (date of changes) - Level,"Euro area (changing composition) - Key interest rate - Main refinancing operations - Minimum bid rate/fixed rate (date of changes) - Level - Euro, provided by ECB",PCPA,0
FM.D.U2.EUR.4F.KR.MRR_RT.LEV,D,U2,EUR,4F,KR,MRR_RT,LEV,2023-06-13,3.75,A,F,,,P1D,,E,4F0,,,,,,,,,,,,,,,,7,,,Main refinancing operations - Minimum bid rate/fixed rate (date of changes) - Level,"Euro area (changing composition) - Key interest rate - Main refinancing operations - Minimum bid rate/fixed rate (date of changes) - Level - Euro, provided by ECB",PCPA,0
FM.D.U2.EUR.4F.KR.MRR_RT.LEV,D,U2,EUR,4F,KR,MRR_RT,LEV,2023-06-14,3.75,A,F,,,P1D,,E,4F0,,,,,,,,,,,,,,,,7,,,Main refinancing operations - Minimum bid rate/fixed rate (date of changes) - Level,"Euro area (changing composition) - Key interest rate - Main refinancing operations - Minimum bid rate/fixed rate (date of changes) - Level - Euro, provided by ECB",PCPA,0
FM.D.U2.EUR.4F.KR.MRR_RT.LEV,D,U2,EUR,4F,KR,MRR_RT,LEV,2023-06-15,3.75,A,F,,,P1D,,E,4F0,,,,,,,,,,,,,,,,7,,,Main refinancing operations - Minimum bid rate/fixed rate (date of changes) - Level,"Euro area (changing composition) - Key interest rate - Main refinancing operations - Minimum bid rate/fixed rate (date of changes) - Level - Euro, provided by ECB",PCPA,0
FM.D.U2.EUR.4F.KR.MRR_RT.LEV,D,U2,EUR,4F,KR,MRR_RT,LEV,2023-06-16,3.75,A,F,,,P1D,,E,4F0,,,,,,,,,,,,,,,,7,,,Main refinancing operations - Minimum bid rate/fixed rate (date of changes) - Level,"Euro area (changing composition) - Key interest rate - Main refinancing operations - Minimum bid rate/fixed rate (date of changes) - Level - Euro, provided by ECB",PCPA,0
FM.D.U2.EUR.4F.KR.MRR_RT.LEV,D,U2,EUR,4F,KR,MRR_RT,LEV,2023-06-17,3.75,A,F,,,P1D,,E,4F0,,,,,,,,,,,,,,,,7,,,Main refinancing operations - Minimum bid rate/fixed rate (date of changes) - Level,"Euro area (changing composition) - Key interest rate - Main refinancing operations - Minimum bid rate/fixed rate (date of changes) - Level - Euro, provided by ECB",PCPA,0
FM.D.U2.EUR.4F.KR.MRR_RT.LEV,D,U2,EUR,4F,KR,MRR_RT,LEV,2023-06-18,3.75,A,F,,,P1D,,E,4F0,,,,,,,,,,,,,,,,7,,,Main refinancing operations - Minimum bid rate/fixed rate (date of changes) - Level,"Euro area (changing composition) - Key interest rate - Main refinancing operations - Minimum bid rate/fixed rate (date of changes) - Level - Euro, provided by ECB",PCPA,0
FM.D.U2.EUR.4F.KR.MRR_RT.LEV,D,U2,EUR,4F,KR,MRR_RT,LEV,2023-06-19,3.75,A,F,,,P1D,,E,4F0,,,,,,,,,,,,,,,,7,,,Main refinancing operations - Minimum bid rate/fixed rate (date of changes) - Level,"Euro area (changing composition) - Key interest rate - Main refinancing operations - Minimum bid rate/fixed rate (date of changes) - Level - Euro, provided by ECB",PCPA,0
FM.D.U2.EUR.4F.KR.MRR_RT.LEV,D,U2,EUR,4F,KR,MRR_RT,LEV,2023-06-20,3.75,A,F,,,P1D,,E,4F0,,,,,,,,,,,,,,,,7,,,Main refinancing operations - Minimum bid rate/fixed rate (date of changes) - Level,"Euro area (changing composition) - Key interest rate - Main refinancing operations - Minimum bid rate/fixed rate (date of changes) - Level - Euro, provided by ECB",PCPA,0
FM.D.U2.EUR.4F.KR.MRR_RT.LEV,D,U2,EUR,4F,KR,MRR_RT,LEV,2023-06-21,4.0,A,F,,,P1D,,E,4F0,,,,,,,,,,,,,,,,7,,,Main refinancing operations - Minimum bid rate/fixed rate (date of changes) - Level,"Euro area (changing composition) - Key interest rate - Main refinancing operations - Minimum bid rate/fixed rate (date of changes) - Level - Euro, provided by ECB",PCPA,0
FM.D.U2.EUR.4F.KR.MRR_RT.LEV,D,U2,EUR,4F,KR,MRR_RT,LEV,2023-06-22,4.0,A,F,,,P1D,,E,4F0,,,,,,,,,,,,,,,,7,,,Main refinancing operations - Minimum bid rate/fixed rate (date of changes) - Level,"Euro area (changing composition) - Key interest rate - Main refinancing operations - Minimum bid rate/fixed rate (date of changes) - Level - Euro, provided by ECB",PCPA,0
FM.D.U2.EUR.4F.KR.MRR_RT.LEV,D,U2,EUR,4F,KR,MRR_RT,LEV,2023-06-23,4.0,A,F,,,P1D,,E,4F0,,,,,,,,,,,,,,,,7,,,Main refinancing operations - Minimum bid rate/fixed rate (date of changes) - Level,"Euro area (changing composition) - Key interest rate - Main refinancing operations - Minimum bid rate/fixed rate (date of changes) - Level - Euro, provided by ECB",PCPA,0
FM.D.U2.EUR.4F.KR.MRR_RT.LEV,D,U2,EUR,4F,KR,MRR_RT,LEV,2023-06-24,4.0,A,F,,,P1D,,E,4F0,,,,,,,,,,,,,,,,7,,,Main refinancing operations - Minimum bid rate/fixed rate (date of changes) - Level,"Euro area (changing composition) - Key interest rate - Main refinancing operations - Minimum bid rate/fixed rate (date of changes) - Level - Euro, provided by ECB",PCPA,0
FM.D.U2.EUR.4F.KR.MRR_RT.LEV,D,U2,EUR,4F,KR,MRR_RT,LEV,2023-06-25,4.0,A,F,,,P1D,,E,4F0,,,,,,,,,,,,,,,,7,,,Main refinancing operations - Minimum bid rate/fixed rate (date of changes) - Level,"Euro area (changing composition) - Key interest rate - Main refinancing operations - Minimum bid rate/fixed rate (date of changes) - Level - Euro, provided by ECB",PCPA,0
FM.D.U2.EUR.4F.KR.MRR_RT.LEV,D,U2,EUR,4F,KR,MRR_RT,LEV,2023-06-26,4.0,A,F,,,P1D,,E,4F0,,,,,,,,,,,,,,,,7,,,Main refinancing operations - Minimum bid rate/fixed rate (date of changes) - Level,"Euro area (changing composition) - Key interest rate - Main refinancing operations - Minimum bid rate/fixed rate (date of changes) - Level - Euro, provided by ECB",PCPA,0
FM.D.U2.EUR.4F.KR.MRR_RT.LEV,D,U2,EUR,4F,KR,MRR_RT,LEV,2023-06-27,4.0,A,F,,,P1D,,E,4F0,,,,,,,,,,,,,,,,7,,,Main refinancing operations - Minimum bid rate/fixed rate (date of changes) - Level,"Euro area (changing composition) - Key interest rate - Main refinancing operations - Minimum bid rate/fixed rate (date of changes) - Level - Euro, provided by ECB",PCPA,0
FM.D.U2.EUR.4F.KR.MRR_RT.LEV,D,U2,EUR,4F,KR,MRR_RT,LEV,2023-06-28,4.0,A,F,,,P1D,,E,4F0,,,,,,,,,,,,,,,,7,,,Main refinancing operations - Minimum bid rate/fixed rate (date of changes) - Level,"Euro area (changing composition) - Key interest rate - Main refinancing operations - Minimum bid rate/fixed rate (date of changes) - Level - Euro, provided by ECB",PCPA,0
FM.D.U2.EUR.4F.KR.MRR_RT.LEV,D,U2,EUR,4F,KR,MRR_RT,LEV,2023-06-29,4.0,A,F,,,P1D,,E,4F0,,,,,,,,,,,,,,,,7,,,Main refinancing operations - Minimum bid rate/fixed rate (date of changes) - Level,"Euro area (changing composition) - Key interest rate - Main refinancing operations - Minimum bid rate/fixed rate (date of changes) - Level - Euro, provided by ECB",PCPA,0
FM.D.U2.EUR.4F.KR.MRR_RT.LEV,D,U2,EUR,4F,KR,MRR_RT,LEV,2023-06-30,4.0,A,F,,,P1D,,E,4F0,,,,,,,,,,,,,,,,7,,,Main refinancing operations - Minimum bid rate/fixed rate (date of changes) - Level,"Euro area (changing composition) - Key interest rate - Main refinancing operations - Minimum bid rate/fixed rate (date of changes) - Level - Euro, provided by ECB",PCPA,0
FM.D.U2.EUR.4F.KR.MRR_RT.LEV,D,U2,EUR,4F,KR,MRR_RT,LEV,2023-07-01,4.0,A,F,,,P1D,,E,4F0,,,,,,,,,,,,,,,,7,,,Main refinancing operations - Minimum bid rate/fixed rate (date of changes) - Level,"Euro area (changing composition) - Key interest rate - Main refinancing operations - Minimum bid rate/fixed rate (date of changes) - Level - Euro, provided by ECB",PCPA,0
FM.D.U2.EUR.4F.KR.MRR_RT.LEV,D,U2,EUR,4F,KR,MRR_RT,LEV,2023-07-02,4.0,A,F,,,P1D,,E,4F0,,,,,,,,,,,,,,,,7,,,Main refinancing operations - Minimum bid rate/fixed rate (date of changes) - Level,"Euro area (changing composition) - Key interest rate - Main refinancing operations - Minimum bid rate/fixed rate (date of changes) - Level - Euro, provided by ECB",PCPA,0
FM.D.U2.EUR.4F.KR.MRR_RT.LEV,D,U2,EUR,4F,KR,MRR_RT,LEV,2023-07-03,4.0,A,F,,,P1D,,E,4F0,,,,,,,,,,,,,,,,7,,,Main refinancing operations - Minimum bid rate/fixed rate (date of changes) - Level,"Euro area (changing composition) - Key interest rate - Main refinancing operations - Minimum bid rate/fixed rate (date of changes) - Level - Euro, provided by ECB",PCPA,0
FM.D.U2.EUR.4F.KR.MRR_RT.LEV,D,U2,EUR,4F,KR,MRR_RT,LEV,2023-07-04,4.0,A,F,,,P1D,,E,4F0,,,,,,,,,,,,,,,,7,,,Main refinancing operations - Minimum bid rate/fixed rate (date of changes) - Level,"Euro area (changing composition) - Key interest rate - Main refinancing operations - Minimum bid rate/fixed rate (date of changes) - Level - Euro, provided by ECB",PCPA,0
FM.D.U2.EUR.4F.KR.MRR_RT.LEV,D,U2,EUR,4F,KR,MRR_RT,LEV,2023-07-05,4.0,A,F,,,P1D,,E,4F0,,,,,,,,,,,,,,,,7,,,Main refinancing operations - Minimum bid rate/fixed rate (date of changes) - Level,"Euro area (changing composition) - Key interest rate - Main refinancing operations - Minimum bid rate/fixed rate (date of changes) - Level - Euro, provided by ECB",PCPA,0
FM.D.U2.EUR.4F.KR.MRR_RT.LEV,D,U2,EUR,4F,KR,MRR_RT,LEV,2023-07-06,4.0,A,F,,,P1D,,E,4F0,,,,,,,,,,,,,,,,7,,,Main refinancing operations - Minimum bid rate/fixed rate (date of changes) - Level,"Euro area (changing composition) - Key interest rate - Main refinancing operations - Minimum bid rate/fixed rate (date of changes) - Level - Euro, provided by ECB",PCPA,0
FM.D.U2.EUR.4F.KR.MRR_RT.LEV,D,U2,EUR,4F,KR,MRR_RT,LEV,2023-07-07,4.0,A,F,,,P1D,,E,4F0,,,,,,,,,,,,,,,,7,,,Main refinancing operations - Minimum bid rate/fixed rate (date of changes) - Level,"Euro area (changing composition) - Key interest rate - Main refinancing operations - Minimum bid rate/fixed rate (date of changes) - Level - Euro, provided by ECB",PCPA,0
FM.D.U2.EUR.4F.KR.MRR_RT.LEV,D,U2,EUR,4F,KR,MRR_RT,LEV,2023-07-08,4.0,A,F,,,P1D,,E,4F0,,,,,,,,,,,,,,,,7,,,Main refinancing operations - Minimum bid rate/fixed rate (date of changes) - Level,"Euro area (changing composition) - Key interest rate - Main refinancing operations - Minimum bid rate/fixed rate (date of changes) - Level - Euro, provided by ECB",PCPA,0
FM.D.U2.EUR.4F.KR.MRR_RT.LEV,D,U2,EUR,4F,KR,MRR_RT,LEV,2023-07-09,4.0,A,F,,,P1D,,E,4F0,,,,,,,,,,,,,,,,7,,,Main refinancing operations - Minimum bid rate/fixed rate (date of changes) - Level,"Euro area (changing composition) - Key interest rate - Main refinancing operations - Minimum bid rate/fixed rate (date of changes) - Level - Euro, provided by ECB",PCPA,0
FM.D.U2.EUR.4F.KR.MRR_RT.LEV,D,U2,EUR,4F,KR,MRR_RT,LEV,2023-07-10,4.0,A,F,,,P1D,,E,4F0,,,,,,,,,,,,,,,,7,,,Main refinancing operations - Minimum bid rate/fixed rate (date of changes) - Level,"Euro area (changing composition) - Key interest rate - Main refinancing operations - Minimum bid rate/fixed rate (date of changes) - Level - Euro, provided by ECB",PCPA,0
FM.D.U2.EUR.4F.KR.MRR_RT.LEV,D,U2,EUR,4F,KR,MRR_RT,LEV,2023-07-11,4.0,A,F,,,P1D,,E,4F0,,,,,,,,,,,,,,,,7,,,Main refinancing operations - Minimum bid rate/fixed rate (date of changes) - Level,"Euro area (changing composition) - Key interest rate - Main refinancing operations - Minimum bid rate/fixed rate (date of changes) - Level - Euro, provided by ECB",PCPA,0
FM.D.U2.EUR.4F.KR.MRR_RT.LEV,D,U2,EUR,4F,KR,MRR_RT,LEV,2023-07-12,4.0,A,F,,,P1D,,E,4F0,,,,,,,,,,,,,,,,7,,,Main refinancing operations - Minimum bid rate/fixed rate (date of changes) - Level,"Euro area (changing composition) - Key interest rate - Main refinancing operations - Minimum bid rate/fixed rate (date of changes) - Level - Euro, provided by ECB",PCPA,0
FM.D.U2.EUR.4F.KR.MRR_RT.LEV,D,U2,EUR,4F,KR,MRR_RT,LEV,2023-07-13,4.0,A,F,,,P1D,,E,4F0,,,,,,,,,,,,,,,,7,,,Main refinancing operations - Minimum bid rate/fixed rate (date of changes) - Level,"Euro area (changing composition) - Key interest rate - Main refinancing operations - Minimum bid rate/fixed rate (date of changes) - Level - Euro, provided by ECB",PCPA,0
FM.D.U2.EUR.4F.KR.MRR_RT.LEV,D,U2,EUR,4F,KR,MRR_RT,LEV,2023-07-14,4.0,A,F,,,P1D,,E,4F0,,,,,,,,,,,,,,,,7,,,Main refinancing operations - Minimum bid rate/fixed rate (date of changes) - Level,"Euro area (changing composition) - Key interest rate - Main refinancing operations - Minimum bid rate/fixed rate (date of changes) - Level - Euro, provided by ECB",PCPA,0
FM.D.U2.EUR.4F.KR.MRR_RT.LEV,D,U2,EUR,4F,KR,MRR_RT,LEV,2023-07-15,4.0,A,F,,,P1D,,E,4F0,,,,,,,,,,,,,,,,7,,,Main refinancing operations - Minimum bid rate/fixed rate (date of changes) - Level,"Euro area (changing composition) - Key interest rate - Main refinancing operations - Minimum bid rate/fixed rate (date of changes) - Level - Euro, provided by ECB",PCPA,0
FM.D.U2.EUR.4F.KR.MRR_RT.LEV,D,U2,EUR,4F,KR,MRR_RT,LEV,2023-07-16,4.0,A,F,,,P1D,,E,4F0,,,,,,,,,,,,,,,,7,,,Main refinancing operations - Minimum bid rate/fixed rate (date of changes) - Level,"Euro area (changing composition) - Key interest rate - Main refinancing operations - Minimum bid rate/fixed rate (date of changes) - Level - Euro, provided by ECB",PCPA,0
FM.D.U2.EUR.4F.KR.MRR_RT.LEV,D,U2,EUR,4F,KR,MRR_RT,LEV,2023-07-17,4.0,A,F,,,P1D,,E,4F0,,,,,,,,,,,,,,,,7,,,Main refinancing operations - Minimum bid rate/fixed rate (date of changes) - Level,"Euro area (changing composition) - Key interest rate - Main refinancing operations - Minimum bid rate/fixed rate (date of changes) - Level - Euro, provided by ECB",PCPA,0
FM.D.U2.EUR.4F.KR.MRR_RT.LEV,D,U2,EUR,4F,KR,MRR_RT,LEV,2023-07-18,4.0,A,F,,,P1D,,E,4F0,,,,,,,,,,,,,,,,7,,,Main refinancing operations - Minimum bid rate/fixed rate (date of changes) - Level,"Euro area (changing composition) - Key interest rate - Main refinancing operations - Minimum bid rate/fixed rate (date of changes) - Level - Euro, provided by ECB",PCPA,0
FM.D.U2.EUR.4F.KR.MRR_RT.LEV,D,U2,EUR,4F,KR,MRR_RT,LEV,2023-07-19,4.0,A,F,,,P1D,,E,4F0,,,,,,,,,,,,,,,,7,,,Main refinancing operations - Minimum bid rate/fixed rate (date of changes) - Level,"Euro area (changing composition) - Key interest rate - Main refinancing operations - Minimum bid rate/fixed rate (date of changes) - Level - Euro, provided by ECB",PCPA,0
FM.D.U2.EUR.4F.KR.MRR_RT.LEV,D,U2,EUR,4F,KR,MRR_RT,LEV,2023-07-20,4.0,A,F,,,P1D,,E,4F0,,,,,,,,,,,,,,,,7,,,Main refinancing operations - Minimum bid rate/fixed rate (date of changes) - Level,"Euro area (changing composition) - Key interest rate - Main refinancing operations - Minimum bid rate/fixed rate (date of changes) - Level - Euro, provided by ECB",PCPA,0
FM.D.U2.EUR.4F.KR.MRR_RT.LEV,D,U2,EUR,4F,KR,MRR_RT,LEV,2023-07-21,4.0,A,F,,,P1D,,E,4F0,,,,,,,,,,,,,,,,7,,,Main refinancing operations - Minimum bid rate/fixed rate (date of changes) - Level,"Euro area (changing composition) - Key interest rate - Main refinancing operations - Minimum bid rate/fixed rate (date of changes) - Level - Euro, provided by ECB",PCPA,0
FM.D.U2.EUR.4F.KR.MRR_RT.LEV,D,U2,EUR,4F,KR,MRR_RT,LEV,2023-07-22,4.0,A,F,,,P1D,,E,4F0,,,,,,,,,,,,,,,,7,,,Main refinancing operations - Minimum bid rate/fixed rate (date of changes) - Level,"Euro area (changing composition) - Key interest rate - Main refinancing operations - Minimum bid rate/fixed rate (date of changes) - Level - Euro, provided by ECB",PCPA,0
FM.D.U2.EUR.4F.KR.MRR_RT.LEV,D,U2,EUR,4F,KR,MRR_RT,LEV,2023-07-23,4.0,A,F,,,P1D,,E,4F0,,,,,,,,,,,,,,,,7,,,Main refinancing operations - Minimum bid rate/fixed rate (date of changes) - Level,"Euro area (changing composition) - Key interest rate - Main refinancing operations - Minimum bid rate/fixed rate (date of changes) - Level - Euro, provided by ECB",PCPA,0
FM.D.U2.EUR.4F.KR.MRR_RT.LEV,D,U2,EUR,4F,KR,MRR_RT,LEV,2023-07-24,4.0,A,F,,,P1D,,E,4F0,,,,,,,,,,,,,,,,7,,,Main refinancing operations - Minimum bid rate/fixed rate (date of changes) - Level,"Euro area (changing composition) - Key interest rate - Main refinancing operations - Minimum bid rate/fixed rate (date of changes) - Level - Euro, provided by ECB",PCPA,0
FM.D.U2.EUR.4F.KR.MRR_RT.LEV,D,U2,EUR,4F,KR,MRR_RT,LEV,2023-07-25,4.0,A,F,,,P1D,,E,4F0,,,,,,,,,,,,,,,,7,,,Main refinancing operations - Minimum bid rate/fixed rate (date of changes) - Level,"Euro area (changing composition) - Key interest rate - Main refinancing operations - Minimum bid rate/fixed rate (date of changes) - Level - Euro, provided by ECB",PCPA,0
FM.D.U2.EUR.4F.KR.MRR_RT.LEV,D,U2,EUR,4F,KR,MRR_RT,LEV,2023-07-26,4.0,A,F,,,P1D,,E,4F0,,,,,,,,,,,,,,,,7,,,Main refinancing operations - Minimum bid rate/fixed rate (date of changes) - Level,"Euro area (changing composition) - Key interest rate - Main refinancing operations - Minimum bid rate/fixed rate (date of changes) - Level - Euro, provided by ECB",PCPA,0
FM.D.U2.EUR.4F.KR.MRR_RT.LEV,D,U2,EUR,4F,KR,MRR_RT,LEV,2023-07-27,4.0,A,F,,,P1D,,E,4F0,,,,,,,,,,,,,,,,7,,,Main refinancing operations - Minimum bid rate/fixed rate (date of changes) - Level,"Euro area (changing composition) - Key interest rate - Main refinancing operations - Minimum bid rate/fixed rate (date of changes) - Level - Euro, provided by ECB",PCPA,0
FM.D.U2.EUR.4F.KR.MRR_RT.LEV,D,U2,EUR,4F,KR,MRR_RT,LEV,2023-07-28,4.0,A,F,,,P1D,,E,4F0,,,,,,,,,,,,,,,,7,,,Main refinancing operations - Minimum bid rate/fixed rate (date of changes) - Level,"Euro area (changing composition) - Key interest rate - Main refinancing operations - Minimum bid rate/fixed rate (date of changes) - Level - Euro, provided by ECB",PCPA,0
FM.D.U2.EUR.4F.KR.MRR_RT.LEV,D,U2,EUR,4F,KR,MRR_RT,LEV,2023-07-29,4.0,A,F,,,P1D,,E,4F0,,,,,,,,,,,,,,,,7,,,Main refinancing operations - Minimum bid rate/fixed rate (date of changes) - Level,"Euro area (changing composition) - Key interest rate - Main refinancing operations - Minimum bid rate/fixed rate (date of changes) - Level - Euro, provided by ECB",PCPA,0
FM.D.U2.EUR.4F.KR.MRR_RT.LEV,D,U2,EUR,4F,KR,MRR_RT,LEV,2023-07-30,4.0,A,F,,,P1D,,E,4F0,,,,,,,,,,,,,,,,7,,,Main refinancing operations - Minimum bid rate/fixed rate (date of changes) - Level,"Euro area (changing composition) - Key interest rate - Main refinancing operations - Minimum bid rate/fixed rate (date of changes) - Level - Euro, provided by ECB",PCPA,0
FM.D.U2.EUR.4F.KR.MRR_RT.LEV,D,U2,EUR,4F,KR,MRR_RT,LEV,2023-07-31,4.0,A,F,,,P1D,,E,4F0,,,,,,,,,,,,,,,,7,,,Main refinancing operations - Minimum bid rate/fixed rate (date of changes) - Level,"Euro area (changing composition) - Key interest rate - Main refinancing operations - Minimum bid rate/fixed rate (date of changes) - Level - Euro, provided by ECB",PCPA,0
FM.D.U2.EUR.4F.KR.MRR_RT.LEV,D,U2,EUR,4F,KR,MRR_RT,LEV,2023-08-01,4.0,A,F,,,P1D,,E,4F0,,,,,,,,,,,,,,,,7,,,Main refinancing operations - Minimum bid rate/fixed rate (date of changes) - Level,"Euro area (changing composition) - Key interest rate - Main refinancing operations - Minimum bid rate/fixed rate (date of changes) - Level - Euro, provided by ECB",PCPA,0
FM.D.U2.EUR.4F.KR.MRR_RT.LEV,D,U2,EUR,4F,KR,MRR_RT,LEV,2023-08-02,4.25,A,F,,,P1D,,E,4F0,,,,,,,,,,,,,,,,7,,,Main refinancing operations - Minimum bid rate/fixed rate (date of changes) - Level,"Euro area (changing composition) - Key interest rate - Main refinancing operations - Minimum bid rate/fixed rate (date of changes) - Level - Euro, provided by ECB",PCPA,0
FM.D.U2.EUR.4F.KR.MRR_RT.LEV,D,U2,EUR,4F,KR,MRR_RT,LEV,2023-08-03,4.25,A,F,,,P1D,,E,4F0,,,,,,,,,,,,,,,,7,,,Main refinancing operations - Minimum bid rate/fixed rate (date of changes) - Level,"Euro area (changing composition) - Key interest rate - Main refinancing operations - Minimum bid rate/fixed rate (date of changes) - Level - Euro, provided by ECB",PCPA,0
FM.D.U2.EUR.4F.KR.MRR_RT.LEV,D,U2,EUR,4F,KR,MRR_RT,LEV,2023-08-04,4.25,A,F,,,P1D,,E,4F0,,,,,,,,,,,,,,,,7,,,Main refinancing operations - Minimum bid rate/fixed rate (date of changes) - Level,"Euro area (changing composition) - Key interest rate - Main refinancing operations - Minimum bid rate/fixed rate (date of changes) - Level - Euro, provided by ECB",PCPA,0
FM.D.U2.EUR.4F.KR.MRR_RT.LEV,D,U2,EUR,4F,KR,MRR_RT,LEV,2023-08-05,4.25,A,F,,,P1D,,E,4F0,,,,,,,,,,,,,,,,7,,,Main refinancing operations - Minimum bid rate/fixed rate (date of changes) - Level,"Euro area (changing composition) - Key interest rate - Main refinancing operations - Minimum bid rate/fixed rate (date of changes) - Level - Euro, provided by ECB",PCPA,0
FM.D.U2.EUR.4F.KR.MRR_RT.LEV,D,U2,EUR,4F,KR,MRR_RT,LEV,2023-08-06,4.25,A,F,,,P1D,,E,4F0,,,,,,,,,,,,,,,,7,,,Main refinancing operations - Minimum bid rate/fixed rate (date of changes) - Level,"Euro area (changing composition) - Key interest rate - Main refinancing operations - Minimum bid rate/fixed rate (date of changes) - Level - Euro, provided by ECB",PCPA,0
FM.D.U2.EUR.4F.KR.MRR_RT.LEV,D,U2,EUR,4F,KR,MRR_RT,LEV,2023-08-07,4.25,A,F,,,P1D,,E,4F0,,,,,,,,,,,,,,,,7,,,Main refinancing operations - Minimum bid rate/fixed rate (date of changes) - Level,"Euro area (changing composition) - Key interest rate - Main refinancing operations - Minimum bid rate/fixed rate (date of changes) - Level - Euro, provided by ECB",PCPA,0
FM.D.U2.EUR.4F.KR.MRR_RT.LEV,D,U2,EUR,4F,KR,MRR_RT,LEV,2023-08-08,4.25,A,F,,,P1D,,E,4F0,,,,,,,,,,,,,,,,7,,,Main refinancing operations - Minimum bid rate/fixed rate (date of changes) - Level,"Euro area (changing composition) - Key interest rate - Main refinancing operations - Minimum bid rate/fixed rate (date of changes) - Level - Euro, provided by ECB",PCPA,0
FM.D.U2.EUR.4F.KR.MRR_RT.LEV,D,U2,EUR,4F,KR,MRR_RT,LEV,2023-08-09,4.25,A,F,,,P1D,,E,4F0,,,,,,,,,,,,,,,,7,,,Main refinancing operations - Minimum bid rate/fixed rate (date of changes) - Level,"Euro area (changing composition) - Key interest rate - Main refinancing operations - Minimum bid rate/fixed rate (date of changes) - Level - Euro, provided by ECB",PCPA,0
FM.D.U2.EUR.4F.KR.MRR_RT.LEV,D,U2,EUR,4F,KR,MRR_RT,LEV,2023-08-10,4.25,A,F,,,P1D,,E,4F0,,,,,,,,,,,,,,,,7,,,Main refinancing operations - Minimum bid rate/fixed rate (date of changes) - Level,"Euro area (changing composition) - Key interest rate - Main refinancing operations - Minimum bid rate/fixed rate (date of changes) - Level - Euro, provided by ECB",PCPA,0
FM.D.U2.EUR.4F.KR.MRR_RT.LEV,D,U2,EUR,4F,KR,MRR_RT,LEV,2023-08-11,4.25,A,F,,,P1D,,E,4F0,,,,,,,,,,,,,,,,7,,,Main refinancing operations - Minimum bid rate/fixed rate (date of changes) - Level,"Euro area (changing composition) - Key interest rate - Main refinancing operations - Minimum bid rate/fixed rate (date of changes) - Level - Euro, provided by ECB",PCPA,0
FM.D.U2.EUR.4F.KR.MRR_RT.LEV,D,U2,EUR,4F,KR,MRR_RT,LEV,2023-08-12,4.25,A,F,,,P1D,,E,4F0,,,,,,,,,,,,,,,,7,,,Main refinancing operations - Minimum bid rate/fixed rate (date of changes) - Level,"Euro area (changing composition) - Key interest rate - Main refinancing operations - Minimum bid rate/fixed rate (date of changes) - Level - Euro, provided by ECB",PCPA,0
FM.D.U2.EUR.4F.KR.MRR_RT.LEV,D,U2,EUR,4F,KR,MRR_RT,LEV,2023-08-13,4.25,A,F,,,P1D,,E,4F0,,,,,,,,,,,,,,,,7,,,Main refinancing operations - Minimum bid rate/fixed rate (date of changes) - Level,"Euro area (changing composition) - Key interest rate - Main refinancing operations - Minimum bid rate/fixed rate (date of changes) - Level - Euro, provided by ECB",PCPA,0
FM.D.U2.EUR.4F.KR.MRR_RT.LEV,D,U2,EUR,4F,KR,MRR_RT,LEV,2023-08-14,4.25,A,F,,,P1D,,E,4F0,,,,,,,,,,,,,,,,7,,,Main refinancing operations - Minimum bid rate/fixed rate (date of changes) - Level,"Euro area (changing composition) - Key interest rate - Main refinancing operations - Minimum bid rate/fixed rate (date of changes) - Level - Euro, provided by ECB",PCPA,0
FM.D.U2.EUR.4F.KR.MRR_RT.LEV,D,U2,EUR,4F,KR,MRR_RT,LEV,2023-08-15,4.25,A,F,,,P1D,,E,4F0,,,,,,,,,,,,,,,,7,,,Main refinancing operations - Minimum bid rate/fixed rate (date of changes) - Level,"Euro area (changing composition) - Key interest rate - Main refinancing operations - Minimum bid rate/fixed rate (date of changes) - Level - Euro, provided by ECB",PCPA,0
FM.D.U2.EUR.4F.KR.MRR_RT.LEV,D,U2,EUR,4F,KR,MRR_RT,LEV,2023-08-16,4.25,A,F,,,P1D,,E,4F0,,,,,,,,,,,,,,,,7,,,Main refinancing operations - Minimum bid rate/fixed rate (date of changes) - Level,"Euro area (changing composition) - Key interest rate - Main refinancing operations - Minimum bid rate/fixed rate (date of changes) - Level - Euro, provided by ECB",PCPA,0
FM.D.U2.EUR.4F.KR.MRR_RT.LEV,D,U2,EUR,4F,KR,MRR_RT,LEV,2023-08-17,4.25,A,F,,,P1D,,E,4F0,,,,,,,,,,,,,,,,7,,,Main refinancing operations - Minimum bid rate/fixed rate (date of changes) - Level,"Euro area (changing composition) - Key interest rate - Main refinancing operations - Minimum bid rate/fixed rate (date of changes) - Level - Euro, provided by ECB",PCPA,0
FM.D.U2.EUR.4F.KR.MRR_RT.LEV,D,U2,EUR,4F,KR,MRR_RT,LEV,2023-08-18,4.25,A,F,,,P1D,,E,4F0,,,,,,,,,,,,,,,,7,,,Main refinancing operations - Minimum bid rate/fixed rate (date of changes) - Level,"Euro area (changing composition) - Key interest rate - Main refinancing operations - Minimum bid rate/fixed rate (date of changes) - Level - Euro, provided by ECB",PCPA,0
FM.D.U2.EUR.4F.KR.MRR_RT.LEV,D,U2,EUR,4F,KR,MRR_RT,LEV,2023-08-19,4.25,A,F,,,P1D,,E,4F0,,,,,,,,,,,,,,,,7,,,Main refinancing operations - Minimum bid rate/fixed rate (date of changes) - Level,"Euro area (changing composition) - Key interest rate - Main refinancing operations - Minimum bid rate/fixed rate (date of changes) - Level - Euro, provided by ECB",PCPA,0
FM.D.U2.EUR.4F.KR.MRR_RT.LEV,D,U2,EUR,4F,KR,MRR_RT,LEV,2023-08-20,4.25,A,F,,,P1D,,E,4F0,,,,,,,,,,,,,,,,7,,,Main refinancing operations - Minimum bid rate/fixed rate (date of changes) - Level,"Euro area (changing composition) - Key interest rate - Main refinancing operations - Minimum bid rate/fixed rate (date of changes) - Level - Euro, provided by ECB",PCPA,0
FM.D.U2.EUR.4F.KR.MRR_RT.LEV,D,U2,EUR,4F,KR,MRR_RT,LEV,2023-08-21,4.25,A,F,,,P1D,,E,4F0,,,,,,,,,,,,,,,,7,,,Main refinancing operations - Minimum bid rate/fixed rate (date of changes) - Level,"Euro area (changing composition) - Key interest rate - Main refinancing operations - Minimum bid rate/fixed rate (date of changes) - Level - Euro, provided by ECB",PCPA,0
FM.D.U2.EUR.4F.KR.MRR_RT.LEV,D,U2,EUR,4F,KR,MRR_RT,LEV,2023-08-22,4.25,A,F,,,P1D,,E,4F0,,,,,,,,,,,,,,,,7,,,Main refinancing operations - Minimum bid rate/fixed rate (date of changes) - Level,"Euro area (changing composition) - Key interest rate - Main refinancing operations - Minimum bid rate/fixed rate (date of changes) - Level - Euro, provided by ECB",PCPA,0
FM.D.U2.EUR.4F.KR.MRR_RT.LEV,D,U2,EUR,4F,KR,MRR_RT,LEV,2023-08-23,4.25,A,F,,,P1D,,E,4F0,,,,,,,,,,,,,,,,7,,,Main refinancing operations - Minimum bid rate/fixed rate (date of changes) - Level,"Euro area (changing composition) - Key interest rate - Main refinancing operations - Minimum bid rate/fixed rate (date of changes) - Level - Euro, provided by ECB",PCPA,0
FM.D.U2.EUR.4F.KR.MRR_RT.LEV,D,U2,EUR,4F,KR,MRR_RT,LEV,2023-08-24,4.25,A,F,,,P1D,,E,4F0,,,,,,,,,,,,,,,,7,,,Main refinancing operations - Minimum bid rate/fixed rate (date of changes) - Level,"Euro area (changing composition) - Key interest rate - Main refinancing operations - Minimum bid rate/fixed rate (date of changes) - Level - Euro, provided by ECB",PCPA,0
FM.D.U2.EUR.4F.KR.MRR_RT.LEV,D,U2,EUR,4F,KR,MRR_RT,LEV,2023-08-25,4.25,A,F,,,P1D,,E,4F0,,,,,,,,,,,,,,,,7,,,Main refinancing operations - Minimum bid rate/fixed rate (date of changes) - Level,"Euro area (changing composition) - Key interest rate - Main refinancing operations - Minimum bid rate/fixed rate (date of changes) - Level - Euro, provided by ECB",PCPA,0
FM.D.U2.EUR.4F.KR.MRR_RT.LEV,D,U2,EUR,4F,KR,MRR_RT,LEV,2023-08-26,4.25,A,F,,,P1D,,E,4F0,,,,,,,,,,,,,,,,7,,,Main refinancing operations - Minimum bid rate/fixed rate (date of changes) - Level,"Euro area (changing composition) - Key interest rate - Main refinancing operations - Minimum bid rate/fixed rate (date of changes) - Level - Euro, provided by ECB",PCPA,0
FM.D.U2.EUR.4F.KR.MRR_RT.LEV,D,U2,EUR,4F,KR,MRR_RT,LEV,2023-08-27,4.25,A,F,,,P1D,,E,4F0,,,,,,,,,,,,,,,,7,,,Main refinancing operations - Minimum bid rate/fixed rate (date of changes) - Level,"Euro area (changing composition) - Key interest rate - Main refinancing operations - Minimum bid rate/fixed rate (date of changes) - Level - Euro, provided by ECB",PCPA,0
FM.D.U2.EUR.4F.KR.MRR_RT.LEV,D,U2,EUR,4F,KR,MRR_RT,LEV,2023-08-28,4.25,A,F,,,P1D,,E,4F0,,,,,,,,,,,,,,,,7,,,Main refinancing operations - Minimum bid rate/fixed rate (date of changes) - Level,"Euro area (changing composition) - Key interest rate - Main refinancing operations - Minimum bid rate/fixed rate (date of changes) - Level - Euro, provided by ECB",PCPA,0
FM.D.U2.EUR.4F.KR.MRR_RT.LEV,D,U2,EUR,4F,KR,MRR_RT,LEV,2023-08-29,4.25,A,F,,,P1D,,E,4F0,,,,,,,,,,,,,,,,7,,,Main refinancing operations - Minimum bid rate/fixed rate (date of changes) - Level,"Euro area (changing composition) - Key interest rate - Main refinancing operations - Minimum bid rate/fixed rate (date of changes) - Level - Euro, provided by ECB",PCPA,0
FM.D.U2.EUR.4F.KR.MRR_RT.LEV,D,U2,EUR,4F,KR,MRR_RT,LEV,2023-08-30,4.25,A,F,,,P1D,,E,4F0,,,,,,,,,,,,,,,,7,,,Main refinancing operations - Minimum bid rate/fixed rate (date of changes) - Level,"Euro area (changing composition) - Key interest rate - Main refinancing operations - Minimum bid rate/fixed rate (date of changes) - Level - Euro, provided by ECB",PCPA,0
FM.D.U2.EUR.4F.KR.MRR_RT.LEV,D,U2,EUR,4F,KR,MRR_RT,LEV,2023-08-31,4.25,A,F,,,P1D,,E,4F0,,,,,,,,,,,,,,,,7,,,Main refinancing operations - Minimum bid rate/fixed rate (date of changes) - Level,"Euro area (changing composition) - Key interest rate - Main refinancing operations - Minimum bid rate/fixed rate (date of changes) - Level - Euro, provided by ECB",PCPA,0
FM.D.U2.EUR.4F.KR.MRR_RT.LEV,D,U2,EUR,4F,KR,MRR_RT,LEV,2023-09-01,4.25,A,F,,,P1D,,E,4F0,,,,,,,,,,,,,,,,7,,,Main refinancing operations - Minimum bid rate/fixed rate (date of changes) - Level,"Euro area (changing composition) - Key interest rate - Main refinancing operations - Minimum bid rate/fixed rate (date of changes) - Level - Euro, provided by ECB",PCPA,0
FM.D.U2.EUR.4F.KR.MRR_RT.LEV,D,U2,EUR,4F,KR,MRR_RT,LEV,2023-09-02,4.25,A,F,,,P1D,,E,4F0,,,,,,,,,,,,,,,,7,,,Main refinancing operations - Minimum bid rate/fixed rate (date of changes) - Level,"Euro area (changing composition) - Key interest rate - Main refinancing operations - Minimum bid rate/fixed rate (date of changes) - Level - Euro, provided by ECB",PCPA,0
FM.D.U2.EUR.4F.KR.MRR_RT.LEV,D,U2,EUR,4F,KR,MRR_RT,LEV,2023-09-03,4.25,A,F,,,P1D,,E,4F0,,,,,,,,,,,,,,,,7,,,Main refinancing operations - Minimum bid rate/fixed rate (date of changes) - Level,"Euro area (changing composition) - Key interest rate - Main refinancing operations - Minimum bid rate/fixed rate (date of changes) - Level - Euro, provided by ECB",PCPA,0
FM.D.U2.EUR.4F.KR.MRR_RT.LEV,D,U2,EUR,4F,KR,MRR_RT,LEV,2023-09-04,4.25,A,F,,,P1D,,E,4F0,,,,,,,,,,,,,,,,7,,,Main refinancing operations - Minimum bid rate/fixed rate (date of changes) - Level,"Euro area (changing composition) - Key interest rate - Main refinancing operations - Minimum bid rate/fixed rate (date of changes) - Level - Euro, provided by ECB",PCPA,0
FM.D.U2.EUR.4F.KR.MRR_RT.LEV,D,U2,EUR,4F,KR,MRR_RT,LEV,2023-09-05,4.25,A,F,,,P1D,,E,4F0,,,,,,,,,,,,,,,,7,,,Main refinancing operations - Minimum bid rate/fixed rate (date of changes) - Level,"Euro area (changing composition) - Key interest rate - Main refinancing operations - Minimum bid rate/fixed rate (date of changes) - Level - Euro, provided by ECB",PCPA,0
FM.D.U2.EUR.4F.KR.MRR_RT.LEV,D,U2,EUR,4F,KR,MRR_RT,LEV,2023-09-06,4.25,A,F,,,P1D,,E,4F0,,,,,,,,,,,,,,,,7,,,Main refinancing operations - Minimum bid rate/fixed rate (date of changes) - Level,"Euro area (changing composition) - Key interest rate - Main refinancing operations - Minimum bid rate/fixed rate (date of changes) - Level - Euro, provided by ECB",PCPA,0
FM.D.U2.EUR.4F.KR.MRR_RT.LEV,D,U2,EUR,4F,KR,MRR_RT,LEV,2023-09-07,4.25,A,F,,,P1D,,E,4F0,,,,,,,,,,,,,,,,7,,,Main refinancing operations - Minimum bid rate/fixed rate (date of changes) - Level,"Euro area (changing composition) - Key interest rate - Main refinancing operations - Minimum bid rate/fixed rate (date of changes) - Level - Euro, provided by ECB",PCPA,0
FM.D.U2.EUR.4F.KR.MRR_RT.LEV,D,U2,EUR,4F,KR,MRR_RT,LEV,2023-09-08,4.25,A,F,,,P1D,,E,4F0,,,,,,,,,,,,,,,,7,,,Main refinancing operations - Minimum bid rate/fixed rate (date of changes) - Level,"Euro area (changing composition) - Key interest rate - Main refinancing operations - Minimum bid rate/fixed rate (date of changes) - Level - Euro, provided by ECB",PCPA,0
FM.D.U2.EUR.4F.KR.MRR_RT.LEV,D,U2,EUR,4F,KR,MRR_RT,LEV,2023-09-09,4.25,A,F,,,P1D,,E,4F0,,,,,,,,,,,,,,,,7,,,Main refinancing operations - Minimum bid rate/fixed rate (date of changes) - Level,"Euro area (changing composition) - Key interest rate - Main refinancing operations - Minimum bid rate/fixed rate (date of changes) - Level - Euro, provided by ECB",PCPA,0
FM.D.U2.EUR.4F.KR.MRR_RT.LEV,D,U2,EUR,4F,KR,MRR_RT,LEV,2023-09-10,4.25,A,F,,,P1D,,E,4F0,,,,,,,,,,,,,,,,7,,,Main refinancing operations - Minimum bid rate/fixed rate (date of changes) - Level,"Euro area (changing composition) - Key interest rate - Main refinancing operations - Minimum bid rate/fixed rate (date of changes) - Level - Euro, provided by ECB",PCPA,0
FM.D.U2.EUR.4F.KR.MRR_RT.LEV,D,U2,EUR,4F,KR,MRR_RT,LEV,2023-09-11,4.25,A,F,,,P1D,,E,4F0,,,,,,,,,,,,,,,,7,,,Main refinancing operations - Minimum bid rate/fixed rate (date of changes) - Level,"Euro area (changing composition) - Key interest rate - Main refinancing operations - Minimum bid rate/fixed rate (date of changes) - Level - Euro, provided by ECB",PCPA,0
FM.D.U2.EUR.4F.KR.MRR_RT.LEV,D,U2,EUR,4F,KR,MRR_RT,LEV,2023-09-12,4.25,A,F,,,P1D,,E,4F0,,,,,,,,,,,,,,,,7,,,Main refinancing operations - Minimum bid rate/fixed rate (date of changes) - Level,"Euro area (changing composition) - Key interest rate - Main refinancing operations - Minimum bid rate/fixed rate (date of changes) - Level - Euro, provided by ECB",PCPA,0
FM.D.U2.EUR.4F.KR.MRR_RT.LEV,D,U2,EUR,4F,KR,MRR_RT,LEV,2023-09-13,4.25,A,F,,,P1D,,E,4F0,,,,,,,,,,,,,,,,7,,,Main refinancing operations - Minimum bid rate/fixed rate (date of changes) - Level,"Euro area (changing composition) - Key interest rate - Main refinancing operations - Minimum bid rate/fixed rate (date of changes) - Level - Euro, provided by ECB",PCPA,0
FM.D.U2.EUR.4F.KR.MRR_RT.LEV,D,U2,EUR,4F,KR,MRR_RT,LEV,2023-09-14,4.25,A,F,,,P1D,,E,4F0,,,,,,,,,,,,,,,,7,,,Main refinancing operations - Minimum bid rate/fixed rate (date of changes) - Level,"Euro area (changing composition) - Key interest rate - Main refinancing operations - Minimum bid rate/fixed rate (date of changes) - Level - Euro, provided by ECB",PCPA,0
FM.D.U2.EUR.4F.KR.MRR_RT.LEV,D,U2,EUR,4F,KR,MRR_RT,LEV,2023-09-15,4.25,A,F,,,P1D,,E,4F0,,,,,,,,,,,,,,,,7,,,Main refinancing operations - Minimum bid rate/fixed rate (date of changes) - Level,"Euro area (changing composition) - Key interest rate - Main refinancing operations - Minimum bid rate/fixed rate (date of changes) - Level - Euro, provided by ECB",PCPA,0
FM.D.U2.EUR.4F.KR.MRR_RT.LEV,D,U2,EUR,4F,KR,MRR_RT,LEV,2023-09-16,4.25,A,F,,,P1D,,E,4F0,,,,,,,,,,,,,,,,7,,,Main refinancing operations - Minimum bid rate/fixed rate (date of changes) - Level,"Euro area (changing composition) - Key interest rate - Main refinancing operations - Minimum bid rate/fixed rate (date of changes) - Level - Euro, provided by ECB",PCPA,0
FM.D.U2.EUR.4F.KR.MRR_RT.LEV,D,U2,EUR,4F,KR,MRR_RT,LEV,2023-09-17,4.25,A,F,,,P1D,,E,4F0,,,,,,,,,,,,,,,,7,,,Main refinancing operations - Minimum bid rate/fixed rate (date of changes) - Level,"Euro area (changing composition) - Key interest rate - Main refinancing operations - Minimum bid rate/fixed rate (date of changes) - Level - Euro, provided by ECB",PCPA,0
FM.D.U2.EUR.4F.KR.MRR_RT.LEV,D,U2,EUR,4F,KR,MRR_RT,LEV,2023-09-18,4.25,A,F,,,P1D,,E,4F0,,,,,,,,,,,,,,,,7,,,Main refinancing operations - Minimum bid rate/fixed rate (date of changes) - Level,"Euro area (changing composition) - Key interest rate - Main refinancing operations - Minimum bid rate/fixed rate (date of changes) - Level - Euro, provided by ECB",PCPA,0
FM.D.U2.EUR.4F.KR.MRR_RT.LEV,D,U2,EUR,4F,KR,MRR_RT,LEV,2023-09-19,4.25,A,F,,,P1D,,E,4F0,,,,,,,,,,,,,,,,7,,,Main refinancing operations - Minimum bid rate/fixed rate (date of changes) - Level,"Euro area (changing composition) - Key interest rate - Main refinancing operations - Minimum bid rate/fixed rate (date of changes) - Level - Euro, provided by ECB",PCPA,0
FM.D.U2.EUR.4F.KR.MRR_RT.LEV,D,U2,EUR,4F,KR,MRR_RT,LEV,2023-09-20,4.5,A,F,,,P1D,,E,4F0,,,,,,,,,,,,,,,,7,,,Main refinancing operations - Minimum bid rate/fixed rate (date of changes) - Level,"Euro area (changing composition) - Key interest rate - Main refinancing operations - Minimum bid rate/fixed rate (date of changes) - Level - Euro, provided by ECB",PCPA,0
FM.D.U2.EUR.4F.KR.MRR_RT.LEV,D,U2,EUR,4F,KR,MRR_RT,LEV,2023-09-21,4.5,A,F,,,P1D,,E,4F0,,,,,,,,,,,,,,,,7,,,Main refinancing operations - Minimum bid rate/fixed rate (date of changes) - Level,"Euro area (changing composition) - Key interest rate - Main refinancing operations - Minimum bid rate/fixed rate (date of changes) - Level - Euro, provided by ECB",PCPA,0
FM.D.U2.EUR.4F.KR.MRR_RT.LEV,D,U2,EUR,4F,KR,MRR_RT,LEV,2023-09-22,4.5,A,F,,,P1D,,E,4F0,,,,,,,,,,,,,,,,7,,,Main refinancing operations - Minimum bid rate/fixed rate (date of changes) - Level,"Euro area (changing composition) - Key interest rate - Main refinancing operations - Minimum bid rate/fixed rate (date of changes) - Level - Euro, provided by ECB",PCPA,0
FM.D.U2.EUR.4F.KR.MRR_RT.LEV,D,U2,EUR,4F,KR,MRR_RT,LEV,2023-09-23,4.5,A,F,,,P1D,,E,4F0,,,,,,,,,,,,,,,,7,,,Main refinancing operations - Minimum bid rate/fixed rate (date of changes) - Level,"Euro area (changing composition) - Key interest rate - Main refinancing operations - Minimum bid rate/fixed rate (date of changes) - Level - Euro, provided by ECB",PCPA,0
FM.D.U2.EUR.4F.KR.MRR_RT.LEV,D,U2,EUR,4F,KR,MRR_RT,LEV,2023-09-24,4.5,A,F,,,P1D,,E,4F0,,,,,,,,,,,,,,,,7,,,Main refinancing operations - Minimum bid rate/fixed rate (date of changes) - Level,"Euro area (changing composition) - Key interest rate - Main refinancing operations - Minimum bid rate/fixed rate (date of changes) - Level - Euro, provided by ECB",PCPA,0
FM.D.U2.EUR.4F.KR.MRR_RT.LEV,D,U2,EUR,4F,KR,MRR_RT,LEV,2023-09-25,4.5,A,F,,,P1D,,E,4F0,,,,,,,,,,,,,,,,7,,,Main refinancing operations - Minimum bid rate/fixed rate (date of changes) - Level,"Euro area (changing composition) - Key interest rate - Main refinancing operations - Minimum bid rate/fixed rate (date of changes) - Level - Euro, provided by ECB",PCPA,0
FM.D.U2.EUR.4F.KR.MRR_RT.LEV,D,U2,EUR,4F,KR,MRR_RT,LEV,2023-09-26,4.5,A,F,,,P1D,,E,4F0,,,,,,,,,,,,,,,,7,,,Main refinancing operations - Minimum bid rate/fixed rate (date of changes) - Level,"Euro area (changing composition) - Key interest rate - Main refinancing operations - Minimum bid rate/fixed rate (date of changes) - Level - Euro, provided by ECB",PCPA,0
FM.D.U2.EUR.4F.KR.MRR_RT.LEV,D,U2,EUR,4F,KR,MRR_RT,LEV,2023-09-27,4.5,A,F,,,P1D,,E,4F0,,,,,,,,,,,,,,,,7,,,Main refinancing operations - Minimum bid rate/fixed rate (date of changes) - Level,"Euro area (changing composition) - Key interest rate - Main refinancing operations - Minimum bid rate/fixed rate (date of changes) - Level - Euro, provided by ECB",PCPA,0
FM.D.U2.EUR.4F.KR.MRR_RT.LEV,D,U2,EUR,4F,KR,MRR_RT,LEV,2023-09-28,4.5,A,F,,,P1D,,E,4F0,,,,,,,,,,,,,,,,7,,,Main refinancing operations - Minimum bid rate/fixed rate (date of changes) - Level,"Euro area (changing composition) - Key interest rate - Main refinancing operations - Minimum bid rate/fixed rate (date of changes) - Level - Euro, provided by ECB",PCPA,0
FM.D.U2.EUR.4F.KR.MRR_RT.LEV,D,U2,EUR,4F,KR,MRR_RT,LEV,2023-09-29,4.5,A,F,,,P1D,,E,4F0,,,,,,,,,,,,,,,,7,,,Main refinancing operations - Minimum bid rate/fixed rate (date of changes) - Level,"Euro area (changing composition) - Key interest rate - Main refinancing operations - Minimum bid rate/fixed rate (date of changes) - Level - Euro, provided by ECB",PCPA,0
FM.D.U2.EUR.4F.KR.MRR_RT.LEV,D,U2,EUR,4F,KR,MRR_RT,LEV,2023-09-30,4.5,A,F,,,P1D,,E,4F0,,,,,,,,,,,,,,,,7,,,Main refinancing operations - Minimum bid rate/fixed rate (date of changes) - Level,"Euro area (changing composition) - Key interest rate - Main refinancing operations - Minimum bid rate/fixed rate (date of changes) - Level - Euro, provided by ECB",PCPA,0
FM.D.U2.EUR.4F.KR.MRR_RT.LEV,D,U2,EUR,4F,KR,MRR_RT,LEV,2023-10-01,4.5,A,F,,,P1D,,E,4F0,,,,,,,,,,,,,,,,7,,,Main refinancing operations - Minimum bid rate/fixed rate (date of changes) - Level,"Euro area (changing composition) - Key interest rate - Main refinancing operations - Minimum bid rate/fixed rate (date of changes) - Level - Euro, provided by ECB",PCPA,0
FM.D.U2.EUR.4F.KR.MRR_RT.LEV,D,U2,EUR,4F,KR,MRR_RT,LEV,2023-10-02,4.5,A,F,,,P1D,,E,4F0,,,,,,,,,,,,,,,,7,,,Main refinancing operations - Minimum bid rate/fixed rate (date of changes) - Level,"Euro area (changing composition) - Key interest rate - Main refinancing operations - Minimum bid rate/fixed rate (date of changes) - Level - Euro, provided by ECB",PCPA,0
FM.D.U2.EUR.4F.KR.MRR_RT.LEV,D,U2,EUR,4F,KR,MRR_RT,LEV,2023-10-03,4.5,A,F,,,P1D,,E,4F0,,,,,,,,,,,,,,,,7,,,Main refinancing operations - Minimum bid rate/fixed rate (date of changes) - Level,"Euro area (changing composition) - Key interest rate - Main refinancing operations - Minimum bid rate/fixed rate (date of changes) - Level - Euro, provided by ECB",PCPA,0
FM.D.U2.EUR.4F.KR.MRR_RT.LEV,D,U2,EUR,4F,KR,MRR_RT,LEV,2023-10-04,4.5,A,F,,,P1D,,E,4F0,,,,,,,,,,,,,,,,7,,,Main refinancing operations - Minimum bid rate/fixed rate (date of changes) - Level,"Euro area (changing composition) - Key interest rate - Main refinancing operations - Minimum bid rate/fixed rate (date of changes) - Level - Euro, provided by ECB",PCPA,0
FM.D.U2.EUR.4F.KR.MRR_RT.LEV,D,U2,EUR,4F,KR,MRR_RT,LEV,2023-10-05,4.5,A,F,,,P1D,,E,4F0,,,,,,,,,,,,,,,,7,,,Main refinancing operations - Minimum bid rate/fixed rate (date of changes) - Level,"Euro area (changing composition) - Key interest rate - Main refinancing operations - Minimum bid rate/fixed rate (date of changes) - Level - Euro, provided by ECB",PCPA,0
FM.D.U2.EUR.4F.KR.MRR_RT.LEV,D,U2,EUR,4F,KR,MRR_RT,LEV,2023-10-06,4.5,A,F,,,P1D,,E,4F0,,,,,,,,,,,,,,,,7,,,Main refinancing operations - Minimum bid rate/fixed rate (date of changes) - Level,"Euro area (changing composition) - Key interest rate - Main refinancing operations - Minimum bid rate/fixed rate (date of changes) - Level - Euro, provided by ECB",PCPA,0
FM.D.U2.EUR.4F.KR.MRR_RT.LEV,D,U2,EUR,4F,KR,MRR_RT,LEV,2023-10-07,4.5,A,F,,,P1D,,E,4F0,,,,,,,,,,,,,,,,7,,,Main refinancing operations - Minimum bid rate/fixed rate (date of changes) - Level,"Euro area (changing composition) - Key interest rate - Main refinancing operations - Minimum bid rate/fixed rate (date of changes) - Level - Euro, provided by ECB",PCPA,0
FM.D.U2.EUR.4F.KR.MRR_RT.LEV,D,U2,EUR,4F,KR,MRR_RT,LEV,2023-10-08,4.5,A,F,,,P1D,,E,4F0,,,,,,,,,,,,,,,,7,,,Main refinancing operations - Minimum bid rate/fixed rate (date of changes) - Level,"Euro area (changing composition) - Key interest rate - Main refinancing operations - Minimum bid rate/fixed rate (date of changes) - Level - Euro, provided by ECB",PCPA,0
FM.D.U2.EUR.4F.KR.MRR_RT.LEV,D,U2,EUR,4F,KR,MRR_RT,LEV,2023-10-09,4.5,A,F,,,P1D,,E,4F0,,,,,,,,,,,,,,,,7,,,Main refinancing operations - Minimum bid rate/fixed rate (date of changes) - Level,"Euro area (changing composition) - Key interest rate - Main refinancing operations - Minimum bid rate/fixed rate (date of changes) - Level - Euro, provided by ECB",PCPA,0
FM.D.U2.EUR.4F.KR.MRR_RT.LEV,D,U2,EUR,4F,KR,MRR_RT,LEV,2023-10-10,4.5,A,F,,,P1D,,E,4F0,,,,,,,,,,,,,,,,7,,,Main refinancing operations - Minimum bid rate/fixed rate (date of changes) - Level,"Euro area (changing composition) - Key interest rate - Main refinancing operations - Minimum bid rate/fixed rate (date of changes) - Level - Euro, provided by ECB",PCPA,0
FM.D.U2.EUR.4F.KR.MRR_RT.LEV,D,U2,EUR,4F,KR,MRR_RT,LEV,2023-10-11,4.5,A,F,,,P1D,,E,4F0,,,,,,,,,,,,,,,,7,,,Main refinancing operations - Minimum bid rate/fixed rate (date of changes) - Level,"Euro area (changing composition) - Key interest rate - Main refinancing operations - Minimum bid rate/fixed rate (date of changes) - Level - Euro, provided by ECB",PCPA,0
FM.D.U2.EUR.4F.KR.MRR_RT.LEV,D,U2,EUR,4F,KR,MRR_RT,LEV,2023-10-12,4.5,A,F,,,P1D,,E,4F0,,,,,,,,,,,,,,,,7,,,Main refinancing operations - Minimum bid rate/fixed rate (date of changes) - Level,"Euro area (changing composition) - Key interest rate - Main refinancing operations - Minimum bid rate/fixed rate (date of changes) - Level - Euro, provided by ECB",PCPA,0
FM.D.U2.EUR.4F.KR.MRR_RT.LEV,D,U2,EUR,4F,KR,MRR_RT,LEV,2023-10-13,4.5,A,F,,,P1D,,E,4F0,,,,,,,,,,,,,,,,7,,,Main refinancing operations - Minimum bid rate/fixed rate (date of changes) - Level,"Euro area (changing composition) - Key interest rate - Main refinancing operations - Minimum bid rate/fixed rate (date of changes) - Level - Euro, provided by ECB",PCPA,0
FM.D.U2.EUR.4F.KR.MRR_RT.LEV,D,U2,EUR,4F,KR,MRR_RT,LEV,2023-10-14,4.5,A,F,,,P1D,,E,4F0,,,,,,,,,,,,,,,,7,,,Main refinancing operations - Minimum bid rate/fixed rate (date of changes) - Level,"Euro area (changing composition) - Key interest rate - Main refinancing operations - Minimum bid rate/fixed rate (date of changes) - Level - Euro, provided by ECB",PCPA,0
FM.D.U2.EUR.4F.KR.MRR_RT.LEV,D,U2,EUR,4F,KR,MRR_RT,LEV,2023-10-15,4.5,A,F,,,P1D,,E,4F0,,,,,,,,,,,,,,,,7,,,Main refinancing operations - Minimum bid rate/fixed rate (date of changes) - Level,"Euro area (changing composition) - Key interest rate - Main refinancing operations - Minimum bid rate/fixed rate (date of changes) - Level - Euro, provided by ECB",PCPA,0
FM.D.U2.EUR.4F.KR.MRR_RT.LEV,D,U2,EUR,4F,KR,MRR_RT,LEV,2023-10-16,4.5,A,F,,,P1D,,E,4F0,,,,,,,,,,,,,,,,7,,,Main refinancing operations - Minimum bid rate/fixed rate (date of changes) - Level,"Euro area (changing composition) - Key interest rate - Main refinancing operations - Minimum bid rate/fixed rate (date of changes) - Level - Euro, provided by ECB",PCPA,0
FM.D.U2.EUR.4F.KR.MRR_RT.LEV,D,U2,EUR,4F,KR,MRR_RT,LEV,2023-10-17,4.5,A,F,,,P1D,,E,4F0,,,,,,,,,,,,,,,,7,,,Main refinancing operations - Minimum bid rate/fixed rate (date of changes) - Level,"Euro area (changing composition) - Key interest rate - Main refinancing operations - Minimum bid rate/fixed rate (date of changes) - Level - Euro, provided by ECB",PCPA,0
FM.D.U2.EUR.4F.KR.MRR_RT.LEV,D,U2,EUR,4F,KR,MRR_RT,LEV,2023-10-18,4.5,A,F,,,P1D,,E,4F0,,,,,,,,,,,,,,,,7,,,Main refinancing operations - Minimum bid rate/fixed rate (date of changes) - Level,"Euro area (changing composition) - Key interest rate - Main refinancing operations - Minimum bid rate/fixed rate (date of changes) - Level - Euro, provided by ECB",PCPA,0
FM.D.U2.EUR.4F.KR.MRR_RT.LEV,D,U2,EUR,4F,KR,MRR_RT,LEV,2023-10-19,4.5,A,F,,,P1D,,E,4F0,,,,,,,,,,,,,,,,7,,,Main refinancing operations - Minimum bid rate/fixed rate (date of changes) - Level,"Euro area (changing composition) - Key interest rate - Main refinancing operations - Minimum bid rate/fixed rate (date of changes) - Level - Euro, provided by ECB",PCPA,0
FM.D.U2.EUR.4F.KR.MRR_RT.LEV,D,U2,EUR,4F,KR,MRR_RT,LEV,2023-10-20,4.5,A,F,,,P1D,,E,4F0,,,,,,,,,,,,,,,,7,,,Main refinancing operations - Minimum bid rate/fixed rate (date of changes) - Level,"Euro area (changing composition) - Key interest rate - Main refinancing operations - Minimum bid rate/fixed rate (date of changes) - Level - Euro, provided by ECB",PCPA,0
FM.D.U2.EUR.4F.KR.MRR_RT.LEV,D,U2,EUR,4F,KR,MRR_RT,LEV,2023-10-21,4.5,A,F,,,P1D,,E,4F0,,,,,,,,,,,,,,,,7,,,Main refinancing operations - Minimum bid rate/fixed rate (date of changes) - Level,"Euro area (changing composition) - Key interest rate - Main refinancing operations - Minimum bid rate/fixed rate (date of changes) - Level - Euro, provided by ECB",PCPA,0
FM.D.U2.EUR.4F.KR.MRR_RT.LEV,D,U2,EUR,4F,KR,MRR_RT,LEV,2023-10-22,4.5,A,F,,,P1D,,E,4F0,,,,,,,,,,,,,,,,7,,,Main refinancing operations - Minimum bid rate/fixed rate (date of changes) - Level,"Euro area (changing composition) - Key interest rate - Main refinancing operations - Minimum bid rate/fixed rate (date of changes) - Level - Euro, provided by ECB",PCPA,0
FM.D.U2.EUR.4F.KR.MRR_RT.LEV,D,U2,EUR,4F,KR,MRR_RT,LEV,2023-10-23,4.5,A,F,,,P1D,,E,4F0,,,,,,,,,,,,,,,,7,,,Main refinancing operations - Minimum bid rate/fixed rate (date of changes) - Level,"Euro area (changing composition) - Key interest rate - Main refinancing operations - Minimum bid rate/fixed rate (date of changes) - Level - Euro, provided by ECB",PCPA,0
FM.D.U2.EUR.4F.KR.MRR_RT.LEV,D,U2,EUR,4F,KR,MRR_RT,LEV,2023-10-24,4.5,A,F,,,P1D,,E,4F0,,,,,,,,,,,,,,,,7,,,Main refinancing operations - Minimum bid rate/fixed rate (date of changes) - Level,"Euro area (changing composition) - Key interest rate - Main refinancing operations - Minimum bid rate/fixed rate (date of changes) - Level - Euro, provided by ECB",PCPA,0
FM.D.U2.EUR.4F.KR.MRR_RT.LEV,D,U2,EUR,4F,KR,MRR_RT,LEV,2023-10-25,4.5,A,F,,,P1D,,E,4F0,,,,,,,,,,,,,,,,7,,,Main refinancing operations - Minimum bid rate/fixed rate (date of changes) - Level,"Euro area (changing composition) - Key interest rate - Main refinancing operations - Minimum bid rate/fixed rate (date of changes) - Level - Euro, provided by ECB",PCPA,0
FM.D.U2.EUR.4F.KR.MRR_RT.LEV,D,U2,EUR,4F,KR,MRR_RT,LEV,2023-10-26,4.5,A,F,,,P1D,,E,4F0,,,,,,,,,,,,,,,,7,,,Main refinancing operations - Minimum bid rate/fixed rate (date of changes) - Level,"Euro area (changing composition) - Key interest rate - Main refinancing operations - Minimum bid rate/fixed rate (date of changes) - Level - Euro, provided by ECB",PCPA,0
FM.D.U2.EUR.4F.KR.MRR_RT.LEV,D,U2,EUR,4F,KR,MRR_RT,LEV,2023-10-27,4.5,A,F,,,P1D,,E,4F0,,,,,,,,,,,,,,,,7,,,Main refinancing operations - Minimum bid rate/fixed rate (date of changes) - Level,"Euro area (changing composition) - Key interest rate - Main refinancing operations - Minimum bid rate/fixed rate (date of changes) - Level - Euro, provided by ECB",PCPA,0
FM.D.U2.EUR.4F.KR.MRR_RT.LEV,D,U2,EUR,4F,KR,MRR_RT,LEV,2023-10-28,4.5,A,F,,,P1D,,E,4F0,,,,,,,,,,,,,,,,7,,,Main refinancing operations - Minimum bid rate/fixed rate (date of changes) - Level,"Euro area (changing composition) - Key interest rate - Main refinancing operations - Minimum bid rate/fixed rate (date of changes) - Level - Euro, provided by ECB",PCPA,0
FM.D.U2.EUR.4F.KR.MRR_RT.LEV,D,U2,EUR,4F,KR,MRR_RT,LEV,2023-10-29,4.5,A,F,,,P1D,,E,4F0,,,,,,,,,,,,,,,,7,,,Main refinancing operations - Minimum bid rate/fixed rate (date of changes) - Level,"Euro area (changing composition) - Key interest rate - Main refinancing operations - Minimum bid rate/fixed rate (date of changes) - Level - Euro, provided by ECB",PCPA,0
FM.D.U2.EUR.4F.KR.MRR_RT.LEV,D,U2,EUR,4F,KR,MRR_RT,LEV,2023-10-30,4.5,A,F,,,P1D,,E,4F0,,,,,,,,,,,,,,,,7,,,Main refinancing operations - Minimum bid rate/fixed rate (date of changes) - Level,"Euro area (changing composition) - Key interest rate - Main refinancing operations - Minimum bid rate/fixed rate (date of changes) - Level - Euro, provided by ECB",PCPA,0
FM.D.U2.EUR.4F.KR.MRR_RT.LEV,D,U2,EUR,4F,KR,MRR_RT,LEV,2023-10-31,4.5,A,F,,,P1D,,E,4F0,,,,,,,,,,,,,,,,7,,,Main refinancing operations - Minimum bid rate/fixed rate (date of changes) - Level,"Euro area (changing composition) - Key interest rate - Main refinancing operations - Minimum bid rate/fixed rate (date of changes) - Level - Euro, provided by ECB",PCPA,0
FM.D.U2.EUR.4F.KR.MRR_RT.LEV,D,U2,EUR,4F,KR,MRR_RT,LEV,2023-11-01,4.5,A,F,,,P1D,,E,4F0,,,,,,,,,,,,,,,,7,,,Main refinancing operations - Minimum bid rate/fixed rate (date of changes) - Level,"Euro area (changing composition) - Key interest rate - Main refinancing operations - Minimum bid rate/fixed rate (date of changes) - Level - Euro, provided by ECB",PCPA,0
FM.D.U2.EUR.4F.KR.MRR_RT.LEV,D,U2,EUR,4F,KR,MRR_RT,LEV,2023-11-02,4.5,A,F,,,P1D,,E,4F0,,,,,,,,,,,,,,,,7,,,Main refinancing operations - Minimum bid rate/fixed rate (date of changes) - Level,"Euro area (changing composition) - Key interest rate - Main refinancing operations - Minimum bid rate/fixed rate (date of changes) - Level - Euro, provided by ECB",PCPA,0
FM.D.U2.EUR.4F.KR.MRR_RT.LEV,D,U2,EUR,4F,KR,MRR_RT,LEV,2023-11-03,4.5,A,F,,,P1D,,E,4F0,,,,,,,,,,,,,,,,7,,,Main refinancing operations - Minimum bid rate/fixed rate (date of changes) - Level,"Euro area (changing composition) - Key interest rate - Main refinancing operations - Minimum bid rate/fixed rate (date of changes) - Level - Euro, provided by ECB",PCPA,0
FM.D.U2.EUR.4F.KR.MRR_RT.LEV,D,U2,EUR,4F,KR,MRR_RT,LEV,2023-11-04,4.5,A,F,,,P1D,,E,4F0,,,,,,,,,,,,,,,,7,,,Main refinancing operations - Minimum bid rate/fixed rate (date of changes) - Level,"Euro area (changing composition) - Key interest rate - Main refinancing operations - Minimum bid rate/fixed rate (date of changes) - Level - Euro, provided by ECB",PCPA,0
FM.D.U2.EUR.4F.KR.MRR_RT.LEV,D,U2,EUR,4F,KR,MRR_RT,LEV,2023-11-05,4.5,A,F,,,P1D,,E,4F0,,,,,,,,,,,,,,,,7,,,Main refinancing operations - Minimum bid rate/fixed rate (date of changes) - Level,"Euro area (changing composition) - Key interest rate - Main refinancing operations - Minimum bid rate/fixed rate (date of changes) - Level - Euro, provided by ECB",PCPA,0
FM.D.U2.EUR.4F.KR.MRR_RT.LEV,D,U2,EUR,4F,KR,MRR_RT,LEV,2023-11-06,4.5,A,F,,,P1D,,E,4F0,,,,,,,,,,,,,,,,7,,,Main refinancing operations - Minimum bid rate/fixed rate (date of changes) - Level,"Euro area (changing composition) - Key interest rate - Main refinancing operations - Minimum bid rate/fixed rate (date of changes) - Level - Euro, provided by ECB",PCPA,0
FM.D.U2.EUR.4F.KR.MRR_RT.LEV,D,U2,EUR,4F,KR,MRR_RT,LEV,2023-11-07,4.5,A,F,,,P1D,,E,4F0,,,,,,,,,,,,,,,,7,,,Main refinancing operations - Minimum bid rate/fixed rate (date of changes) - Level,"Euro area (changing composition) - Key interest rate - Main refinancing operations - Minimum bid rate/fixed rate (date of changes) - Level - Euro, provided by ECB",PCPA,0
FM.D.U2.EUR.4F.KR.MRR_RT.LEV,D,U2,EUR,4F,KR,MRR_RT,LEV,2023-11-08,4.5,A,F,,,P1D,,E,4F0,,,,,,,,,,,,,,,,7,,,Main refinancing operations - Minimum bid rate/fixed rate (date of changes) - Level,"Euro area (changing composition) - Key interest rate - Main refinancing operations - Minimum bid rate/fixed rate (date of changes) - Level - Euro, provided by ECB",PCPA,0
FM.D.U2.EUR.4F.KR.MRR_RT.LEV,D,U2,EUR,4F,KR,MRR_RT,LEV,2023-11-09,4.5,A,F,,,P1D,,E,4F0,,,,,,,,,,,,,,,,7,,,Main refinancing operations - Minimum bid rate/fixed rate (date of changes) - Level,"Euro area (changing composition) - Key interest rate - Main refinancing operations - Minimum bid rate/fixed rate (date of changes) - Level - Euro, provided by ECB",PCPA,0
FM.D.U2.EUR.4F.KR.MRR_RT.LEV,D,U2,EUR,4F,KR,MRR_RT,LEV,2023-11-10,4.5,A,F,,,P1D,,E,4F0,,,,,,,,,,,,,,,,7,,,Main refinancing operations - Minimum bid rate/fixed rate (date of changes) - Level,"Euro area (changing composition) - Key interest rate - Main refinancing operations - Minimum bid rate/fixed rate (date of changes) - Level - Euro, provided by ECB",PCPA,0
FM.D.U2.EUR.4F.KR.MRR_RT.LEV,D,U2,EUR,4F,KR,MRR_RT,LEV,2023-11-11,4.5,A,F,,,P1D,,E,4F0,,,,,,,,,,,,,,,,7,,,Main refinancing operations - Minimum bid rate/fixed rate (date of changes) - Level,"Euro area (changing composition) - Key interest rate - Main refinancing operations - Minimum bid rate/fixed rate (date of changes) - Level - Euro, provided by ECB",PCPA,0
FM.D.U2.EUR.4F.KR.MRR_RT.LEV,D,U2,EUR,4F,KR,MRR_RT,LEV,2023-11-12,4.5,A,F,,,P1D,,E,4F0,,,,,,,,,,,,,,,,7,,,Main refinancing operations - Minimum bid rate/fixed rate (date of changes) - Level,"Euro area (changing composition) - Key interest rate - Main refinancing operations - Minimum bid rate/fixed rate (date of changes) - Level - Euro, provided by ECB",PCPA,0
FM.D.U2.EUR.4F.KR.MRR_RT.LEV,D,U2,EUR,4F,KR,MRR_RT,LEV,2023-11-13,4.5,A,F,,,P1D,,E,4F0,,,,,,,,,,,,,,,,7,,,Main refinancing operations - Minimum bid rate/fixed rate (date of changes) - Level,"Euro area (changing composition) - Key interest rate - Main refinancing operations - Minimum bid rate/fixed rate (date of changes) - Level - Euro, provided by ECB",PCPA,0
FM.D.U2.EUR.4F.KR.MRR_RT.LEV,D,U2,EUR,4F,KR,MRR_RT,LEV,2023-11-14,4.5,A,F,,,P1D,,E,4F0,,,,,,,,,,,,,,,,7,,,Main refinancing operations - Minimum bid rate/fixed rate (date of changes) - Level,"Euro area (changing composition) - Key interest rate - Main refinancing operations - Minimum bid rate/fixed rate (date of changes) - Level - Euro, provided by ECB",PCPA,0
FM.D.U2.EUR.4F.KR.MRR_RT.LEV,D,U2,EUR,4F,KR,MRR_RT,LEV,2023-11-15,4.5,A,F,,,P1D,,E,4F0,,,,,,,,,,,,,,,,7,,,Main refinancing operations - Minimum bid rate/fixed rate (date of changes) - Level,"Euro area (changing composition) - Key interest rate - Main refinancing operations - Minimum bid rate/fixed rate (date of changes) - Level - Euro, provided by ECB",PCPA,0
FM.D.U2.EUR.4F.KR.MRR_RT.LEV,D,U2,EUR,4F,KR,MRR_RT,LEV,2023-11-16,4.5,A,F,,,P1D,,E,4F0,,,,,,,,,,,,,,,,7,,,Main refinancing operations - Minimum bid rate/fixed rate (date of changes) - Level,"Euro area (changing composition) - Key interest rate - Main refinancing operations - Minimum bid rate/fixed rate (date of changes) - Level - Euro, provided by ECB",PCPA,0
FM.D.U2.EUR.4F.KR.MRR_RT.LEV,D,U2,EUR,4F,KR,MRR_RT,LEV,2023-11-17,4.5,A,F,,,P1D,,E,4F0,,,,,,,,,,,,,,,,7,,,Main refinancing operations - Minimum bid rate/fixed rate (date of changes) - Level,"Euro area (changing composition) - Key interest rate - Main refinancing operations - Minimum bid rate/fixed rate (date of changes) - Level - Euro, provided by ECB",PCPA,0
FM.D.U2.EUR.4F.KR.MRR_RT.LEV,D,U2,EUR,4F,KR,MRR_RT,LEV,2023-11-18,4.5,A,F,,,P1D,,E,4F0,,,,,,,,,,,,,,,,7,,,Main refinancing operations - Minimum bid rate/fixed rate (date of changes) - Level,"Euro area (changing composition) - Key interest rate - Main refinancing operations - Minimum bid rate/fixed rate (date of changes) - Level - Euro, provided by ECB",PCPA,0
FM.D.U2.EUR.4F.KR.MRR_RT.LEV,D,U2,EUR,4F,KR,MRR_RT,LEV,2023-11-19,4.5,A,F,,,P1D,,E,4F0,,,,,,,,,,,,,,,,7,,,Main refinancing operations - Minimum bid rate/fixed rate (date of changes) - Level,"Euro area (changing composition) - Key interest rate - Main refinancing operations - Minimum bid rate/fixed rate (date of changes) - Level - Euro, provided by ECB",PCPA,0
FM.D.U2.EUR.4F.KR.MRR_RT.LEV,D,U2,EUR,4F,KR,MRR_RT,LEV,2023-11-20,4.5,A,F,,,P1D,,E,4F0,,,,,,,,,,,,,,,,7,,,Main refinancing operations - Minimum bid rate/fixed rate (date of changes) - Level,"Euro area (changing composition) - Key interest rate - Main refinancing operations - Minimum bid rate/fixed rate (date of changes) - Level - Euro, provided by ECB",PCPA,0
FM.D.U2.EUR.4F.KR.MRR_RT.LEV,D,U2,EUR,4F,KR,MRR_RT,LEV,2023-11-21,4.5,A,F,,,P1D,,E,4F0,,,,,,,,,,,,,,,,7,,,Main refinancing operations - Minimum bid rate/fixed rate (date of changes) - Level,"Euro area (changing composition) - Key interest rate - Main refinancing operations - Minimum bid rate/fixed rate (date of changes) - Level - Euro, provided by ECB",PCPA,0
FM.D.U2.EUR.4F.KR.MRR_RT.LEV,D,U2,EUR,4F,KR,MRR_RT,LEV,2023-11-22,4.5,A,F,,,P1D,,E,4F0,,,,,,,,,,,,,,,,7,,,Main refinancing operations - Minimum bid rate/fixed rate (date of changes) - Level,"Euro area (changing composition) - Key interest rate - Main refinancing operations - Minimum bid rate/fixed rate (date of changes) - Level - Euro, provided by ECB",PCPA,0
FM.D.U2.EUR.4F.KR.MRR_RT.LEV,D,U2,EUR,4F,KR,MRR_RT,LEV,2023-11-23,4.5,A,F,,,P1D,,E,4F0,,,,,,,,,,,,,,,,7,,,Main refinancing operations - Minimum bid rate/fixed rate (date of changes) - Level,"Euro area (changing composition) - Key interest rate - Main refinancing operations - Minimum bid rate/fixed rate (date of changes) - Level - Euro, provided by ECB",PCPA,0
FM.D.U2.EUR.4F.KR.MRR_RT.LEV,D,U2,EUR,4F,KR,MRR_RT,LEV,2023-11-24,4.5,A,F,,,P1D,,E,4F0,,,,,,,,,,,,,,,,7,,,Main refinancing operations - Minimum bid rate/fixed rate (date of changes) - Level,"Euro area (changing composition) - Key interest rate - Main refinancing operations - Minimum bid rate/fixed rate (date of changes) - Level - Euro, provided by ECB",PCPA,0
FM.D.U2.EUR.4F.KR.MRR_RT.LEV,D,U2,EUR,4F,KR,MRR_RT,LEV,2023-11-25,4.5,A,F,,,P1D,,E,4F0,,,,,,,,,,,,,,,,7,,,Main refinancing operations - Minimum bid rate/fixed rate (date of changes) - Level,"Euro area (changing composition) - Key interest rate - Main refinancing operations - Minimum bid rate/fixed rate (date of changes) - Level - Euro, provided by ECB",PCPA,0
FM.D.U2.EUR.4F.KR.MRR_RT.LEV,D,U2,EUR,4F,KR,MRR_RT,LEV,2023-11-26,4.5,A,F,,,P1D,,E,4F0,,,,,,,,,,,,,,,,7,,,Main refinancing operations - Minimum bid rate/fixed rate (date of changes) - Level,"Euro area (changing composition) - Key interest rate - Main refinancing operations - Minimum bid rate/fixed rate (date of changes) - Level - Euro, provided by ECB",PCPA,0
FM.D.U2.EUR.4F.KR.MRR_RT.LEV,D,U2,EUR,4F,KR,MRR_RT,LEV,2023-11-27,4.5,A,F,,,P1D,,E,4F0,,,,,,,,,,,,,,,,7,,,Main refinancing operations - Minimum bid rate/fixed rate (date of changes) - Level,"Euro area (changing composition) - Key interest rate - Main refinancing operations - Minimum bid rate/fixed rate (date of changes) - Level - Euro, provided by ECB",PCPA,0
FM.D.U2.EUR.4F.KR.MRR_RT.LEV,D,U2,EUR,4F,KR,MRR_RT,LEV,2023-11-28,4.5,A,F,,,P1D,,E,4F0,,,,,,,,,,,,,,,,7,,,Main refinancing operations - Minimum bid rate/fixed rate (date of changes) - Level,"Euro area (changing composition) - Key interest rate - Main refinancing operations - Minimum bid rate/fixed rate (date of changes) - Level - Euro, provided by ECB",PCPA,0
FM.D.U2.EUR.4F.KR.MRR_RT.LEV,D,U2,EUR,4F,KR,MRR_RT,LEV,2023-11-29,4.5,A,F,,,P1D,,E,4F0,,,,,,,,,,,,,,,,7,,,Main refinancing operations - Minimum bid rate/fixed rate (date of changes) - Level,"Euro area (changing composition) - Key interest rate - Main refinancing operations - Minimum bid rate/fixed rate (date of changes) - Level - Euro, provided by ECB",PCPA,0
FM.D.U2.EUR.4F.KR.MRR_RT.LEV,D,U2,EUR,4F,KR,MRR_RT,LEV,2023-11-30,4.5,A,F,,,P1D,,E,4F0,,,,,,,,,,,,,,,,7,,,Main refinancing operations - Minimum bid rate/fixed rate (date of changes) - Level,"Euro area (changing composition) - Key interest rate - Main refinancing operations - Minimum bid rate/fixed rate (date of changes) - Level - Euro, provided by ECB",PCPA,0
FM.D.U2.EUR.4F.KR.MRR_RT.LEV,D,U2,EUR,4F,KR,MRR_RT,LEV,2023-12-01,4.5,A,F,,,P1D,,E,4F0,,,,,,,,,,,,,,,,7,,,Main refinancing operations - Minimum bid rate/fixed rate (date of changes) - Level,"Euro area (changing composition) - Key interest rate - Main refinancing operations - Minimum bid rate/fixed rate (date of changes) - Level - Euro, provided by ECB",PCPA,0
FM.D.U2.EUR.4F.KR.MRR_RT.LEV,D,U2,EUR,4F,KR,MRR_RT,LEV,2023-12-02,4.5,A,F,,,P1D,,E,4F0,,,,,,,,,,,,,,,,7,,,Main refinancing operations - Minimum bid rate/fixed rate (date of changes) - Level,"Euro area (changing composition) - Key interest rate - Main refinancing operations - Minimum bid rate/fixed rate (date of changes) - Level - Euro, provided by ECB",PCPA,0
FM.D.U2.EUR.4F.KR.MRR_RT.LEV,D,U2,EUR,4F,KR,MRR_RT,LEV,2023-12-03,4.5,A,F,,,P1D,,E,4F0,,,,,,,,,,,,,,,,7,,,Main refinancing operations - Minimum bid rate/fixed rate (date of changes) - Level,"Euro area (changing composition) - Key interest rate - Main refinancing operations - Minimum bid rate/fixed rate (date of changes) - Level - Euro, provided by ECB",PCPA,0
FM.D.U2.EUR.4F.KR.MRR_RT.LEV,D,U2,EUR,4F,KR,MRR_RT,LEV,2023-12-04,4.5,A,F,,,P1D,,E,4F0,,,,,,,,,,,,,,,,7,,,Main refinancing operations - Minimum bid rate/fixed rate (date of changes) - Level,"Euro area (changing composition) - Key interest rate - Main refinancing operations - Minimum bid rate/fixed rate (date of changes) - Level - Euro, provided by ECB",PCPA,0
FM.D.U2.EUR.4F.KR.MRR_RT.LEV,D,U2,EUR,4F,KR,MRR_RT,LEV,2023-12-05,4.5,A,F,,,P1D,,E,4F0,,,,,,,,,,,,,,,,7,,,Main refinancing operations - Minimum bid rate/fixed rate (date of changes) - Level,"Euro area (changing composition) - Key interest rate - Main refinancing operations - Minimum bid rate/fixed rate (date of changes) - Level - Euro, provided by ECB",PCPA,0
FM.D.U2.EUR.4F.KR.MRR_RT.LEV,D,U2,EUR,4F,KR,MRR_RT,LEV,2023-12-06,4.5,A,F,,,P1D,,E,4F0,,,,,,,,,,,,,,,,7,,,Main refinancing operations - Minimum bid rate/fixed rate (date of changes) - Level,"Euro area (changing composition) - Key interest rate - Main refinancing operations - Minimum bid rate/fixed rate (date of changes) - Level - Euro, provided by ECB",PCPA,0
FM.D.U2.EUR.4F.KR.MRR_RT.LEV,D,U2,EUR,4F,KR,MRR_RT,LEV,2023-12-07,4.5,A,F,,,P1D,,E,4F0,,,,,,,,,,,,,,,,7,,,Main refinancing operations - Minimum bid rate/fixed rate (date of changes) - Level,"Euro area (changing composition) - Key interest rate - Main refinancing operations - Minimum bid rate/fixed rate (date of changes) - Level - Euro, provided by ECB",PCPA,0
FM.D.U2.EUR.4F.KR.MRR_RT.LEV,D,U2,EUR,4F,KR,MRR_RT,LEV,2023-12-08,4.5,A,F,,,P1D,,E,4F0,,,,,,,,,,,,,,,,7,,,Main refinancing operations - Minimum bid rate/fixed rate (date of changes) - Level,"Euro area (changing composition) - Key interest rate - Main refinancing operations - Minimum bid rate/fixed rate (date of changes) - Level - Euro, provided by ECB",PCPA,0
FM.D.U2.EUR.4F.KR.MRR_RT.LEV,D,U2,EUR,4F,KR,MRR_RT,LEV,2023-12-09,4.5,A,F,,,P1D,,E,4F0,,,,,,,,,,,,,,,,7,,,Main refinancing operations - Minimum bid rate/fixed rate (date of changes) - Level,"Euro area (changing composition) - Key interest rate - Main refinancing operations - Minimum bid rate/fixed rate (date of changes) - Level - Euro, provided by ECB",PCPA,0
FM.D.U2.EUR.4F.KR.MRR_RT.LEV,D,U2,EUR,4F,KR,MRR_RT,LEV,2023-12-10,4.5,A,F,,,P1D,,E,4F0,,,,,,,,,,,,,,,,7,,,Main refinancing operations - Minimum bid rate/fixed rate (date of changes) - Level,"Euro area (changing composition) - Key interest rate - Main refinancing operations - Minimum bid rate/fixed rate (date of changes) - Level - Euro, provided by ECB",PCPA,0
FM.D.U2.EUR.4F.KR.MRR_RT.LEV,D,U2,EUR,4F,KR,MRR_RT,LEV,2023-12-11,4.5,A,F,,,P1D,,E,4F0,,,,,,,,,,,,,,,,7,,,Main refinancing operations - Minimum bid rate/fixed rate (date of changes) - Level,"Euro area (changing composition) - Key interest rate - Main refinancing operations - Minimum bid rate/fixed rate (date of changes) - Level - Euro, provided by ECB",PCPA,0
FM.D.U2.EUR.4F.KR.MRR_RT.LEV,D,U2,EUR,4F,KR,MRR_RT,LEV,2023-12-12,4.5,A,F,,,P1D,,E,4F0,,,,,,,,,,,,,,,,7,,,Main refinancing operations - Minimum bid rate/fixed rate (date of changes) - Level,"Euro area (changing composition) - Key interest rate - Main refinancing operations - Minimum bid rate/fixed rate (date of changes) - Level - Euro, provided by ECB",PCPA,0
FM.D.U2.EUR.4F.KR.MRR_RT.LEV,D,U2,EUR,4F,KR,MRR_RT,LEV,2023-12-13,4.5,A,F,,,P1D,,E,4F0,,,,,,,,,,,,,,,,7,,,Main refinancing operations - Minimum bid rate/fixed rate (date of changes) - Level,"Euro area (changing composition) - Key interest rate - Main refinancing operations - Minimum bid rate/fixed rate (date of changes) - Level - Euro, provided by ECB",PCPA,0
FM.D.U2.EUR.4F.KR.MRR_RT.LEV,D,U2,EUR,4F,KR,MRR_RT,LEV,2023-12-14,4.5,A,F,,,P1D,,E,4F0,,,,,,,,,,,,,,,,7,,,Main refinancing operations - Minimum bid rate/fixed rate (date of changes) - Level,"Euro area (changing composition) - Key interest rate - Main refinancing operations - Minimum bid rate/fixed rate (date of changes) - Level - Euro, provided by ECB",PCPA,0
FM.D.U2.EUR.4F.KR.MRR_RT.LEV,D,U2,EUR,4F,KR,MRR_RT,LEV,2023-12-15,4.5,A,F,,,P1D,,E,4F0,,,,,,,,,,,,,,,,7,,,Main refinancing operations - Minimum bid rate/fixed rate (date of changes) - Level,"Euro area (changing composition) - Key interest rate - Main refinancing operations - Minimum bid rate/fixed rate (date of changes) - Level - Euro, provided by ECB",PCPA,0
FM.D.U2.EUR.4F.KR.MRR_RT.LEV,D,U2,EUR,4F,KR,MRR_RT,LEV,2023-12-16,4.5,A,F,,,P1D,,E,4F0,,,,,,,,,,,,,,,,7,,,Main refinancing operations - Minimum bid rate/fixed rate (date of changes) - Level,"Euro area (changing composition) - Key interest rate - Main refinancing operations - Minimum bid rate/fixed rate (date of changes) - Level - Euro, provided by ECB",PCPA,0
FM.D.U2.EUR.4F.KR.MRR_RT.LEV,D,U2,EUR,4F,KR,MRR_RT,LEV,2023-12-17,4.5,A,F,,,P1D,,E,4F0,,,,,,,,,,,,,,,,7,,,Main refinancing operations - Minimum bid rate/fixed rate (date of changes) - Level,"Euro area (changing composition) - Key interest rate - Main refinancing operations - Minimum bid rate/fixed rate (date of changes) - Level - Euro, provided by ECB",PCPA,0
FM.D.U2.EUR.4F.KR.MRR_RT.LEV,D,U2,EUR,4F,KR,MRR_RT,LEV,2023-12-18,4.5,A,F,,,P1D,,E,4F0,,,,,,,,,,,,,,,,7,,,Main refinancing operations - Minimum bid rate/fixed rate (date of changes) - Level,"Euro area (changing composition) - Key interest rate - Main refinancing operations - Minimum bid rate/fixed rate (date of changes) - Level - Euro, provided by ECB",PCPA,0
FM.D.U2.EUR.4F.KR.MRR_RT.LEV,D,U2,EUR,4F,KR,MRR_RT,LEV,2023-12-19,4.5,A,F,,,P1D,,E,4F0,,,,,,,,,,,,,,,,7,,,Main refinancing operations - Minimum bid rate/fixed rate (date of changes) - Level,"Euro area (changing composition) - Key interest rate - Main refinancing operations - Minimum bid rate/fixed rate (date of changes) - Level - Euro, provided by ECB",PCPA,0
FM.D.U2.EUR.4F.KR.MRR_RT.LEV,D,U2,EUR,4F,KR,MRR_RT,LEV,2023-12-20,4.5,A,F,,,P1D,,E,4F0,,,,,,,,,,,,,,,,7,,,Main refinancing operations - Minimum bid rate/fixed rate (date of changes) - Level,"Euro area (changing composition) - Key interest rate - Main refinancing operations - Minimum bid rate/fixed rate (date of changes) - Level - Euro, provided by ECB",PCPA,0
FM.D.U2.EUR.4F.KR.MRR_RT.LEV,D,U2,EUR,4F,KR,MRR_RT,LEV,2023-12-21,4.5,A,F,,,P1D,,E,4F0,,,,,,,,,,,,,,,,7,,,Main refinancing operations - Minimum bid rate/fixed rate (date of changes) - Level,"Euro area (changing composition) - Key interest rate - Main refinancing operations - Minimum bid rate/fixed rate (date of changes) - Level - Euro, provided by ECB",PCPA,0
FM.D.U2.EUR.4F.KR.MRR_RT.LEV,D,U2,EUR,4F,KR,MRR_RT,LEV,2023-12-22,4.5,A,F,,,P1D,,E,4F0,,,,,,,,,,,,,,,,7,,,Main refinancing operations - Minimum bid rate/fixed rate (date of changes) - Level,"Euro area (changing composition) - Key interest rate - Main refinancing operations - Minimum bid rate/fixed rate (date of changes) - Level - Euro, provided by ECB",PCPA,0
FM.D.U2.EUR.4F.KR.MRR_RT.LEV,D,U2,EUR,4F,KR,MRR_RT,LEV,2023-12-23,4.5,A,F,,,P1D,,E,4F0,,,,,,,,,,,,,,,,7,,,Main refinancing operations - Minimum bid rate/fixed rate (date of changes) - Level,"Euro area (changing composition) - Key interest rate - Main refinancing operations - Minimum bid rate/fixed rate (date of changes) - Level - Euro, provided by ECB",PCPA,0
FM.D.U2.EUR.4F.KR.MRR_RT.LEV,D,U2,EUR,4F,KR,MRR_RT,LEV,2023-12-24,4.5,A,F,,,P1D,,E,4F0,,,,,,,,,,,,,,,,7,,,Main refinancing operations - Minimum bid rate/fixed rate (date of changes) - Level,"Euro area (changing composition) - Key interest rate - Main refinancing operations - Minimum bid rate/fixed rate (date of changes) - Level - Euro, provided by ECB",PCPA,0
FM.D.U2.EUR.4F.KR.MRR_RT.LEV,D,U2,EUR,4F,KR,MRR_RT,LEV,2023-12-25,4.5,A,F,,,P1D,,E,4F0,,,,,,,,,,,,,,,,7,,,Main refinancing operations - Minimum bid rate/fixed rate (date of changes) - Level,"Euro area (changing composition) - Key interest rate - Main refinancing operations - Minimum bid rate/fixed rate (date of changes) - Level - Euro, provided by ECB",PCPA,0
FM.D.U2.EUR.4F.KR.MRR_RT.LEV,D,U2,EUR,4F,KR,MRR_RT,LEV,2023-12-26,4.5,A,F,,,P1D,,E,4F0,,,,,,,,,,,,,,,,7,,,Main refinancing operations - Minimum bid rate/fixed rate (date of changes) - Level,"Euro area (changing composition) - Key interest rate - Main refinancing operations - Minimum bid rate/fixed rate (date of changes) - Level - Euro, provided by ECB",PCPA,0
FM.D.U2.EUR.4F.KR.MRR_RT.LEV,D,U2,EUR,4F,KR,MRR_RT,LEV,2023-12-27,4.5,A,F,,,P1D,,E,4F0,,,,,,,,,,,,,,,,7,,,Main refinancing operations - Minimum bid rate/fixed rate (date of changes) - Level,"Euro area (changing composition) - Key interest rate - Main refinancing operations - Minimum bid rate/fixed rate (date of changes) - Level - Euro, provided by ECB",PCPA,0
FM.D.U2.EUR.4F.KR.MRR_RT.LEV,D,U2,EUR,4F,KR,MRR_RT,LEV,2023-12-28,4.5,A,F,,,P1D,,E,4F0,,,,,,,,,,,,,,,,7,,,Main refinancing operations - Minimum bid rate/fixed rate (date of changes) - Level,"Euro area (changing composition) - Key interest rate - Main refinancing operations - Minimum bid rate/fixed rate (date of changes) - Level - Euro, provided by ECB",PCPA,0
FM.D.U2.EUR.4F.KR.MRR_RT.LEV,D,U2,EUR,4F,KR,MRR_RT,LEV,2023-12-29,4.5,A,F,,,P1D,,E,4F0,,,,,,,,,,,,,,,,7,,,Main refinancing operations - Minimum bid rate/fixed rate (date of changes) - Level,"Euro area (changing composition) - Key interest rate - Main refinancing operations - Minimum bid rate/fixed rate (date of changes) - Level - Euro, provided by ECB",PCPA,0
FM.D.U2.EUR.4F.KR.MRR_RT.LEV,D,U2,EUR,4F,KR,MRR_RT,LEV,2023-12-30,4.5,A,F,,,P1D,,E,4F0,,,,,,,,,,,,,,,,7,,,Main refinancing operations - Minimum bid rate/fixed rate (date of changes) - Level,"Euro area (changing composition) - Key interest rate - Main refinancing operations - Minimum bid rate/fixed rate (date of changes) - Level - Euro, provided by ECB",PCPA,0
FM.D.U2.EUR.4F.KR.MRR_RT.LEV,D,U2,EUR,4F,KR,MRR_RT,LEV,2023-12-31,4.5,A,F,,,P1D,,E,4F0,,,,,,,,,,,,,,,,7,,,Main refinancing operations - Minimum bid rate/fixed rate (date of changes) - Level,"Euro area (changing composition) - Key interest rate - Main refinancing operations - Minimum bid rate/fixed rate (date of changes) - Level - Euro, provided by ECB",PCPA,0
FM.D.U2.EUR.4F.KR.MRR_RT.LEV,D,U2,EUR,4F,KR,MRR_RT,LEV,2024-01-01,4.5,A,F,,,P1D,,E,4F0,,,,,,,,,,,,,,,,7,,,Main refinancing operations - Minimum bid rate/fixed rate (date of changes) - Level,"Euro area (changing composition) - Key interest rate - Main refinancing operations - Minimum bid rate/fixed rate (date of changes) - Level - Euro, provided by ECB",PCPA,0
FM.D.U2.EUR.4F.KR.MRR_RT.LEV,D,U2,EUR,4F,KR,MRR_RT,LEV,2024-01-02,4.5,A,F,,,P1D,,E,4F0,,,,,,,,,,,,,,,,7,,,Main refinancing operations - Minimum bid rate/fixed rate (date of changes) - Level,"Euro area (changing composition) - Key interest rate - Main refinancing operations - Minimum bid rate/fixed rate (date of changes) - Level - Euro, provided by ECB",PCPA,0
FM.D.U2.EUR.4F.KR.MRR_RT.LEV,D,U2,EUR,4F,KR,MRR_RT,LEV,2024-01-03,4.5,A,F,,,P1D,,E,4F0,,,,,,,,,,,,,,,,7,,,Main refinancing operations - Minimum bid rate/fixed rate (date of changes) - Level,"Euro area (changing composition) - Key interest rate - Main refinancing operations - Minimum bid rate/fixed rate (date of changes) - Level - Euro, provided by ECB",PCPA,0
FM.D.U2.EUR.4F.KR.MRR_RT.LEV,D,U2,EUR,4F,KR,MRR_RT,LEV,2024-01-04,4.5,A,F,,,P1D,,E,4F0,,,,,,,,,,,,,,,,7,,,Main refinancing operations - Minimum bid rate/fixed rate (date of changes) - Level,"Euro area (changing composition) - Key interest rate - Main refinancing operations - Minimum bid rate/fixed rate (date of changes) - Level - Euro, provided by ECB",PCPA,0
FM.D.U2.EUR.4F.KR.MRR_RT.LEV,D,U2,EUR,4F,KR,MRR_RT,LEV,2024-01-05,4.5,A,F,,,P1D,,E,4F0,,,,,,,,,,,,,,,,7,,,Main refinancing operations - Minimum bid rate/fixed rate (date of changes) - Level,"Euro area (changing composition) - Key interest rate - Main refinancing operations - Minimum bid rate/fixed rate (date of changes) - Level - Euro, provided by ECB",PCPA,0
FM.D.U2.EUR.4F.KR.MRR_RT.LEV,D,U2,EUR,4F,KR,MRR_RT,LEV,2024-01-06,4.5,A,F,,,P1D,,E,4F0,,,,,,,,,,,,,,,,7,,,Main refinancing operations - Minimum bid rate/fixed rate (date of changes) - Level,"Euro area (changing composition) - Key interest rate - Main refinancing operations - Minimum bid rate/fixed rate (date of changes) - Level - Euro, provided by ECB",PCPA,0
FM.D.U2.EUR.4F.KR.MRR_RT.LEV,D,U2,EUR,4F,KR,MRR_RT,LEV,2024-01-07,4.5,A,F,,,P1D,,E,4F0,,,,,,,,,,,,,,,,7,,,Main refinancing operations - Minimum bid rate/fixed rate (date of changes) - Level,"Euro area (changing composition) - Key interest rate - Main refinancing operations - Minimum bid rate/fixed rate (date of changes) - Level - Euro, provided by ECB",PCPA,0
FM.D.U2.EUR.4F.KR.MRR_RT.LEV,D,U2,EUR,4F,KR,MRR_RT,LEV,2024-01-08,4.5,A,F,,,P1D,,E,4F0,,,,,,,,,,,,,,,,7,,,Main refinancing operations - Minimum bid rate/fixed rate (date of changes) - Level,"Euro area (changing composition) - Key interest rate - Main refinancing operations - Minimum bid rate/fixed rate (date of changes) - Level - Euro, provided by ECB",PCPA,0
FM.D.U2.EUR.4F.KR.MRR_RT.LEV,D,U2,EUR,4F,KR,MRR_RT,LEV,2024-01-09,4.5,A,F,,,P1D,,E,4F0,,,,,,,,,,,,,,,,7,,,Main refinancing operations - Minimum bid rate/fixed rate (date of changes) - Level,"Euro area (changing composition) - Key interest rate - Main refinancing operations - Minimum bid rate/fixed rate (date of changes) - Level - Euro, provided by ECB",PCPA,0
FM.D.U2.EUR.4F.KR.MRR_RT.LEV,D,U2,EUR,4F,KR,MRR_RT,LEV,2024-01-10,4.5,A,F,,,P1D,,E,4F0,,,,,,,,,,,,,,,,7,,,Main refinancing operations - Minimum bid rate/fixed rate (date of changes) - Level,"Euro area (changing composition) - Key interest rate - Main refinancing operations - Minimum bid rate/fixed rate (date of changes) - Level - Euro, provided by ECB",PCPA,0
FM.D.U2.EUR.4F.KR.MRR_RT.LEV,D,U2,EUR,4F,KR,MRR_RT,LEV,2024-01-11,4.5,A,F,,,P1D,,E,4F0,,,,,,,,,,,,,,,,7,,,Main refinancing operations - Minimum bid rate/fixed rate (date of changes) - Level,"Euro area (changing composition) - Key interest rate - Main refinancing operations - Minimum bid rate/fixed rate (date of changes) - Level - Euro, provided by ECB",PCPA,0
FM.D.U2.EUR.4F.KR.MRR_RT.LEV,D,U2,EUR,4F,KR,MRR_RT,LEV,2024-01-12,4.5,A,F,,,P1D,,E,4F0,,,,,,,,,,,,,,,,7,,,Main refinancing operations - Minimum bid rate/fixed rate (date of changes) - Level,"Euro area (changing composition) - Key interest rate - Main refinancing operations - Minimum bid rate/fixed rate (date of changes) - Level - Euro, provided by ECB",PCPA,0
FM.D.U2.EUR.4F.KR.MRR_RT.LEV,D,U2,EUR,4F,KR,MRR_RT,LEV,2024-01-13,4.5,A,F,,,P1D,,E,4F0,,,,,,,,,,,,,,,,7,,,Main refinancing operations - Minimum bid rate/fixed rate (date of changes) - Level,"Euro area (changing composition) - Key interest rate - Main refinancing operations - Minimum bid rate/fixed rate (date of changes) - Level - Euro, provided by ECB",PCPA,0
FM.D.U2.EUR.4F.KR.MRR_RT.LEV,D,U2,EUR,4F,KR,MRR_RT,LEV,2024-01-14,4.5,A,F,,,P1D,,E,4F0,,,,,,,,,,,,,,,,7,,,Main refinancing operations - Minimum bid rate/fixed rate (date of changes) - Level,"Euro area (changing composition) - Key interest rate - Main refinancing operations - Minimum bid rate/fixed rate (date of changes) - Level - Euro, provided by ECB",PCPA,0
FM.D.U2.EUR.4F.KR.MRR_RT.LEV,D,U2,EUR,4F,KR,MRR_RT,LEV,2024-01-15,4.5,A,F,,,P1D,,E,4F0,,,,,,,,,,,,,,,,7,,,Main refinancing operations - Minimum bid rate/fixed rate (date of changes) - Level,"Euro area (changing composition) - Key interest rate - Main refinancing operations - Minimum bid rate/fixed rate (date of changes) - Level - Euro, provided by ECB",PCPA,0
FM.D.U2.EUR.4F.KR.MRR_RT.LEV,D,U2,EUR,4F,KR,MRR_RT,LEV,2024-01-16,4.5,A,F,,,P1D,,E,4F0,,,,,,,,,,,,,,,,7,,,Main refinancing operations - Minimum bid rate/fixed rate (date of changes) - Level,"Euro area (changing composition) - Key interest rate - Main refinancing operations - Minimum bid rate/fixed rate (date of changes) - Level - Euro, provided by ECB",PCPA,0
FM.D.U2.EUR.4F.KR.MRR_RT.LEV,D,U2,EUR,4F,KR,MRR_RT,LEV,2024-01-17,4.5,A,F,,,P1D,,E,4F0,,,,,,,,,,,,,,,,7,,,Main refinancing operations - Minimum bid rate/fixed rate (date of changes) - Level,"Euro area (changing composition) - Key interest rate - Main refinancing operations - Minimum bid rate/fixed rate (date of changes) - Level - Euro, provided by ECB",PCPA,0
FM.D.U2.EUR.4F.KR.MRR_RT.LEV,D,U2,EUR,4F,KR,MRR_RT,LEV,2024-01-18,4.5,A,F,,,P1D,,E,4F0,,,,,,,,,,,,,,,,7,,,Main refinancing operations - Minimum bid rate/fixed rate (date of changes) - Level,"Euro area (changing composition) - Key interest rate - Main refinancing operations - Minimum bid rate/fixed rate (date of changes) - Level - Euro, provided by ECB",PCPA,0
FM.D.U2.EUR.4F.KR.MRR_RT.LEV,D,U2,EUR,4F,KR,MRR_RT,LEV,2024-01-19,4.5,A,F,,,P1D,,E,4F0,,,,,,,,,,,,,,,,7,,,Main refinancing operations - Minimum bid rate/fixed rate (date of changes) - Level,"Euro area (changing composition) - Key interest rate - Main refinancing operations - Minimum bid rate/fixed rate (date of changes) - Level - Euro, provided by ECB",PCPA,0
FM.D.U2.EUR.4F.KR.MRR_RT.LEV,D,U2,EUR,4F,KR,MRR_RT,LEV,2024-01-20,4.5,A,F,,,P1D,,E,4F0,,,,,,,,,,,,,,,,7,,,Main refinancing operations - Minimum bid rate/fixed rate (date of changes) - Level,"Euro area (changing composition) - Key interest rate - Main refinancing operations - Minimum bid rate/fixed rate (date of changes) - Level - Euro, provided by ECB",PCPA,0
FM.D.U2.EUR.4F.KR.MRR_RT.LEV,D,U2,EUR,4F,KR,MRR_RT,LEV,2024-01-21,4.5,A,F,,,P1D,,E,4F0,,,,,,,,,,,,,,,,7,,,Main refinancing operations - Minimum bid rate/fixed rate (date of changes) - Level,"Euro area (changing composition) - Key interest rate - Main refinancing operations - Minimum bid rate/fixed rate (date of changes) - Level - Euro, provided by ECB",PCPA,0
FM.D.U2.EUR.4F.KR.MRR_RT.LEV,D,U2,EUR,4F,KR,MRR_RT,LEV,2024-01-22,4.5,A,F,,,P1D,,E,4F0,,,,,,,,,,,,,,,,7,,,Main refinancing operations - Minimum bid rate/fixed rate (date of changes) - Level,"Euro area (changing composition) - Key interest rate - Main refinancing operations - Minimum bid rate/fixed rate (date of changes) - Level - Euro, provided by ECB",PCPA,0
FM.D.U2.EUR.4F.KR.MRR_RT.LEV,D,U2,EUR,4F,KR,MRR_RT,LEV,2024-01-23,4.5,A,F,,,P1D,,E,4F0,,,,,,,,,,,,,,,,7,,,Main refinancing operations - Minimum bid rate/fixed rate (date of changes) - Level,"Euro area (changing composition) - Key interest rate - Main refinancing operations - Minimum bid rate/fixed rate (date of changes) - Level - Euro, provided by ECB",PCPA,0
FM.D.U2.EUR.4F.KR.MRR_RT.LEV,D,U2,EUR,4F,KR,MRR_RT,LEV,2024-01-24,4.5,A,F,,,P1D,,E,4F0,,,,,,,,,,,,,,,,7,,,Main refinancing operations - Minimum bid rate/fixed rate (date of changes) - Level,"Euro area (changing composition) - Key interest rate - Main refinancing operations - Minimum bid rate/fixed rate (date of changes) - Level - Euro, provided by ECB",PCPA,0
FM.D.U2.EUR.4F.KR.MRR_RT.LEV,D,U2,EUR,4F,KR,MRR_RT,LEV,2024-01-25,4.5,A,F,,,P1D,,E,4F0,,,,,,,,,,,,,,,,7,,,Main refinancing operations - Minimum bid rate/fixed rate (date of changes) - Level,"Euro area (changing composition) - Key interest rate - Main refinancing operations - Minimum bid rate/fixed rate (date of changes) - Level - Euro, provided by ECB",PCPA,0
FM.D.U2.EUR.4F.KR.MRR_RT.LEV,D,U2,EUR,4F,KR,MRR_RT,LEV,2024-01-26,4.5,A,F,,,P1D,,E,4F0,,,,,,,,,,,,,,,,7,,,Main refinancing operations - Minimum bid rate/fixed rate (date of changes) - Level,"Euro area (changing composition) - Key interest rate - Main refinancing operations - Minimum bid rate/fixed rate (date of changes) - Level - Euro, provided by ECB",PCPA,0
FM.D.U2.EUR.4F.KR.MRR_RT.LEV,D,U2,EUR,4F,KR,MRR_RT,LEV,2024-01-27,4.5,A,F,,,P1D,,E,4F0,,,,,,,,,,,,,,,,7,,,Main refinancing operations - Minimum bid rate/fixed rate (date of changes) - Level,"Euro area (changing composition) - Key interest rate - Main refinancing operations - Minimum bid rate/fixed rate (date of changes) - Level - Euro, provided by ECB",PCPA,0
FM.D.U2.EUR.4F.KR.MRR_RT.LEV,D,U2,EUR,4F,KR,MRR_RT,LEV,2024-01-28,4.5,A,F,,,P1D,,E,4F0,,,,,,,,,,,,,,,,7,,,Main refinancing operations - Minimum bid rate/fixed rate (date of changes) - Level,"Euro area (changing composition) - Key interest rate - Main refinancing operations - Minimum bid rate/fixed rate (date of changes) - Level - Euro, provided by ECB",PCPA,0
FM.D.U2.EUR.4F.KR.MRR_RT.LEV,D,U2,EUR,4F,KR,MRR_RT,LEV,2024-01-29,4.5,A,F,,,P1D,,E,4F0,,,,,,,,,,,,,,,,7,,,Main refinancing operations - Minimum bid rate/fixed rate (date of changes) - Level,"Euro area (changing composition) - Key interest rate - Main refinancing operations - Minimum bid rate/fixed rate (date of changes) - Level - Euro, provided by ECB",PCPA,0
FM.D.U2.EUR.4F.KR.MRR_RT.LEV,D,U2,EUR,4F,KR,MRR_RT,LEV,2024-01-30,4.5,A,F,,,P1D,,E,4F0,,,,,,,,,,,,,,,,7,,,Main refinancing operations - Minimum bid rate/fixed rate (date of changes) - Level,"Euro area (changing composition) - Key interest rate - Main refinancing operations - Minimum bid rate/fixed rate (date of changes) - Level - Euro, provided by ECB",PCPA,0
FM.D.U2.EUR.4F.KR.MRR_RT.LEV,D,U2,EUR,4F,KR,MRR_RT,LEV,2024-01-31,4.5,A,F,,,P1D,,E,4F0,,,,,,,,,,,,,,,,7,,,Main refinancing operations - Minimum bid rate/fixed rate (date of changes) - Level,"Euro area (changing composition) - Key interest rate - Main refinancing operations - Minimum bid rate/fixed rate (date of changes) - Level - Euro, provided by ECB",PCPA,0
FM.D.U2.EUR.4F.KR.MRR_RT.LEV,D,U2,EUR,4F,KR,MRR_RT,LEV,2024-02-01,4.5,A,F,,,P1D,,E,4F0,,,,,,,,,,,,,,,,7,,,Main refinancing operations - Minimum bid rate/fixed rate (date of changes) - Level,"Euro area (changing composition) - Key interest rate - Main refinancing operations - Minimum bid rate/fixed rate (date of changes) - Level - Euro, provided by ECB",PCPA,0
FM.D.U2.EUR.4F.KR.MRR_RT.LEV,D,U2,EUR,4F,KR,MRR_RT,LEV,2024-02-02,4.5,A,F,,,P1D,,E,4F0,,,,,,,,,,,,,,,,7,,,Main refinancing operations - Minimum bid rate/fixed rate (date of changes) - Level,"Euro area (changing composition) - Key interest rate - Main refinancing operations - Minimum bid rate/fixed rate (date of changes) - Level - Euro, provided by ECB",PCPA,0
FM.D.U2.EUR.4F.KR.MRR_RT.LEV,D,U2,EUR,4F,KR,MRR_RT,LEV,2024-02-03,4.5,A,F,,,P1D,,E,4F0,,,,,,,,,,,,,,,,7,,,Main refinancing operations - Minimum bid rate/fixed rate (date of changes) - Level,"Euro area (changing composition) - Key interest rate - Main refinancing operations - Minimum bid rate/fixed rate (date of changes) - Level - Euro, provided by ECB",PCPA,0
FM.D.U2.EUR.4F.KR.MRR_RT.LEV,D,U2,EUR,4F,KR,MRR_RT,LEV,2024-02-04,4.5,A,F,,,P1D,,E,4F0,,,,,,,,,,,,,,,,7,,,Main refinancing operations - Minimum bid rate/fixed rate (date of changes) - Level,"Euro area (changing composition) - Key interest rate - Main refinancing operations - Minimum bid rate/fixed rate (date of changes) - Level - Euro, provided by ECB",PCPA,0
FM.D.U2.EUR.4F.KR.MRR_RT.LEV,D,U2,EUR,4F,KR,MRR_RT,LEV,2024-02-05,4.5,A,F,,,P1D,,E,4F0,,,,,,,,,,,,,,,,7,,,Main refinancing operations - Minimum bid rate/fixed rate (date of changes) - Level,"Euro area (changing composition) - Key interest rate - Main refinancing operations - Minimum bid rate/fixed rate (date of changes) - Level - Euro, provided by ECB",PCPA,0
FM.D.U2.EUR.4F.KR.MRR_RT.LEV,D,U2,EUR,4F,KR,MRR_RT,LEV,2024-02-06,4.5,A,F,,,P1D,,E,4F0,,,,,,,,,,,,,,,,7,,,Main refinancing operations - Minimum bid rate/fixed rate (date of changes) - Level,"Euro area (changing composition) - Key interest rate - Main refinancing operations - Minimum bid rate/fixed rate (date of changes) - Level - Euro, provided by ECB",PCPA,0
FM.D.U2.EUR.4F.KR.MRR_RT.LEV,D,U2,EUR,4F,KR,MRR_RT,LEV,2024-02-07,4.5,A,F,,,P1D,,E,4F0,,,,,,,,,,,,,,,,7,,,Main refinancing operations - Minimum bid rate/fixed rate (date of changes) - Level,"Euro area (changing composition) - Key interest rate - Main refinancing operations - Minimum bid rate/fixed rate (date of changes) - Level - Euro, provided by ECB",PCPA,0
FM.D.U2.EUR.4F.KR.MRR_RT.LEV,D,U2,EUR,4F,KR,MRR_RT,LEV,2024-02-08,4.5,A,F,,,P1D,,E,4F0,,,,,,,,,,,,,,,,7,,,Main refinancing operations - Minimum bid rate/fixed rate (date of changes) - Level,"Euro area (changing composition) - Key interest rate - Main refinancing operations - Minimum bid rate/fixed rate (date of changes) - Level - Euro, provided by ECB",PCPA,0
FM.D.U2.EUR.4F.KR.MRR_RT.LEV,D,U2,EUR,4F,KR,MRR_RT,LEV,2024-02-09,4.5,A,F,,,P1D,,E,4F0,,,,,,,,,,,,,,,,7,,,Main refinancing operations - Minimum bid rate/fixed rate (date of changes) - Level,"Euro area (changing composition) - Key interest rate - Main refinancing operations - Minimum bid rate/fixed rate (date of changes) - Level - Euro, provided by ECB",PCPA,0
FM.D.U2.EUR.4F.KR.MRR_RT.LEV,D,U2,EUR,4F,KR,MRR_RT,LEV,2024-02-10,4.5,A,F,,,P1D,,E,4F0,,,,,,,,,,,,,,,,7,,,Main refinancing operations - Minimum bid rate/fixed rate (date of changes) - Level,"Euro area (changing composition) - Key interest rate - Main refinancing operations - Minimum bid rate/fixed rate (date of changes) - Level - Euro, provided by ECB",PCPA,0
FM.D.U2.EUR.4F.KR.MRR_RT.LEV,D,U2,EUR,4F,KR,MRR_RT,LEV,2024-02-11,4.5,A,F,,,P1D,,E,4F0,,,,,,,,,,,,,,,,7,,,Main refinancing operations - Minimum bid rate/fixed rate (date of changes) - Level,"Euro area (changing composition) - Key interest rate - Main refinancing operations - Minimum bid rate/fixed rate (date of changes) - Level - Euro, provided by ECB",PCPA,0
FM.D.U2.EUR.4F.KR.MRR_RT.LEV,D,U2,EUR,4F,KR,MRR_RT,LEV,2024-02-12,4.5,A,F,,,P1D,,E,4F0,,,,,,,,,,,,,,,,7,,,Main refinancing operations - Minimum bid rate/fixed rate (date of changes) - Level,"Euro area (changing composition) - Key interest rate - Main refinancing operations - Minimum bid rate/fixed rate (date of changes) - Level - Euro, provided by ECB",PCPA,0
FM.D.U2.EUR.4F.KR.MRR_RT.LEV,D,U2,EUR,4F,KR,MRR_RT,LEV,2024-02-13,4.5,A,F,,,P1D,,E,4F0,,,,,,,,,,,,,,,,7,,,Main refinancing operations - Minimum bid rate/fixed rate (date of changes) - Level,"Euro area (changing composition) - Key interest rate - Main refinancing operations - Minimum bid rate/fixed rate (date of changes) - Level - Euro, provided by ECB",PCPA,0
FM.D.U2.EUR.4F.KR.MRR_RT.LEV,D,U2,EUR,4F,KR,MRR_RT,LEV,2024-02-14,4.5,A,F,,,P1D,,E,4F0,,,,,,,,,,,,,,,,7,,,Main refinancing operations - Minimum bid rate/fixed rate (date of changes) - Level,"Euro area (changing composition) - Key interest rate - Main refinancing operations - Minimum bid rate/fixed rate (date of changes) - Level - Euro, provided by ECB",PCPA,0
FM.D.U2.EUR.4F.KR.MRR_RT.LEV,D,U2,EUR,4F,KR,MRR_RT,LEV,2024-02-15,4.5,A,F,,,P1D,,E,4F0,,,,,,,,,,,,,,,,7,,,Main refinancing operations - Minimum bid rate/fixed rate (date of changes) - Level,"Euro area (changing composition) - Key interest rate - Main refinancing operations - Minimum bid rate/fixed rate (date of changes) - Level - Euro, provided by ECB",PCPA,0
FM.D.U2.EUR.4F.KR.MRR_RT.LEV,D,U2,EUR,4F,KR,MRR_RT,LEV,2024-02-16,4.5,A,F,,,P1D,,E,4F0,,,,,,,,,,,,,,,,7,,,Main refinancing operations - Minimum bid rate/fixed rate (date of changes) - Level,"Euro area (changing composition) - Key interest rate - Main refinancing operations - Minimum bid rate/fixed rate (date of changes) - Level - Euro, provided by ECB",PCPA,0
FM.D.U2.EUR.4F.KR.MRR_RT.LEV,D,U2,EUR,4F,KR,MRR_RT,LEV,2024-02-17,4.5,A,F,,,P1D,,E,4F0,,,,,,,,,,,,,,,,7,,,Main refinancing operations - Minimum bid rate/fixed rate (date of changes) - Level,"Euro area (changing composition) - Key interest rate - Main refinancing operations - Minimum bid rate/fixed rate (date of changes) - Level - Euro, provided by ECB",PCPA,0
FM.D.U2.EUR.4F.KR.MRR_RT.LEV,D,U2,EUR,4F,KR,MRR_RT,LEV,2024-02-18,4.5,A,F,,,P1D,,E,4F0,,,,,,,,,,,,,,,,7,,,Main refinancing operations - Minimum bid rate/fixed rate (date of changes) - Level,"Euro area (changing composition) - Key interest rate - Main refinancing operations - Minimum bid rate/fixed rate (date of changes) - Level - Euro, provided by ECB",PCPA,0
FM.D.U2.EUR.4F.KR.MRR_RT.LEV,D,U2,EUR,4F,KR,MRR_RT,LEV,2024-02-19,4.5,A,F,,,P1D,,E,4F0,,,,,,,,,,,,,,,,7,,,Main refinancing operations - Minimum bid rate/fixed rate (date of changes) - Level,"Euro area (changing composition) - Key interest rate - Main refinancing operations - Minimum bid rate/fixed rate (date of changes) - Level - Euro, provided by ECB",PCPA,0
FM.D.U2.EUR.4F.KR.MRR_RT.LEV,D,U2,EUR,4F,KR,MRR_RT,LEV,2024-02-20,4.5,A,F,,,P1D,,E,4F0,,,,,,,,,,,,,,,,7,,,Main refinancing operations - Minimum bid rate/fixed rate (date of changes) - Level,"Euro area (changing composition) - Key interest rate - Main refinancing operations - Minimum bid rate/fixed rate (date of changes) - Level - Euro, provided by ECB",PCPA,0
FM.D.U2.EUR.4F.KR.MRR_RT.LEV,D,U2,EUR,4F,KR,MRR_RT,LEV,2024-02-21,4.5,A,F,,,P1D,,E,4F0,,,,,,,,,,,,,,,,7,,,Main refinancing operations - Minimum bid rate/fixed rate (date of changes) - Level,"Euro area (changing composition) - Key interest rate - Main refinancing operations - Minimum bid rate/fixed rate (date of changes) - Level - Euro, provided by ECB",PCPA,0
FM.D.U2.EUR.4F.KR.MRR_RT.LEV,D,U2,EUR,4F,KR,MRR_RT,LEV,2024-02-22,4.5,A,F,,,P1D,,E,4F0,,,,,,,,,,,,,,,,7,,,Main refinancing operations - Minimum bid rate/fixed rate (date of changes) - Level,"Euro area (changing composition) - Key interest rate - Main refinancing operations - Minimum bid rate/fixed rate (date of changes) - Level - Euro, provided by ECB",PCPA,0
FM.D.U2.EUR.4F.KR.MRR_RT.LEV,D,U2,EUR,4F,KR,MRR_RT,LEV,2024-02-23,4.5,A,F,,,P1D,,E,4F0,,,,,,,,,,,,,,,,7,,,Main refinancing operations - Minimum bid rate/fixed rate (date of changes) - Level,"Euro area (changing composition) - Key interest rate - Main refinancing operations - Minimum bid rate/fixed rate (date of changes) - Level - Euro, provided by ECB",PCPA,0
FM.D.U2.EUR.4F.KR.MRR_RT.LEV,D,U2,EUR,4F,KR,MRR_RT,LEV,2024-02-24,4.5,A,F,,,P1D,,E,4F0,,,,,,,,,,,,,,,,7,,,Main refinancing operations - Minimum bid rate/fixed rate (date of changes) - Level,"Euro area (changing composition) - Key interest rate - Main refinancing operations - Minimum bid rate/fixed rate (date of changes) - Level - Euro, provided by ECB",PCPA,0
FM.D.U2.EUR.4F.KR.MRR_RT.LEV,D,U2,EUR,4F,KR,MRR_RT,LEV,2024-02-25,4.5,A,F,,,P1D,,E,4F0,,,,,,,,,,,,,,,,7,,,Main refinancing operations - Minimum bid rate/fixed rate (date of changes) - Level,"Euro area (changing composition) - Key interest rate - Main refinancing operations - Minimum bid rate/fixed rate (date of changes) - Level - Euro, provided by ECB",PCPA,0
FM.D.U2.EUR.4F.KR.MRR_RT.LEV,D,U2,EUR,4F,KR,MRR_RT,LEV,2024-02-26,4.5,A,F,,,P1D,,E,4F0,,,,,,,,,,,,,,,,7,,,Main refinancing operations - Minimum bid rate/fixed rate (date of changes) - Level,"Euro area (changing composition) - Key interest rate - Main refinancing operations - Minimum bid rate/fixed rate (date of changes) - Level - Euro, provided by ECB",PCPA,0
FM.D.U2.EUR.4F.KR.MRR_RT.LEV,D,U2,EUR,4F,KR,MRR_RT,LEV,2024-02-27,4.5,A,F,,,P1D,,E,4F0,,,,,,,,,,,,,,,,7,,,Main refinancing operations - Minimum bid rate/fixed rate (date of changes) - Level,"Euro area (changing composition) - Key interest rate - Main refinancing operations - Minimum bid rate/fixed rate (date of changes) - Level - Euro, provided by ECB",PCPA,0
FM.D.U2.EUR.4F.KR.MRR_RT.LEV,D,U2,EUR,4F,KR,MRR_RT,LEV,2024-02-28,4.5,A,F,,,P1D,,E,4F0,,,,,,,,,,,,,,,,7,,,Main refinancing operations - Minimum bid rate/fixed rate (date of changes) - Level,"Euro area (changing composition) - Key interest rate - Main refinancing operations - Minimum bid rate/fixed rate (date of changes) - Level - Euro, provided by ECB",PCPA,0
FM.D.U2.EUR.4F.KR.MRR_RT.LEV,D,U2,EUR,4F,KR,MRR_RT,LEV,2024-02-29,4.5,A,F,,,P1D,,E,4F0,,,,,,,,,,,,,,,,7,,,Main refinancing operations - Minimum bid rate/fixed rate (date of changes) - Level,"Euro area (changing composition) - Key interest rate - Main refinancing operations - Minimum bid rate/fixed rate (date of changes) - Level - Euro, provided by ECB",PCPA,0
FM.D.U2.EUR.4F.KR.MRR_RT.LEV,D,U2,EUR,4F,KR,MRR_RT,LEV,2024-03-01,4.5,A,F,,,P1D,,E,4F0,,,,,,,,,,,,,,,,7,,,Main refinancing operations - Minimum bid rate/fixed rate (date of changes) - Level,"Euro area (changing composition) - Key interest rate - Main refinancing operations - Minimum bid rate/fixed rate (date of changes) - Level - Euro, provided by ECB",PCPA,0
FM.D.U2.EUR.4F.KR.MRR_RT.LEV,D,U2,EUR,4F,KR,MRR_RT,LEV,2024-03-02,4.5,A,F,,,P1D,,E,4F0,,,,,,,,,,,,,,,,7,,,Main refinancing operations - Minimum bid rate/fixed rate (date of changes) - Level,"Euro area (changing composition) - Key interest rate - Main refinancing operations - Minimum bid rate/fixed rate (date of changes) - Level - Euro, provided by ECB",PCPA,0
FM.D.U2.EUR.4F.KR.MRR_RT.LEV,D,U2,EUR,4F,KR,MRR_RT,LEV,2024-03-03,4.5,A,F,,,P1D,,E,4F0,,,,,,,,,,,,,,,,7,,,Main refinancing operations - Minimum bid rate/fixed rate (date of changes) - Level,"Euro area (changing composition) - Key interest rate - Main refinancing operations - Minimum bid rate/fixed rate (date of changes) - Level - Euro, provided by ECB",PCPA,0
FM.D.U2.EUR.4F.KR.MRR_RT.LEV,D,U2,EUR,4F,KR,MRR_RT,LEV,2024-03-04,4.5,A,F,,,P1D,,E,4F0,,,,,,,,,,,,,,,,7,,,Main refinancing operations - Minimum bid rate/fixed rate (date of changes) - Level,"Euro area (changing composition) - Key interest rate - Main refinancing operations - Minimum bid rate/fixed rate (date of changes) - Level - Euro, provided by ECB",PCPA,0
FM.D.U2.EUR.4F.KR.MRR_RT.LEV,D,U2,EUR,4F,KR,MRR_RT,LEV,2024-03-05,4.5,A,F,,,P1D,,E,4F0,,,,,,,,,,,,,,,,7,,,Main refinancing operations - Minimum bid rate/fixed rate (date of changes) - Level,"Euro area (changing composition) - Key interest rate - Main refinancing operations - Minimum bid rate/fixed rate (date of changes) - Level - Euro, provided by ECB",PCPA,0
FM.D.U2.EUR.4F.KR.MRR_RT.LEV,D,U2,EUR,4F,KR,MRR_RT,LEV,2024-03-06,4.5,A,F,,,P1D,,E,4F0,,,,,,,,,,,,,,,,7,,,Main refinancing operations - Minimum bid rate/fixed rate (date of changes) - Level,"Euro area (changing composition) - Key interest rate - Main refinancing operations - Minimum bid rate/fixed rate (date of changes) - Level - Euro, provided by ECB",PCPA,0
FM.D.U2.EUR.4F.KR.MRR_RT.LEV,D,U2,EUR,4F,KR,MRR_RT,LEV,2024-03-07,4.5,A,F,,,P1D,,E,4F0,,,,,,,,,,,,,,,,7,,,Main refinancing operations - Minimum bid rate/fixed rate (date of changes) - Level,"Euro area (changing composition) - Key interest rate - Main refinancing operations - Minimum bid rate/fixed rate (date of changes) - Level - Euro, provided by ECB",PCPA,0
FM.D.U2.EUR.4F.KR.MRR_RT.LEV,D,U2,EUR,4F,KR,MRR_RT,LEV,2024-03-08,4.5,A,F,,,P1D,,E,4F0,,,,,,,,,,,,,,,,7,,,Main refinancing operations - Minimum bid rate/fixed rate (date of changes) - Level,"Euro area (changing composition) - Key interest rate - Main refinancing operations - Minimum bid rate/fixed rate (date of changes) - Level - Euro, provided by ECB",PCPA,0
FM.D.U2.EUR.4F.KR.MRR_RT.LEV,D,U2,EUR,4F,KR,MRR_RT,LEV,2024-03-09,4.5,A,F,,,P1D,,E,4F0,,,,,,,,,,,,,,,,7,,,Main refinancing operations - Minimum bid rate/fixed rate (date of changes) - Level,"Euro area (changing composition) - Key interest rate - Main refinancing operations - Minimum bid rate/fixed rate (date of changes) - Level - Euro, provided by ECB",PCPA,0
FM.D.U2.EUR.4F.KR.MRR_RT.LEV,D,U2,EUR,4F,KR,MRR_RT,LEV,2024-03-10,4.5,A,F,,,P1D,,E,4F0,,,,,,,,,,,,,,,,7,,,Main refinancing operations - Minimum bid rate/fixed rate (date of changes) - Level,"Euro area (changing composition) - Key interest rate - Main refinancing operations - Minimum bid rate/fixed rate (date of changes) - Level - Euro, provided by ECB",PCPA,0
FM.D.U2.EUR.4F.KR.MRR_RT.LEV,D,U2,EUR,4F,KR,MRR_RT,LEV,2024-03-11,4.5,A,F,,,P1D,,E,4F0,,,,,,,,,,,,,,,,7,,,Main refinancing operations - Minimum bid rate/fixed rate (date of changes) - Level,"Euro area (changing composition) - Key interest rate - Main refinancing operations - Minimum bid rate/fixed rate (date of changes) - Level - Euro, provided by ECB",PCPA,0
FM.D.U2.EUR.4F.KR.MRR_RT.LEV,D,U2,EUR,4F,KR,MRR_RT,LEV,2024-03-12,4.5,A,F,,,P1D,,E,4F0,,,,,,,,,,,,,,,,7,,,Main refinancing operations - Minimum bid rate/fixed rate (date of changes) - Level,"Euro area (changing composition) - Key interest rate - Main refinancing operations - Minimum bid rate/fixed rate (date of changes) - Level - Euro, provided by ECB",PCPA,0
FM.D.U2.EUR.4F.KR.MRR_RT.LEV,D,U2,EUR,4F,KR,MRR_RT,LEV,2024-03-13,4.5,A,F,,,P1D,,E,4F0,,,,,,,,,,,,,,,,7,,,Main refinancing operations - Minimum bid rate/fixed rate (date of changes) - Level,"Euro area (changing composition) - Key interest rate - Main refinancing operations - Minimum bid rate/fixed rate (date of changes) - Level - Euro, provided by ECB",PCPA,0
FM.D.U2.EUR.4F.KR.MRR_RT.LEV,D,U2,EUR,4F,KR,MRR_RT,LEV,2024-03-14,4.5,A,F,,,P1D,,E,4F0,,,,,,,,,,,,,,,,7,,,Main refinancing operations - Minimum bid rate/fixed rate (date of changes) - Level,"Euro area (changing composition) - Key interest rate - Main refinancing operations - Minimum bid rate/fixed rate (date of changes) - Level - Euro, provided by ECB",PCPA,0
FM.D.U2.EUR.4F.KR.MRR_RT.LEV,D,U2,EUR,4F,KR,MRR_RT,LEV,2024-03-15,4.5,A,F,,,P1D,,E,4F0,,,,,,,,,,,,,,,,7,,,Main refinancing operations - Minimum bid rate/fixed rate (date of changes) - Level,"Euro area (changing composition) - Key interest rate - Main refinancing operations - Minimum bid rate/fixed rate (date of changes) - Level - Euro, provided by ECB",PCPA,0
FM.D.U2.EUR.4F.KR.MRR_RT.LEV,D,U2,EUR,4F,KR,MRR_RT,LEV,2024-03-16,4.5,A,F,,,P1D,,E,4F0,,,,,,,,,,,,,,,,7,,,Main refinancing operations - Minimum bid rate/fixed rate (date of changes) - Level,"Euro area (changing composition) - Key interest rate - Main refinancing operations - Minimum bid rate/fixed rate (date of changes) - Level - Euro, provided by ECB",PCPA,0
FM.D.U2.EUR.4F.KR.MRR_RT.LEV,D,U2,EUR,4F,KR,MRR_RT,LEV,2024-03-17,4.5,A,F,,,P1D,,E,4F0,,,,,,,,,,,,,,,,7,,,Main refinancing operations - Minimum bid rate/fixed rate (date of changes) - Level,"Euro area (changing composition) - Key interest rate - Main refinancing operations - Minimum bid rate/fixed rate (date of changes) - Level - Euro, provided by ECB",PCPA,0
FM.D.U2.EUR.4F.KR.MRR_RT.LEV,D,U2,EUR,4F,KR,MRR_RT,LEV,2024-03-18,4.5,A,F,,,P1D,,E,4F0,,,,,,,,,,,,,,,,7,,,Main refinancing operations - Minimum bid rate/fixed rate (date of changes) - Level,"Euro area (changing composition) - Key interest rate - Main refinancing operations - Minimum bid rate/fixed rate (date of changes) - Level - Euro, provided by ECB",PCPA,0
FM.D.U2.EUR.4F.KR.MRR_RT.LEV,D,U2,EUR,4F,KR,MRR_RT,LEV,2024-03-19,4.5,A,F,,,P1D,,E,4F0,,,,,,,,,,,,,,,,7,,,Main refinancing operations - Minimum bid rate/fixed rate (date of changes) - Level,"Euro area (changing composition) - Key interest rate - Main refinancing operations - Minimum bid rate/fixed rate (date of changes) - Level - Euro, provided by ECB",PCPA,0
FM.D.U2.EUR.4F.KR.MRR_RT.LEV,D,U2,EUR,4F,KR,MRR_RT,LEV,2024-03-20,4.5,A,F,,,P1D,,E,4F0,,,,,,,,,,,,,,,,7,,,Main refinancing operations - Minimum bid rate/fixed rate (date of changes) - Level,"Euro area (changing composition) - Key interest rate - Main refinancing operations - Minimum bid rate/fixed rate (date of changes) - Level - Euro, provided by ECB",PCPA,0
FM.D.U2.EUR.4F.KR.MRR_RT.LEV,D,U2,EUR,4F,KR,MRR_RT,LEV,2024-03-21,4.5,A,F,,,P1D,,E,4F0,,,,,,,,,,,,,,,,7,,,Main refinancing operations - Minimum bid rate/fixed rate (date of changes) - Level,"Euro area (changing composition) - Key interest rate - Main refinancing operations - Minimum bid rate/fixed rate (date of changes) - Level - Euro, provided by ECB",PCPA,0
FM.D.U2.EUR.4F.KR.MRR_RT.LEV,D,U2,EUR,4F,KR,MRR_RT,LEV,2024-03-22,4.5,A,F,,,P1D,,E,4F0,,,,,,,,,,,,,,,,7,,,Main refinancing operations - Minimum bid rate/fixed rate (date of changes) - Level,"Euro area (changing composition) - Key interest rate - Main refinancing operations - Minimum bid rate/fixed rate (date of changes) - Level - Euro, provided by ECB",PCPA,0
FM.D.U2.EUR.4F.KR.MRR_RT.LEV,D,U2,EUR,4F,KR,MRR_RT,LEV,2024-03-23,4.5,A,F,,,P1D,,E,4F0,,,,,,,,,,,,,,,,7,,,Main refinancing operations - Minimum bid rate/fixed rate (date of changes) - Level,"Euro area (changing composition) - Key interest rate - Main refinancing operations - Minimum bid rate/fixed rate (date of changes) - Level - Euro, provided by ECB",PCPA,0
FM.D.U2.EUR.4F.KR.MRR_RT.LEV,D,U2,EUR,4F,KR,MRR_RT,LEV,2024-03-24,4.5,A,F,,,P1D,,E,4F0,,,,,,,,,,,,,,,,7,,,Main refinancing operations - Minimum bid rate/fixed rate (date of changes) - Level,"Euro area (changing composition) - Key interest rate - Main refinancing operations - Minimum bid rate/fixed rate (date of changes) - Level - Euro, provided by ECB",PCPA,0
FM.D.U2.EUR.4F.KR.MRR_RT.LEV,D,U2,EUR,4F,KR,MRR_RT,LEV,2024-03-25,4.5,A,F,,,P1D,,E,4F0,,,,,,,,,,,,,,,,7,,,Main refinancing operations - Minimum bid rate/fixed rate (date of changes) - Level,"Euro area (changing composition) - Key interest rate - Main refinancing operations - Minimum bid rate/fixed rate (date of changes) - Level - Euro, provided by ECB",PCPA,0
FM.D.U2.EUR.4F.KR.MRR_RT.LEV,D,U2,EUR,4F,KR,MRR_RT,LEV,2024-03-26,4.5,A,F,,,P1D,,E,4F0,,,,,,,,,,,,,,,,7,,,Main refinancing operations - Minimum bid rate/fixed rate (date of changes) - Level,"Euro area (changing composition) - Key interest rate - Main refinancing operations - Minimum bid rate/fixed rate (date of changes) - Level - Euro, provided by ECB",PCPA,0
FM.D.U2.EUR.4F.KR.MRR_RT.LEV,D,U2,EUR,4F,KR,MRR_RT,LEV,2024-03-27,4.5,A,F,,,P1D,,E,4F0,,,,,,,,,,,,,,,,7,,,Main refinancing operations - Minimum bid rate/fixed rate (date of changes) - Level,"Euro area (changing composition) - Key interest rate - Main refinancing operations - Minimum bid rate/fixed rate (date of changes) - Level - Euro, provided by ECB",PCPA,0
FM.D.U2.EUR.4F.KR.MRR_RT.LEV,D,U2,EUR,4F,KR,MRR_RT,LEV,2024-03-28,4.5,A,F,,,P1D,,E,4F0,,,,,,,,,,,,,,,,7,,,Main refinancing operations - Minimum bid rate/fixed rate (date of changes) - Level,"Euro area (changing composition) - Key interest rate - Main refinancing operations - Minimum bid rate/fixed rate (date of changes) - Level - Euro, provided by ECB",PCPA,0
FM.D.U2.EUR.4F.KR.MRR_RT.LEV,D,U2,EUR,4F,KR,MRR_RT,LEV,2024-03-29,4.5,A,F,,,P1D,,E,4F0,,,,,,,,,,,,,,,,7,,,Main refinancing operations - Minimum bid rate/fixed rate (date of changes) - Level,"Euro area (changing composition) - Key interest rate - Main refinancing operations - Minimum bid rate/fixed rate (date of changes) - Level - Euro, provided by ECB",PCPA,0
FM.D.U2.EUR.4F.KR.MRR_RT.LEV,D,U2,EUR,4F,KR,MRR_RT,LEV,2024-03-30,4.5,A,F,,,P1D,,E,4F0,,,,,,,,,,,,,,,,7,,,Main refinancing operations - Minimum bid rate/fixed rate (date of changes) - Level,"Euro area (changing composition) - Key interest rate - Main refinancing operations - Minimum bid rate/fixed rate (date of changes) - Level - Euro, provided by ECB",PCPA,0
FM.D.U2.EUR.4F.KR.MRR_RT.LEV,D,U2,EUR,4F,KR,MRR_RT,LEV,2024-03-31,4.5,A,F,,,P1D,,E,4F0,,,,,,,,,,,,,,,,7,,,Main refinancing operations - Minimum bid rate/fixed rate (date of changes) - Level,"Euro area (changing composition) - Key interest rate - Main refinancing operations - Minimum bid rate/fixed rate (date of changes) - Level - Euro, provided by ECB",PCPA,0
FM.D.U2.EUR.4F.KR.MRR_RT.LEV,D,U2,EUR,4F,KR,MRR_RT,LEV,2024-04-01,4.5,A,F,,,P1D,,E,4F0,,,,,,,,,,,,,,,,7,,,Main refinancing operations - Minimum bid rate/fixed rate (date of changes) - Level,"Euro area (changing composition) - Key interest rate - Main refinancing operations - Minimum bid rate/fixed rate (date of changes) - Level - Euro, provided by ECB",PCPA,0
FM.D.U2.EUR.4F.KR.MRR_RT.LEV,D,U2,EUR,4F,KR,MRR_RT,LEV,2024-04-02,4.5,A,F,,,P1D,,E,4F0,,,,,,,,,,,,,,,,7,,,Main refinancing operations - Minimum bid rate/fixed rate (date of changes) - Level,"Euro area (changing composition) - Key interest rate - Main refinancing operations - Minimum bid rate/fixed rate (date of changes) - Level - Euro, provided by ECB",PCPA,0
FM.D.U2.EUR.4F.KR.MRR_RT.LEV,D,U2,EUR,4F,KR,MRR_RT,LEV,2024-04-03,4.5,A,F,,,P1D,,E,4F0,,,,,,,,,,,,,,,,7,,,Main refinancing operations - Minimum bid rate/fixed rate (date of changes) - Level,"Euro area (changing composition) - Key interest rate - Main refinancing operations - Minimum bid rate/fixed rate (date of changes) - Level - Euro, provided by ECB",PCPA,0
FM.D.U2.EUR.4F.KR.MRR_RT.LEV,D,U2,EUR,4F,KR,MRR_RT,LEV,2024-04-04,4.5,A,F,,,P1D,,E,4F0,,,,,,,,,,,,,,,,7,,,Main refinancing operations - Minimum bid rate/fixed rate (date of changes) - Level,"Euro area (changing composition) - Key interest rate - Main refinancing operations - Minimum bid rate/fixed rate (date of changes) - Level - Euro, provided by ECB",PCPA,0
FM.D.U2.EUR.4F.KR.MRR_RT.LEV,D,U2,EUR,4F,KR,MRR_RT,LEV,2024-04-05,4.5,A,F,,,P1D,,E,4F0,,,,,,,,,,,,,,,,7,,,Main refinancing operations - Minimum bid rate/fixed rate (date of changes) - Level,"Euro area (changing composition) - Key interest rate - Main refinancing operations - Minimum bid rate/fixed rate (date of changes) - Level - Euro, provided by ECB",PCPA,0
FM.D.U2.EUR.4F.KR.MRR_RT.LEV,D,U2,EUR,4F,KR,MRR_RT,LEV,2024-04-06,4.5,A,F,,,P1D,,E,4F0,,,,,,,,,,,,,,,,7,,,Main refinancing operations - Minimum bid rate/fixed rate (date of changes) - Level,"Euro area (changing composition) - Key interest rate - Main refinancing operations - Minimum bid rate/fixed rate (date of changes) - Level - Euro, provided by ECB",PCPA,0
FM.D.U2.EUR.4F.KR.MRR_RT.LEV,D,U2,EUR,4F,KR,MRR_RT,LEV,2024-04-07,4.5,A,F,,,P1D,,E,4F0,,,,,,,,,,,,,,,,7,,,Main refinancing operations - Minimum bid rate/fixed rate (date of changes) - Level,"Euro area (changing composition) - Key interest rate - Main refinancing operations - Minimum bid rate/fixed rate (date of changes) - Level - Euro, provided by ECB",PCPA,0
FM.D.U2.EUR.4F.KR.MRR_RT.LEV,D,U2,EUR,4F,KR,MRR_RT,LEV,2024-04-08,4.5,A,F,,,P1D,,E,4F0,,,,,,,,,,,,,,,,7,,,Main refinancing operations - Minimum bid rate/fixed rate (date of changes) - Level,"Euro area (changing composition) - Key interest rate - Main refinancing operations - Minimum bid rate/fixed rate (date of changes) - Level - Euro, provided by ECB",PCPA,0
FM.D.U2.EUR.4F.KR.MRR_RT.LEV,D,U2,EUR,4F,KR,MRR_RT,LEV,2024-04-09,4.5,A,F,,,P1D,,E,4F0,,,,,,,,,,,,,,,,7,,,Main refinancing operations - Minimum bid rate/fixed rate (date of changes) - Level,"Euro area (changing composition) - Key interest rate - Main refinancing operations - Minimum bid rate/fixed rate (date of changes) - Level - Euro, provided by ECB",PCPA,0
FM.D.U2.EUR.4F.KR.MRR_RT.LEV,D,U2,EUR,4F,KR,MRR_RT,LEV,2024-04-10,4.5,A,F,,,P1D,,E,4F0,,,,,,,,,,,,,,,,7,,,Main refinancing operations - Minimum bid rate/fixed rate (date of changes) - Level,"Euro area (changing composition) - Key interest rate - Main refinancing operations - Minimum bid rate/fixed rate (date of changes) - Level - Euro, provided by ECB",PCPA,0
FM.D.U2.EUR.4F.KR.MRR_RT.LEV,D,U2,EUR,4F,KR,MRR_RT,LEV,2024-04-11,4.5,A,F,,,P1D,,E,4F0,,,,,,,,,,,,,,,,7,,,Main refinancing operations - Minimum bid rate/fixed rate (date of changes) - Level,"Euro area (changing composition) - Key interest rate - Main refinancing operations - Minimum bid rate/fixed rate (date of changes) - Level - Euro, provided by ECB",PCPA,0
FM.D.U2.EUR.4F.KR.MRR_RT.LEV,D,U2,EUR,4F,KR,MRR_RT,LEV,2024-04-12,4.5,A,F,,,P1D,,E,4F0,,,,,,,,,,,,,,,,7,,,Main refinancing operations - Minimum bid rate/fixed rate (date of changes) - Level,"Euro area (changing composition) - Key interest rate - Main refinancing operations - Minimum bid rate/fixed rate (date of changes) - Level - Euro, provided by ECB",PCPA,0
FM.D.U2.EUR.4F.KR.MRR_RT.LEV,D,U2,EUR,4F,KR,MRR_RT,LEV,2024-04-13,4.5,A,F,,,P1D,,E,4F0,,,,,,,,,,,,,,,,7,,,Main refinancing operations - Minimum bid rate/fixed rate (date of changes) - Level,"Euro area (changing composition) - Key interest rate - Main refinancing operations - Minimum bid rate/fixed rate (date of changes) - Level - Euro, provided by ECB",PCPA,0
FM.D.U2.EUR.4F.KR.MRR_RT.LEV,D,U2,EUR,4F,KR,MRR_RT,LEV,2024-04-14,4.5,A,F,,,P1D,,E,4F0,,,,,,,,,,,,,,,,7,,,Main refinancing operations - Minimum bid rate/fixed rate (date of changes) - Level,"Euro area (changing composition) - Key interest rate - Main refinancing operations - Minimum bid rate/fixed rate (date of changes) - Level - Euro, provided by ECB",PCPA,0
FM.D.U2.EUR.4F.KR.MRR_RT.LEV,D,U2,EUR,4F,KR,MRR_RT,LEV,2024-04-15,4.5,A,F,,,P1D,,E,4F0,,,,,,,,,,,,,,,,7,,,Main refinancing operations - Minimum bid rate/fixed rate (date of changes) - Level,"Euro area (changing composition) - Key interest rate - Main refinancing operations - Minimum bid rate/fixed rate (date of changes) - Level - Euro, provided by ECB",PCPA,0
FM.D.U2.EUR.4F.KR.MRR_RT.LEV,D,U2,EUR,4F,KR,MRR_RT,LEV,2024-04-16,4.5,A,F,,,P1D,,E,4F0,,,,,,,,,,,,,,,,7,,,Main refinancing operations - Minimum bid rate/fixed rate (date of changes) - Level,"Euro area (changing composition) - Key interest rate - Main refinancing operations - Minimum bid rate/fixed rate (date of changes) - Level - Euro, provided by ECB",PCPA,0
FM.D.U2.EUR.4F.KR.MRR_RT.LEV,D,U2,EUR,4F,KR,MRR_RT,LEV,2024-04-17,4.5,A,F,,,P1D,,E,4F0,,,,,,,,,,,,,,,,7,,,Main refinancing operations - Minimum bid rate/fixed rate (date of changes) - Level,"Euro area (changing composition) - Key interest rate - Main refinancing operations - Minimum bid rate/fixed rate (date of changes) - Level - Euro, provided by ECB",PCPA,0
FM.D.U2.EUR.4F.KR.MRR_RT.LEV,D,U2,EUR,4F,KR,MRR_RT,LEV,2024-04-18,4.5,A,F,,,P1D,,E,4F0,,,,,,,,,,,,,,,,7,,,Main refinancing operations - Minimum bid rate/fixed rate (date of changes) - Level,"Euro area (changing composition) - Key interest rate - Main refinancing operations - Minimum bid rate/fixed rate (date of changes) - Level - Euro, provided by ECB",PCPA,0
FM.D.U2.EUR.4F.KR.MRR_RT.LEV,D,U2,EUR,4F,KR,MRR_RT,LEV,2024-04-19,4.5,A,F,,,P1D,,E,4F0,,,,,,,,,,,,,,,,7,,,Main refinancing operations - Minimum bid rate/fixed rate (date of changes) - Level,"Euro area (changing composition) - Key interest rate - Main refinancing operations - Minimum bid rate/fixed rate (date of changes) - Level - Euro, provided by ECB",PCPA,0
FM.D.U2.EUR.4F.KR.MRR_RT.LEV,D,U2,EUR,4F,KR,MRR_RT,LEV,2024-04-20,4.5,A,F,,,P1D,,E,4F0,,,,,,,,,,,,,,,,7,,,Main refinancing operations - Minimum bid rate/fixed rate (date of changes) - Level,"Euro area (changing composition) - Key interest rate - Main refinancing operations - Minimum bid rate/fixed rate (date of changes) - Level - Euro, provided by ECB",PCPA,0
FM.D.U2.EUR.4F.KR.MRR_RT.LEV,D,U2,EUR,4F,KR,MRR_RT,LEV,2024-04-21,4.5,A,F,,,P1D,,E,4F0,,,,,,,,,,,,,,,,7,,,Main refinancing operations - Minimum bid rate/fixed rate (date of changes) - Level,"Euro area (changing composition) - Key interest rate - Main refinancing operations - Minimum bid rate/fixed rate (date of changes) - Level - Euro, provided by ECB",PCPA,0
FM.D.U2.EUR.4F.KR.MRR_RT.LEV,D,U2,EUR,4F,KR,MRR_RT,LEV,2024-04-22,4.5,A,F,,,P1D,,E,4F0,,,,,,,,,,,,,,,,7,,,Main refinancing operations - Minimum bid rate/fixed rate (date of changes) - Level,"Euro area (changing composition) - Key interest rate - Main refinancing operations - Minimum bid rate/fixed rate (date of changes) - Level - Euro, provided by ECB",PCPA,0
FM.D.U2.EUR.4F.KR.MRR_RT.LEV,D,U2,EUR,4F,KR,MRR_RT,LEV,2024-04-23,4.5,A,F,,,P1D,,E,4F0,,,,,,,,,,,,,,,,7,,,Main refinancing operations - Minimum bid rate/fixed rate (date of changes) - Level,"Euro area (changing composition) - Key interest rate - Main refinancing operations - Minimum bid rate/fixed rate (date of changes) - Level - Euro, provided by ECB",PCPA,0
FM.D.U2.EUR.4F.KR.MRR_RT.LEV,D,U2,EUR,4F,KR,MRR_RT,LEV,2024-04-24,4.5,A,F,,,P1D,,E,4F0,,,,,,,,,,,,,,,,7,,,Main refinancing operations - Minimum bid rate/fixed rate (date of changes) - Level,"Euro area (changing composition) - Key interest rate - Main refinancing operations - Minimum bid rate/fixed rate (date of changes) - Level - Euro, provided by ECB",PCPA,0
FM.D.U2.EUR.4F.KR.MRR_RT.LEV,D,U2,EUR,4F,KR,MRR_RT,LEV,2024-04-25,4.5,A,F,,,P1D,,E,4F0,,,,,,,,,,,,,,,,7,,,Main refinancing operations - Minimum bid rate/fixed rate (date of changes) - Level,"Euro area (changing composition) - Key interest rate - Main refinancing operations - Minimum bid rate/fixed rate (date of changes) - Level - Euro, provided by ECB",PCPA,0
FM.D.U2.EUR.4F.KR.MRR_RT.LEV,D,U2,EUR,4F,KR,MRR_RT,LEV,2024-04-26,4.5,A,F,,,P1D,,E,4F0,,,,,,,,,,,,,,,,7,,,Main refinancing operations - Minimum bid rate/fixed rate (date of changes) - Level,"Euro area (changing composition) - Key interest rate - Main refinancing operations - Minimum bid rate/fixed rate (date of changes) - Level - Euro, provided by ECB",PCPA,0
FM.D.U2.EUR.4F.KR.MRR_RT.LEV,D,U2,EUR,4F,KR,MRR_RT,LEV,2024-04-27,4.5,A,F,,,P1D,,E,4F0,,,,,,,,,,,,,,,,7,,,Main refinancing operations - Minimum bid rate/fixed rate (date of changes) - Level,"Euro area (changing composition) - Key interest rate - Main refinancing operations - Minimum bid rate/fixed rate (date of changes) - Level - Euro, provided by ECB",PCPA,0
FM.D.U2.EUR.4F.KR.MRR_RT.LEV,D,U2,EUR,4F,KR,MRR_RT,LEV,2024-04-28,4.5,A,F,,,P1D,,E,4F0,,,,,,,,,,,,,,,,7,,,Main refinancing operations - Minimum bid rate/fixed rate (date of changes) - Level,"Euro area (changing composition) - Key interest rate - Main refinancing operations - Minimum bid rate/fixed rate (date of changes) - Level - Euro, provided by ECB",PCPA,0
FM.D.U2.EUR.4F.KR.MRR_RT.LEV,D,U2,EUR,4F,KR,MRR_RT,LEV,2024-04-29,4.5,A,F,,,P1D,,E,4F0,,,,,,,,,,,,,,,,7,,,Main refinancing operations - Minimum bid rate/fixed rate (date of changes) - Level,"Euro area (changing composition) - Key interest rate - Main refinancing operations - Minimum bid rate/fixed rate (date of changes) - Level - Euro, provided by ECB",PCPA,0
FM.D.U2.EUR.4F.KR.MRR_RT.LEV,D,U2,EUR,4F,KR,MRR_RT,LEV,2024-04-30,4.5,A,F,,,P1D,,E,4F0,,,,,,,,,,,,,,,,7,,,Main refinancing operations - Minimum bid rate/fixed rate (date of changes) - Level,"Euro area (changing composition) - Key interest rate - Main refinancing operations - Minimum bid rate/fixed rate (date of changes) - Level - Euro, provided by ECB",PCPA,0
FM.D.U2.EUR.4F.KR.MRR_RT.LEV,D,U2,EUR,4F,KR,MRR_RT,LEV,2024-05-01,4.5,A,F,,,P1D,,E,4F0,,,,,,,,,,,,,,,,7,,,Main refinancing operations - Minimum bid rate/fixed rate (date of changes) - Level,"Euro area (changing composition) - Key interest rate - Main refinancing operations - Minimum bid rate/fixed rate (date of changes) - Level - Euro, provided by ECB",PCPA,0
FM.D.U2.EUR.4F.KR.MRR_RT.LEV,D,U2,EUR,4F,KR,MRR_RT,LEV,2024-05-02,4.5,A,F,,,P1D,,E,4F0,,,,,,,,,,,,,,,,7,,,Main refinancing operations - Minimum bid rate/fixed rate (date of changes) - Level,"Euro area (changing composition) - Key interest rate - Main refinancing operations - Minimum bid rate/fixed rate (date of changes) - Level - Euro, provided by ECB",PCPA,0
FM.D.U2.EUR.4F.KR.MRR_RT.LEV,D,U2,EUR,4F,KR,MRR_RT,LEV,2024-05-03,4.5,A,F,,,P1D,,E,4F0,,,,,,,,,,,,,,,,7,,,Main refinancing operations - Minimum bid rate/fixed rate (date of changes) - Level,"Euro area (changing composition) - Key interest rate - Main refinancing operations - Minimum bid rate/fixed rate (date of changes) - Level - Euro, provided by ECB",PCPA,0
FM.D.U2.EUR.4F.KR.MRR_RT.LEV,D,U2,EUR,4F,KR,MRR_RT,LEV,2024-05-04,4.5,A,F,,,P1D,,E,4F0,,,,,,,,,,,,,,,,7,,,Main refinancing operations - Minimum bid rate/fixed rate (date of changes) - Level,"Euro area (changing composition) - Key interest rate - Main refinancing operations - Minimum bid rate/fixed rate (date of changes) - Level - Euro, provided by ECB",PCPA,0
FM.D.U2.EUR.4F.KR.MRR_RT.LEV,D,U2,EUR,4F,KR,MRR_RT,LEV,2024-05-05,4.5,A,F,,,P1D,,E,4F0,,,,,,,,,,,,,,,,7,,,Main refinancing operations - Minimum bid rate/fixed rate (date of changes) - Level,"Euro area (changing composition) - Key interest rate - Main refinancing operations - Minimum bid rate/fixed rate (date of changes) - Level - Euro, provided by ECB",PCPA,0
FM.D.U2.EUR.4F.KR.MRR_RT.LEV,D,U2,EUR,4F,KR,MRR_RT,LEV,2024-05-06,4.5,A,F,,,P1D,,E,4F0,,,,,,,,,,,,,,,,7,,,Main refinancing operations - Minimum bid rate/fixed rate (date of changes) - Level,"Euro area (changing composition) - Key interest rate - Main refinancing operations - Minimum bid rate/fixed rate (date of changes) - Level - Euro, provided by ECB",PCPA,0
FM.D.U2.EUR.4F.KR.MRR_RT.LEV,D,U2,EUR,4F,KR,MRR_RT,LEV,2024-05-07,4.5,A,F,,,P1D,,E,4F0,,,,,,,,,,,,,,,,7,,,Main refinancing operations - Minimum bid rate/fixed rate (date of changes) - Level,"Euro area (changing composition) - Key interest rate - Main refinancing operations - Minimum bid rate/fixed rate (date of changes) - Level - Euro, provided by ECB",PCPA,0
FM.D.U2.EUR.4F.KR.MRR_RT.LEV,D,U2,EUR,4F,KR,MRR_RT,LEV,2024-05-08,4.5,A,F,,,P1D,,E,4F0,,,,,,,,,,,,,,,,7,,,Main refinancing operations - Minimum bid rate/fixed rate (date of changes) - Level,"Euro area (changing composition) - Key interest rate - Main refinancing operations - Minimum bid rate/fixed rate (date of changes) - Level - Euro, provided by ECB",PCPA,0
FM.D.U2.EUR.4F.KR.MRR_RT.LEV,D,U2,EUR,4F,KR,MRR_RT,LEV,2024-05-09,4.5,A,F,,,P1D,,E,4F0,,,,,,,,,,,,,,,,7,,,Main refinancing operations - Minimum bid rate/fixed rate (date of changes) - Level,"Euro area (changing composition) - Key interest rate - Main refinancing operations - Minimum bid rate/fixed rate (date of changes) - Level - Euro, provided by ECB",PCPA,0
FM.D.U2.EUR.4F.KR.MRR_RT.LEV,D,U2,EUR,4F,KR,MRR_RT,LEV,2024-05-10,4.5,A,F,,,P1D,,E,4F0,,,,,,,,,,,,,,,,7,,,Main refinancing operations - Minimum bid rate/fixed rate (date of changes) - Level,"Euro area (changing composition) - Key interest rate - Main refinancing operations - Minimum bid rate/fixed rate (date of changes) - Level - Euro, provided by ECB",PCPA,0
FM.D.U2.EUR.4F.KR.MRR_RT.LEV,D,U2,EUR,4F,KR,MRR_RT,LEV,2024-05-11,4.5,A,F,,,P1D,,E,4F0,,,,,,,,,,,,,,,,7,,,Main refinancing operations - Minimum bid rate/fixed rate (date of changes) - Level,"Euro area (changing composition) - Key interest rate - Main refinancing operations - Minimum bid rate/fixed rate (date of changes) - Level - Euro, provided by ECB",PCPA,0
FM.D.U2.EUR.4F.KR.MRR_RT.LEV,D,U2,EUR,4F,KR,MRR_RT,LEV,2024-05-12,4.5,A,F,,,P1D,,E,4F0,,,,,,,,,,,,,,,,7,,,Main refinancing operations - Minimum bid rate/fixed rate (date of changes) - Level,"Euro area (changing composition) - Key interest rate - Main refinancing operations - Minimum bid rate/fixed rate (date of changes) - Level - Euro, provided by ECB",PCPA,0
FM.D.U2.EUR.4F.KR.MRR_RT.LEV,D,U2,EUR,4F,KR,MRR_RT,LEV,2024-05-13,4.5,A,F,,,P1D,,E,4F0,,,,,,,,,,,,,,,,7,,,Main refinancing operations - Minimum bid rate/fixed rate (date of changes) - Level,"Euro area (changing composition) - Key interest rate - Main refinancing operations - Minimum bid rate/fixed rate (date of changes) - Level - Euro, provided by ECB",PCPA,0
FM.D.U2.EUR.4F.KR.MRR_RT.LEV,D,U2,EUR,4F,KR,MRR_RT,LEV,2024-05-14,4.5,A,F,,,P1D,,E,4F0,,,,,,,,,,,,,,,,7,,,Main refinancing operations - Minimum bid rate/fixed rate (date of changes) - Level,"Euro area (changing composition) - Key interest rate - Main refinancing operations - Minimum bid rate/fixed rate (date of changes) - Level - Euro, provided by ECB",PCPA,0
FM.D.U2.EUR.4F.KR.MRR_RT.LEV,D,U2,EUR,4F,KR,MRR_RT,LEV,2024-05-15,4.5,A,F,,,P1D,,E,4F0,,,,,,,,,,,,,,,,7,,,Main refinancing operations - Minimum bid rate/fixed rate (date of changes) - Level,"Euro area (changing composition) - Key interest rate - Main refinancing operations - Minimum bid rate/fixed rate (date of changes) - Level - Euro, provided by ECB",PCPA,0
FM.D.U2.EUR.4F.KR.MRR_RT.LEV,D,U2,EUR,4F,KR,MRR_RT,LEV,2024-05-16,4.5,A,F,,,P1D,,E,4F0,,,,,,,,,,,,,,,,7,,,Main refinancing operations - Minimum bid rate/fixed rate (date of changes) - Level,"Euro area (changing composition) - Key interest rate - Main refinancing operations - Minimum bid rate/fixed rate (date of changes) - Level - Euro, provided by ECB",PCPA,0
FM.D.U2.EUR.4F.KR.MRR_RT.LEV,D,U2,EUR,4F,KR,MRR_RT,LEV,2024-05-17,4.5,A,F,,,P1D,,E,4F0,,,,,,,,,,,,,,,,7,,,Main refinancing operations - Minimum bid rate/fixed rate (date of changes) - Level,"Euro area (changing composition) - Key interest rate - Main refinancing operations - Minimum bid rate/fixed rate (date of changes) - Level - Euro, provided by ECB",PCPA,0
FM.D.U2.EUR.4F.KR.MRR_RT.LEV,D,U2,EUR,4F,KR,MRR_RT,LEV,2024-05-18,4.5,A,F,,,P1D,,E,4F0,,,,,,,,,,,,,,,,7,,,Main refinancing operations - Minimum bid rate/fixed rate (date of changes) - Level,"Euro area (changing composition) - Key interest rate - Main refinancing operations - Minimum bid rate/fixed rate (date of changes) - Level - Euro, provided by ECB",PCPA,0
FM.D.U2.EUR.4F.KR.MRR_RT.LEV,D,U2,EUR,4F,KR,MRR_RT,LEV,2024-05-19,4.5,A,F,,,P1D,,E,4F0,,,,,,,,,,,,,,,,7,,,Main refinancing operations - Minimum bid rate/fixed rate (date of changes) - Level,"Euro area (changing composition) - Key interest rate - Main refinancing operations - Minimum bid rate/fixed rate (date of changes) - Level - Euro, provided by ECB",PCPA,0
FM.D.U2.EUR.4F.KR.MRR_RT.LEV,D,U2,EUR,4F,KR,MRR_RT,LEV,2024-05-20,4.5,A,F,,,P1D,,E,4F0,,,,,,,,,,,,,,,,7,,,Main refinancing operations - Minimum bid rate/fixed rate (date of changes) - Level,"Euro area (changing composition) - Key interest rate - Main refinancing operations - Minimum bid rate/fixed rate (date of changes) - Level - Euro, provided by ECB",PCPA,0
