date,value,label,display_name,category,source,retrieved_at,as_of_date
2023-05-16,3.25,ECB_DFR,ECB Deposit Facility Rate,rates,ECB,2026-09-21T08:32:30+00:00,2024-05-20
2023-05-17,3.25,ECB_DFR,ECB Deposit Facility Rate,rates,ECB,2026-09-21T08:32:30+00:00,2024-05-20
2023-05-18,3.25,ECB_DFR,ECB Deposit Facility Rate,rates,ECB,2026-09-21T08:32:30+00:00,2024-05-20
2023-05-19,3.25,ECB_DFR,ECB Deposit Facility Rate,rates,ECB,2026-09-21T08:32:30+00:00,2024-05-20
2023-05-20,3.25,ECB_DFR,ECB Deposit Facility Rate,rates,ECB,2026-09-21T08:32:30+00:00,2024-05-20
2023-05-21,3.25,ECB_DFR,ECB Deposit Facility Rate,rates,ECB,2026-09-21T08:32:30+00:00,2024-05-20
2023-05-22,3.25,ECB_DFR,ECB Deposit Facility Rate,rates,ECB,2026-09-21T08:32:30+00:00,2024-05-20
2023-05-23,3.25,ECB_DFR,ECB Deposit Facility Rate,rates,ECB,2026-09-21T08:32:30+00:00,2024-05-20
2023-05-24,3.25,ECB_DFR,ECB Deposit Facility Rate,rates,ECB,2026-09-21T08:32:30+00:00,2024-05-20
2023-05-25,3.25,ECB_DFR,ECB Deposit Facility Rate,rates,ECB,2026-09-21T08:32:30+00:00,2024-05-20
2023-05-26,3.25,ECB_DFR,ECB Deposit Facility Rate,rates,ECB,2026-09-21T08:32:30+00:00,2024-05-20
2023-05-27,3.25,ECB_DFR,ECB Deposit Facility Rate,rates,ECB,2026-09-21T08:32:30+00:00,2024-05-20
2023-05-28,3.25,ECB_DFR,ECB Deposit Facility Rate,rates,ECB,2026-09-21T08:32:30+00:00,2024-05-20
2023-05-29,3.25,ECB_DFR,ECB Deposit Facility Rate,rates,ECB,2026-09-21T08:32:30+00:00,2024-05-20
2023-05-30,3.25,ECB_DFR,ECB Deposit Facility Rate,rates,ECB,2026-09-21T08:32:30+00:00,2024-05-20
2023-05-31,3.25,ECB_DFR,ECB Deposit Facility Rate,rates,ECB,2026-09-21T08:32:30+00:00,2024-05-20
2023-06-01,3.25,ECB_DFR,ECB Deposit Facility Rate,rates,ECB,2026-09-21T08:32:30+00:00,2024-05-20
2023-06-02,3.25,ECB_DFR,ECB Deposit Facility Rate,rates,ECB,2026-09-21T08:32:30+00:00,2024-05-20
2023-06-03,3.25,ECB_DFR,ECB Deposit Facility Rate,rates,ECB,2026-09-21T08:32:30+00:00,2024-05-20
2023-06-04,3.25,ECB_DFR,ECB Deposit Facility Rate,rates,ECB,2026-09-21T08:32:30+00:00,2024-05-20
2023-06-05,3.25,ECB_DFR,ECB Deposit Facility Rate,rates,ECB,2026-09-21T08:32:30+00:00,2024-05-20
2023-06-06,3.25,ECB_DFR,ECB Deposit Facility Rate,rates,ECB,2026-09-21T08:32:30+00:00,2024-05-20
2023-06-07,3.25,ECB_DFR,ECB Deposit Facility Rate,rates,ECB,2026-09-21T08:32:30+00:00,2024-05-20
2023-06-08,3.25,ECB_DFR,ECB Deposit Facility Rate,rates,ECB,2026-09-21T08:32:30+00:00,2024-05-20
2023-06-09,3.25,ECB_DFR,ECB Deposit Facility Rate,rates,ECB,2026-09-21T08:32:30+00:00,2024-05-20
2023-06-10,3.25,ECB_DFR,ECB Deposit Facility Rate,rates,ECB,2026-09-21T08:32:30+00:00,2024-05-20
2023-06-11,3.25,ECB_DFR,ECB Deposit Facility Rate,rates,ECB,2026-09-21T08:32:30+00:00,2024-05-20
2023-06-12,3.25,ECB_DFR,ECB Deposit Facility Rate,rates,ECB,2026-09-21T08:32:30+00:00,2024-05-20
2023-06-13,3.25,ECB_DFR,ECB Deposit Facility Rate,rates,ECB,2026-09-21T08:32:30+00:00,2024-05-20
2023-06-14,3.25,ECB_DFR,ECB Deposit Facility Rate,rates,ECB,2026-09-21T08:32:30+00:00,2024-05-20
2023-06-15,3.25,ECB_DFR,ECB Deposit Facility Rate,rates,ECB,2026-09-21T08:32:30+00:00,2024-05-20
2023-06-16,3.25,ECB_DFR,ECB Deposit Facility Rate,rates,ECB,2026-09-21T08:32:30+00:00,2024-05-20
2023-06-17,3.25,ECB_DFR,ECB Deposit Facility Rate,rates,ECB,2026-09-21T08:32:30+00:00,2024-05-20
2023-06-18,3.25,ECB_DFR,ECB Deposit Facility Rate,rates,ECB,2026-09-21T08:32:30+00:00,2024-05-20
2023-06-19,3.25,ECB_DFR,ECB Deposit Facility Rate,rates,ECB,2026-09-21T08:32:30+00:00,2024-05-20
2023-06-20,3.25,ECB_DFR,ECB Deposit Facility Rate,rates,ECB,2026-09-21T08:32:30+00:00,2024-05-20
2023-06-21,3.5,ECB_DFR,ECB Deposit Facility Rate,rates,ECB,2026-09-21T08:32:30+00:00,2024-05-20
2023-06-22,3.5,ECB_DFR,ECB Deposit Facility Rate,rates,ECB,2026-09-21T08:32:30+00:00,2024-05-20
2023-06-23,3.5,ECB_DFR,ECB Deposit Facility Rate,rates,ECB,2026-09-21T08:32:30+00:00,2024-05-20
2023-06-24,3.5,ECB_DFR,ECB Deposit Facility Rate,rates,ECB,2026-09-21T08:32:30+00:00,2024-05-20
2023-06-25,3.5,ECB_DFR,ECB Deposit Facility Rate,rates,ECB,2026-09-21T08:32:30+00:00,2024-05-20
2023-06-26,3.5,ECB_DFR,ECB Deposit Facility Rate,rates,ECB,2026-09-21T08:32:30+00:00,2024-05-20
2023-06-27,3.5,ECB_DFR,ECB Deposit Facility Rate,rates,ECB,2026-09-21T08:32:30+00:00,2024-05-20
2023-06-28,3.5,ECB_DFR,ECB Deposit Facility Rate,rates,ECB,2026-09-21T08:32:30+00:00,2024-05-20
2023-06-29,3.5,ECB_DFR,ECB Deposit Facility Rate,rates,ECB,2026-09-21T08:32:30+00:00,2024-05-20
2023-06-30,3.5,ECB_DFR,ECB Deposit Facility Rate,rates,ECB,2026-09-21T08:32:30+00:00,2024-05-20
2023-07-01,3.5,ECB_DFR,ECB Deposit Facility Rate,rates,ECB,2026-09-21T08:32:30+00:00,2024-05-20
2023-07-02,3.5,ECB_DFR,ECB Deposit Facility Rate,rates,ECB,2026-09-21T08:32:30+00:00,2024-05-20
2023-07-03,3.5,ECB_DFR,ECB Deposit Facility Rate,rates,ECB,2026-09-21T08:32:30+00:00,2024-05-20
2023-07-04,3.5,ECB_DFR,ECB Deposit Facility Rate,rates,ECB,2026-09-21T08:32:30+00:00,2024-05-20
2023-07-05,3.5,ECB_DFR,ECB Deposit Facility Rate,rates,ECB,2026-09-21T08:32:30+00:00,2024-05-20
2023-07-06,3.5,ECB_DFR,ECB Deposit Facility Rate,rates,ECB,2026-09-21T08:32:30+00:00,2024-05-20
2023-07-07,3.5,ECB_DFR,ECB Deposit Facility Rate,rates,ECB,2026-09-21T08:32:30+00:00,2024-05-20
2023-07-08,3.5,ECB_DFR,ECB Deposit Facility Rate,rates,ECB,2026-09-21T08:32:30+00:00,2024-05-20
2023-07-09,3.5,ECB_DFR,ECB Deposit Facility Rate,rates,ECB,2026-09-21T08:32:30+00:00,2024-05-20
2023-07-10,3.5,ECB_DFR,ECB Deposit Facility Rate,rates,ECB,2026-09-21T08:32:30+00:00,2024-05-20
2023-07-11,3.5,ECB_DFR,ECB Deposit Facility Rate,rates,ECB,2026-09-21T08:32:30+00:00,2024-05-20
2023-07-12,3.5,ECB_DFR,ECB Deposit Facility Rate,rates,ECB,2026-09-21T08:32:30+00:00,2024-05-20
2023-07-13,3.5,ECB_DFR,ECB Deposit Facility Rate,rates,ECB,2026-09-21T08:32:30+00:00,2024-05-20
2023-07-14,3.5,ECB_DFR,ECB Deposit Facility Rate,rates,ECB,2026-09-21T08:32:30+00:00,2024-05-20
2023-07-15,3.5,ECB_DFR,ECB Deposit Facility Rate,rates,ECB,2026-09-21T08:32:30+00:00,2024-05-20
2023-07-16,3.5,ECB_DFR,ECB Deposit Facility Rate,rates,ECB,2026-09-21T08:32:30+00:00,2024-05-20
2023-07-17,3.5,ECB_DFR,ECB Deposit Facility Rate,rates,ECB,2026-09-21T08:32:30+00:00,2024-05-20
2023-07-18,3.5,ECB_DFR,ECB Deposit Facility Rate,rates,ECB,2026-09-21T08:32:30+00:00,2024-05-20
2023-07-19,3.5,ECB_DFR,ECB Deposit Facility Rate,rates,ECB,2026-09-21T08:32:30+00:00,2024-05-20
2023-07-20,3.5,ECB_DFR,ECB Deposit Facility Rate,rates,ECB,2026-09-21T08:32:30+00:00,2024-05-20
2023-07-21,3.5,ECB_DFR,ECB Deposit Facility Rate,rates,ECB,2026-09-21T08:32:30+00:00,2024-05-20
2023-07-22,3.5,ECB_DFR,ECB Deposit Facility Rate,rates,ECB,2026-09-21T08:32:30+00:00,2024-05-20
2023-07-23,3.5,ECB_DFR,ECB Deposit Facility Rate,rates,ECB,2026-09-21T08:32:30+00:00,2024-05-20
2023-07-24,3.5,ECB_DFR,ECB Deposit Facility Rate,rates,ECB,2026-09-21T08:32:30+00:00,2024-05-20
2023-07-25,3.5,ECB_DFR,ECB Deposit Facility Rate,rates,ECB,2026-09-21T08:32:30+00:00,2024-05-20
2023-07-26,3.5,ECB_DFR,ECB Deposit Facility Rate,rates,ECB,2026-09-21T08:32:30+00:00,2024-05-20
2023-07-27,3.5,ECB_DFR,ECB Deposit Facility Rate,rates,ECB,2026-09-21T08:32:30+00:00,2024-05-20
2023-07-28,3.5,ECB_DFR,ECB Deposit Facility Rate,rates,ECB,2026-09-21T08:32:30+00:00,2024-05-20
2023-07-29,3.5,ECB_DFR,ECB Deposit Facility Rate,rates,ECB,2026-09-21T08:32:30+00:00,2024-05-20
2023-07-30,3.5,ECB_DFR,ECB Deposit Facility Rate,rates,ECB,2026-09-21T08:32:30+00:00,2024-05-20
2023-07-31,3.5,ECB_DFR,ECB Deposit Facility Rate,rates,ECB,2026-09-21T08:32:30+00:00,2024-05-20
2023-08-01,3.5,ECB_DFR,ECB Deposit Facility Rate,rates,ECB,2026-09-21T08:32:30+00:00,2024-05-20
2023-08-02,3.75,ECB_DFR,ECB Deposit Facility Rate,rates,ECB,2026-09-21T08:32:30+00:00,2024-05-20
2023-08-03,3.75,ECB_DFR,ECB Deposit Facility Rate,rates,ECB,2026-09-21T08:32:30+00:00,2024-05-20
2023-08-04,3.75,ECB_DFR,ECB Deposit Facility Rate,rates,ECB,2026-09-21T08:32:30+00:00,2024-05-20
2023-08-05,3.75,ECB_DFR,ECB Deposit Facility Rate,rates,ECB,2026-09-21T08:32:30+00:00,2024-05-20
2023-08-06,3.75,ECB_DFR,ECB Deposit Facility Rate,rates,ECB,2026-09-21T08:32:30+00:00,2024-05-20
2023-08-07,3.75,ECB_DFR,ECB Deposit Facility Rate,rates,ECB,2026-09-21T08:32:30+00:00,2024-05-20
2023-08-08,3.75,ECB_DFR,ECB Deposit Facility Rate,rates,ECB,2026-09-21T08:32:30+00:00,2024-05-20
2023-08-09,3.75,ECB_DFR,ECB Deposit Facility Rate,rates,ECB,2026-09-21T08:32:30+00:00,2024-05-20
2023-08-10,3.75,ECB_DFR,ECB Deposit Facility Rate,rates,ECB,2026-09-21T08:32:30+00:00,2024-05-20
2023-08-11,3.75,ECB_DFR,ECB Deposit Facility Rate,rates,ECB,2026-09-21T08:32:30+00:00,2024-05-20
2023-08-12,3.75,ECB_DFR,ECB Deposit Facility Rate,rates,ECB,2026-09-21T08:32:30+00:00,2024-05-20
2023-08-13,3.75,ECB_DFR,ECB Deposit Facility Rate,rates,ECB,2026-09-21T08:32:30+00:00,2024-05-20
2023-08-14,3.75,ECB_DFR,ECB Deposit Facility Rate,rates,ECB,2026-09-21T08:32:30+00:00,2024-05-20
2023-08-15,3.75,ECB_DFR,ECB Deposit Facility Rate,rates,ECB,2026-09-21T08:32:30+00:00,2024-05-20
2023-08-16,3.75,ECB_DFR,ECB Deposit Facility Rate,rates,ECB,2026-09-21T08:32:30+00:00,2024-05-20
2023-08-17,3.75,ECB_DFR,ECB Deposit Facility Rate,rates,ECB,2026-09-21T08:32:30+00:00,2024-05-20
2023-08-18,3.75,ECB_DFR,ECB Deposit Facility Rate,rates,ECB,2026-09-21T08:32:30+00:00,2024-05-20
2023-08-19,3.75,ECB_DFR,ECB Deposit Facility Rate,rates,ECB,2026-09-21T08:32:30+00:00,2024-05-20
2023-08-20,3.75,ECB_DFR,ECB Deposit Facility Rate,rates,ECB,2026-09-21T08:32:30+00:00,2024-05-20
2023-08-21,3.75,ECB_DFR,ECB Deposit Facility Rate,rates,ECB,2026-09-21T08:32:30+00:00,2024-05-20
2023-08-22,3.75,ECB_DFR,ECB Deposit Facility Rate,rates,ECB,2026-09-21T08:32:30+00:00,2024-05-20
2023-08-23,3.75,ECB_DFR,ECB Deposit Facility Rate,rates,ECB,2026-09-21T08:32:30+00:00,2024-05-20
2023-08-24,3.75,ECB_DFR,ECB Deposit Facility Rate,rates,ECB,2026-09-21T08:32:30+00:00,2024-05-20
2023-08-25,3.75,ECB_DFR,ECB Deposit Facility Rate,rates,ECB,2026-09-21T08:32:30+00:00,2024-05-20
2023-08-26,3.75,ECB_DFR,ECB Deposit Facility Rate,rates,ECB,2026-09-21T08:32:30+00:00,2024-05-20
2023-08-27,3.75,ECB_DFR,ECB Deposit Facility Rate,rates,ECB,2026-09-21T08:32:30+00:00,2024-05-20
2023-08-28,3.75,ECB_DFR,ECB Deposit Facility Rate,rates,ECB,2026-09-21T08:32:30+00:00,2024-05-20
2023-08-29,3.75,ECB_DFR,ECB Deposit Facility Rate,rates,ECB,2026-09-21T08:32:30+00:00,2024-05-20
2023-08-30,3.75,ECB_DFR,ECB Deposit Facility Rate,rates,ECB,2026-09-21T08:32:30+00:00,2024-05-20
2023-08-31,3.75,ECB_DFR,ECB Deposit Facility Rate,rates,ECB,2026-09-21T08:32:30+00:00,2024-05-20
2023-09-01,3.75,ECB_DFR,ECB Deposit Facility Rate,rates,ECB,2026-09-21T08:32:30+00:00,2024-05-20
2023-09-02,3.75,ECB_DFR,ECB Deposit Facility Rate,rates,ECB,2026-09-21T08:32:30+00:00,2024-05-20
2023-09-03,3.75,ECB_DFR,ECB Deposit Facility Rate,rates,ECB,2026-09-21T08:32:30+00:00,2024-05-20
2023-09-04,3.75,ECB_DFR,ECB Deposit Facility Rate,rates,ECB,2026-09-21T08:32:30+00:00,2024-05-20
2023-09-05,3.75,ECB_DFR,ECB Deposit Facility Rate,rates,ECB,2026-09-21T08:32:30+00:00,2024-05-20
2023-09-06,3.75,ECB_DFR,ECB Deposit Facility Rate,rates,ECB,2026-09-21T08:32:30+00:00,2024-05-20
2023-09-07,3.75,ECB_DFR,ECB Deposit Facility Rate,rates,ECB,2026-09-21T08:32:30+00:00,2024-05-20
2023-09-08,3.75,ECB_DFR,ECB Deposit Facility Rate,rates,ECB,2026-09-21T08:32:30+00:00,2024-05-20
2023-09-09,3.75,ECB_DFR,ECB Deposit Facility Rate,rates,ECB,2026-09-21T08:32:30+00:00,2024-05-20
2023-09-10,3.75,ECB_DFR,ECB Deposit Facility Rate,rates,ECB,2026-09-21T08:32:30+00:00,2024-05-20
2023-09-11,3.75,ECB_DFR,ECB Deposit Facility Rate,rates,ECB,2026-09-21T08:32:30+00:00,2024-05-20
2023-09-12,3.75,ECB_DFR,ECB Deposit Facility Rate,rates,ECB,2026-09-21T08:32:30+00:00,2024-05-20
2023-09-13,3.75,ECB_DFR,ECB Deposit Facility Rate,rates,ECB,2026-09-21T08:32:30+00:00,2024-05-20
2023-09-14,3.75,ECB_DFR,ECB Deposit Facility Rate,rates,ECB,2026-09-21T08:32:30+00:00,2024-05-20
2023-09-15,3.75,ECB_DFR,ECB Deposit Facility Rate,rates,ECB,2026-09-21T08:32:30+00:00,2024-05-20
2023-09-16,3.75,ECB_DFR,ECB Deposit Facility Rate,rates,ECB,2026-09-21T08:32:30+00:00,2024-05-20
2023-09-17,3.75,ECB_DFR,ECB Deposit Facility Rate,rates,ECB,2026-09-21T08:32:30+00:00,2024-05-20
2023-09-18,3.75,ECB_DFR,ECB Deposit Facility Rate,rates,ECB,2026-09-21T08:32:30+00:00,2024-05-20
2023-09-19,3.75,ECB_DFR,ECB Deposit Facility Rate,rates,ECB,2026-09-21T08:32:30+00:00,2024-05-20
2023-09-20,4.0,ECB_DFR,ECB Deposit Facility Rate,rates,ECB,2026-09-21T08:32:30+00:00,2024-05-20
2023-09-21,4.0,ECB_DFR,ECB Deposit Facility Rate,rates,ECB,2026-09-21T08:32:30+00:00,2024-05-20
2023-09-22,4.0,ECB_DFR,ECB Deposit Facility Rate,rates,ECB,2026-09-21T08:32:30+00:00,2024-05-20
2023-09-23,4.0,ECB_DFR,ECB Deposit Facility Rate,rates,ECB,2026-09-21T08:32:30+00:00,2024-05-20
2023-09-24,4.0,ECB_DFR,ECB Deposit Facility Rate,rates,ECB,2026-09-21T08:32:30+00:00,2024-05-20
2023-09-25,4.0,ECB_DFR,ECB Deposit Facility Rate,rates,ECB,2026-09-21T08:32:30+00:00,2024-05-20
2023-09-26,4.0,ECB_DFR,ECB Deposit Facility Rate,rates,ECB,2026-09-21T08:32:30+00:00,2024-05-20
2023-09-27,4.0,ECB_DFR,ECB Deposit Facility Rate,rates,ECB,2026-09-21T08:32:30+00:00,2024-05-20
2023-09-28,4.0,ECB_DFR,ECB Deposit Facility Rate,rates,ECB,2026-09-21T08:32:30+00:00,2024-05-20
2023-09-29,4.0,ECB_DFR,ECB Deposit Facility Rate,rates,ECB,2026-09-21T08:32:30+00:00,2024-05-20
2023-09-30,4.0,ECB_DFR,ECB Deposit Facility Rate,rates,ECB,2026-09-21T08:32:30+00:00,2024-05-20
2023-10-01,4.0,ECB_DFR,ECB Deposit Facility Rate,rates,ECB,2026-09-21T08:32:30+00:00,2024-05-20
2023-10-02,4.0,ECB_DFR,ECB Deposit Facility Rate,rates,ECB,2026-09-21T08:32:30+00:00,2024-05-20
2023-10-03,4.0,ECB_DFR,ECB Deposit Facility Rate,rates,ECB,2026-09-21T08:32:30+00:00,2024-05-20
2023-10-04,4.0,ECB_DFR,ECB Deposit Facility Rate,rates,ECB,2026-09-21T08:32:30+00:00,2024-05-20
2023-10-05,4.0,ECB_DFR,ECB Deposit Facility Rate,rates,ECB,2026-09-21T08:32:30+00:00,2024-05-20
2023-10-06,4.0,ECB_DFR,ECB Deposit Facility Rate,rates,ECB,2026-09-21T08:32:30+00:00,2024-05-20
2023-10-07,4.0,ECB_DFR,ECB Deposit Facility Rate,rates,ECB,2026-09-21T08:32:30+00:00,2024-05-20
2023-10-08,4.0,ECB_DFR,ECB Deposit Facility Rate,rates,ECB,2026-09-21T08:32:30+00:00,2024-05-20
2023-10-09,4.0,ECB_DFR,ECB Deposit Facility Rate,rates,ECB,2026-09-21T08:32:30+00:00,2024-05-20
2023-10-10,4.0,ECB_DFR,ECB Deposit Facility Rate,rates,ECB,2026-09-21T08:32:30+00:00,2024-05-20
2023-10-11,4.0,ECB_DFR,ECB Deposit Facility Rate,rates,ECB,2026-09-21T08:32:30+00:00,2024-05-20
2023-10-12,4.0,ECB_DFR,ECB Deposit Facility Rate,rates,ECB,2026-09-21T08:32:30+00:00,2024-05-20
2023-10-13,4.0,ECB_DFR,ECB Deposit Facility Rate,rates,ECB,2026-09-21T08:32:30+00:00,2024-05-20
2023-10-14,4.0,ECB_DFR,ECB Deposit Facility Rate,rates,ECB,2026-09-21T08:32:30+00:00,2024-05-20
2023-10-15,4.0,ECB_DFR,ECB Deposit Facility Rate,rates,ECB,2026-09-21T08:32:30+00:00,2024-05-20
2023-10-16,4.0,ECB_DFR,ECB Deposit Facility Rate,rates,ECB,2026-09-21T08:32:30+00:00,2024-05-20
2023-10-17,4.0,ECB_DFR,ECB Deposit Facility Rate,rates,ECB,2026-09-21T08:32:30+00:00,2024-05-20
2023-10-18,4.0,ECB_DFR,ECB Deposit Facility Rate,rates,ECB,2026-09-21T08:32:30+00:00,2024-05-20
2023-10-19,4.0,ECB_DFR,ECB Deposit Facility Rate,rates,ECB,2026-09-21T08:32:30+00:00,2024-05-20
2023-10-20,4.0,ECB_DFR,ECB Deposit Facility Rate,rates,ECB,2026-09-21T08:32:30+00:00,2024-05-20
2023-10-21,4.0,ECB_DFR,ECB Deposit Facility Rate,rates,ECB,2026-09-21T08:32:30+00:00,2024-05-20
2023-10-22,4.0,ECB_DFR,ECB Deposit Facility Rate,rates,ECB,2026-09-21T08:32:30+00:00,2024-05-20
2023-10-23,4.0,ECB_DFR,ECB Deposit Facility Rate,rates,ECB,2026-09-21T08:32:30+00:00,2024-05-20
2023-10-24,4.0,ECB_DFR,ECB Deposit Facility Rate,rates,ECB,2026-09-21T08:32:30+00:00,2024-05-20
2023-10-25,4.0,ECB_DFR,ECB Deposit Facility Rate,rates,ECB,2026-09-21T08:32:30+00:00,2024-05-20
2023-10-26,4.0,ECB_DFR,ECB Deposit Facility Rate,rates,ECB,2026-09-21T08:32:30+00:00,2024-05-20
2023-10-27,4.0,ECB_DFR,ECB Deposit Facility Rate,rates,ECB,2026-09-21T08:32:30+00:00,2024-05-20
2023-10-28,4.0,ECB_DFR,ECB Deposit Facility Rate,rates,ECB,2026-09-21T08:32:30+00:00,2024-05-20
2023-10-29,4.0,ECB_DFR,ECB Deposit Facility Rate,rates,ECB,2026-09-21T08:32:30+00:00,2024-05-20
2023-10-30,4.0,ECB_DFR,ECB Deposit Facility Rate,rates,ECB,2026-09-21T08:32:30+00:00,2024-05-20
2023-10-31,4.0,ECB_DFR,ECB Deposit Facility Rate,rates,ECB,2026-09-21T08:32:30+00:00,2024-05-20
2023-11-01,4.0,ECB_DFR,ECB Deposit Facility Rate,rates,ECB,2026-09-21T08:32:30+00:00,2024-05-20
2023-11-02,4.0,ECB_DFR,ECB Deposit Facility Rate,rates,ECB,2026-09-21T08:32:30+00:00,2024-05-20
2023-11-03,4.0,ECB_DFR,ECB Deposit Facility Rate,rates,ECB,2026-09-21T08:32:30+00:00,2024-05-20
2023-11-04,4.0,ECB_DFR,ECB Deposit Facility Rate,rates,ECB,2026-09-21T08:32:30+00:00,2024-05-20
2023-11-05,4.0,ECB_DFR,ECB Deposit Facility Rate,rates,ECB,2026-09-21T08:32:30+00:00,2024-05-20
2023-11-06,4.0,ECB_DFR,ECB Deposit Facility Rate,rates,ECB,2026-09-21T08:32:30+00:00,2024-05-20
2023-11-07,4.0,ECB_DFR,ECB Deposit Facility Rate,rates,ECB,2026-09-21T08:32:30+00:00,2024-05-20
2023-11-08,4.0,ECB_DFR,ECB Deposit Facility Rate,rates,ECB,2026-09-21T08:32:30+00:00,2024-05-20
2023-11-09,4.0,ECB_DFR,ECB Deposit Facility Rate,rates,ECB,2026-09-21T08:32:30+00:00,2024-05-20
2023-11-10,4.0,ECB_DFR,ECB Deposit Facility Rate,rates,ECB,2026-09-21T08:32:30+00:00,2024-05-20
2023-11-11,4.0,ECB_DFR,ECB Deposit Facility Rate,rates,ECB,2026-09-21T08:32:30+00:00,2024-05-20
2023-11-12,4.0,ECB_DFR,ECB Deposit Facility Rate,rates,ECB,2026-09-21T08:32:30+00:00,2024-05-20
2023-11-13,4.0,ECB_DFR,ECB Deposit Facility Rate,rates,ECB,2026-09-21T08:32:30+00:00,2024-05-20
2023-11-14,4.0,ECB_DFR,ECB Deposit Facility Rate,rates,ECB,2026-09-21T08:32:30+00:00,2024-05-20
2023-11-15,4.0,ECB_DFR,ECB Deposit Facility Rate,rates,ECB,2026-09-21T08:32:30+00:00,2024-05-20
2023-11-16,4.0,ECB_DFR,ECB Deposit Facility Rate,rates,ECB,2026-09-21T08:32:30+00:00,2024-05-20
2023-11-17,4.0,ECB_DFR,ECB Deposit Facility Rate,rates,ECB,2026-09-21T08:32:30+00:00,2024-05-20
2023-11-18,4.0,ECB_DFR,ECB Deposit Facility Rate,rates,ECB,2026-09-21T08:32:30+00:00,2024-05-20
2023-11-19,4.0,ECB_DFR,ECB Deposit Facility Rate,rates,ECB,2026-09-21T08:32:30+00:00,2024-05-20
2023-11-20,4.0,ECB_DFR,ECB Deposit Facility Rate,rates,ECB,2026-09-21T08:32:30+00:00,2024-05-20
2023-11-21,4.0,ECB_DFR,ECB Deposit Facility Rate,rates,ECB,2026-09-21T08:32:30+00:00,2024-05-20
2023-11-22,4.0,ECB_DFR,ECB Deposit Facility Rate,rates,ECB,2026-09-21T08:32:30+00:00,2024-05-20
2023-11-23,4.0,ECB_DFR,ECB Deposit Facility Rate,rates,ECB,2026-09-21T08:32:30+00:00,2024-05-20
2023-11-24,4.0,ECB_DFR,ECB Deposit Facility Rate,rates,ECB,2026-09-21T08:32:30+00:00,2024-05-20
2023-11-25,4.0,ECB_DFR,ECB Deposit Facility Rate,rates,ECB,2026-09-21T08:32:30+00:00,2024-05-20
2023-11-26,4.0,ECB_DFR,ECB Deposit Facility Rate,rates,ECB,2026-09-21T08:32:30+00:00,2024-05-20
2023-11-27,4.0,ECB_DFR,ECB Deposit Facility Rate,rates,ECB,2026-09-21T08:32:30+00:00,2024-05-20
2023-11-28,4.0,ECB_DFR,ECB Deposit Facility Rate,rates,ECB,2026-09-21T08:32:30+00:00,2024-05-20
2023-11-29,4.0,ECB_DFR,ECB Deposit Facility Rate,rates,ECB,2026-09-21T08:32:30+00:00,2024-05-20
2023-11-30,4.0,ECB_DFR,ECB Deposit Facility Rate,rates,ECB,2026-09-21T08:32:30+00:00,2024-05-20
2023-12-01,4.0,ECB_DFR,ECB Deposit Facility Rate,rates,ECB,2026-09-21T08:32:30+00:00,2024-05-20
2023-12-02,4.0,ECB_DFR,ECB Deposit Facility Rate,rates,ECB,2026-09-21T08:32:30+00:00,2024-05-20
2023-12-03,4.0,ECB_DFR,ECB Deposit Facility Rate,rates,ECB,2026-09-21T08:32:30+00:00,2024-05-20
2023-12-04,4.0,ECB_DFR,ECB Deposit Facility Rate,rates,ECB,2026-09-21T08:32:30+00:00,2024-05-20
2023-12-05,4.0,ECB_DFR,ECB Deposit Facility Rate,rates,ECB,2026-09-21T08:32:30+00:00,2024-05-20
2023-12-06,4.0,ECB_DFR,ECB Deposit Facility Rate,rates,ECB,2026-09-21T08:32:30+00:00,2024-05-20
2023-12-07,4.0,ECB_DFR,ECB Deposit Facility Rate,rates,ECB,2026-09-21T08:32:30+00:00,2024-05-20
2023-12-08,4.0,ECB_DFR,ECB Deposit Facility Rate,rates,ECB,2026-09-21T08:32:30+00:00,2024-05-20
2023-12-09,4.0,ECB_DFR,ECB Deposit Facility Rate,rates,ECB,2026-09-21T08:32:30+00:00,2024-05-20
2023-12-10,4.0,ECB_DFR,ECB Deposit Facility Rate,rates,ECB,2026-09-21T08:32:30+00:00,2024-05-20
2023-12-11,4.0,ECB_DFR,ECB Deposit Facility Rate,rates,ECB,2026-09-21T08:32:30+00:00,2024-05-20
2023-12-12,4.0,ECB_DFR,ECB Deposit Facility Rate,rates,ECB,2026-09-21T08:32:30+00:00,2024-05-20
2023-12-13,4.0,ECB_DFR,ECB Deposit Facility Rate,rates,ECB,2026-09-21T08:32:30+00:00,2024-05-20
2023-12-14,4.0,ECB_DFR,ECB Deposit Facility Rate,rates,ECB,2026-09-21T08:32:30+00:00,2024-05-20
2023-12-15,4.0,ECB_DFR,ECB Deposit Facility Rate,rates,ECB,2026-09-21T08:32:30+00:00,2024-05-20
2023-12-16,4.0,ECB_DFR,ECB Deposit Facility Rate,rates,ECB,2026-09-21T08:32:30+00:00,2024-05-20
2023-12-17,4.0,ECB_DFR,ECB Deposit Facility Rate,rates,ECB,2026-09-21T08:32:30+00:00,2024-05-20
2023-12-18,4.0,ECB_DFR,ECB Deposit Facility Rate,rates,ECB,2026-09-21T08:32:30+00:00,2024-05-20
2023-12-19,4.0,ECB_DFR,ECB Deposit Facility Rate,rates,ECB,2026-09-21T08:32:30+00:00,2024-05-20
2023-12-20,4.0,ECB_DFR,ECB Deposit Facility Rate,rates,ECB,2026-09-21T08:32:30+00:00,2024-05-20
2023-12-21,4.0,ECB_DFR,ECB Deposit Facility Rate,rates,ECB,2026-09-21T08:32:30+00:00,2024-05-20
2023-12-22,4.0,ECB_DFR,ECB Deposit Facility Rate,rates,ECB,2026-09-21T08:32:30+00:00,2024-05-20
2023-12-23,4.0,ECB_DFR,ECB Deposit Facility Rate,rates,ECB,2026-09-21T08:32:30+00:00,2024-05-20
2023-12-24,4.0,ECB_DFR,ECB Deposit Facility Rate,rates,ECB,2026-09-21T08:32:30+00:00,2024-05-20
2023-12-25,4.0,ECB_DFR,ECB Deposit Facility Rate,rates,ECB,2026-09-21T08:32:30+00:00,2024-05-20
2023-12-26,4.0,ECB_DFR,ECB Deposit Facility Rate,rates,ECB,2026-09-21T08:32:30+00:00,2024-05-20
2023-12-27,4.0,ECB_DFR,ECB Deposit Facility Rate,rates,ECB,2026-09-21T08:32:30+00:00,2024-05-20
2023-12-28,4.0,ECB_DFR,ECB Deposit Facility Rate,rates,ECB,2026-09-21T08:32:30+00:00,2024-05-20
2023-12-29,4.0,ECB_DFR,ECB Deposit Facility Rate,rates,ECB,2026-09-21T08:32:30+00:00,2024-05-20
2023-12-30,4.0,ECB_DFR,ECB Deposit Facility Rate,rates,ECB,2026-09-21T08:32:30+00:00,2024-05-20
2023-12-31,4.0,ECB_DFR,ECB Deposit Facility Rate,rates,ECB,2026-09-21T08:32:30+00:00,2024-05-20
2024-01-01,4.0,ECB_DFR,ECB Deposit Facility Rate,rates,ECB,2026-09-21T08:32:30+00:00,2024-05-20
2024-01-02,4.0,ECB_DFR,ECB Deposit Facility Rate,rates,ECB,2026-09-21T08:32:30+00:00,2024-05-20
2024-01-03,4.0,ECB_DFR,ECB Deposit Facility Rate,rates,ECB,2026-09-21T08:32:30+00:00,2024-05-20
2024-01-04,4.0,ECB_DFR,ECB Deposit Facility Rate,rates,ECB,2026-09-21T08:32:30+00:00,2024-05-20
2024-01-05,4.0,ECB_DFR,ECB Deposit Facility Rate,rates,ECB,2026-09-21T08:32:30+00:00,2024-05-20
2024-01-06,4.0,ECB_DFR,ECB Deposit Facility Rate,rates,ECB,2026-09-21T08:32:30+00:00,2024-05-20
2024-01-07,4.0,ECB_DFR,ECB Deposit Facility Rate,rates,ECB,2026-09-21T08:32:30+00:00,2024-05-20
2024-01-08,4.0,ECB_DFR,ECB Deposit Facility Rate,rates,ECB,2026-09-21T08:32:30+00:00,2024-05-20
2024-01-09,4.0,ECB_DFR,ECB Deposit Facility Rate,rates,ECB,2026-09-21T08:32:30+00:00,2024-05-20
2024-01-10,4.0,ECB_DFR,ECB Deposit Facility Rate,rates,ECB,2026-09-21T08:32:30+00:00,2024-05-20
2024-01-11,4.0,ECB_DFR,ECB Deposit Facility Rate,rates,ECB,2026-09-21T08:32:30+00:00,2024-05-20
2024-01-12,4.0,ECB_DFR,ECB Deposit Facility Rate,rates,ECB,2026-09-21T08:32:30+00:00,2024-05-20
2024-01-13,4.0,ECB_DFR,ECB Deposit Facility Rate,rates,ECB,2026-09-21T08:32:30+00:00,2024-05-20
2024-01-14,4.0,ECB_DFR,ECB Deposit Facility Rate,rates,ECB,2026-09-21T08:32:30+00:00,2024-05-20
2024-01-15,4.0,ECB_DFR,ECB Deposit Facility Rate,rates,ECB,2026-09-21T08:32:30+00:00,2024-05-20
2024-01-16,4.0,ECB_DFR,ECB Deposit Facility Rate,rates,ECB,2026-09-21T08:32:30+00:00,2024-05-20
2024-01-17,4.0,ECB_DFR,ECB Deposit Facility Rate,rates,ECB,2026-09-21T08:32:30+00:00,2024-05-20
2024-01-18,4.0,ECB_DFR,ECB Deposit Facility Rate,rates,ECB,2026-09-21T08:32:30+00:00,2024-05-20
2024-01-19,4.0,ECB_DFR,ECB Deposit Facility Rate,rates,ECB,2026-09-21T08:32:30+00:00,2024-05-20
2024-01-20,4.0,ECB_DFR,ECB Deposit Facility Rate,rates,ECB,2026-09-21T08:32:30+00:00,2024-05-20
2024-01-21,4.0,ECB_DFR,ECB Deposit Facility Rate,rates,ECB,2026-09-21T08:32:30+00:00,2024-05-20
2024-01-22,4.0,ECB_DFR,ECB Deposit Facility Rate,rates,ECB,2026-09-21T08:32:30+00:00,2024-05-20
2024-01-23,4.0,ECB_DFR,ECB Deposit Facility Rate,rates,ECB,2026-09-21T08:32:30+00:00,2024-05-20
2024-01-24,4.0,ECB_DFR,ECB Deposit Facility Rate,rates,ECB,2026-09-21T08:32:30+00:00,2024-05-20
2024-01-25,4.0,ECB_DFR,ECB Deposit Facility Rate,rates,ECB,2026-09-21T08:32:30+00:00,2024-05-20
2024-01-26,4.0,ECB_DFR,ECB Deposit Facility Rate,rates,ECB,2026-09-21T08:32:30+00:00,2024-05-20
2024-01-27,4.0,ECB_DFR,ECB Deposit Facility Rate,rates,ECB,2026-09-21T08:32:30+00:00,2024-05-20
2024-01-28,4.0,ECB_DFR,ECB Deposit Facility Rate,rates,ECB,2026-09-21T08:32:30+00:00,2024-05-20
2024-01-29,4.0,ECB_DFR,ECB Deposit Facility Rate,rates,ECB,2026-09-21T08:32:30+00:00,2024-05-20
2024-01-30,4.0,ECB_DFR,ECB Deposit Facility Rate,rates,ECB,2026-09-21T08:32:30+00:00,2024-05-20
2024-01-31,4.0,ECB_DFR,ECB Deposit Facility Rate,rates,ECB,2026-09-21T08:32:30+00:00,2024-05-20
2024-02-01,4.0,ECB_DFR,ECB Deposit Facility Rate,rates,ECB,2026-09-21T08:32:30+00:00,2024-05-20
2024-02-02,4.0,ECB_DFR,ECB Deposit Facility Rate,rates,ECB,2026-09-21T08:32:30+00:00,2024-05-20
2024-02-03,4.0,ECB_DFR,ECB Deposit Facility Rate,rates,ECB,2026-09-21T08:32:30+00:00,2024-05-20
2024-02-04,4.0,ECB_DFR,ECB Deposit Facility Rate,rates,ECB,2026-09-21T08:32:30+00:00,2024-05-20
2024-02-05,4.0,ECB_DFR,ECB Deposit Facility Rate,rates,ECB,2026-09-21T08:32:30+00:00,2024-05-20
2024-02-06,4.0,ECB_DFR,ECB Deposit Facility Rate,rates,ECB,2026-09-21T08:32:30+00:00,2024-05-20
2024-02-07,4.0,ECB_DFR,ECB Deposit Facility Rate,rates,ECB,2026-09-21T08:32:30+00:00,2024-05-20
2024-02-08,4.0,ECB_DFR,ECB Deposit Facility Rate,rates,ECB,2026-09-21T08:32:30+00:00,2024-05-20
2024-02-09,4.0,ECB_DFR,ECB Deposit Facility Rate,rates,ECB,2026-09-21T08:32:30+00:00,2024-05-20
2024-02-10,4.0,ECB_DFR,ECB Deposit Facility Rate,rates,ECB,2026-09-21T08:32:30+00:00,2024-05-20
2024-02-11,4.0,ECB_DFR,ECB Deposit Facility Rate,rates,ECB,2026-09-21T08:32:30+00:00,2024-05-20
2024-02-12,4.0,ECB_DFR,ECB Deposit Facility Rate,rates,ECB,2026-09-21T08:32:30+00:00,2024-05-20
2024-02-13,4.0,ECB_DFR,ECB Deposit Facility Rate,rates,ECB,2026-09-21T08:32:30+00:00,2024-05-20
2024-02-14,4.0,ECB_DFR,ECB Deposit Facility Rate,rates,ECB,2026-09-21T08:32:30+00:00,2024-05-20
2024-02-15,4.0,ECB_DFR,ECB Deposit Facility Rate,rates,ECB,2026-09-21T08:32:30+00:00,2024-05-20
2024-02-16,4.0,ECB_DFR,ECB Deposit Facility Rate,rates,ECB,2026-09-21T08:32:30+00:00,2024-05-20
2024-02-17,4.0,ECB_DFR,ECB Deposit Facility Rate,rates,ECB,2026-09-21T08:32:30+00:00,2024-05-20
2024-02-18,4.0,ECB_DFR,ECB Deposit Facility Rate,rates,ECB,2026-09-21T08:32:30+00:00,2024-05-20
2024-02-19,4.0,ECB_DFR,ECB Deposit Facility Rate,rates,ECB,2026-09-21T08:32:30+00:00,2024-05-20
2024-02-20,4.0,ECB_DFR,ECB Deposit Facility Rate,rates,ECB,2026-09-21T08:32:30+00:00,2024-05-20
2024-02-21,4.0,ECB_DFR,ECB Deposit Facility Rate,rates,ECB,2026-09-21T08:32:30+00:00,2024-05-20
2024-02-22,4.0,ECB_DFR,ECB Deposit Facility Rate,rates,ECB,2026-09-21T08:32:30+00:00,2024-05-20
2024-02-23,4.0,ECB_DFR,ECB Deposit Facility Rate,rates,ECB,2026-09-21T08:32:30+00:00,2024-05-20
2024-02-24,4.0,ECB_DFR,ECB Deposit Facility Rate,rates,ECB,2026-09-21T08:32:30+00:00,2024-05-20
2024-02-25,4.0,ECB_DFR,ECB Deposit Facility Rate,rates,ECB,2026-09-21T08:32:30+00:00,2024-05-20
2024-02-26,4.0,ECB_DFR,ECB Deposit Facility Rate,rates,ECB,2026-09-21T08:32:30+00:00,2024-05-20
2024-02-27,4.0,ECB_DFR,ECB Deposit Facility Rate,rates,ECB,2026-09-21T08:32:30+00:00,2024-05-20
2024-02-28,4.0,ECB_DFR,ECB Deposit Facility Rate,rates,ECB,2026-09-21T08:32:30+00:00,2024-05-20
2024-02-29,4.0,ECB_DFR,ECB Deposit Facility Rate,rates,ECB,2026-09-21T08:32:30+00:00,2024-05-20
2024-03-01,4.0,ECB_DFR,ECB Deposit Facility Rate,rates,ECB,2026-09-21T08:32:30+00:00,2024-05-20
2024-03-02,4.0,ECB_DFR,ECB Deposit Facility Rate,rates,ECB,2026-09-21T08:32:30+00:00,2024-05-20
2024-03-03,4.0,ECB_DFR,ECB Deposit Facility Rate,rates,ECB,2026-09-21T08:32:30+00:00,2024-05-20
2024-03-04,4.0,ECB_DFR,ECB Deposit Facility Rate,rates,ECB,2026-09-21T08:32:30+00:00,2024-05-20
2024-03-05,4.0,ECB_DFR,ECB Deposit Facility Rate,rates,ECB,2026-09-21T08:32:30+00:00,2024-05-20
2024-03-06,4.0,ECB_DFR,ECB Deposit Facility Rate,rates,ECB,2026-09-21T08:32:30+00:00,2024-05-20
2024-03-07,4.0,ECB_DFR,ECB Deposit Facility Rate,rates,ECB,2026-09-21T08:32:30+00:00,2024-05-20
2024-03-08,4.0,ECB_DFR,ECB Deposit Facility Rate,rates,ECB,2026-09-21T08:32:30+00:00,2024-05-20
2024-03-09,4.0,ECB_DFR,ECB Deposit Facility Rate,rates,ECB,2026-09-21T08:32:30+00:00,2024-05-20
2024-03-10,4.0,ECB_DFR,ECB Deposit Facility Rate,rates,ECB,2026-09-21T08:32:30+00:00,2024-05-20
2024-03-11,4.0,ECB_DFR,ECB Deposit Facility Rate,rates,ECB,2026-09-21T08:32:30+00:00,2024-05-20
2024-03-12,4.0,ECB_DFR,ECB Deposit Facility Rate,rates,ECB,2026-09-21T08:32:30+00:00,2024-05-20
2024-03-13,4.0,ECB_DFR,ECB Deposit Facility Rate,rates,ECB,2026-09-21T08:32:30+00:00,2024-05-20
2024-03-14,4.0,ECB_DFR,ECB Deposit Facility Rate,rates,ECB,2026-09-21T08:32:30+00:00,2024-05-20
2024-03-15,4.0,ECB_DFR,ECB Deposit Facility Rate,rates,ECB,2026-09-21T08:32:30+00:00,2024-05-20
2024-03-16,4.0,ECB_DFR,ECB Deposit Facility Rate,rates,ECB,2026-09-21T08:32:30+00:00,2024-05-20
2024-03-17,4.0,ECB_DFR,ECB Deposit Facility Rate,rates,ECB,2026-09-21T08:32:30+00:00,2024-05-20
2024-03-18,4.0,ECB_DFR,ECB Deposit Facility Rate,rates,ECB,2026-09-21T08:32:30+00:00,2024-05-20
2024-03-19,4.0,ECB_DFR,ECB Deposit Facility Rate,rates,ECB,2026-09-21T08:32:30+00:00,2024-05-20
2024-03-20,4.0,ECB_DFR,ECB Deposit Facility Rate,rates,ECB,2026-09-21T08:32:30+00:00,2024-05-20
2024-03-21,4.0,ECB_DFR,ECB Deposit Facility Rate,rates,ECB,2026-09-21T08:32:30+00:00,2024-05-20
2024-03-22,4.0,ECB_DFR,ECB Deposit Facility Rate,rates,ECB,2026-09-21T08:32:30+00:00,2024-05-20
2024-03-23,4.0,ECB_DFR,ECB Deposit Facility Rate,rates,ECB,2026-09-21T08:32:30+00:00,2024-05-20
2024-03-24,4.0,ECB_DFR,ECB Deposit Facility Rate,rates,ECB,2026-09-21T08:32:30+00:00,2024-05-20
2024-03-25,4.0,ECB_DFR,ECB Deposit Facility Rate,rates,ECB,2026-09-21T08:32:30+00:00,2024-05-20
2024-03-26,4.0,ECB_DFR,ECB Deposit Facility Rate,rates,ECB,2026-09-21T08:32:30+00:00,2024-05-20
2024-03-27,4.0,ECB_DFR,ECB Deposit Facility Rate,rates,ECB,2026-09-21T08:32:30+00:00,2024-05-20
2024-03-28,4.0,ECB_DFR,ECB Deposit Facility Rate,rates,ECB,2026-09-21T08:32:30+00:00,2024-05-20
2024-03-29,4.0,ECB_DFR,ECB Deposit Facility Rate,rates,ECB,2026-09-21T08:32:30+00:00,2024-05-20
2024-03-30,4.0,ECB_DFR,ECB Deposit Facility Rate,rates,ECB,2026-09-21T08:32:30+00:00,2024-05-20
2024-03-31,4.0,ECB_DFR,ECB Deposit Facility Rate,rates,ECB,2026-09-21T08:32:30+00:00,2024-05-20
2024-04-01,4.0,ECB_DFR,ECB Deposit Facility Rate,rates,ECB,2026-09-21T08:32:30+00:00,2024-05-20
2024-04-02,4.0,ECB_DFR,ECB Deposit Facility Rate,rates,ECB,2026-09-21T08:32:30+00:00,2024-05-20
2024-04-03,4.0,ECB_DFR,ECB Deposit Facility Rate,rates,ECB,2026-09-21T08:32:30+00:00,2024-05-20
2024-04-04,4.0,ECB_DFR,ECB Deposit Facility Rate,rates,ECB,2026-09-21T08:32:30+00:00,2024-05-20
2024-04-05,4.0,ECB_DFR,ECB Deposit Facility Rate,rates,ECB,2026-09-21T08:32:30+00:00,2024-05-20
2024-04-06,4.0,ECB_DFR,ECB Deposit Facility Rate,rates,ECB,2026-09-21T08:32:30+00:00,2024-05-20
2024-04-07,4.0,ECB_DFR,ECB Deposit Facility Rate,rates,ECB,2026-09-21T08:32:30+00:00,2024-05-20
2024-04-08,4.0,ECB_DFR,ECB Deposit Facility Rate,rates,ECB,2026-09-21T08:32:30+00:00,2024-05-20
2024-04-09,4.0,ECB_DFR,ECB Deposit Facility Rate,rates,ECB,2026-09-21T08:32:30+00:00,2024-05-20
2024-04-10,4.0,ECB_DFR,ECB Deposit Facility Rate,rates,ECB,2026-09-21T08:32:30+00:00,2024-05-20
2024-04-11,4.0,ECB_DFR,ECB Deposit Facility Rate,rates,ECB,2026-09-21T08:32:30+00:00,2024-05-20
2024-04-12,4.0,ECB_DFR,ECB Deposit Facility Rate,rates,ECB,2026-09-21T08:32:30+00:00,2024-05-20
2024-04-13,4.0,ECB_DFR,ECB Deposit Facility Rate,rates,ECB,2026-09-21T08:32:30+00:00,2024-05-20
2024-04-14,4.0,ECB_DFR,ECB Deposit Facility Rate,rates,ECB,2026-09-21T08:32:30+00:00,2024-05-20
2024-04-15,4.0,ECB_DFR,ECB Deposit Facility Rate,rates,ECB,2026-09-21T08:32:30+00:00,2024-05-20
2024-04-16,4.0,ECB_DFR,ECB Deposit Facility Rate,rates,ECB,2026-09-21T08:32:30+00:00,2024-05-20
2024-04-17,4.0,ECB_DFR,ECB Deposit Facility Rate,rates,ECB,2026-09-21T08:32:30+00:00,2024-05-20
2024-04-18,4.0,ECB_DFR,ECB Deposit Facility Rate,rates,ECB,2026-09-21T08:32:30+00:00,2024-05-20
2024-04-19,4.0,ECB_DFR,ECB Deposit Facility Rate,rates,ECB,2026-09-21T08:32:30+00:00,2024-05-20
2024-04-20,4.0,ECB_DFR,ECB Deposit Facility Rate,rates,ECB,2026-09-21T08:32:30+00:00,2024-05-20
2024-04-21,4.0,ECB_DFR,ECB Deposit Facility Rate,rates,ECB,2026-09-21T08:32:30+00:00,2024-05-20
2024-04-22,4.0,ECB_DFR,ECB Deposit Facility Rate,rates,ECB,2026-09-21T08:32:30+00:00,2024-05-20
2024-04-23,4.0,ECB_DFR,ECB Deposit Facility Rate,rates,ECB,2026-09-21T08:32:30+00:00,2024-05-20
2024-04-24,4.0,ECB_DFR,ECB Deposit Facility Rate,rates,ECB,2026-09-21T08:32:30+00:00,2024-05-20
2024-04-25,4.0,ECB_DFR,ECB Deposit Facility Rate,rates,ECB,2026-09-21T08:32:30+00:00,2024-05-20
2024-04-26,4.0,ECB_DFR,ECB Deposit Facility Rate,rates,ECB,2026-09-21T08:32:30+00:00,2024-05-20
2024-04-27,4.0,ECB_DFR,ECB Deposit Facility Rate,rates,ECB,2026-09-21T08:32:30+00:00,2024-05-20
2024-04-28,4.0,ECB_DFR,ECB Deposit Facility Rate,rates,ECB,2026-09-21T08:32:30+00:00,2024-05-20
2024-04-29,4.0,ECB_DFR,ECB Deposit Facility Rate,rates,ECB,2026-09-21T08:32:30+00:00,2024-05-20
2024-04-30,4.0,ECB_DFR,ECB Deposit Facility Rate,rates,ECB,2026-09-21T08:32:30+00:00,2024-05-20
2024-05-01,4.0,ECB_DFR,ECB Deposit Facility Rate,rates,ECB,2026-09-21T08:32:30+00:00,2024-05-20
2024-05-02,4.0,ECB_DFR,ECB Deposit Facility Rate,rates,ECB,2026-09-21T08:32:30+00:00,2024-05-20
2024-05-03,4.0,ECB_DFR,ECB Deposit Facility Rate,rates,ECB,2026-09-21T08:32:30+00:00,2024-05-20
2024-05-04,4.0,ECB_DFR,ECB Deposit Facility Rate,rates,ECB,2026-09-21T08:32:30+00:00,2024-05-20
2024-05-05,4.0,ECB_DFR,ECB Deposit Facility Rate,rates,ECB,2026-09-21T08:32:30+00:00,2024-05-20
2024-05-06,4.0,ECB_DFR,ECB Deposit Facility Rate,rates,ECB,2026-09-21T08:32:30+00:00,2024-05-20
2024-05-07,4.0,ECB_DFR,ECB Deposit Facility Rate,rates,ECB,2026-09-21T08:32:30+00:00,2024-05-20
2024-05-08,4.0,ECB_DFR,ECB Deposit Facility Rate,rates,ECB,2026-09-21T08:32:30+00:00,2024-05-20
2024-05-09,4.0,ECB_DFR,ECB Deposit Facility Rate,rates,ECB,2026-09-21T08:32:30+00:00,2024-05-20
2024-05-10,4.0,ECB_DFR,ECB Deposit Facility Rate,rates,ECB,2026-09-21T08:32:30+00:00,2024-05-20
2024-05-11,4.0,ECB_DFR,ECB Deposit Facility Rate,rates,ECB,2026-09-21T08:32:30+00:00,2024-05-20
2024-05-12,4.0,ECB_DFR,ECB Deposit Facility Rate,rates,ECB,2026-09-21T08:32:30+00:00,2024-05-20
2024-05-13,4.0,ECB_DFR,ECB Deposit Facility Rate,rates,ECB,2026-09-21T08:32:30+00:00,2024-05-20
2024-05-14,4.0,ECB_DFR,ECB Deposit Facility Rate,rates,ECB,2026-09-21T08:32:30+00:00,2024-05-20
2024-05-15,4.0,ECB_DFR,ECB Deposit Facility Rate,rates,ECB,2026-09-21T08:32:30+00:00,2024-05-20
2024-05-16,4.0,ECB_DFR,ECB Deposit Facility Rate,rates,ECB,2026-09-21T08:32:30+00:00,2024-05-20
2024-05-17,4.0,ECB_DFR,ECB Deposit Facility Rate,rates,ECB,2026-09-21T08:32:30+00:00,2024-05-20
2024-05-18,4.0,ECB_DFR,ECB Deposit Facility Rate,rates,ECB,2026-09-21T08:32:30+00:00,2024-05-20
2024-05-19,4.0,ECB_DFR,ECB Deposit Facility Rate,rates,ECB,2026-09-21T08:32:30+00:00,2024-05-20
2024-05-20,4.0,ECB_DFR,ECB Deposit Facility Rate,rates,ECB,2026-09-21T08:32:30+00:00,2024-05-20
2023-05-16,3.75,ECB_MRO,ECB Main Refi Rate,rates,ECB,2026-09-21T08:32:30+00:00,2024-05-20
2023-05-17,3.75,ECB_MRO,ECB Main Refi Rate,rates,ECB,2026-09-21T08:32:30+00:00,2024-05-20
2023-05-18,3.75,ECB_MRO,ECB Main Refi Rate,rates,ECB,2026-09-21T08:32:30+00:00,2024-05-20
2023-05-19,3.75,ECB_MRO,ECB Main Refi Rate,rates,ECB,2026-09-21T08:32:30+00:00,2024-05-20
2023-05-20,3.75,ECB_MRO,ECB Main Refi Rate,rates,ECB,2026-09-21T08:32:30+00:00,2024-05-20
2023-05-21,3.75,ECB_MRO,ECB Main Refi Rate,rates,ECB,2026-09-21T08:32:30+00:00,2024-05-20
2023-05-22,3.75,ECB_MRO,ECB Main Refi Rate,rates,ECB,2026-09-21T08:32:30+00:00,2024-05-20
2023-05-23,3.75,ECB_MRO,ECB Main Refi Rate,rates,ECB,2026-09-21T08:32:30+00:00,2024-05-20
2023-05-24,3.75,ECB_MRO,ECB Main Refi Rate,rates,ECB,2026-09-21T08:32:30+00:00,2024-05-20
2023-05-25,3.75,ECB_MRO,ECB Main Refi Rate,rates,ECB,2026-09-21T08:32:30+00:00,2024-05-20
2023-05-26,3.75,ECB_MRO,ECB Main Refi Rate,rates,ECB,2026-09-21T08:32:30+00:00,2024-05-20
2023-05-27,3.75,ECB_MRO,ECB Main Refi Rate,rates,ECB,2026-09-21T08:32:30+00:00,2024-05-20
2023-05-28,3.75,ECB_MRO,ECB Main Refi Rate,rates,ECB,2026-09-21T08:32:30+00:00,2024-05-20
2023-05-29,3.75,ECB_MRO,ECB Main Refi Rate,rates,ECB,2026-09-21T08:32:30+00:00,2024-05-20
2023-05-30,3.75,ECB_MRO,ECB Main Refi Rate,rates,ECB,2026-09-21T08:32:30+00:00,2024-05-20
2023-05-31,3.75,ECB_MRO,ECB Main Refi Rate,rates,ECB,2026-09-21T08:32:30+00:00,2024-05-20
2023-06-01,3.75,ECB_MRO,ECB Main Refi Rate,rates,ECB,2026-09-21T08:32:30+00:00,2024-05-20
2023-06-02,3.75,ECB_MRO,ECB Main Refi Rate,rates,ECB,2026-09-21T08:32:30+00:00,2024-05-20
2023-06-03,3.75,ECB_MRO,ECB Main Refi Rate,rates,ECB,2026-09-21T08:32:30+00:00,2024-05-20
2023-06-04,3.75,ECB_MRO,ECB Main Refi Rate,rates,ECB,2026-09-21T08:32:30+00:00,2024-05-20
2023-06-05,3.75,ECB_MRO,ECB Main Refi Rate,rates,ECB,2026-09-21T08:32:30+00:00,2024-05-20
2023-06-06,3.75,ECB_MRO,ECB Main Refi Rate,rates,ECB,2026-09-21T08:32:30+00:00,2024-05-20
2023-06-07,3.75,ECB_MRO,ECB Main Refi Rate,rates,ECB,2026-09-21T08:32:30+00:00,2024-05-20
2023-06-08,3.75,ECB_MRO,ECB Main Refi Rate,rates,ECB,2026-09-21T08:32:30+00:00,2024-05-20
2023-06-09,3.75,ECB_MRO,ECB Main Refi Rate,rates,ECB,2026-09-21T08:32:30+00:00,2024-05-20
2023-06-10,3.75,ECB_MRO,ECB Main Refi Rate,rates,ECB,2026-09-21T08:32:30+00:00,2024-05-20
2023-06-11,3.75,ECB_MRO,ECB Main Refi Rate,rates,ECB,2026-09-21T08:32:30+00:00,2024-05-20
2023-06-12,3.75,ECB_MRO,ECB Main Refi Rate,rates,ECB,2026-09-21T08:32:30+00:00,2024-05-20
2023-06-13,3.75,ECB_MRO,ECB Main Refi Rate,rates,ECB,2026-09-21T08:32:30+00:00,2024-05-20
2023-06-14,3.75,ECB_MRO,ECB Main Refi Rate,rates,ECB,2026-09-21T08:32:30+00:00,2024-05-20
2023-06-15,3.75,ECB_MRO,ECB Main Refi Rate,rates,ECB,2026-09-21T08:32:30+00:00,2024-05-20
2023-06-16,3.75,ECB_MRO,ECB Main Refi Rate,rates,ECB,2026-09-21T08:32:30+00:00,2024-05-20
2023-06-17,3.75,ECB_MRO,ECB Main Refi Rate,rates,ECB,2026-09-21T08:32:30+00:00,2024-05-20
2023-06-18,3.75,ECB_MRO,ECB Main Refi Rate,rates,ECB,2026-09-21T08:32:30+00:00,2024-05-20
2023-06-19,3.75,ECB_MRO,ECB Main Refi Rate,rates,ECB,2026-09-21T08:32:30+00:00,2024-05-20
2023-06-20,3.75,ECB_MRO,ECB Main Refi Rate,rates,ECB,2026-09-21T08:32:30+00:00,2024-05-20
2023-06-21,4.0,ECB_MRO,ECB Main Refi Rate,rates,ECB,2026-09-21T08:32:30+00:00,2024-05-20
2023-06-22,4.0,ECB_MRO,ECB Main Refi Rate,rates,ECB,2026-09-21T08:32:30+00:00,2024-05-20
2023-06-23,4.0,ECB_MRO,ECB Main Refi Rate,rates,ECB,2026-09-21T08:32:30+00:00,2024-05-20
2023-06-24,4.0,ECB_MRO,ECB Main Refi Rate,rates,ECB,2026-09-21T08:32:30+00:00,2024-05-20
2023-06-25,4.0,ECB_MRO,ECB Main Refi Rate,rates,ECB,2026-09-21T08:32:30+00:00,2024-05-20
2023-06-26,4.0,ECB_MRO,ECB Main Refi Rate,rates,ECB,2026-09-21T08:32:30+00:00,2024-05-20
2023-06-27,4.0,ECB_MRO,ECB Main Refi Rate,rates,ECB,2026-09-21T08:32:30+00:00,2024-05-20
2023-06-28,4.0,ECB_MRO,ECB Main Refi Rate,rates,ECB,2026-09-21T08:32:30+00:00,2024-05-20
2023-06-29,4.0,ECB_MRO,ECB Main Refi Rate,rates,ECB,2026-09-21T08:32:30+00:00,2024-05-20
2023-06-30,4.0,ECB_MRO,ECB Main Refi Rate,rates,ECB,2026-09-21T08:32:30+00:00,2024-05-20
2023-07-01,4.0,ECB_MRO,ECB Main Refi Rate,rates,ECB,2026-09-21T08:32:30+00:00,2024-05-20
2023-07-02,4.0,ECB_MRO,ECB Main Refi Rate,rates,ECB,2026-09-21T08:32:30+00:00,2024-05-20
2023-07-03,4.0,ECB_MRO,ECB Main Refi Rate,rates,ECB,2026-09-21T08:32:30+00:00,2024-05-20
2023-07-04,4.0,ECB_MRO,ECB Main Refi Rate,rates,ECB,2026-09-21T08:32:30+00:00,2024-05-20
2023-07-05,4.0,ECB_MRO,ECB Main Refi Rate,rates,ECB,2026-09-21T08:32:30+00:00,2024-05-20
2023-07-06,4.0,ECB_MRO,ECB Main Refi Rate,rates,ECB,2026-09-21T08:32:30+00:00,2024-05-20
2023-07-07,4.0,ECB_MRO,ECB Main Refi Rate,rates,ECB,2026-09-21T08:32:30+00:00,2024-05-20
2023-07-08,4.0,ECB_MRO,ECB Main Refi Rate,rates,ECB,2026-09-21T08:32:30+00:00,2024-05-20
2023-07-09,4.0,ECB_MRO,ECB Main Refi Rate,rates,ECB,2026-09-21T08:32:30+00:00,2024-05-20
2023-07-10,4.0,ECB_MRO,ECB Main Refi Rate,rates,ECB,2026-09-21T08:32:30+00:00,2024-05-20
2023-07-11,4.0,ECB_MRO,ECB Main Refi Rate,rates,ECB,2026-09-21T08:32:30+00:00,2024-05-20
2023-07-12,4.0,ECB_MRO,ECB Main Refi Rate,rates,ECB,2026-09-21T08:32:30+00:00,2024-05-20
2023-07-13,4.0,ECB_MRO,ECB Main Refi Rate,rates,ECB,2026-09-21T08:32:30+00:00,2024-05-20
2023-07-14,4.0,ECB_MRO,ECB Main Refi Rate,rates,ECB,2026-09-21T08:32:30+00:00,2024-05-20
2023-07-15,4.0,ECB_MRO,ECB Main Refi Rate,rates,ECB,2026-09-21T08:32:30+00:00,2024-05-20
2023-07-16,4.0,ECB_MRO,ECB Main Refi Rate,rates,ECB,2026-09-21T08:32:30+00:00,2024-05-20
2023-07-17,4.0,ECB_MRO,ECB Main Refi Rate,rates,ECB,2026-09-21T08:32:30+00:00,2024-05-20
2023-07-18,4.0,ECB_MRO,ECB Main Refi Rate,rates,ECB,2026-09-21T08:32:30+00:00,2024-05-20
2023-07-19,4.0,ECB_MRO,ECB Main Refi Rate,rates,ECB,2026-09-21T08:32:30+00:00,2024-05-20
2023-07-20,4.0,ECB_MRO,ECB Main Refi Rate,rates,ECB,2026-09-21T08:32:30+00:00,2024-05-20
2023-07-21,4.0,ECB_MRO,ECB Main Refi Rate,rates,ECB,2026-09-21T08:32:30+00:00,2024-05-20
2023-07-22,4.0,ECB_MRO,ECB Main Refi Rate,rates,ECB,2026-09-21T08:32:30+00:00,2024-05-20
2023-07-23,4.0,ECB_MRO,ECB Main Refi Rate,rates,ECB,2026-09-21T08:32:30+00:00,2024-05-20
2023-07-24,4.0,ECB_MRO,ECB Main Refi Rate,rates,ECB,2026-09-21T08:32:30+00:00,2024-05-20
2023-07-25,4.0,ECB_MRO,ECB Main Refi Rate,rates,ECB,2026-09-21T08:32:30+00:00,2024-05-20
2023-07-26,4.0,ECB_MRO,ECB Main Refi Rate,rates,ECB,2026-09-21T08:32:30+00:00,2024-05-20
2023-07-27,4.0,ECB_MRO,ECB Main Refi Rate,rates,ECB,2026-09-21T08:32:30+00:00,2024-05-20
2023-07-28,4.0,ECB_MRO,ECB Main Refi Rate,rates,ECB,2026-09-21T08:32:30+00:00,2024-05-20
2023-07-29,4.0,ECB_MRO,ECB Main Refi Rate,rates,ECB,2026-09-21T08:32:30+00:00,2024-05-20
2023-07-30,4.0,ECB_MRO,ECB Main Refi Rate,rates,ECB,2026-09-21T08:32:30+00:00,2024-05-20
2023-07-31,4.0,ECB_MRO,ECB Main Refi Rate,rates,ECB,2026-09-21T08:32:30+00:00,2024-05-20
2023-08-01,4.0,ECB_MRO,ECB Main Refi Rate,rates,ECB,2026-09-21T08:32:30+00:00,2024-05-20
2023-08-02,4.25,ECB_MRO,ECB Main Refi Rate,rates,ECB,2026-09-21T08:32:30+00:00,2024-05-20
2023-08-03,4.25,ECB_MRO,ECB Main Refi Rate,rates,ECB,2026-09-21T08:32:30+00:00,2024-05-20
2023-08-04,4.25,ECB_MRO,ECB Main Refi Rate,rates,ECB,2026-09-21T08:32:30+00:00,2024-05-20
2023-08-05,4.25,ECB_MRO,ECB Main Refi Rate,rates,ECB,2026-09-21T08:32:30+00:00,2024-05-20
2023-08-06,4.25,ECB_MRO,ECB Main Refi Rate,rates,ECB,2026-09-21T08:32:30+00:00,2024-05-20
2023-08-07,4.25,ECB_MRO,ECB Main Refi Rate,rates,ECB,2026-09-21T08:32:30+00:00,2024-05-20
2023-08-08,4.25,ECB_MRO,ECB Main Refi Rate,rates,ECB,2026-09-21T08:32:30+00:00,2024-05-20
2023-08-09,4.25,ECB_MRO,ECB Main Refi Rate,rates,ECB,2026-09-21T08:32:30+00:00,2024-05-20
2023-08-10,4.25,ECB_MRO,ECB Main Refi Rate,rates,ECB,2026-09-21T08:32:30+00:00,2024-05-20
2023-08-11,4.25,ECB_MRO,ECB Main Refi Rate,rates,ECB,2026-09-21T08:32:30+00:00,2024-05-20
2023-08-12,4.25,ECB_MRO,ECB Main Refi Rate,rates,ECB,2026-09-21T08:32:30+00:00,2024-05-20
2023-08-13,4.25,ECB_MRO,ECB Main Refi Rate,rates,ECB,2026-09-21T08:32:30+00:00,2024-05-20
2023-08-14,4.25,ECB_MRO,ECB Main Refi Rate,rates,ECB,2026-09-21T08:32:30+00:00,2024-05-20
2023-08-15,4.25,ECB_MRO,ECB Main Refi Rate,rates,ECB,2026-09-21T08:32:30+00:00,2024-05-20
2023-08-16,4.25,ECB_MRO,ECB Main Refi Rate,rates,ECB,2026-09-21T08:32:30+00:00,2024-05-20
2023-08-17,4.25,ECB_MRO,ECB Main Refi Rate,rates,ECB,2026-09-21T08:32:30+00:00,2024-05-20
2023-08-18,4.25,ECB_MRO,ECB Main Refi Rate,rates,ECB,2026-09-21T08:32:30+00:00,2024-05-20
2023-08-19,4.25,ECB_MRO,ECB Main Refi Rate,rates,ECB,2026-09-21T08:32:30+00:00,2024-05-20
2023-08-20,4.25,ECB_MRO,ECB Main Refi Rate,rates,ECB,2026-09-21T08:32:30+00:00,2024-05-20
2023-08-21,4.25,ECB_MRO,ECB Main Refi Rate,rates,ECB,2026-09-21T08:32:30+00:00,2024-05-20
2023-08-22,4.25,ECB_MRO,ECB Main Refi Rate,rates,ECB,2026-09-21T08:32:30+00:00,2024-05-20
2023-08-23,4.25,ECB_MRO,ECB Main Refi Rate,rates,ECB,2026-09-21T08:32:30+00:00,2024-05-20
2023-08-24,4.25,ECB_MRO,ECB Main Refi Rate,rates,ECB,2026-09-21T08:32:30+00:00,2024-05-20
2023-08-25,4.25,ECB_MRO,ECB Main Refi Rate,rates,ECB,2026-09-21T08:32:30+00:00,2024-05-20
2023-08-26,4.25,ECB_MRO,ECB Main Refi Rate,rates,ECB,2026-09-21T08:32:30+00:00,2024-05-20
2023-08-27,4.25,ECB_MRO,ECB Main Refi Rate,rates,ECB,2026-09-21T08:32:30+00:00,2024-05-20
2023-08-28,4.25,ECB_MRO,ECB Main Refi Rate,rates,ECB,2026-09-21T08:32:30+00:00,2024-05-20
2023-08-29,4.25,ECB_MRO,ECB Main Refi Rate,rates,ECB,2026-09-21T08:32:30+00:00,2024-05-20
2023-08-30,4.25,ECB_MRO,ECB Main Refi Rate,rates,ECB,2026-09-21T08:32:30+00:00,2024-05-20
2023-08-31,4.25,ECB_MRO,ECB Main Refi Rate,rates,ECB,2026-09-21T08:32:30+00:00,2024-05-20
2023-09-01,4.25,ECB_MRO,ECB Main Refi Rate,rates,ECB,2026-09-21T08:32:30+00:00,2024-05-20
2023-09-02,4.25,ECB_MRO,ECB Main Refi Rate,rates,ECB,2026-09-21T08:32:30+00:00,2024-05-20
2023-09-03,4.25,ECB_MRO,ECB Main Refi Rate,rates,ECB,2026-09-21T08:32:30+00:00,2024-05-20
2023-09-04,4.25,ECB_MRO,ECB Main Refi Rate,rates,ECB,2026-09-21T08:32:30+00:00,2024-05-20
2023-09-05,4.25,ECB_MRO,ECB Main Refi Rate,rates,ECB,2026-09-21T08:32:30+00:00,2024-05-20
2023-09-06,4.25,ECB_MRO,ECB Main Refi Rate,rates,ECB,2026-09-21T08:32:30+00:00,2024-05-20
2023-09-07,4.25,ECB_MRO,ECB Main Refi Rate,rates,ECB,2026-09-21T08:32:30+00:00,2024-05-20
2023-09-08,4.25,ECB_MRO,ECB Main Refi Rate,rates,ECB,2026-09-21T08:32:30+00:00,2024-05-20
2023-09-09,4.25,ECB_MRO,ECB Main Refi Rate,rates,ECB,2026-09-21T08:32:30+00:00,2024-05-20
2023-09-10,4.25,ECB_MRO,ECB Main Refi Rate,rates,ECB,2026-09-21T08:32:30+00:00,2024-05-20
2023-09-11,4.25,ECB_MRO,ECB Main Refi Rate,rates,ECB,2026-09-21T08:32:30+00:00,2024-05-20
2023-09-12,4.25,ECB_MRO,ECB Main Refi Rate,rates,ECB,2026-09-21T08:32:30+00:00,2024-05-20
2023-09-13,4.25,ECB_MRO,ECB Main Refi Rate,rates,ECB,2026-09-21T08:32:30+00:00,2024-05-20
2023-09-14,4.25,ECB_MRO,ECB Main Refi Rate,rates,ECB,2026-09-21T08:32:30+00:00,2024-05-20
2023-09-15,4.25,ECB_MRO,ECB Main Refi Rate,rates,ECB,2026-09-21T08:32:30+00:00,2024-05-20
2023-09-16,4.25,ECB_MRO,ECB Main Refi Rate,rates,ECB,2026-09-21T08:32:30+00:00,2024-05-20
2023-09-17,4.25,ECB_MRO,ECB Main Refi Rate,rates,ECB,2026-09-21T08:32:30+00:00,2024-05-20
2023-09-18,4.25,ECB_MRO,ECB Main Refi Rate,rates,ECB,2026-09-21T08:32:30+00:00,2024-05-20
2023-09-19,4.25,ECB_MRO,ECB Main Refi Rate,rates,ECB,2026-09-21T08:32:30+00:00,2024-05-20
2023-09-20,4.5,ECB_MRO,ECB Main Refi Rate,rates,ECB,2026-09-21T08:32:30+00:00,2024-05-20
2023-09-21,4.5,ECB_MRO,ECB Main Refi Rate,rates,ECB,2026-09-21T08:32:30+00:00,2024-05-20
2023-09-22,4.5,ECB_MRO,ECB Main Refi Rate,rates,ECB,2026-09-21T08:32:30+00:00,2024-05-20
2023-09-23,4.5,ECB_MRO,ECB Main Refi Rate,rates,ECB,2026-09-21T08:32:30+00:00,2024-05-20
2023-09-24,4.5,ECB_MRO,ECB Main Refi Rate,rates,ECB,2026-09-21T08:32:30+00:00,2024-05-20
2023-09-25,4.5,ECB_MRO,ECB Main Refi Rate,rates,ECB,2026-09-21T08:32:30+00:00,2024-05-20
2023-09-26,4.5,ECB_MRO,ECB Main Refi Rate,rates,ECB,2026-09-21T08:32:30+00:00,2024-05-20
2023-09-27,4.5,ECB_MRO,ECB Main Refi Rate,rates,ECB,2026-09-21T08:32:30+00:00,2024-05-20
2023-09-28,4.5,ECB_MRO,ECB Main Refi Rate,rates,ECB,2026-09-21T08:32:30+00:00,2024-05-20
2023-09-29,4.5,ECB_MRO,ECB Main Refi Rate,rates,ECB,2026-09-21T08:32:30+00:00,2024-05-20
2023-09-30,4.5,ECB_MRO,ECB Main Refi Rate,rates,ECB,2026-09-21T08:32:30+00:00,2024-05-20
2023-10-01,4.5,ECB_MRO,ECB Main Refi Rate,rates,ECB,2026-09-21T08:32:30+00:00,2024-05-20
2023-10-02,4.5,ECB_MRO,ECB Main Refi Rate,rates,ECB,2026-09-21T08:32:30+00:00,2024-05-20
2023-10-03,4.5,ECB_MRO,ECB Main Refi Rate,rates,ECB,2026-09-21T08:32:30+00:00,2024-05-20
2023-10-04,4.5,ECB_MRO,ECB Main Refi Rate,rates,ECB,2026-09-21T08:32:30+00:00,2024-05-20
2023-10-05,4.5,ECB_MRO,ECB Main Refi Rate,rates,ECB,2026-09-21T08:32:30+00:00,2024-05-20
2023-10-06,4.5,ECB_MRO,ECB Main Refi Rate,rates,ECB,2026-09-21T08:32:30+00:00,2024-05-20
2023-10-07,4.5,ECB_MRO,ECB Main Refi Rate,rates,ECB,2026-09-21T08:32:30+00:00,2024-05-20
2023-10-08,4.5,ECB_MRO,ECB Main Refi Rate,rates,ECB,2026-09-21T08:32:30+00:00,2024-05-20
2023-10-09,4.5,ECB_MRO,ECB Main Refi Rate,rates,ECB,2026-09-21T08:32:30+00:00,2024-05-20
2023-10-10,4.5,ECB_MRO,ECB Main Refi Rate,rates,ECB,2026-09-21T08:32:30+00:00,2024-05-20
2023-10-11,4.5,ECB_MRO,ECB Main Refi Rate,rates,ECB,2026-09-21T08:32:30+00:00,2024-05-20
2023-10-12,4.5,ECB_MRO,ECB Main Refi Rate,rates,ECB,2026-09-21T08:32:30+00:00,2024-05-20
2023-10-13,4.5,ECB_MRO,ECB Main Refi Rate,rates,ECB,2026-09-21T08:32:30+00:00,2024-05-20
2023-10-14,4.5,ECB_MRO,ECB Main Refi Rate,rates,ECB,2026-09-21T08:32:30+00:00,2024-05-20
2023-10-15,4.5,ECB_MRO,ECB Main Refi Rate,rates,ECB,2026-09-21T08:32:30+00:00,2024-05-20
2023-10-16,4.5,ECB_MRO,ECB Main Refi Rate,rates,ECB,2026-09-21T08:32:30+00:00,2024-05-20
2023-10-17,4.5,ECB_MRO,ECB Main Refi Rate,rates,ECB,2026-09-21T08:32:30+00:00,2024-05-20
2023-10-18,4.5,ECB_MRO,ECB Main Refi Rate,rates,ECB,2026-09-21T08:32:30+00:00,2024-05-20
2023-10-19,4.5,ECB_MRO,ECB Main Refi Rate,rates,ECB,2026-09-21T08:32:30+00:00,2024-05-20
2023-10-20,4.5,ECB_MRO,ECB Main Refi Rate,rates,ECB,2026-09-21T08:32:30+00:00,2024-05-20
2023-10-21,4.5,ECB_MRO,ECB Main Refi Rate,rates,ECB,2026-09-21T08:32:30+00:00,2024-05-20
2023-10-22,4.5,ECB_MRO,ECB Main Refi Rate,rates,ECB,2026-09-21T08:32:30+00:00,2024-05-20
2023-10-23,4.5,ECB_MRO,ECB Main Refi Rate,rates,ECB,2026-09-21T08:32:30+00:00,2024-05-20
2023-10-24,4.5,ECB_MRO,ECB Main Refi Rate,rates,ECB,2026-09-21T08:32:30+00:00,2024-05-20
2023-10-25,4.5,ECB_MRO,ECB Main Refi Rate,rates,ECB,2026-09-21T08:32:30+00:00,2024-05-20
2023-10-26,4.5,ECB_MRO,ECB Main Refi Rate,rates,ECB,2026-09-21T08:32:30+00:00,2024-05-20
2023-10-27,4.5,ECB_MRO,ECB Main Refi Rate,rates,ECB,2026-09-21T08:32:30+00:00,2024-05-20
2023-10-28,4.5,ECB_MRO,ECB Main Refi Rate,rates,ECB,2026-09-21T08:32:30+00:00,2024-05-20
2023-10-29,4.5,ECB_MRO,ECB Main Refi Rate,rates,ECB,2026-09-21T08:32:30+00:00,2024-05-20
2023-10-30,4.5,ECB_MRO,ECB Main Refi Rate,rates,ECB,2026-09-21T08:32:30+00:00,2024-05-20
2023-10-31,4.5,ECB_MRO,ECB Main Refi Rate,rates,ECB,2026-09-21T08:32:30+00:00,2024-05-20
2023-11-01,4.5,ECB_MRO,ECB Main Refi Rate,rates,ECB,2026-09-21T08:32:30+00:00,2024-05-20
2023-11-02,4.5,ECB_MRO,ECB Main Refi Rate,rates,ECB,2026-09-21T08:32:30+00:00,2024-05-20
2023-11-03,4.5,ECB_MRO,ECB Main Refi Rate,rates,ECB,2026-09-21T08:32:30+00:00,2024-05-20
2023-11-04,4.5,ECB_MRO,ECB Main Refi Rate,rates,ECB,2026-09-21T08:32:30+00:00,2024-05-20
2023-11-05,4.5,ECB_MRO,ECB Main Refi Rate,rates,ECB,2026-09-21T08:32:30+00:00,2024-05-20
2023-11-06,4.5,ECB_MRO,ECB Main Refi Rate,rates,ECB,2026-09-21T08:32:30+00:00,2024-05-20
2023-11-07,4.5,ECB_MRO,ECB Main Refi Rate,rates,ECB,2026-09-21T08:32:30+00:00,2024-05-20
2023-11-08,4.5,ECB_MRO,ECB Main Refi Rate,rates,ECB,2026-09-21T08:32:30+00:00,2024-05-20
2023-11-09,4.5,ECB_MRO,ECB Main Refi Rate,rates,ECB,2026-09-21T08:32:30+00:00,2024-05-20
2023-11-10,4.5,ECB_MRO,ECB Main Refi Rate,rates,ECB,2026-09-21T08:32:30+00:00,2024-05-20
2023-11-11,4.5,ECB_MRO,ECB Main Refi Rate,rates,ECB,2026-09-21T08:32:30+00:00,2024-05-20
2023-11-12,4.5,ECB_MRO,ECB Main Refi Rate,rates,ECB,2026-09-21T08:32:30+00:00,2024-05-20
2023-11-13,4.5,ECB_MRO,ECB Main Refi Rate,rates,ECB,2026-09-21T08:32:30+00:00,2024-05-20
2023-11-14,4.5,ECB_MRO,ECB Main Refi Rate,rates,ECB,2026-09-21T08:32:30+00:00,2024-05-20
2023-11-15,4.5,ECB_MRO,ECB Main Refi Rate,rates,ECB,2026-09-21T08:32:30+00:00,2024-05-20
2023-11-16,4.5,ECB_MRO,ECB Main Refi Rate,rates,ECB,2026-09-21T08:32:30+00:00,2024-05-20
2023-11-17,4.5,ECB_MRO,ECB Main Refi Rate,rates,ECB,2026-09-21T08:32:30+00:00,2024-05-20
2023-11-18,4.5,ECB_MRO,ECB Main Refi Rate,rates,ECB,2026-09-21T08:32:30+00:00,2024-05-20
2023-11-19,4.5,ECB_MRO,ECB Main Refi Rate,rates,ECB,2026-09-21T08:32:30+00:00,2024-05-20
2023-11-20,4.5,ECB_MRO,ECB Main Refi Rate,rates,ECB,2026-09-21T08:32:30+00:00,2024-05-20
2023-11-21,4.5,ECB_MRO,ECB Main Refi Rate,rates,ECB,2026-09-21T08:32:30+00:00,2024-05-20
2023-11-22,4.5,ECB_MRO,ECB Main Refi Rate,rates,ECB,2026-09-21T08:32:30+00:00,2024-05-20
2023-11-23,4.5,ECB_MRO,ECB Main Refi Rate,rates,ECB,2026-09-21T08:32:30+00:00,2024-05-20
2023-11-24,4.5,ECB_MRO,ECB Main Refi Rate,rates,ECB,2026-09-21T08:32:30+00:00,2024-05-20
2023-11-25,4.5,ECB_MRO,ECB Main Refi Rate,rates,ECB,2026-09-21T08:32:30+00:00,2024-05-20
2023-11-26,4.5,ECB_MRO,ECB Main Refi Rate,rates,ECB,2026-09-21T08:32:30+00:00,2024-05-20
2023-11-27,4.5,ECB_MRO,ECB Main Refi Rate,rates,ECB,2026-09-21T08:32:30+00:00,2024-05-20
2023-11-28,4.5,ECB_MRO,ECB Main Refi Rate,rates,ECB,2026-09-21T08:32:30+00:00,2024-05-20
2023-11-29,4.5,ECB_MRO,ECB Main Refi Rate,rates,ECB,2026-09-21T08:32:30+00:00,2024-05-20
2023-11-30,4.5,ECB_MRO,ECB Main Refi Rate,rates,ECB,2026-09-21T08:32:30+00:00,2024-05-20
2023-12-01,4.5,ECB_MRO,ECB Main Refi Rate,rates,ECB,2026-09-21T08:32:30+00:00,2024-05-20
2023-12-02,4.5,ECB_MRO,ECB Main Refi Rate,rates,ECB,2026-09-21T08:32:30+00:00,2024-05-20
2023-12-03,4.5,ECB_MRO,ECB Main Refi Rate,rates,ECB,2026-09-21T08:32:30+00:00,2024-05-20
2023-12-04,4.5,ECB_MRO,ECB Main Refi Rate,rates,ECB,2026-09-21T08:32:30+00:00,2024-05-20
2023-12-05,4.5,ECB_MRO,ECB Main Refi Rate,rates,ECB,2026-09-21T08:32:30+00:00,2024-05-20
2023-12-06,4.5,ECB_MRO,ECB Main Refi Rate,rates,ECB,2026-09-21T08:32:30+00:00,2024-05-20
2023-12-07,4.5,ECB_MRO,ECB Main Refi Rate,rates,ECB,2026-09-21T08:32:30+00:00,2024-05-20
2023-12-08,4.5,ECB_MRO,ECB Main Refi Rate,rates,ECB,2026-09-21T08:32:30+00:00,2024-05-20
2023-12-09,4.5,ECB_MRO,ECB Main Refi Rate,rates,ECB,2026-09-21T08:32:30+00:00,2024-05-20
2023-12-10,4.5,ECB_MRO,ECB Main Refi Rate,rates,ECB,2026-09-21T08:32:30+00:00,2024-05-20
2023-12-11,4.5,ECB_MRO,ECB Main Refi Rate,rates,ECB,2026-09-21T08:32:30+00:00,2024-05-20
2023-12-12,4.5,ECB_MRO,ECB Main Refi Rate,rates,ECB,2026-09-21T08:32:30+00:00,2024-05-20
2023-12-13,4.5,ECB_MRO,ECB Main Refi Rate,rates,ECB,2026-09-21T08:32:30+00:00,2024-05-20
2023-12-14,4.5,ECB_MRO,ECB Main Refi Rate,rates,ECB,2026-09-21T08:32:30+00:00,2024-05-20
2023-12-15,4.5,ECB_MRO,ECB Main Refi Rate,rates,ECB,2026-09-21T08:32:30+00:00,2024-05-20
2023-12-16,4.5,ECB_MRO,ECB Main Refi Rate,rates,ECB,2026-09-21T08:32:30+00:00,2024-05-20
2023-12-17,4.5,ECB_MRO,ECB Main Refi Rate,rates,ECB,2026-09-21T08:32:30+00:00,2024-05-20
2023-12-18,4.5,ECB_MRO,ECB Main Refi Rate,rates,ECB,2026-09-21T08:32:30+00:00,2024-05-20
2023-12-19,4.5,ECB_MRO,ECB Main Refi Rate,rates,ECB,2026-09-21T08:32:30+00:00,2024-05-20
2023-12-20,4.5,ECB_MRO,ECB Main Refi Rate,rates,ECB,2026-09-21T08:32:30+00:00,2024-05-20
2023-12-21,4.5,ECB_MRO,ECB Main Refi Rate,rates,ECB,2026-09-21T08:32:30+00:00,2024-05-20
2023-12-22,4.5,ECB_MRO,ECB Main Refi Rate,rates,ECB,2026-09-21T08:32:30+00:00,2024-05-20
2023-12-23,4.5,ECB_MRO,ECB Main Refi Rate,rates,ECB,2026-09-21T08:32:30+00:00,2024-05-20
2023-12-24,4.5,ECB_MRO,ECB Main Refi Rate,rates,ECB,2026-09-21T08:32:30+00:00,2024-05-20
2023-12-25,4.5,ECB_MRO,ECB Main Refi Rate,rates,ECB,2026-09-21T08:32:30+00:00,2024-05-20
2023-12-26,4.5,ECB_MRO,ECB Main Refi Rate,rates,ECB,2026-09-21T08:32:30+00:00,2024-05-20
2023-12-27,4.5,ECB_MRO,ECB Main Refi Rate,rates,ECB,2026-09-21T08:32:30+00:00,2024-05-20
2023-12-28,4.5,ECB_MRO,ECB Main Refi Rate,rates,ECB,2026-09-21T08:32:30+00:00,2024-05-20
2023-12-29,4.5,ECB_MRO,ECB Main Refi Rate,rates,ECB,2026-09-21T08:32:30+00:00,2024-05-20
2023-12-30,4.5,ECB_MRO,ECB Main Refi Rate,rates,ECB,2026-09-21T08:32:30+00:00,2024-05-20
2023-12-31,4.5,ECB_MRO,ECB Main Refi Rate,rates,ECB,2026-09-21T08:32:30+00:00,2024-05-20
2024-01-01,4.5,ECB_MRO,ECB Main Refi Rate,rates,ECB,2026-09-21T08:32:30+00:00,2024-05-20
2024-01-02,4.5,ECB_MRO,ECB Main Refi Rate,rates,ECB,2026-09-21T08:32:30+00:00,2024-05-20
2024-01-03,4.5,ECB_MRO,ECB Main Refi Rate,rates,ECB,2026-09-21T08:32:30+00:00,2024-05-20
2024-01-04,4.5,ECB_MRO,ECB Main Refi Rate,rates,ECB,2026-09-21T08:32:30+00:00,2024-05-20
2024-01-05,4.5,ECB_MRO,ECB Main Refi Rate,rates,ECB,2026-09-21T08:32:30+00:00,2024-05-20
2024-01-06,4.5,ECB_MRO,ECB Main Refi Rate,rates,ECB,2026-09-21T08:32:30+00:00,2024-05-20
2024-01-07,4.5,ECB_MRO,ECB Main Refi Rate,rates,ECB,2026-09-21T08:32:30+00:00,2024-05-20
2024-01-08,4.5,ECB_MRO,ECB Main Refi Rate,rates,ECB,2026-09-21T08:32:30+00:00,2024-05-20
2024-01-09,4.5,ECB_MRO,ECB Main Refi Rate,rates,ECB,2026-09-21T08:32:30+00:00,2024-05-20
2024-01-10,4.5,ECB_MRO,ECB Main Refi Rate,rates,ECB,2026-09-21T08:32:30+00:00,2024-05-20
2024-01-11,4.5,ECB_MRO,ECB Main Refi Rate,rates,ECB,2026-09-21T08:32:30+00:00,2024-05-20
2024-01-12,4.5,ECB_MRO,ECB Main Refi Rate,rates,ECB,2026-09-21T08:32:30+00:00,2024-05-20
2024-01-13,4.5,ECB_MRO,ECB Main Refi Rate,rates,ECB,2026-09-21T08:32:30+00:00,2024-05-20
2024-01-14,4.5,ECB_MRO,ECB Main Refi Rate,rates,ECB,2026-09-21T08:32:30+00:00,2024-05-20
2024-01-15,4.5,ECB_MRO,ECB Main Refi Rate,rates,ECB,2026-09-21T08:32:30+00:00,2024-05-20
2024-01-16,4.5,ECB_MRO,ECB Main Refi Rate,rates,ECB,2026-09-21T08:32:30+00:00,2024-05-20
2024-01-17,4.5,ECB_MRO,ECB Main Refi Rate,rates,ECB,2026-09-21T08:32:30+00:00,2024-05-20
2024-01-18,4.5,ECB_MRO,ECB Main Refi Rate,rates,ECB,2026-09-21T08:32:30+00:00,2024-05-20
2024-01-19,4.5,ECB_MRO,ECB Main Refi Rate,rates,ECB,2026-09-21T08:32:30+00:00,2024-05-20
2024-01-20,4.5,ECB_MRO,ECB Main Refi Rate,rates,ECB,2026-09-21T08:32:30+00:00,2024-05-20
2024-01-21,4.5,ECB_MRO,ECB Main Refi Rate,rates,ECB,2026-09-21T08:32:30+00:00,2024-05-20
2024-01-22,4.5,ECB_MRO,ECB Main Refi Rate,rates,ECB,2026-09-21T08:32:30+00:00,2024-05-20
2024-01-23,4.5,ECB_MRO,ECB Main Refi Rate,rates,ECB,2026-09-21T08:32:30+00:00,2024-05-20
2024-01-24,4.5,ECB_MRO,ECB Main Refi Rate,rates,ECB,2026-09-21T08:32:30+00:00,2024-05-20
2024-01-25,4.5,ECB_MRO,ECB Main Refi Rate,rates,ECB,2026-09-21T08:32:30+00:00,2024-05-20
2024-01-26,4.5,ECB_MRO,ECB Main Refi Rate,rates,ECB,2026-09-21T08:32:30+00:00,2024-05-20
2024-01-27,4.5,ECB_MRO,ECB Main Refi Rate,rates,ECB,2026-09-21T08:32:30+00:00,2024-05-20
2024-01-28,4.5,ECB_MRO,ECB Main Refi Rate,rates,ECB,2026-09-21T08:32:30+00:00,2024-05-20
2024-01-29,4.5,ECB_MRO,ECB Main Refi Rate,rates,ECB,2026-09-21T08:32:30+00:00,2024-05-20
2024-01-30,4.5,ECB_MRO,ECB Main Refi Rate,rates,ECB,2026-09-21T08:32:30+00:00,2024-05-20
2024-01-31,4.5,ECB_MRO,ECB Main Refi Rate,rates,ECB,2026-09-21T08:32:30+00:00,2024-05-20
2024-02-01,4.5,ECB_MRO,ECB Main Refi Rate,rates,ECB,2026-09-21T08:32:30+00:00,2024-05-20
2024-02-02,4.5,ECB_MRO,ECB Main Refi Rate,rates,ECB,2026-09-21T08:32:30+00:00,2024-05-20
2024-02-03,4.5,ECB_MRO,ECB Main Refi Rate,rates,ECB,2026-09-21T08:32:30+00:00,2024-05-20
2024-02-04,4.5,ECB_MRO,ECB Main Refi Rate,rates,ECB,2026-09-21T08:32:30+00:00,2024-05-20
2024-02-05,4.5,ECB_MRO,ECB Main Refi Rate,rates,ECB,2026-09-21T08:32:30+00:00,2024-05-20
2024-02-06,4.5,ECB_MRO,ECB Main Refi Rate,rates,ECB,2026-09-21T08:32:30+00:00,2024-05-20
2024-02-07,4.5,ECB_MRO,ECB Main Refi Rate,rates,ECB,2026-09-21T08:32:30+00:00,2024-05-20
2024-02-08,4.5,ECB_MRO,ECB Main Refi Rate,rates,ECB,2026-09-21T08:32:30+00:00,2024-05-20
2024-02-09,4.5,ECB_MRO,ECB Main Refi Rate,rates,ECB,2026-09-21T08:32:30+00:00,2024-05-20
2024-02-10,4.5,ECB_MRO,ECB Main Refi Rate,rates,ECB,2026-09-21T08:32:30+00:00,2024-05-20
2024-02-11,4.5,ECB_MRO,ECB Main Refi Rate,rates,ECB,2026-09-21T08:32:30+00:00,2024-05-20
2024-02-12,4.5,ECB_MRO,ECB Main Refi Rate,rates,ECB,2026-09-21T08:32:30+00:00,2024-05-20
2024-02-13,4.5,ECB_MRO,ECB Main Refi Rate,rates,ECB,2026-09-21T08:32:30+00:00,2024-05-20
2024-02-14,4.5,ECB_MRO,ECB Main Refi Rate,rates,ECB,2026-09-21T08:32:30+00:00,2024-05-20
2024-02-15,4.5,ECB_MRO,ECB Main Refi Rate,rates,ECB,2026-09-21T08:32:30+00:00,2024-05-20
2024-02-16,4.5,ECB_MRO,ECB Main Refi Rate,rates,ECB,2026-09-21T08:32:30+00:00,2024-05-20
2024-02-17,4.5,ECB_MRO,ECB Main Refi Rate,rates,ECB,2026-09-21T08:32:30+00:00,2024-05-20
2024-02-18,4.5,ECB_MRO,ECB Main Refi Rate,rates,ECB,2026-09-21T08:32:30+00:00,2024-05-20
2024-02-19,4.5,ECB_MRO,ECB Main Refi Rate,rates,ECB,2026-09-21T08:32:30+00:00,2024-05-20
2024-02-20,4.5,ECB_MRO,ECB Main Refi Rate,rates,ECB,2026-09-21T08:32:30+00:00,2024-05-20
2024-02-21,4.5,ECB_MRO,ECB Main Refi Rate,rates,ECB,2026-09-21T08:32:30+00:00,2024-05-20
2024-02-22,4.5,ECB_MRO,ECB Main Refi Rate,rates,ECB,2026-09-21T08:32:30+00:00,2024-05-20
2024-02-23,4.5,ECB_MRO,ECB Main Refi Rate,rates,ECB,2026-09-21T08:32:30+00:00,2024-05-20
2024-02-24,4.5,ECB_MRO,ECB Main Refi Rate,rates,ECB,2026-09-21T08:32:30+00:00,2024-05-20
2024-02-25,4.5,ECB_MRO,ECB Main Refi Rate,rates,ECB,2026-09-21T08:32:30+00:00,2024-05-20
2024-02-26,4.5,ECB_MRO,ECB Main Refi Rate,rates,ECB,2026-09-21T08:32:30+00:00,2024-05-20
2024-02-27,4.5,ECB_MRO,ECB Main Refi Rate,rates,ECB,2026-09-21T08:32:30+00:00,2024-05-20
2024-02-28,4.5,ECB_MRO,ECB Main Refi Rate,rates,ECB,2026-09-21T08:32:30+00:00,2024-05-20
2024-02-29,4.5,ECB_MRO,ECB Main Refi Rate,rates,ECB,2026-09-21T08:32:30+00:00,2024-05-20
2024-03-01,4.5,ECB_MRO,ECB Main Refi Rate,rates,ECB,2026-09-21T08:32:30+00:00,2024-05-20
2024-03-02,4.5,ECB_MRO,ECB Main Refi Rate,rates,ECB,2026-09-21T08:32:30+00:00,2024-05-20
2024-03-03,4.5,ECB_MRO,ECB Main Refi Rate,rates,ECB,2026-09-21T08:32:30+00:00,2024-05-20
2024-03-04,4.5,ECB_MRO,ECB Main Refi Rate,rates,ECB,2026-09-21T08:32:30+00:00,2024-05-20
2024-03-05,4.5,ECB_MRO,ECB Main Refi Rate,rates,ECB,2026-09-21T08:32:30+00:00,2024-05-20
2024-03-06,4.5,ECB_MRO,ECB Main Refi Rate,rates,ECB,2026-09-21T08:32:30+00:00,2024-05-20
2024-03-07,4.5,ECB_MRO,ECB Main Refi Rate,rates,ECB,2026-09-21T08:32:30+00:00,2024-05-20
2024-03-08,4.5,ECB_MRO,ECB Main Refi Rate,rates,ECB,2026-09-21T08:32:30+00:00,2024-05-20
2024-03-09,4.5,ECB_MRO,ECB Main Refi Rate,rates,ECB,2026-09-21T08:32:30+00:00,2024-05-20
2024-03-10,4.5,ECB_MRO,ECB Main Refi Rate,rates,ECB,2026-09-21T08:32:30+00:00,2024-05-20
2024-03-11,4.5,ECB_MRO,ECB Main Refi Rate,rates,ECB,2026-09-21T08:32:30+00:00,2024-05-20
2024-03-12,4.5,ECB_MRO,ECB Main Refi Rate,rates,ECB,2026-09-21T08:32:30+00:00,2024-05-20
2024-03-13,4.5,ECB_MRO,ECB Main Refi Rate,rates,ECB,2026-09-21T08:32:30+00:00,2024-05-20
2024-03-14,4.5,ECB_MRO,ECB Main Refi Rate,rates,ECB,2026-09-21T08:32:30+00:00,2024-05-20
2024-03-15,4.5,ECB_MRO,ECB Main Refi Rate,rates,ECB,2026-09-21T08:32:30+00:00,2024-05-20
2024-03-16,4.5,ECB_MRO,ECB Main Refi Rate,rates,ECB,2026-09-21T08:32:30+00:00,2024-05-20
2024-03-17,4.5,ECB_MRO,ECB Main Refi Rate,rates,ECB,2026-09-21T08:32:30+00:00,2024-05-20
2024-03-18,4.5,ECB_MRO,ECB Main Refi Rate,rates,ECB,2026-09-21T08:32:30+00:00,2024-05-20
2024-03-19,4.5,ECB_MRO,ECB Main Refi Rate,rates,ECB,2026-09-21T08:32:30+00:00,2024-05-20
2024-03-20,4.5,ECB_MRO,ECB Main Refi Rate,rates,ECB,2026-09-21T08:32:30+00:00,2024-05-20
2024-03-21,4.5,ECB_MRO,ECB Main Refi Rate,rates,ECB,2026-09-21T08:32:30+00:00,2024-05-20
2024-03-22,4.5,ECB_MRO,ECB Main Refi Rate,rates,ECB,2026-09-21T08:32:30+00:00,2024-05-20
2024-03-23,4.5,ECB_MRO,ECB Main Refi Rate,rates,ECB,2026-09-21T08:32:30+00:00,2024-05-20
2024-03-24,4.5,ECB_MRO,ECB Main Refi Rate,rates,ECB,2026-09-21T08:32:30+00:00,2024-05-20
2024-03-25,4.5,ECB_MRO,ECB Main Refi Rate,rates,ECB,2026-09-21T08:32:30+00:00,2024-05-20
2024-03-26,4.5,ECB_MRO,ECB Main Refi Rate,rates,ECB,2026-09-21T08:32:30+00:00,2024-05-20
2024-03-27,4.5,ECB_MRO,ECB Main Refi Rate,rates,ECB,2026-09-21T08:32:30+00:00,2024-05-20
2024-03-28,4.5,ECB_MRO,ECB Main Refi Rate,rates,ECB,2026-09-21T08:32:30+00:00,2024-05-20
2024-03-29,4.5,ECB_MRO,ECB Main Refi Rate,rates,ECB,2026-09-21T08:32:30+00:00,2024-05-20
2024-03-30,4.5,ECB_MRO,ECB Main Refi Rate,rates,ECB,2026-09-21T08:32:30+00:00,2024-05-20
2024-03-31,4.5,ECB_MRO,ECB Main Refi Rate,rates,ECB,2026-09-21T08:32:30+00:00,2024-05-20
2024-04-01,4.5,ECB_MRO,ECB Main Refi Rate,rates,ECB,2026-09-21T08:32:30+00:00,2024-05-20
2024-04-02,4.5,ECB_MRO,ECB Main Refi Rate,rates,ECB,2026-09-21T08:32:30+00:00,2024-05-20
2024-04-03,4.5,ECB_MRO,ECB Main Refi Rate,rates,ECB,2026-09-21T08:32:30+00:00,2024-05-20
2024-04-04,4.5,ECB_MRO,ECB Main Refi Rate,rates,ECB,2026-09-21T08:32:30+00:00,2024-05-20
2024-04-05,4.5,ECB_MRO,ECB Main Refi Rate,rates,ECB,2026-09-21T08:32:30+00:00,2024-05-20
2024-04-06,4.5,ECB_MRO,ECB Main Refi Rate,rates,ECB,2026-09-21T08:32:30+00:00,2024-05-20
2024-04-07,4.5,ECB_MRO,ECB Main Refi Rate,rates,ECB,2026-09-21T08:32:30+00:00,2024-05-20
2024-04-08,4.5,ECB_MRO,ECB Main Refi Rate,rates,ECB,2026-09-21T08:32:30+00:00,2024-05-20
2024-04-09,4.5,ECB_MRO,ECB Main Refi Rate,rates,ECB,2026-09-21T08:32:30+00:00,2024-05-20
2024-04-10,4.5,ECB_MRO,ECB Main Refi Rate,rates,ECB,2026-09-21T08:32:30+00:00,2024-05-20
2024-04-11,4.5,ECB_MRO,ECB Main Refi Rate,rates,ECB,2026-09-21T08:32:30+00:00,2024-05-20
2024-04-12,4.5,ECB_MRO,ECB Main Refi Rate,rates,ECB,2026-09-21T08:32:30+00:00,2024-05-20
2024-04-13,4.5,ECB_MRO,ECB Main Refi Rate,rates,ECB,2026-09-21T08:32:30+00:00,2024-05-20
2024-04-14,4.5,ECB_MRO,ECB Main Refi Rate,rates,ECB,2026-09-21T08:32:30+00:00,2024-05-20
2024-04-15,4.5,ECB_MRO,ECB Main Refi Rate,rates,ECB,2026-09-21T08:32:30+00:00,2024-05-20
2024-04-16,4.5,ECB_MRO,ECB Main Refi Rate,rates,ECB,2026-09-21T08:32:30+00:00,2024-05-20
2024-04-17,4.5,ECB_MRO,ECB Main Refi Rate,rates,ECB,2026-09-21T08:32:30+00:00,2024-05-20
2024-04-18,4.5,ECB_MRO,ECB Main Refi Rate,rates,ECB,2026-09-21T08:32:30+00:00,2024-05-20
2024-04-19,4.5,ECB_MRO,ECB Main Refi Rate,rates,ECB,2026-09-21T08:32:30+00:00,2024-05-20
2024-04-20,4.5,ECB_MRO,ECB Main Refi Rate,rates,ECB,2026-09-21T08:32:30+00:00,2024-05-20
2024-04-21,4.5,ECB_MRO,ECB Main Refi Rate,rates,ECB,2026-09-21T08:32:30+00:00,2024-05-20
2024-04-22,4.5,ECB_MRO,ECB Main Refi Rate,rates,ECB,2026-09-21T08:32:30+00:00,2024-05-20
2024-04-23,4.5,ECB_MRO,ECB Main Refi Rate,rates,ECB,2026-09-21T08:32:30+00:00,2024-05-20
2024-04-24,4.5,ECB_MRO,ECB Main Refi Rate,rates,ECB,2026-09-21T08:32:30+00:00,2024-05-20
2024-04-25,4.5,ECB_MRO,ECB Main Refi Rate,rates,ECB,2026-09-21T08:32:30+00:00,2024-05-20
2024-04-26,4.5,ECB_MRO,ECB Main Refi Rate,rates,ECB,2026-09-21T08:32:30+00:00,2024-05-20
2024-04-27,4.5,ECB_MRO,ECB Main Refi Rate,rates,ECB,2026-09-21T08:32:30+00:00,2024-05-20
2024-04-28,4.5,ECB_MRO,ECB Main Refi Rate,rates,ECB,2026-09-21T08:32:30+00:00,2024-05-20
2024-04-29,4.5,ECB_MRO,ECB Main Refi Rate,rates,ECB,2026-09-21T08:32:30+00:00,2024-05-20
2024-04-30,4.5,ECB_MRO,ECB Main Refi Rate,rates,ECB,2026-09-21T08:32:30+00:00,2024-05-20
2024-05-01,4.5,ECB_MRO,ECB Main Refi Rate,rates,ECB,2026-09-21T08:32:30+00:00,2024-05-20
2024-05-02,4.5,ECB_MRO,ECB Main Refi Rate,rates,ECB,2026-09-21T08:32:30+00:00,2024-05-20
2024-05-03,4.5,ECB_MRO,ECB Main Refi Rate,rates,ECB,2026-09-21T08:32:30+00:00,2024-05-20
2024-05-04,4.5,ECB_MRO,ECB Main Refi Rate,rates,ECB,2026-09-21T08:32:30+00:00,2024-05-20
2024-05-05,4.5,ECB_MRO,ECB Main Refi Rate,rates,ECB,2026-09-21T08:32:30+00:00,2024-05-20
2024-05-06,4.5,ECB_MRO,ECB Main Refi Rate,rates,ECB,2026-09-21T08:32:30+00:00,2024-05-20
2024-05-07,4.5,ECB_MRO,ECB Main Refi Rate,rates,ECB,2026-09-21T08:32:30+00:00,2024-05-20
2024-05-08,4.5,ECB_MRO,ECB Main Refi Rate,rates,ECB,2026-09-21T08:32:30+00:00,2024-05-20
2024-05-09,4.5,ECB_MRO,ECB Main Refi Rate,rates,ECB,2026-09-21T08:32:30+00:00,2024-05-20
2024-05-10,4.5,ECB_MRO,ECB Main Refi Rate,rates,ECB,2026-09-21T08:32:30+00:00,2024-05-20
2024-05-11,4.5,ECB_MRO,ECB Main Refi Rate,rates,ECB,2026-09-21T08:32:30+00:00,2024-05-20
2024-05-12,4.5,ECB_MRO,ECB Main Refi Rate,rates,ECB,2026-09-21T08:32:30+00:00,2024-05-20
2024-05-13,4.5,ECB_MRO,ECB Main Refi Rate,rates,ECB,2026-09-21T08:32:30+00:00,2024-05-20
2024-05-14,4.5,ECB_MRO,ECB Main Refi Rate,rates,ECB,2026-09-21T08:32:30+00:00,2024-05-20
2024-05-15,4.5,ECB_MRO,ECB Main Refi Rate,rates,ECB,2026-09-21T08:32:30+00:00,2024-05-20
2024-05-16,4.5,ECB_MRO,ECB Main Refi Rate,rates,ECB,2026-09-21T08:32:30+00:00,2024-05-20
2024-05-17,4.5,ECB_MRO,ECB Main Refi Rate,rates,ECB,2026-09-21T08:32:30+00:00,2024-05-20
2024-05-18,4.5,ECB_MRO,ECB Main Refi Rate,rates,ECB,2026-09-21T08:32:30+00:00,2024-05-20
2024-05-19,4.5,ECB_MRO,ECB Main Refi Rate,rates,ECB,2026-09-21T08:32:30+00:00,2024-05-20
2024-05-20,4.5,ECB_MRO,ECB Main Refi Rate,rates,ECB,2026-09-21T08:32:30+00:00,2024-05-20
2023-05-16,1.0881,EURUSD,USD per EUR,fx,ECB,2026-09-21T08:32:30+00:00,2024-05-20
2023-05-17,1.0829,EURUSD,USD per EUR,fx,ECB,2026-09-21T08:32:30+00:00,2024-05-20
2023-05-18,1.0813,EURUSD,USD per EUR,fx,ECB,2026-09-21T08:32:30+00:00,2024-05-20
2023-05-19,1.0808,EURUSD,USD per EUR,fx,ECB,2026-09-21T08:32:30+00:00,2024-05-20
2023-05-22,1.0822,EURUSD,USD per EUR,fx,ECB,2026-09-21T08:32:30+00:00,2024-05-20
2023-05-23,1.0779,EURUSD,USD per EUR,fx,ECB,2026-09-21T08:32:30+00:00,2024-05-20
2023-05-24,1.0785,EURUSD,USD per EUR,fx,ECB,2026-09-21T08:32:30+00:00,2024-05-20
2023-05-25,1.0735,EURUSD,USD per EUR,fx,ECB,2026-09-21T08:32:30+00:00,2024-05-20
2023-05-26,1.0751,EURUSD,USD per EUR,fx,ECB,2026-09-21T08:32:30+00:00,2024-05-20
2023-05-29,1.0715,EURUSD,USD per EUR,fx,ECB,2026-09-21T08:32:30+00:00,2024-05-20
2023-05-30,1.0744,EURUSD,USD per EUR,fx,ECB,2026-09-21T08:32:30+00:00,2024-05-20
2023-05-31,1.0683,EURUSD,USD per EUR,fx,ECB,2026-09-21T08:32:30+00:00,2024-05-20
2023-06-01,1.0697,EURUSD,USD per EUR,fx,ECB,2026-09-21T08:32:30+00:00,2024-05-20
2023-06-02,1.0763,EURUSD,USD per EUR,fx,ECB,2026-09-21T08:32:30+00:00,2024-05-20
2023-06-05,1.069,EURUSD,USD per EUR,fx,ECB,2026-09-21T08:32:30+00:00,2024-05-20
2023-06-06,1.0683,EURUSD,USD per EUR,fx,ECB,2026-09-21T08:32:30+00:00,2024-05-20
2023-06-07,1.0717,EURUSD,USD per EUR,fx,ECB,2026-09-21T08:32:30+00:00,2024-05-20
2023-06-08,1.0737,EURUSD,USD per EUR,fx,ECB,2026-09-21T08:32:30+00:00,2024-05-20
2023-06-09,1.078,EURUSD,USD per EUR,fx,ECB,2026-09-21T08:32:30+00:00,2024-05-20
2023-06-12,1.0765,EURUSD,USD per EUR,fx,ECB,2026-09-21T08:32:30+00:00,2024-05-20
2023-06-13,1.0793,EURUSD,USD per EUR,fx,ECB,2026-09-21T08:32:30+00:00,2024-05-20
2023-06-14,1.0809,EURUSD,USD per EUR,fx,ECB,2026-09-21T08:32:30+00:00,2024-05-20
2023-06-15,1.0819,EURUSD,USD per EUR,fx,ECB,2026-09-21T08:32:30+00:00,2024-05-20
2023-06-16,1.0966,EURUSD,USD per EUR,fx,ECB,2026-09-21T08:32:30+00:00,2024-05-20
2023-06-19,1.0922,EURUSD,USD per EUR,fx,ECB,2026-09-21T08:32:30+00:00,2024-05-20
2023-06-20,1.0933,EURUSD,USD per EUR,fx,ECB,2026-09-21T08:32:30+00:00,2024-05-20
2023-06-21,1.0923,EURUSD,USD per EUR,fx,ECB,2026-09-21T08:32:30+00:00,2024-05-20
2023-06-22,1.0985,EURUSD,USD per EUR,fx,ECB,2026-09-21T08:32:30+00:00,2024-05-20
2023-06-23,1.0884,EURUSD,USD per EUR,fx,ECB,2026-09-21T08:32:30+00:00,2024-05-20
2023-06-26,1.0918,EURUSD,USD per EUR,fx,ECB,2026-09-21T08:32:30+00:00,2024-05-20
2023-06-27,1.0951,EURUSD,USD per EUR,fx,ECB,2026-09-21T08:32:30+00:00,2024-05-20
2023-06-28,1.0938,EURUSD,USD per EUR,fx,ECB,2026-09-21T08:32:30+00:00,2024-05-20
2023-06-29,1.0938,EURUSD,USD per EUR,fx,ECB,2026-09-21T08:32:30+00:00,2024-05-20
2023-06-30,1.0866,EURUSD,USD per EUR,fx,ECB,2026-09-21T08:32:30+00:00,2024-05-20
2023-07-03,1.0899,EURUSD,USD per EUR,fx,ECB,2026-09-21T08:32:30+00:00,2024-05-20
2023-07-04,1.0895,EURUSD,USD per EUR,fx,ECB,2026-09-21T08:32:30+00:00,2024-05-20
2023-07-05,1.0879,EURUSD,USD per EUR,fx,ECB,2026-09-21T08:32:30+00:00,2024-05-20
2023-07-06,1.0899,EURUSD,USD per EUR,fx,ECB,2026-09-21T08:32:30+00:00,2024-05-20
2023-07-07,1.0888,EURUSD,USD per EUR,fx,ECB,2026-09-21T08:32:30+00:00,2024-05-20
2023-07-10,1.0956,EURUSD,USD per EUR,fx,ECB,2026-09-21T08:32:30+00:00,2024-05-20
2023-07-11,1.0989,EURUSD,USD per EUR,fx,ECB,2026-09-21T08:32:30+00:00,2024-05-20
2023-07-12,1.1022,EURUSD,USD per EUR,fx,ECB,2026-09-21T08:32:30+00:00,2024-05-20
2023-07-13,1.1182,EURUSD,USD per EUR,fx,ECB,2026-09-21T08:32:30+00:00,2024-05-20
2023-07-14,1.1221,EURUSD,USD per EUR,fx,ECB,2026-09-21T08:32:30+00:00,2024-05-20
2023-07-17,1.123,EURUSD,USD per EUR,fx,ECB,2026-09-21T08:32:30+00:00,2024-05-20
2023-07-18,1.1255,EURUSD,USD per EUR,fx,ECB,2026-09-21T08:32:30+00:00,2024-05-20
2023-07-19,1.1222,EURUSD,USD per EUR,fx,ECB,2026-09-21T08:32:30+00:00,2024-05-20
2023-07-20,1.1197,EURUSD,USD per EUR,fx,ECB,2026-09-21T08:32:30+00:00,2024-05-20
2023-07-21,1.1123,EURUSD,USD per EUR,fx,ECB,2026-09-21T08:32:30+00:00,2024-05-20
2023-07-24,1.1096,EURUSD,USD per EUR,fx,ECB,2026-09-21T08:32:30+00:00,2024-05-20
2023-07-25,1.1051,EURUSD,USD per EUR,fx,ECB,2026-09-21T08:32:30+00:00,2024-05-20
2023-07-26,1.1059,EURUSD,USD per EUR,fx,ECB,2026-09-21T08:32:30+00:00,2024-05-20
2023-07-27,1.1125,EURUSD,USD per EUR,fx,ECB,2026-09-21T08:32:30+00:00,2024-05-20
2023-07-28,1.101,EURUSD,USD per EUR,fx,ECB,2026-09-21T08:32:30+00:00,2024-05-20
2023-07-31,1.1023,EURUSD,USD per EUR,fx,ECB,2026-09-21T08:32:30+00:00,2024-05-20
2023-08-01,1.097,EURUSD,USD per EUR,fx,ECB,2026-09-21T08:32:30+00:00,2024-05-20
2023-08-02,1.0985,EURUSD,USD per EUR,fx,ECB,2026-09-21T08:32:30+00:00,2024-05-20
2023-08-03,1.0932,EURUSD,USD per EUR,fx,ECB,2026-09-21T08:32:30+00:00,2024-05-20
2023-08-04,1.0946,EURUSD,USD per EUR,fx,ECB,2026-09-21T08:32:30+00:00,2024-05-20
2023-08-07,1.0984,EURUSD,USD per EUR,fx,ECB,2026-09-21T08:32:30+00:00,2024-05-20
2023-08-08,1.0944,EURUSD,USD per EUR,fx,ECB,2026-09-21T08:32:30+00:00,2024-05-20
2023-08-09,1.0968,EURUSD,USD per EUR,fx,ECB,2026-09-21T08:32:30+00:00,2024-05-20
2023-08-10,1.1019,EURUSD,USD per EUR,fx,ECB,2026-09-21T08:32:30+00:00,2024-05-20
2023-08-11,1.1004,EURUSD,USD per EUR,fx,ECB,2026-09-21T08:32:30+00:00,2024-05-20
2023-08-14,1.093,EURUSD,USD per EUR,fx,ECB,2026-09-21T08:32:30+00:00,2024-05-20
2023-08-15,1.0926,EURUSD,USD per EUR,fx,ECB,2026-09-21T08:32:30+00:00,2024-05-20
2023-08-16,1.0916,EURUSD,USD per EUR,fx,ECB,2026-09-21T08:32:30+00:00,2024-05-20
2023-08-17,1.09,EURUSD,USD per EUR,fx,ECB,2026-09-21T08:32:30+00:00,2024-05-20
2023-08-18,1.0867,EURUSD,USD per EUR,fx,ECB,2026-09-21T08:32:30+00:00,2024-05-20
2023-08-21,1.0908,EURUSD,USD per EUR,fx,ECB,2026-09-21T08:32:30+00:00,2024-05-20
2023-08-22,1.0887,EURUSD,USD per EUR,fx,ECB,2026-09-21T08:32:30+00:00,2024-05-20
2023-08-23,1.0805,EURUSD,USD per EUR,fx,ECB,2026-09-21T08:32:30+00:00,2024-05-20
2023-08-24,1.084,EURUSD,USD per EUR,fx,ECB,2026-09-21T08:32:30+00:00,2024-05-20
2023-08-25,1.0808,EURUSD,USD per EUR,fx,ECB,2026-09-21T08:32:30+00:00,2024-05-20
2023-08-28,1.0808,EURUSD,USD per EUR,fx,ECB,2026-09-21T08:32:30+00:00,2024-05-20
2023-08-29,1.0803,EURUSD,USD per EUR,fx,ECB,2026-09-21T08:32:30+00:00,2024-05-20
2023-08-30,1.0886,EURUSD,USD per EUR,fx,ECB,2026-09-21T08:32:30+00:00,2024-05-20
2023-08-31,1.0868,EURUSD,USD per EUR,fx,ECB,2026-09-21T08:32:30+00:00,2024-05-20
2023-09-01,1.0844,EURUSD,USD per EUR,fx,ECB,2026-09-21T08:32:30+00:00,2024-05-20
2023-09-04,1.0801,EURUSD,USD per EUR,fx,ECB,2026-09-21T08:32:30+00:00,2024-05-20
2023-09-05,1.0731,EURUSD,USD per EUR,fx,ECB,2026-09-21T08:32:30+00:00,2024-05-20
2023-09-06,1.0745,EURUSD,USD per EUR,fx,ECB,2026-09-21T08:32:30+00:00,2024-05-20
2023-09-07,1.071,EURUSD,USD per EUR,fx,ECB,2026-09-21T08:32:30+00:00,2024-05-20
2023-09-08,1.0704,EURUSD,USD per EUR,fx,ECB,2026-09-21T08:32:30+00:00,2024-05-20
2023-09-11,1.0724,EURUSD,USD per EUR,fx,ECB,2026-09-21T08:32:30+00:00,2024-05-20
2023-09-12,1.0713,EURUSD,USD per EUR,fx,ECB,2026-09-21T08:32:30+00:00,2024-05-20
2023-09-13,1.0733,EURUSD,USD per EUR,fx,ECB,2026-09-21T08:32:30+00:00,2024-05-20
2023-09-14,1.073,EURUSD,USD per EUR,fx,ECB,2026-09-21T08:32:30+00:00,2024-05-20
2023-09-15,1.0658,EURUSD,USD per EUR,fx,ECB,2026-09-21T08:32:30+00:00,2024-05-20
2023-09-18,1.0663,EURUSD,USD per EUR,fx,ECB,2026-09-21T08:32:30+00:00,2024-05-20
2023-09-19,1.0713,EURUSD,USD per EUR,fx,ECB,2026-09-21T08:32:30+00:00,2024-05-20
2023-09-20,1.0702,EURUSD,USD per EUR,fx,ECB,2026-09-21T08:32:30+00:00,2024-05-20
2023-09-21,1.0635,EURUSD,USD per EUR,fx,ECB,2026-09-21T08:32:30+00:00,2024-05-20
2023-09-22,1.0647,EURUSD,USD per EUR,fx,ECB,2026-09-21T08:32:30+00:00,2024-05-20
2023-09-25,1.0633,EURUSD,USD per EUR,fx,ECB,2026-09-21T08:32:30+00:00,2024-05-20
2023-09-26,1.0605,EURUSD,USD per EUR,fx,ECB,2026-09-21T08:32:30+00:00,2024-05-20
2023-09-27,1.0536,EURUSD,USD per EUR,fx,ECB,2026-09-21T08:32:30+00:00,2024-05-20
2023-09-28,1.0539,EURUSD,USD per EUR,fx,ECB,2026-09-21T08:32:30+00:00,2024-05-20
2023-09-29,1.0594,EURUSD,USD per EUR,fx,ECB,2026-09-21T08:32:30+00:00,2024-05-20
2023-10-02,1.053,EURUSD,USD per EUR,fx,ECB,2026-09-21T08:32:30+00:00,2024-05-20
2023-10-03,1.0469,EURUSD,USD per EUR,fx,ECB,2026-09-21T08:32:30+00:00,2024-05-20
2023-10-04,1.0497,EURUSD,USD per EUR,fx,ECB,2026-09-21T08:32:30+00:00,2024-05-20
2023-10-05,1.0526,EURUSD,USD per EUR,fx,ECB,2026-09-21T08:32:30+00:00,2024-05-20
2023-10-06,1.0563,EURUSD,USD per EUR,fx,ECB,2026-09-21T08:32:30+00:00,2024-05-20
2023-10-09,1.0531,EURUSD,USD per EUR,fx,ECB,2026-09-21T08:32:30+00:00,2024-05-20
2023-10-10,1.0582,EURUSD,USD per EUR,fx,ECB,2026-09-21T08:32:30+00:00,2024-05-20
2023-10-11,1.0604,EURUSD,USD per EUR,fx,ECB,2026-09-21T08:32:30+00:00,2024-05-20
2023-10-12,1.0619,EURUSD,USD per EUR,fx,ECB,2026-09-21T08:32:30+00:00,2024-05-20
2023-10-13,1.0524,EURUSD,USD per EUR,fx,ECB,2026-09-21T08:32:30+00:00,2024-05-20
2023-10-16,1.0538,EURUSD,USD per EUR,fx,ECB,2026-09-21T08:32:30+00:00,2024-05-20
2023-10-17,1.0569,EURUSD,USD per EUR,fx,ECB,2026-09-21T08:32:30+00:00,2024-05-20
2023-10-18,1.0565,EURUSD,USD per EUR,fx,ECB,2026-09-21T08:32:30+00:00,2024-05-20
2023-10-19,1.0558,EURUSD,USD per EUR,fx,ECB,2026-09-21T08:32:30+00:00,2024-05-20
2023-10-20,1.0591,EURUSD,USD per EUR,fx,ECB,2026-09-21T08:32:30+00:00,2024-05-20
2023-10-23,1.0597,EURUSD,USD per EUR,fx,ECB,2026-09-21T08:32:30+00:00,2024-05-20
2023-10-24,1.0632,EURUSD,USD per EUR,fx,ECB,2026-09-21T08:32:30+00:00,2024-05-20
2023-10-25,1.0576,EURUSD,USD per EUR,fx,ECB,2026-09-21T08:32:30+00:00,2024-05-20
2023-10-26,1.054,EURUSD,USD per EUR,fx,ECB,2026-09-21T08:32:30+00:00,2024-05-20
2023-10-27,1.0541,EURUSD,USD per EUR,fx,ECB,2026-09-21T08:32:30+00:00,2024-05-20
2023-10-30,1.0605,EURUSD,USD per EUR,fx,ECB,2026-09-21T08:32:30+00:00,2024-05-20
2023-10-31,1.0619,EURUSD,USD per EUR,fx,ECB,2026-09-21T08:32:30+00:00,2024-05-20
2023-11-01,1.0537,EURUSD,USD per EUR,fx,ECB,2026-09-21T08:32:30+00:00,2024-05-20
2023-11-02,1.0661,EURUSD,USD per EUR,fx,ECB,2026-09-21T08:32:30+00:00,2024-05-20
2023-11-03,1.0702,EURUSD,USD per EUR,fx,ECB,2026-09-21T08:32:30+00:00,2024-05-20
2023-11-06,1.0741,EURUSD,USD per EUR,fx,ECB,2026-09-21T08:32:30+00:00,2024-05-20
2023-11-07,1.0686,EURUSD,USD per EUR,fx,ECB,2026-09-21T08:32:30+00:00,2024-05-20
2023-11-08,1.0671,EURUSD,USD per EUR,fx,ECB,2026-09-21T08:32:30+00:00,2024-05-20
2023-11-09,1.0691,EURUSD,USD per EUR,fx,ECB,2026-09-21T08:32:30+00:00,2024-05-20
2023-11-10,1.0683,EURUSD,USD per EUR,fx,ECB,2026-09-21T08:32:30+00:00,2024-05-20
2023-11-13,1.067,EURUSD,USD per EUR,fx,ECB,2026-09-21T08:32:30+00:00,2024-05-20
2023-11-14,1.0724,EURUSD,USD per EUR,fx,ECB,2026-09-21T08:32:30+00:00,2024-05-20
2023-11-15,1.0868,EURUSD,USD per EUR,fx,ECB,2026-09-21T08:32:30+00:00,2024-05-20
2023-11-16,1.0849,EURUSD,USD per EUR,fx,ECB,2026-09-21T08:32:30+00:00,2024-05-20
2023-11-17,1.0872,EURUSD,USD per EUR,fx,ECB,2026-09-21T08:32:30+00:00,2024-05-20
2023-11-20,1.0928,EURUSD,USD per EUR,fx,ECB,2026-09-21T08:32:30+00:00,2024-05-20
2023-11-21,1.0955,EURUSD,USD per EUR,fx,ECB,2026-09-21T08:32:30+00:00,2024-05-20
2023-11-22,1.0911,EURUSD,USD per EUR,fx,ECB,2026-09-21T08:32:30+00:00,2024-05-20
2023-11-23,1.09,EURUSD,USD per EUR,fx,ECB,2026-09-21T08:32:30+00:00,2024-05-20
2023-11-24,1.0916,EURUSD,USD per EUR,fx,ECB,2026-09-21T08:32:30+00:00,2024-05-20
2023-11-27,1.0951,EURUSD,USD per EUR,fx,ECB,2026-09-21T08:32:30+00:00,2024-05-20
2023-11-28,1.0949,EURUSD,USD per EUR,fx,ECB,2026-09-21T08:32:30+00:00,2024-05-20
2023-11-29,1.0985,EURUSD,USD per EUR,fx,ECB,2026-09-21T08:32:30+00:00,2024-05-20
2023-11-30,1.0931,EURUSD,USD per EUR,fx,ECB,2026-09-21T08:32:30+00:00,2024-05-20
2023-12-01,1.0875,EURUSD,USD per EUR,fx,ECB,2026-09-21T08:32:30+00:00,2024-05-20
2023-12-04,1.0868,EURUSD,USD per EUR,fx,ECB,2026-09-21T08:32:30+00:00,2024-05-20
2023-12-05,1.0817,EURUSD,USD per EUR,fx,ECB,2026-09-21T08:32:30+00:00,2024-05-20
2023-12-06,1.0778,EURUSD,USD per EUR,fx,ECB,2026-09-21T08:32:30+00:00,2024-05-20
2023-12-07,1.0771,EURUSD,USD per EUR,fx,ECB,2026-09-21T08:32:30+00:00,2024-05-20
2023-12-08,1.0777,EURUSD,USD per EUR,fx,ECB,2026-09-21T08:32:30+00:00,2024-05-20
2023-12-11,1.0757,EURUSD,USD per EUR,fx,ECB,2026-09-21T08:32:30+00:00,2024-05-20
2023-12-12,1.0804,EURUSD,USD per EUR,fx,ECB,2026-09-21T08:32:30+00:00,2024-05-20
2023-12-13,1.0787,EURUSD,USD per EUR,fx,ECB,2026-09-21T08:32:30+00:00,2024-05-20
2023-12-14,1.0919,EURUSD,USD per EUR,fx,ECB,2026-09-21T08:32:30+00:00,2024-05-20
2023-12-15,1.0946,EURUSD,USD per EUR,fx,ECB,2026-09-21T08:32:30+00:00,2024-05-20
2023-12-18,1.0918,EURUSD,USD per EUR,fx,ECB,2026-09-21T08:32:30+00:00,2024-05-20
2023-12-19,1.0962,EURUSD,USD per EUR,fx,ECB,2026-09-21T08:32:30+00:00,2024-05-20
2023-12-20,1.0944,EURUSD,USD per EUR,fx,ECB,2026-09-21T08:32:30+00:00,2024-05-20
2023-12-21,1.0983,EURUSD,USD per EUR,fx,ECB,2026-09-21T08:32:30+00:00,2024-05-20
2023-12-22,1.1023,EURUSD,USD per EUR,fx,ECB,2026-09-21T08:32:30+00:00,2024-05-20
2023-12-27,1.1065,EURUSD,USD per EUR,fx,ECB,2026-09-21T08:32:30+00:00,2024-05-20
2023-12-28,1.1114,EURUSD,USD per EUR,fx,ECB,2026-09-21T08:32:30+00:00,2024-05-20
2023-12-29,1.105,EURUSD,USD per EUR,fx,ECB,2026-09-21T08:32:30+00:00,2024-05-20
2024-01-02,1.0956,EURUSD,USD per EUR,fx,ECB,2026-09-21T08:32:30+00:00,2024-05-20
2024-01-03,1.0919,EURUSD,USD per EUR,fx,ECB,2026-09-21T08:32:30+00:00,2024-05-20
2024-01-04,1.0953,EURUSD,USD per EUR,fx,ECB,2026-09-21T08:32:30+00:00,2024-05-20
2024-01-05,1.0921,EURUSD,USD per EUR,fx,ECB,2026-09-21T08:32:30+00:00,2024-05-20
2024-01-08,1.0946,EURUSD,USD per EUR,fx,ECB,2026-09-21T08:32:30+00:00,2024-05-20
2024-01-09,1.094,EURUSD,USD per EUR,fx,ECB,2026-09-21T08:32:30+00:00,2024-05-20
2024-01-10,1.0946,EURUSD,USD per EUR,fx,ECB,2026-09-21T08:32:30+00:00,2024-05-20
2024-01-11,1.0987,EURUSD,USD per EUR,fx,ECB,2026-09-21T08:32:30+00:00,2024-05-20
2024-01-12,1.0942,EURUSD,USD per EUR,fx,ECB,2026-09-21T08:32:30+00:00,2024-05-20
2024-01-15,1.0945,EURUSD,USD per EUR,fx,ECB,2026-09-21T08:32:30+00:00,2024-05-20
2024-01-16,1.0882,EURUSD,USD per EUR,fx,ECB,2026-09-21T08:32:30+00:00,2024-05-20
2024-01-17,1.0877,EURUSD,USD per EUR,fx,ECB,2026-09-21T08:32:30+00:00,2024-05-20
2024-01-18,1.0875,EURUSD,USD per EUR,fx,ECB,2026-09-21T08:32:30+00:00,2024-05-20
2024-01-19,1.0887,EURUSD,USD per EUR,fx,ECB,2026-09-21T08:32:30+00:00,2024-05-20
2024-01-22,1.089,EURUSD,USD per EUR,fx,ECB,2026-09-21T08:32:30+00:00,2024-05-20
2024-01-23,1.0872,EURUSD,USD per EUR,fx,ECB,2026-09-21T08:32:30+00:00,2024-05-20
2024-01-24,1.0905,EURUSD,USD per EUR,fx,ECB,2026-09-21T08:32:30+00:00,2024-05-20
2024-01-25,1.0893,EURUSD,USD per EUR,fx,ECB,2026-09-21T08:32:30+00:00,2024-05-20
2024-01-26,1.0871,EURUSD,USD per EUR,fx,ECB,2026-09-21T08:32:30+00:00,2024-05-20
2024-01-29,1.0823,EURUSD,USD per EUR,fx,ECB,2026-09-21T08:32:30+00:00,2024-05-20
2024-01-30,1.0846,EURUSD,USD per EUR,fx,ECB,2026-09-21T08:32:30+00:00,2024-05-20
2024-01-31,1.0837,EURUSD,USD per EUR,fx,ECB,2026-09-21T08:32:30+00:00,2024-05-20
2024-02-01,1.0814,EURUSD,USD per EUR,fx,ECB,2026-09-21T08:32:30+00:00,2024-05-20
2024-02-02,1.0883,EURUSD,USD per EUR,fx,ECB,2026-09-21T08:32:30+00:00,2024-05-20
2024-02-05,1.0746,EURUSD,USD per EUR,fx,ECB,2026-09-21T08:32:30+00:00,2024-05-20
2024-02-06,1.0743,EURUSD,USD per EUR,fx,ECB,2026-09-21T08:32:30+00:00,2024-05-20
2024-02-07,1.0776,EURUSD,USD per EUR,fx,ECB,2026-09-21T08:32:30+00:00,2024-05-20
2024-02-08,1.0758,EURUSD,USD per EUR,fx,ECB,2026-09-21T08:32:30+00:00,2024-05-20
2024-02-09,1.0772,EURUSD,USD per EUR,fx,ECB,2026-09-21T08:32:30+00:00,2024-05-20
2024-02-12,1.0773,EURUSD,USD per EUR,fx,ECB,2026-09-21T08:32:30+00:00,2024-05-20
2024-02-13,1.0793,EURUSD,USD per EUR,fx,ECB,2026-09-21T08:32:30+00:00,2024-05-20
2024-02-14,1.0713,EURUSD,USD per EUR,fx,ECB,2026-09-21T08:32:30+00:00,2024-05-20
2024-02-15,1.0743,EURUSD,USD per EUR,fx,ECB,2026-09-21T08:32:30+00:00,2024-05-20
2024-02-16,1.0768,EURUSD,USD per EUR,fx,ECB,2026-09-21T08:32:30+00:00,2024-05-20
2024-02-19,1.0776,EURUSD,USD per EUR,fx,ECB,2026-09-21T08:32:30+00:00,2024-05-20
2024-02-20,1.0802,EURUSD,USD per EUR,fx,ECB,2026-09-21T08:32:30+00:00,2024-05-20
2024-02-21,1.0809,EURUSD,USD per EUR,fx,ECB,2026-09-21T08:32:30+00:00,2024-05-20
2024-02-22,1.0844,EURUSD,USD per EUR,fx,ECB,2026-09-21T08:32:30+00:00,2024-05-20
2024-02-23,1.0834,EURUSD,USD per EUR,fx,ECB,2026-09-21T08:32:30+00:00,2024-05-20
2024-02-26,1.0852,EURUSD,USD per EUR,fx,ECB,2026-09-21T08:32:30+00:00,2024-05-20
2024-02-27,1.0856,EURUSD,USD per EUR,fx,ECB,2026-09-21T08:32:30+00:00,2024-05-20
2024-02-28,1.0808,EURUSD,USD per EUR,fx,ECB,2026-09-21T08:32:30+00:00,2024-05-20
2024-02-29,1.0826,EURUSD,USD per EUR,fx,ECB,2026-09-21T08:32:30+00:00,2024-05-20
2024-03-01,1.0813,EURUSD,USD per EUR,fx,ECB,2026-09-21T08:32:30+00:00,2024-05-20
2024-03-04,1.0846,EURUSD,USD per EUR,fx,ECB,2026-09-21T08:32:30+00:00,2024-05-20
2024-03-05,1.0849,EURUSD,USD per EUR,fx,ECB,2026-09-21T08:32:30+00:00,2024-05-20
2024-03-06,1.0874,EURUSD,USD per EUR,fx,ECB,2026-09-21T08:32:30+00:00,2024-05-20
2024-03-07,1.0895,EURUSD,USD per EUR,fx,ECB,2026-09-21T08:32:30+00:00,2024-05-20
2024-03-08,1.0932,EURUSD,USD per EUR,fx,ECB,2026-09-21T08:32:30+00:00,2024-05-20
2024-03-11,1.0926,EURUSD,USD per EUR,fx,ECB,2026-09-21T08:32:30+00:00,2024-05-20
2024-03-12,1.0916,EURUSD,USD per EUR,fx,ECB,2026-09-21T08:32:30+00:00,2024-05-20
2024-03-13,1.0939,EURUSD,USD per EUR,fx,ECB,2026-09-21T08:32:30+00:00,2024-05-20
2024-03-14,1.0925,EURUSD,USD per EUR,fx,ECB,2026-09-21T08:32:30+00:00,2024-05-20
2024-03-15,1.0892,EURUSD,USD per EUR,fx,ECB,2026-09-21T08:32:30+00:00,2024-05-20
2024-03-18,1.0892,EURUSD,USD per EUR,fx,ECB,2026-09-21T08:32:30+00:00,2024-05-20
2024-03-19,1.0854,EURUSD,USD per EUR,fx,ECB,2026-09-21T08:32:30+00:00,2024-05-20
2024-03-20,1.0844,EURUSD,USD per EUR,fx,ECB,2026-09-21T08:32:30+00:00,2024-05-20
2024-03-21,1.0907,EURUSD,USD per EUR,fx,ECB,2026-09-21T08:32:30+00:00,2024-05-20
2024-03-22,1.0823,EURUSD,USD per EUR,fx,ECB,2026-09-21T08:32:30+00:00,2024-05-20
2024-03-25,1.0835,EURUSD,USD per EUR,fx,ECB,2026-09-21T08:32:30+00:00,2024-05-20
2024-03-26,1.0855,EURUSD,USD per EUR,fx,ECB,2026-09-21T08:32:30+00:00,2024-05-20
2024-03-27,1.0816,EURUSD,USD per EUR,fx,ECB,2026-09-21T08:32:30+00:00,2024-05-20
2024-03-28,1.0811,EURUSD,USD per EUR,fx,ECB,2026-09-21T08:32:30+00:00,2024-05-20
2024-04-02,1.0749,EURUSD,USD per EUR,fx,ECB,2026-09-21T08:32:30+00:00,2024-05-20
2024-04-03,1.0783,EURUSD,USD per EUR,fx,ECB,2026-09-21T08:32:30+00:00,2024-05-20
2024-04-04,1.0852,EURUSD,USD per EUR,fx,ECB,2026-09-21T08:32:30+00:00,2024-05-20
2024-04-05,1.0841,EURUSD,USD per EUR,fx,ECB,2026-09-21T08:32:30+00:00,2024-05-20
2024-04-08,1.0823,EURUSD,USD per EUR,fx,ECB,2026-09-21T08:32:30+00:00,2024-05-20
2024-04-09,1.0867,EURUSD,USD per EUR,fx,ECB,2026-09-21T08:32:30+00:00,2024-05-20
2024-04-10,1.086,EURUSD,USD per EUR,fx,ECB,2026-09-21T08:32:30+00:00,2024-05-20
2024-04-11,1.0729,EURUSD,USD per EUR,fx,ECB,2026-09-21T08:32:30+00:00,2024-05-20
2024-04-12,1.0652,EURUSD,USD per EUR,fx,ECB,2026-09-21T08:32:30+00:00,2024-05-20
2024-04-15,1.0656,EURUSD,USD per EUR,fx,ECB,2026-09-21T08:32:30+00:00,2024-05-20
2024-04-16,1.0637,EURUSD,USD per EUR,fx,ECB,2026-09-21T08:32:30+00:00,2024-05-20
2024-04-17,1.0638,EURUSD,USD per EUR,fx,ECB,2026-09-21T08:32:30+00:00,2024-05-20
2024-04-18,1.0679,EURUSD,USD per EUR,fx,ECB,2026-09-21T08:32:30+00:00,2024-05-20
2024-04-19,1.0653,EURUSD,USD per EUR,fx,ECB,2026-09-21T08:32:30+00:00,2024-05-20
2024-04-22,1.0632,EURUSD,USD per EUR,fx,ECB,2026-09-21T08:32:30+00:00,2024-05-20
2024-04-23,1.0674,EURUSD,USD per EUR,fx,ECB,2026-09-21T08:32:30+00:00,2024-05-20
2024-04-24,1.0686,EURUSD,USD per EUR,fx,ECB,2026-09-21T08:32:30+00:00,2024-05-20
2024-04-25,1.072,EURUSD,USD per EUR,fx,ECB,2026-09-21T08:32:30+00:00,2024-05-20
2024-04-26,1.0714,EURUSD,USD per EUR,fx,ECB,2026-09-21T08:32:30+00:00,2024-05-20
2024-04-29,1.072,EURUSD,USD per EUR,fx,ECB,2026-09-21T08:32:30+00:00,2024-05-20
2024-04-30,1.0718,EURUSD,USD per EUR,fx,ECB,2026-09-21T08:32:30+00:00,2024-05-20
2024-05-02,1.0698,EURUSD,USD per EUR,fx,ECB,2026-09-21T08:32:30+00:00,2024-05-20
2024-05-03,1.0744,EURUSD,USD per EUR,fx,ECB,2026-09-21T08:32:30+00:00,2024-05-20
2024-05-06,1.0776,EURUSD,USD per EUR,fx,ECB,2026-09-21T08:32:30+00:00,2024-05-20
2024-05-07,1.0766,EURUSD,USD per EUR,fx,ECB,2026-09-21T08:32:30+00:00,2024-05-20
2024-05-08,1.0743,EURUSD,USD per EUR,fx,ECB,2026-09-21T08:32:30+00:00,2024-05-20
2024-05-09,1.0732,EURUSD,USD per EUR,fx,ECB,2026-09-21T08:32:30+00:00,2024-05-20
2024-05-10,1.0779,EURUSD,USD per EUR,fx,ECB,2026-09-21T08:32:30+00:00,2024-05-20
2024-05-13,1.0795,EURUSD,USD per EUR,fx,ECB,2026-09-21T08:32:30+00:00,2024-05-20
2024-05-14,1.0796,EURUSD,USD per EUR,fx,ECB,2026-09-21T08:32:30+00:00,2024-05-20
2024-05-15,1.0832,EURUSD,USD per EUR,fx,ECB,2026-09-21T08:32:30+00:00,2024-05-20
2024-05-16,1.0866,EURUSD,USD per EUR,fx,ECB,2026-09-21T08:32:30+00:00,2024-05-20
2024-05-17,1.0844,EURUSD,USD per EUR,fx,ECB,2026-09-21T08:32:30+00:00,2024-05-20
2024-05-20,1.0861,EURUSD,USD per EUR,fx,ECB,2026-09-21T08:32:30+00:00,2024-05-20
2023-05-16,0.86938,GBPEUR,GBP per EUR,fx,ECB,2026-09-21T08:32:30+00:00,2024-05-20
2023-05-17,0.86895,GBPEUR,GBP per EUR,fx,ECB,2026-09-21T08:32:30+00:00,2024-05-20
2023-05-18,0.8689,GBPEUR,GBP per EUR,fx,ECB,2026-09-21T08:32:30+00:00,2024-05-20
2023-05-19,0.8684,GBPEUR,GBP per EUR,fx,ECB,2026-09-21T08:32:30+00:00,2024-05-20
2023-05-22,0.86846,GBPEUR,GBP per EUR,fx,ECB,2026-09-21T08:32:30+00:00,2024-05-20
2023-05-23,0.86993,GBPEUR,GBP per EUR,fx,ECB,2026-09-21T08:32:30+00:00,2024-05-20
2023-05-24,0.86993,GBPEUR,GBP per EUR,fx,ECB,2026-09-21T08:32:30+00:00,2024-05-20
2023-05-25,0.86793,GBPEUR,GBP per EUR,fx,ECB,2026-09-21T08:32:30+00:00,2024-05-20
2023-05-26,0.86813,GBPEUR,GBP per EUR,fx,ECB,2026-09-21T08:32:30+00:00,2024-05-20
2023-05-29,0.86805,GBPEUR,GBP per EUR,fx,ECB,2026-09-21T08:32:30+00:00,2024-05-20
2023-05-30,0.86365,GBPEUR,GBP per EUR,fx,ECB,2026-09-21T08:32:30+00:00,2024-05-20
2023-05-31,0.86405,GBPEUR,GBP per EUR,fx,ECB,2026-09-21T08:32:30+00:00,2024-05-20
2023-06-01,0.85823,GBPEUR,GBP per EUR,fx,ECB,2026-09-21T08:32:30+00:00,2024-05-20
2023-06-02,0.8593,GBPEUR,GBP per EUR,fx,ECB,2026-09-21T08:32:30+00:00,2024-05-20
2023-06-05,0.86323,GBPEUR,GBP per EUR,fx,ECB,2026-09-21T08:32:30+00:00,2024-05-20
2023-06-06,0.86103,GBPEUR,GBP per EUR,fx,ECB,2026-09-21T08:32:30+00:00,2024-05-20
2023-06-07,0.8597,GBPEUR,GBP per EUR,fx,ECB,2026-09-21T08:32:30+00:00,2024-05-20
2023-06-08,0.86113,GBPEUR,GBP per EUR,fx,ECB,2026-09-21T08:32:30+00:00,2024-05-20
2023-06-09,0.85795,GBPEUR,GBP per EUR,fx,ECB,2026-09-21T08:32:30+00:00,2024-05-20
2023-06-12,0.85678,GBPEUR,GBP per EUR,fx,ECB,2026-09-21T08:32:30+00:00,2024-05-20
2023-06-13,0.8585,GBPEUR,GBP per EUR,fx,ECB,2026-09-21T08:32:30+00:00,2024-05-20
2023-06-14,0.85455,GBPEUR,GBP per EUR,fx,ECB,2026-09-21T08:32:30+00:00,2024-05-20
2023-06-15,0.85555,GBPEUR,GBP per EUR,fx,ECB,2026-09-21T08:32:30+00:00,2024-05-20
2023-06-16,0.85428,GBPEUR,GBP per EUR,fx,ECB,2026-09-21T08:32:30+00:00,2024-05-20
2023-06-19,0.85268,GBPEUR,GBP per EUR,fx,ECB,2026-09-21T08:32:30+00:00,2024-05-20
2023-06-20,0.85705,GBPEUR,GBP per EUR,fx,ECB,2026-09-21T08:32:30+00:00,2024-05-20
2023-06-21,0.85828,GBPEUR,GBP per EUR,fx,ECB,2026-09-21T08:32:30+00:00,2024-05-20
2023-06-22,0.86115,GBPEUR,GBP per EUR,fx,ECB,2026-09-21T08:32:30+00:00,2024-05-20
2023-06-23,0.85479,GBPEUR,GBP per EUR,fx,ECB,2026-09-21T08:32:30+00:00,2024-05-20
2023-06-26,0.85878,GBPEUR,GBP per EUR,fx,ECB,2026-09-21T08:32:30+00:00,2024-05-20
2023-06-27,0.8599,GBPEUR,GBP per EUR,fx,ECB,2026-09-21T08:32:30+00:00,2024-05-20
2023-06-28,0.8642,GBPEUR,GBP per EUR,fx,ECB,2026-09-21T08:32:30+00:00,2024-05-20
2023-06-29,0.864,GBPEUR,GBP per EUR,fx,ECB,2026-09-21T08:32:30+00:00,2024-05-20
2023-06-30,0.85828,GBPEUR,GBP per EUR,fx,ECB,2026-09-21T08:32:30+00:00,2024-05-20
2023-07-03,0.8598,GBPEUR,GBP per EUR,fx,ECB,2026-09-21T08:32:30+00:00,2024-05-20
2023-07-04,0.85673,GBPEUR,GBP per EUR,fx,ECB,2026-09-21T08:32:30+00:00,2024-05-20
2023-07-05,0.85685,GBPEUR,GBP per EUR,fx,ECB,2026-09-21T08:32:30+00:00,2024-05-20
2023-07-06,0.8531,GBPEUR,GBP per EUR,fx,ECB,2026-09-21T08:32:30+00:00,2024-05-20
2023-07-07,0.85298,GBPEUR,GBP per EUR,fx,ECB,2026-09-21T08:32:30+00:00,2024-05-20
2023-07-10,0.85733,GBPEUR,GBP per EUR,fx,ECB,2026-09-21T08:32:30+00:00,2024-05-20
2023-07-11,0.8511,GBPEUR,GBP per EUR,fx,ECB,2026-09-21T08:32:30+00:00,2024-05-20
2023-07-12,0.85378,GBPEUR,GBP per EUR,fx,ECB,2026-09-21T08:32:30+00:00,2024-05-20
2023-07-13,0.85553,GBPEUR,GBP per EUR,fx,ECB,2026-09-21T08:32:30+00:00,2024-05-20
2023-07-14,0.8559,GBPEUR,GBP per EUR,fx,ECB,2026-09-21T08:32:30+00:00,2024-05-20
2023-07-17,0.85873,GBPEUR,GBP per EUR,fx,ECB,2026-09-21T08:32:30+00:00,2024-05-20
2023-07-18,0.85838,GBPEUR,GBP per EUR,fx,ECB,2026-09-21T08:32:30+00:00,2024-05-20
2023-07-19,0.86918,GBPEUR,GBP per EUR,fx,ECB,2026-09-21T08:32:30+00:00,2024-05-20
2023-07-20,0.8692,GBPEUR,GBP per EUR,fx,ECB,2026-09-21T08:32:30+00:00,2024-05-20
2023-07-21,0.86706,GBPEUR,GBP per EUR,fx,ECB,2026-09-21T08:32:30+00:00,2024-05-20
2023-07-24,0.8635,GBPEUR,GBP per EUR,fx,ECB,2026-09-21T08:32:30+00:00,2024-05-20
2023-07-25,0.86148,GBPEUR,GBP per EUR,fx,ECB,2026-09-21T08:32:30+00:00,2024-05-20
2023-07-26,0.85695,GBPEUR,GBP per EUR,fx,ECB,2026-09-21T08:32:30+00:00,2024-05-20
2023-07-27,0.85885,GBPEUR,GBP per EUR,fx,ECB,2026-09-21T08:32:30+00:00,2024-05-20
2023-07-28,0.8556,GBPEUR,GBP per EUR,fx,ECB,2026-09-21T08:32:30+00:00,2024-05-20
2023-07-31,0.85765,GBPEUR,GBP per EUR,fx,ECB,2026-09-21T08:32:30+00:00,2024-05-20
2023-08-01,0.85865,GBPEUR,GBP per EUR,fx,ECB,2026-09-21T08:32:30+00:00,2024-05-20
2023-08-02,0.86038,GBPEUR,GBP per EUR,fx,ECB,2026-09-21T08:32:30+00:00,2024-05-20
2023-08-03,0.86468,GBPEUR,GBP per EUR,fx,ECB,2026-09-21T08:32:30+00:00,2024-05-20
2023-08-04,0.86193,GBPEUR,GBP per EUR,fx,ECB,2026-09-21T08:32:30+00:00,2024-05-20
2023-08-07,0.86163,GBPEUR,GBP per EUR,fx,ECB,2026-09-21T08:32:30+00:00,2024-05-20
2023-08-08,0.86158,GBPEUR,GBP per EUR,fx,ECB,2026-09-21T08:32:30+00:00,2024-05-20
2023-08-09,0.8618,GBPEUR,GBP per EUR,fx,ECB,2026-09-21T08:32:30+00:00,2024-05-20
2023-08-10,0.86313,GBPEUR,GBP per EUR,fx,ECB,2026-09-21T08:32:30+00:00,2024-05-20
2023-08-11,0.86415,GBPEUR,GBP per EUR,fx,ECB,2026-09-21T08:32:30+00:00,2024-05-20
2023-08-14,0.86215,GBPEUR,GBP per EUR,fx,ECB,2026-09-21T08:32:30+00:00,2024-05-20
2023-08-15,0.85955,GBPEUR,GBP per EUR,fx,ECB,2026-09-21T08:32:30+00:00,2024-05-20
2023-08-16,0.85645,GBPEUR,GBP per EUR,fx,ECB,2026-09-21T08:32:30+00:00,2024-05-20
2023-08-17,0.85395,GBPEUR,GBP per EUR,fx,ECB,2026-09-21T08:32:30+00:00,2024-05-20
2023-08-18,0.85493,GBPEUR,GBP per EUR,fx,ECB,2026-09-21T08:32:30+00:00,2024-05-20
2023-08-21,0.85475,GBPEUR,GBP per EUR,fx,ECB,2026-09-21T08:32:30+00:00,2024-05-20
2023-08-22,0.85288,GBPEUR,GBP per EUR,fx,ECB,2026-09-21T08:32:30+00:00,2024-05-20
2023-08-23,0.85653,GBPEUR,GBP per EUR,fx,ECB,2026-09-21T08:32:30+00:00,2024-05-20
2023-08-24,0.8565,GBPEUR,GBP per EUR,fx,ECB,2026-09-21T08:32:30+00:00,2024-05-20
2023-08-25,0.85643,GBPEUR,GBP per EUR,fx,ECB,2026-09-21T08:32:30+00:00,2024-05-20
2023-08-28,0.85815,GBPEUR,GBP per EUR,fx,ECB,2026-09-21T08:32:30+00:00,2024-05-20
2023-08-29,0.8586,GBPEUR,GBP per EUR,fx,ECB,2026-09-21T08:32:30+00:00,2024-05-20
2023-08-30,0.8592,GBPEUR,GBP per EUR,fx,ECB,2026-09-21T08:32:30+00:00,2024-05-20
2023-08-31,0.85718,GBPEUR,GBP per EUR,fx,ECB,2026-09-21T08:32:30+00:00,2024-05-20
2023-09-01,0.85538,GBPEUR,GBP per EUR,fx,ECB,2026-09-21T08:32:30+00:00,2024-05-20
2023-09-04,0.8555,GBPEUR,GBP per EUR,fx,ECB,2026-09-21T08:32:30+00:00,2024-05-20
2023-09-05,0.85535,GBPEUR,GBP per EUR,fx,ECB,2026-09-21T08:32:30+00:00,2024-05-20
2023-09-06,0.85503,GBPEUR,GBP per EUR,fx,ECB,2026-09-21T08:32:30+00:00,2024-05-20
2023-09-07,0.859,GBPEUR,GBP per EUR,fx,ECB,2026-09-21T08:32:30+00:00,2024-05-20
2023-09-08,0.85735,GBPEUR,GBP per EUR,fx,ECB,2026-09-21T08:32:30+00:00,2024-05-20
2023-09-11,0.8565,GBPEUR,GBP per EUR,fx,ECB,2026-09-21T08:32:30+00:00,2024-05-20
2023-09-12,0.85925,GBPEUR,GBP per EUR,fx,ECB,2026-09-21T08:32:30+00:00,2024-05-20
2023-09-13,0.8609,GBPEUR,GBP per EUR,fx,ECB,2026-09-21T08:32:30+00:00,2024-05-20
2023-09-14,0.85995,GBPEUR,GBP per EUR,fx,ECB,2026-09-21T08:32:30+00:00,2024-05-20
2023-09-15,0.85878,GBPEUR,GBP per EUR,fx,ECB,2026-09-21T08:32:30+00:00,2024-05-20
2023-09-18,0.86141,GBPEUR,GBP per EUR,fx,ECB,2026-09-21T08:32:30+00:00,2024-05-20
2023-09-19,0.86263,GBPEUR,GBP per EUR,fx,ECB,2026-09-21T08:32:30+00:00,2024-05-20
2023-09-20,0.8653,GBPEUR,GBP per EUR,fx,ECB,2026-09-21T08:32:30+00:00,2024-05-20
2023-09-21,0.86713,GBPEUR,GBP per EUR,fx,ECB,2026-09-21T08:32:30+00:00,2024-05-20
2023-09-22,0.86795,GBPEUR,GBP per EUR,fx,ECB,2026-09-21T08:32:30+00:00,2024-05-20
2023-09-25,0.86965,GBPEUR,GBP per EUR,fx,ECB,2026-09-21T08:32:30+00:00,2024-05-20
2023-09-26,0.8702,GBPEUR,GBP per EUR,fx,ECB,2026-09-21T08:32:30+00:00,2024-05-20
2023-09-27,0.8681,GBPEUR,GBP per EUR,fx,ECB,2026-09-21T08:32:30+00:00,2024-05-20
2023-09-28,0.86333,GBPEUR,GBP per EUR,fx,ECB,2026-09-21T08:32:30+00:00,2024-05-20
2023-09-29,0.86458,GBPEUR,GBP per EUR,fx,ECB,2026-09-21T08:32:30+00:00,2024-05-20
2023-10-02,0.86628,GBPEUR,GBP per EUR,fx,ECB,2026-09-21T08:32:30+00:00,2024-05-20
2023-10-03,0.86775,GBPEUR,GBP per EUR,fx,ECB,2026-09-21T08:32:30+00:00,2024-05-20
2023-10-04,0.86588,GBPEUR,GBP per EUR,fx,ECB,2026-09-21T08:32:30+00:00,2024-05-20
2023-10-05,0.86605,GBPEUR,GBP per EUR,fx,ECB,2026-09-21T08:32:30+00:00,2024-05-20
2023-10-06,0.8651,GBPEUR,GBP per EUR,fx,ECB,2026-09-21T08:32:30+00:00,2024-05-20
2023-10-09,0.8652,GBPEUR,GBP per EUR,fx,ECB,2026-09-21T08:32:30+00:00,2024-05-20
2023-10-10,0.8639,GBPEUR,GBP per EUR,fx,ECB,2026-09-21T08:32:30+00:00,2024-05-20
2023-10-11,0.86265,GBPEUR,GBP per EUR,fx,ECB,2026-09-21T08:32:30+00:00,2024-05-20
2023-10-12,0.8626,GBPEUR,GBP per EUR,fx,ECB,2026-09-21T08:32:30+00:00,2024-05-20
2023-10-13,0.86415,GBPEUR,GBP per EUR,fx,ECB,2026-09-21T08:32:30+00:00,2024-05-20
2023-10-16,0.86545,GBPEUR,GBP per EUR,fx,ECB,2026-09-21T08:32:30+00:00,2024-05-20
2023-10-17,0.8682,GBPEUR,GBP per EUR,fx,ECB,2026-09-21T08:32:30+00:00,2024-05-20
2023-10-18,0.8661,GBPEUR,GBP per EUR,fx,ECB,2026-09-21T08:32:30+00:00,2024-05-20
2023-10-19,0.87098,GBPEUR,GBP per EUR,fx,ECB,2026-09-21T08:32:30+00:00,2024-05-20
2023-10-20,0.87213,GBPEUR,GBP per EUR,fx,ECB,2026-09-21T08:32:30+00:00,2024-05-20
2023-10-23,0.87153,GBPEUR,GBP per EUR,fx,ECB,2026-09-21T08:32:30+00:00,2024-05-20
2023-10-24,0.87025,GBPEUR,GBP per EUR,fx,ECB,2026-09-21T08:32:30+00:00,2024-05-20
2023-10-25,0.8724,GBPEUR,GBP per EUR,fx,ECB,2026-09-21T08:32:30+00:00,2024-05-20
2023-10-26,0.8717,GBPEUR,GBP per EUR,fx,ECB,2026-09-21T08:32:30+00:00,2024-05-20
2023-10-27,0.87023,GBPEUR,GBP per EUR,fx,ECB,2026-09-21T08:32:30+00:00,2024-05-20
2023-10-30,0.87345,GBPEUR,GBP per EUR,fx,ECB,2026-09-21T08:32:30+00:00,2024-05-20
2023-10-31,0.87366,GBPEUR,GBP per EUR,fx,ECB,2026-09-21T08:32:30+00:00,2024-05-20
2023-11-01,0.86945,GBPEUR,GBP per EUR,fx,ECB,2026-09-21T08:32:30+00:00,2024-05-20
2023-11-02,0.87305,GBPEUR,GBP per EUR,fx,ECB,2026-09-21T08:32:30+00:00,2024-05-20
2023-11-03,0.86983,GBPEUR,GBP per EUR,fx,ECB,2026-09-21T08:32:30+00:00,2024-05-20
2023-11-06,0.8664,GBPEUR,GBP per EUR,fx,ECB,2026-09-21T08:32:30+00:00,2024-05-20
2023-11-07,0.86855,GBPEUR,GBP per EUR,fx,ECB,2026-09-21T08:32:30+00:00,2024-05-20
2023-11-08,0.87015,GBPEUR,GBP per EUR,fx,ECB,2026-09-21T08:32:30+00:00,2024-05-20
2023-11-09,0.87205,GBPEUR,GBP per EUR,fx,ECB,2026-09-21T08:32:30+00:00,2024-05-20
2023-11-10,0.87435,GBPEUR,GBP per EUR,fx,ECB,2026-09-21T08:32:30+00:00,2024-05-20
2023-11-13,0.87155,GBPEUR,GBP per EUR,fx,ECB,2026-09-21T08:32:30+00:00,2024-05-20
2023-11-14,0.8723,GBPEUR,GBP per EUR,fx,ECB,2026-09-21T08:32:30+00:00,2024-05-20
2023-11-15,0.87188,GBPEUR,GBP per EUR,fx,ECB,2026-09-21T08:32:30+00:00,2024-05-20
2023-11-16,0.8752,GBPEUR,GBP per EUR,fx,ECB,2026-09-21T08:32:30+00:00,2024-05-20
2023-11-17,0.87395,GBPEUR,GBP per EUR,fx,ECB,2026-09-21T08:32:30+00:00,2024-05-20
2023-11-20,0.8763,GBPEUR,GBP per EUR,fx,ECB,2026-09-21T08:32:30+00:00,2024-05-20
2023-11-21,0.87326,GBPEUR,GBP per EUR,fx,ECB,2026-09-21T08:32:30+00:00,2024-05-20
2023-11-22,0.8703,GBPEUR,GBP per EUR,fx,ECB,2026-09-21T08:32:30+00:00,2024-05-20
2023-11-23,0.8694,GBPEUR,GBP per EUR,fx,ECB,2026-09-21T08:32:30+00:00,2024-05-20
2023-11-24,0.86818,GBPEUR,GBP per EUR,fx,ECB,2026-09-21T08:32:30+00:00,2024-05-20
2023-11-27,0.86671,GBPEUR,GBP per EUR,fx,ECB,2026-09-21T08:32:30+00:00,2024-05-20
2023-11-28,0.8682,GBPEUR,GBP per EUR,fx,ECB,2026-09-21T08:32:30+00:00,2024-05-20
2023-11-29,0.86525,GBPEUR,GBP per EUR,fx,ECB,2026-09-21T08:32:30+00:00,2024-05-20
2023-11-30,0.86368,GBPEUR,GBP per EUR,fx,ECB,2026-09-21T08:32:30+00:00,2024-05-20
2023-12-01,0.86045,GBPEUR,GBP per EUR,fx,ECB,2026-09-21T08:32:30+00:00,2024-05-20
2023-12-04,0.8579,GBPEUR,GBP per EUR,fx,ECB,2026-09-21T08:32:30+00:00,2024-05-20
2023-12-05,0.85723,GBPEUR,GBP per EUR,fx,ECB,2026-09-21T08:32:30+00:00,2024-05-20
2023-12-06,0.8561,GBPEUR,GBP per EUR,fx,ECB,2026-09-21T08:32:30+00:00,2024-05-20
2023-12-07,0.8575,GBPEUR,GBP per EUR,fx,ECB,2026-09-21T08:32:30+00:00,2024-05-20
2023-12-08,0.8569,GBPEUR,GBP per EUR,fx,ECB,2026-09-21T08:32:30+00:00,2024-05-20
2023-12-11,0.8558,GBPEUR,GBP per EUR,fx,ECB,2026-09-21T08:32:30+00:00,2024-05-20
2023-12-12,0.85928,GBPEUR,GBP per EUR,fx,ECB,2026-09-21T08:32:30+00:00,2024-05-20
2023-12-13,0.8612,GBPEUR,GBP per EUR,fx,ECB,2026-09-21T08:32:30+00:00,2024-05-20
2023-12-14,0.85955,GBPEUR,GBP per EUR,fx,ECB,2026-09-21T08:32:30+00:00,2024-05-20
2023-12-15,0.85833,GBPEUR,GBP per EUR,fx,ECB,2026-09-21T08:32:30+00:00,2024-05-20
2023-12-18,0.86263,GBPEUR,GBP per EUR,fx,ECB,2026-09-21T08:32:30+00:00,2024-05-20
2023-12-19,0.86095,GBPEUR,GBP per EUR,fx,ECB,2026-09-21T08:32:30+00:00,2024-05-20
2023-12-20,0.86555,GBPEUR,GBP per EUR,fx,ECB,2026-09-21T08:32:30+00:00,2024-05-20
2023-12-21,0.86805,GBPEUR,GBP per EUR,fx,ECB,2026-09-21T08:32:30+00:00,2024-05-20
2023-12-22,0.8666,GBPEUR,GBP per EUR,fx,ECB,2026-09-21T08:32:30+00:00,2024-05-20
2023-12-27,0.8683,GBPEUR,GBP per EUR,fx,ECB,2026-09-21T08:32:30+00:00,2024-05-20
2023-12-28,0.8706,GBPEUR,GBP per EUR,fx,ECB,2026-09-21T08:32:30+00:00,2024-05-20
2023-12-29,0.86905,GBPEUR,GBP per EUR,fx,ECB,2026-09-21T08:32:30+00:00,2024-05-20
2024-01-02,0.86645,GBPEUR,GBP per EUR,fx,ECB,2026-09-21T08:32:30+00:00,2024-05-20
2024-01-03,0.8647,GBPEUR,GBP per EUR,fx,ECB,2026-09-21T08:32:30+00:00,2024-05-20
2024-01-04,0.86278,GBPEUR,GBP per EUR,fx,ECB,2026-09-21T08:32:30+00:00,2024-05-20
2024-01-05,0.8621,GBPEUR,GBP per EUR,fx,ECB,2026-09-21T08:32:30+00:00,2024-05-20
2024-01-08,0.8615,GBPEUR,GBP per EUR,fx,ECB,2026-09-21T08:32:30+00:00,2024-05-20
2024-01-09,0.85938,GBPEUR,GBP per EUR,fx,ECB,2026-09-21T08:32:30+00:00,2024-05-20
2024-01-10,0.86023,GBPEUR,GBP per EUR,fx,ECB,2026-09-21T08:32:30+00:00,2024-05-20
2024-01-11,0.86145,GBPEUR,GBP per EUR,fx,ECB,2026-09-21T08:32:30+00:00,2024-05-20
2024-01-12,0.8595,GBPEUR,GBP per EUR,fx,ECB,2026-09-21T08:32:30+00:00,2024-05-20
2024-01-15,0.86075,GBPEUR,GBP per EUR,fx,ECB,2026-09-21T08:32:30+00:00,2024-05-20
2024-01-16,0.86078,GBPEUR,GBP per EUR,fx,ECB,2026-09-21T08:32:30+00:00,2024-05-20
2024-01-17,0.85818,GBPEUR,GBP per EUR,fx,ECB,2026-09-21T08:32:30+00:00,2024-05-20
2024-01-18,0.85773,GBPEUR,GBP per EUR,fx,ECB,2026-09-21T08:32:30+00:00,2024-05-20
2024-01-19,0.85825,GBPEUR,GBP per EUR,fx,ECB,2026-09-21T08:32:30+00:00,2024-05-20
2024-01-22,0.85575,GBPEUR,GBP per EUR,fx,ECB,2026-09-21T08:32:30+00:00,2024-05-20
2024-01-23,0.85493,GBPEUR,GBP per EUR,fx,ECB,2026-09-21T08:32:30+00:00,2024-05-20
2024-01-24,0.85543,GBPEUR,GBP per EUR,fx,ECB,2026-09-21T08:32:30+00:00,2024-05-20
2024-01-25,0.85538,GBPEUR,GBP per EUR,fx,ECB,2026-09-21T08:32:30+00:00,2024-05-20
2024-01-26,0.85368,GBPEUR,GBP per EUR,fx,ECB,2026-09-21T08:32:30+00:00,2024-05-20
2024-01-29,0.8525,GBPEUR,GBP per EUR,fx,ECB,2026-09-21T08:32:30+00:00,2024-05-20
2024-01-30,0.85628,GBPEUR,GBP per EUR,fx,ECB,2026-09-21T08:32:30+00:00,2024-05-20
2024-01-31,0.85435,GBPEUR,GBP per EUR,fx,ECB,2026-09-21T08:32:30+00:00,2024-05-20
2024-02-01,0.85353,GBPEUR,GBP per EUR,fx,ECB,2026-09-21T08:32:30+00:00,2024-05-20
2024-02-02,0.85263,GBPEUR,GBP per EUR,fx,ECB,2026-09-21T08:32:30+00:00,2024-05-20
2024-02-05,0.85595,GBPEUR,GBP per EUR,fx,ECB,2026-09-21T08:32:30+00:00,2024-05-20
2024-02-06,0.8546,GBPEUR,GBP per EUR,fx,ECB,2026-09-21T08:32:30+00:00,2024-05-20
2024-02-07,0.85305,GBPEUR,GBP per EUR,fx,ECB,2026-09-21T08:32:30+00:00,2024-05-20
2024-02-08,0.85378,GBPEUR,GBP per EUR,fx,ECB,2026-09-21T08:32:30+00:00,2024-05-20
2024-02-09,0.8544,GBPEUR,GBP per EUR,fx,ECB,2026-09-21T08:32:30+00:00,2024-05-20
2024-02-12,0.85391,GBPEUR,GBP per EUR,fx,ECB,2026-09-21T08:32:30+00:00,2024-05-20
2024-02-13,0.85098,GBPEUR,GBP per EUR,fx,ECB,2026-09-21T08:32:30+00:00,2024-05-20
2024-02-14,0.85258,GBPEUR,GBP per EUR,fx,ECB,2026-09-21T08:32:30+00:00,2024-05-20
2024-02-15,0.85635,GBPEUR,GBP per EUR,fx,ECB,2026-09-21T08:32:30+00:00,2024-05-20
2024-02-16,0.85605,GBPEUR,GBP per EUR,fx,ECB,2026-09-21T08:32:30+00:00,2024-05-20
2024-02-19,0.85448,GBPEUR,GBP per EUR,fx,ECB,2026-09-21T08:32:30+00:00,2024-05-20
2024-02-20,0.8566,GBPEUR,GBP per EUR,fx,ECB,2026-09-21T08:32:30+00:00,2024-05-20
2024-02-21,0.85619,GBPEUR,GBP per EUR,fx,ECB,2026-09-21T08:32:30+00:00,2024-05-20
2024-02-22,0.85625,GBPEUR,GBP per EUR,fx,ECB,2026-09-21T08:32:30+00:00,2024-05-20
2024-02-23,0.8534,GBPEUR,GBP per EUR,fx,ECB,2026-09-21T08:32:30+00:00,2024-05-20
2024-02-26,0.85495,GBPEUR,GBP per EUR,fx,ECB,2026-09-21T08:32:30+00:00,2024-05-20
2024-02-27,0.8562,GBPEUR,GBP per EUR,fx,ECB,2026-09-21T08:32:30+00:00,2024-05-20
2024-02-28,0.85548,GBPEUR,GBP per EUR,fx,ECB,2026-09-21T08:32:30+00:00,2024-05-20
2024-02-29,0.85655,GBPEUR,GBP per EUR,fx,ECB,2026-09-21T08:32:30+00:00,2024-05-20
2024-03-01,0.85588,GBPEUR,GBP per EUR,fx,ECB,2026-09-21T08:32:30+00:00,2024-05-20
2024-03-04,0.85583,GBPEUR,GBP per EUR,fx,ECB,2026-09-21T08:32:30+00:00,2024-05-20
2024-03-05,0.85543,GBPEUR,GBP per EUR,fx,ECB,2026-09-21T08:32:30+00:00,2024-05-20
2024-03-06,0.85498,GBPEUR,GBP per EUR,fx,ECB,2026-09-21T08:32:30+00:00,2024-05-20
2024-03-07,0.85445,GBPEUR,GBP per EUR,fx,ECB,2026-09-21T08:32:30+00:00,2024-05-20
2024-03-08,0.85168,GBPEUR,GBP per EUR,fx,ECB,2026-09-21T08:32:30+00:00,2024-05-20
2024-03-11,0.85208,GBPEUR,GBP per EUR,fx,ECB,2026-09-21T08:32:30+00:00,2024-05-20
2024-03-12,0.85458,GBPEUR,GBP per EUR,fx,ECB,2026-09-21T08:32:30+00:00,2024-05-20
2024-03-13,0.85451,GBPEUR,GBP per EUR,fx,ECB,2026-09-21T08:32:30+00:00,2024-05-20
2024-03-14,0.8542,GBPEUR,GBP per EUR,fx,ECB,2026-09-21T08:32:30+00:00,2024-05-20
2024-03-15,0.8541,GBPEUR,GBP per EUR,fx,ECB,2026-09-21T08:32:30+00:00,2024-05-20
2024-03-18,0.85525,GBPEUR,GBP per EUR,fx,ECB,2026-09-21T08:32:30+00:00,2024-05-20
2024-03-19,0.85445,GBPEUR,GBP per EUR,fx,ECB,2026-09-21T08:32:30+00:00,2024-05-20
2024-03-20,0.85438,GBPEUR,GBP per EUR,fx,ECB,2026-09-21T08:32:30+00:00,2024-05-20
2024-03-21,0.85678,GBPEUR,GBP per EUR,fx,ECB,2026-09-21T08:32:30+00:00,2024-05-20
2024-03-22,0.85795,GBPEUR,GBP per EUR,fx,ECB,2026-09-21T08:32:30+00:00,2024-05-20
2024-03-25,0.85698,GBPEUR,GBP per EUR,fx,ECB,2026-09-21T08:32:30+00:00,2024-05-20
2024-03-26,0.85846,GBPEUR,GBP per EUR,fx,ECB,2026-09-21T08:32:30+00:00,2024-05-20
2024-03-27,0.85768,GBPEUR,GBP per EUR,fx,ECB,2026-09-21T08:32:30+00:00,2024-05-20
2024-03-28,0.8551,GBPEUR,GBP per EUR,fx,ECB,2026-09-21T08:32:30+00:00,2024-05-20
2024-04-02,0.8551,GBPEUR,GBP per EUR,fx,ECB,2026-09-21T08:32:30+00:00,2024-05-20
2024-04-03,0.85713,GBPEUR,GBP per EUR,fx,ECB,2026-09-21T08:32:30+00:00,2024-05-20
2024-04-04,0.85788,GBPEUR,GBP per EUR,fx,ECB,2026-09-21T08:32:30+00:00,2024-05-20
2024-04-05,0.85773,GBPEUR,GBP per EUR,fx,ECB,2026-09-21T08:32:30+00:00,2024-05-20
2024-04-08,0.85795,GBPEUR,GBP per EUR,fx,ECB,2026-09-21T08:32:30+00:00,2024-05-20
2024-04-09,0.85663,GBPEUR,GBP per EUR,fx,ECB,2026-09-21T08:32:30+00:00,2024-05-20
2024-04-10,0.85515,GBPEUR,GBP per EUR,fx,ECB,2026-09-21T08:32:30+00:00,2024-05-20
2024-04-11,0.85525,GBPEUR,GBP per EUR,fx,ECB,2026-09-21T08:32:30+00:00,2024-05-20
2024-04-12,0.85424,GBPEUR,GBP per EUR,fx,ECB,2026-09-21T08:32:30+00:00,2024-05-20
2024-04-15,0.85405,GBPEUR,GBP per EUR,fx,ECB,2026-09-21T08:32:30+00:00,2024-05-20
2024-04-16,0.8544,GBPEUR,GBP per EUR,fx,ECB,2026-09-21T08:32:30+00:00,2024-05-20
2024-04-17,0.854,GBPEUR,GBP per EUR,fx,ECB,2026-09-21T08:32:30+00:00,2024-05-20
2024-04-18,0.85628,GBPEUR,GBP per EUR,fx,ECB,2026-09-21T08:32:30+00:00,2024-05-20
2024-04-19,0.8562,GBPEUR,GBP per EUR,fx,ECB,2026-09-21T08:32:30+00:00,2024-05-20
2024-04-22,0.86328,GBPEUR,GBP per EUR,fx,ECB,2026-09-21T08:32:30+00:00,2024-05-20
2024-04-23,0.8605,GBPEUR,GBP per EUR,fx,ECB,2026-09-21T08:32:30+00:00,2024-05-20
2024-04-24,0.85945,GBPEUR,GBP per EUR,fx,ECB,2026-09-21T08:32:30+00:00,2024-05-20
2024-04-25,0.85675,GBPEUR,GBP per EUR,fx,ECB,2026-09-21T08:32:30+00:00,2024-05-20
2024-04-26,0.85643,GBPEUR,GBP per EUR,fx,ECB,2026-09-21T08:32:30+00:00,2024-05-20
2024-04-29,0.85493,GBPEUR,GBP per EUR,fx,ECB,2026-09-21T08:32:30+00:00,2024-05-20
2024-04-30,0.85478,GBPEUR,GBP per EUR,fx,ECB,2026-09-21T08:32:30+00:00,2024-05-20
2024-05-02,0.85538,GBPEUR,GBP per EUR,fx,ECB,2026-09-21T08:32:30+00:00,2024-05-20
2024-05-03,0.85573,GBPEUR,GBP per EUR,fx,ECB,2026-09-21T08:32:30+00:00,2024-05-20
2024-05-06,0.8566,GBPEUR,GBP per EUR,fx,ECB,2026-09-21T08:32:30+00:00,2024-05-20
2024-05-07,0.85805,GBPEUR,GBP per EUR,fx,ECB,2026-09-21T08:32:30+00:00,2024-05-20
2024-05-08,0.86083,GBPEUR,GBP per EUR,fx,ECB,2026-09-21T08:32:30+00:00,2024-05-20
2024-05-09,0.85995,GBPEUR,GBP per EUR,fx,ECB,2026-09-21T08:32:30+00:00,2024-05-20
2024-05-10,0.86055,GBPEUR,GBP per EUR,fx,ECB,2026-09-21T08:32:30+00:00,2024-05-20
2024-05-13,0.86023,GBPEUR,GBP per EUR,fx,ECB,2026-09-21T08:32:30+00:00,2024-05-20
2024-05-14,0.85983,GBPEUR,GBP per EUR,fx,ECB,2026-09-21T08:32:30+00:00,2024-05-20
2024-05-15,0.8584,GBPEUR,GBP per EUR,fx,ECB,2026-09-21T08:32:30+00:00,2024-05-20
2024-05-16,0.8585,GBPEUR,GBP per EUR,fx,ECB,2026-09-21T08:32:30+00:00,2024-05-20
2024-05-17,0.85685,GBPEUR,GBP per EUR,fx,ECB,2026-09-21T08:32:30+00:00,2024-05-20
2024-05-20,0.85548,GBPEUR,GBP per EUR,fx,ECB,2026-09-21T08:32:30+00:00,2024-05-20
