date,value,label,display_name,category,source,retrieved_at,as_of_date
2024-12-13,3.25,ECB_DFR,ECB Deposit Facility Rate,rates,ECB,2026-09-21T04:39:56+00:00,2025-12-18
2024-12-14,3.25,ECB_DFR,ECB Deposit Facility Rate,rates,ECB,2026-09-21T04:39:56+00:00,2025-12-18
2024-12-15,3.25,ECB_DFR,ECB Deposit Facility Rate,rates,ECB,2026-09-21T04:39:56+00:00,2025-12-18
2024-12-16,3.25,ECB_DFR,ECB Deposit Facility Rate,rates,ECB,2026-09-21T04:39:56+00:00,2025-12-18
2024-12-17,3.25,ECB_DFR,ECB Deposit Facility Rate,rates,ECB,2026-09-21T04:39:56+00:00,2025-12-18
2024-12-18,3.0,ECB_DFR,ECB Deposit Facility Rate,rates,ECB,2026-09-21T04:39:56+00:00,2025-12-18
2024-12-19,3.0,ECB_DFR,ECB Deposit Facility Rate,rates,ECB,2026-09-21T04:39:56+00:00,2025-12-18
2024-12-20,3.0,ECB_DFR,ECB Deposit Facility Rate,rates,ECB,2026-09-21T04:39:56+00:00,2025-12-18
2024-12-21,3.0,ECB_DFR,ECB Deposit Facility Rate,rates,ECB,2026-09-21T04:39:56+00:00,2025-12-18
2024-12-22,3.0,ECB_DFR,ECB Deposit Facility Rate,rates,ECB,2026-09-21T04:39:56+00:00,2025-12-18
2024-12-23,3.0,ECB_DFR,ECB Deposit Facility Rate,rates,ECB,2026-09-21T04:39:56+00:00,2025-12-18
2024-12-24,3.0,ECB_DFR,ECB Deposit Facility Rate,rates,ECB,2026-09-21T04:39:56+00:00,2025-12-18
2024-12-25,3.0,ECB_DFR,ECB Deposit Facility Rate,rates,ECB,2026-09-21T04:39:56+00:00,2025-12-18
2024-12-26,3.0,ECB_DFR,ECB Deposit Facility Rate,rates,ECB,2026-09-21T04:39:56+00:00,2025-12-18
2024-12-27,3.0,ECB_DFR,ECB Deposit Facility Rate,rates,ECB,2026-09-21T04:39:56+00:00,2025-12-18
2024-12-28,3.0,ECB_DFR,ECB Deposit Facility Rate,rates,ECB,2026-09-21T04:39:56+00:00,2025-12-18
2024-12-29,3.0,ECB_DFR,ECB Deposit Facility Rate,rates,ECB,2026-09-21T04:39:56+00:00,2025-12-18
2024-12-30,3.0,ECB_DFR,ECB Deposit Facility Rate,rates,ECB,2026-09-21T04:39:56+00:00,2025-12-18
2024-12-31,3.0,ECB_DFR,ECB Deposit Facility Rate,rates,ECB,2026-09-21T04:39:56+00:00,2025-12-18
2025-01-01,3.0,ECB_DFR,ECB Deposit Facility Rate,rates,ECB,2026-09-21T04:39:56+00:00,2025-12-18
2025-01-02,3.0,ECB_DFR,ECB Deposit Facility Rate,rates,ECB,2026-09-21T04:39:56+00:00,2025-12-18
2025-01-03,3.0,ECB_DFR,ECB Deposit Facility Rate,rates,ECB,2026-09-21T04:39:56+00:00,2025-12-18
2025-01-04,3.0,ECB_DFR,ECB Deposit Facility Rate,rates,ECB,2026-09-21T04:39:56+00:00,2025-12-18
2025-01-05,3.0,ECB_DFR,ECB Deposit Facility Rate,rates,ECB,2026-09-21T04:39:56+00:00,2025-12-18
2025-01-06,3.0,ECB_DFR,ECB Deposit Facility Rate,rates,ECB,2026-09-21T04:39:56+00:00,2025-12-18
2025-01-07,3.0,ECB_DFR,ECB Deposit Facility Rate,rates,ECB,2026-09-21T04:39:56+00:00,2025-12-18
2025-01-08,3.0,ECB_DFR,ECB Deposit Facility Rate,rates,ECB,2026-09-21T04:39:56+00:00,2025-12-18
2025-01-09,3.0,ECB_DFR,ECB Deposit Facility Rate,rates,ECB,2026-09-21T04:39:56+00:00,2025-12-18
2025-01-10,3.0,ECB_DFR,ECB Deposit Facility Rate,rates,ECB,2026-09-21T04:39:56+00:00,2025-12-18
2025-01-11,3.0,ECB_DFR,ECB Deposit Facility Rate,rates,ECB,2026-09-21T04:39:56+00:00,2025-12-18
2025-01-12,3.0,ECB_DFR,ECB Deposit Facility Rate,rates,ECB,2026-09-21T04:39:56+00:00,2025-12-18
2025-01-13,3.0,ECB_DFR,ECB Deposit Facility Rate,rates,ECB,2026-09-21T04:39:56+00:00,2025-12-18
2025-01-14,3.0,ECB_DFR,ECB Deposit Facility Rate,rates,ECB,2026-09-21T04:39:56+00:00,2025-12-18
2025-01-15,3.0,ECB_DFR,ECB Deposit Facility Rate,rates,ECB,2026-09-21T04:39:56+00:00,2025-12-18
2025-01-16,3.0,ECB_DFR,ECB Deposit Facility Rate,rates,ECB,2026-09-21T04:39:56+00:00,2025-12-18
2025-01-17,3.0,ECB_DFR,ECB Deposit Facility Rate,rates,ECB,2026-09-21T04:39:56+00:00,2025-12-18
2025-01-18,3.0,ECB_DFR,ECB Deposit Facility Rate,rates,ECB,2026-09-21T04:39:56+00:00,2025-12-18
2025-01-19,3.0,ECB_DFR,ECB Deposit Facility Rate,rates,ECB,2026-09-21T04:39:56+00:00,2025-12-18
2025-01-20,3.0,ECB_DFR,ECB Deposit Facility Rate,rates,ECB,2026-09-21T04:39:56+00:00,2025-12-18
2025-01-21,3.0,ECB_DFR,ECB Deposit Facility Rate,rates,ECB,2026-09-21T04:39:56+00:00,2025-12-18
2025-01-22,3.0,ECB_DFR,ECB Deposit Facility Rate,rates,ECB,2026-09-21T04:39:56+00:00,2025-12-18
2025-01-23,3.0,ECB_DFR,ECB Deposit Facility Rate,rates,ECB,2026-09-21T04:39:56+00:00,2025-12-18
2025-01-24,3.0,ECB_DFR,ECB Deposit Facility Rate,rates,ECB,2026-09-21T04:39:56+00:00,2025-12-18
2025-01-25,3.0,ECB_DFR,ECB Deposit Facility Rate,rates,ECB,2026-09-21T04:39:56+00:00,2025-12-18
2025-01-26,3.0,ECB_DFR,ECB Deposit Facility Rate,rates,ECB,2026-09-21T04:39:56+00:00,2025-12-18
2025-01-27,3.0,ECB_DFR,ECB Deposit Facility Rate,rates,ECB,2026-09-21T04:39:56+00:00,2025-12-18
2025-01-28,3.0,ECB_DFR,ECB Deposit Facility Rate,rates,ECB,2026-09-21T04:39:56+00:00,2025-12-18
2025-01-29,3.0,ECB_DFR,ECB Deposit Facility Rate,rates,ECB,2026-09-21T04:39:56+00:00,2025-12-18
2025-01-30,3.0,ECB_DFR,ECB Deposit Facility Rate,rates,ECB,2026-09-21T04:39:56+00:00,2025-12-18
2025-01-31,3.0,ECB_DFR,ECB Deposit Facility Rate,rates,ECB,2026-09-21T04:39:56+00:00,2025-12-18
2025-02-01,3.0,ECB_DFR,ECB Deposit Facility Rate,rates,ECB,2026-09-21T04:39:56+00:00,2025-12-18
2025-02-02,3.0,ECB_DFR,ECB Deposit Facility Rate,rates,ECB,2026-09-21T04:39:56+00:00,2025-12-18
2025-02-03,3.0,ECB_DFR,ECB Deposit Facility Rate,rates,ECB,2026-09-21T04:39:56+00:00,2025-12-18
2025-02-04,3.0,ECB_DFR,ECB Deposit Facility Rate,rates,ECB,2026-09-21T04:39:56+00:00,2025-12-18
2025-02-05,2.75,ECB_DFR,ECB Deposit Facility Rate,rates,ECB,2026-09-21T04:39:56+00:00,2025-12-18
2025-02-06,2.75,ECB_DFR,ECB Deposit Facility Rate,rates,ECB,2026-09-21T04:39:56+00:00,2025-12-18
2025-02-07,2.75,ECB_DFR,ECB Deposit Facility Rate,rates,ECB,2026-09-21T04:39:56+00:00,2025-12-18
2025-02-08,2.75,ECB_DFR,ECB Deposit Facility Rate,rates,ECB,2026-09-21T04:39:56+00:00,2025-12-18
2025-02-09,2.75,ECB_DFR,ECB Deposit Facility Rate,rates,ECB,2026-09-21T04:39:56+00:00,2025-12-18
2025-02-10,2.75,ECB_DFR,ECB Deposit Facility Rate,rates,ECB,2026-09-21T04:39:56+00:00,2025-12-18
2025-02-11,2.75,ECB_DFR,ECB Deposit Facility Rate,rates,ECB,2026-09-21T04:39:56+00:00,2025-12-18
2025-02-12,2.75,ECB_DFR,ECB Deposit Facility Rate,rates,ECB,2026-09-21T04:39:56+00:00,2025-12-18
2025-02-13,2.75,ECB_DFR,ECB Deposit Facility Rate,rates,ECB,2026-09-21T04:39:56+00:00,2025-12-18
2025-02-14,2.75,ECB_DFR,ECB Deposit Facility Rate,rates,ECB,2026-09-21T04:39:56+00:00,2025-12-18
2025-02-15,2.75,ECB_DFR,ECB Deposit Facility Rate,rates,ECB,2026-09-21T04:39:56+00:00,2025-12-18
2025-02-16,2.75,ECB_DFR,ECB Deposit Facility Rate,rates,ECB,2026-09-21T04:39:56+00:00,2025-12-18
2025-02-17,2.75,ECB_DFR,ECB Deposit Facility Rate,rates,ECB,2026-09-21T04:39:56+00:00,2025-12-18
2025-02-18,2.75,ECB_DFR,ECB Deposit Facility Rate,rates,ECB,2026-09-21T04:39:56+00:00,2025-12-18
2025-02-19,2.75,ECB_DFR,ECB Deposit Facility Rate,rates,ECB,2026-09-21T04:39:56+00:00,2025-12-18
2025-02-20,2.75,ECB_DFR,ECB Deposit Facility Rate,rates,ECB,2026-09-21T04:39:56+00:00,2025-12-18
2025-02-21,2.75,ECB_DFR,ECB Deposit Facility Rate,rates,ECB,2026-09-21T04:39:56+00:00,2025-12-18
2025-02-22,2.75,ECB_DFR,ECB Deposit Facility Rate,rates,ECB,2026-09-21T04:39:56+00:00,2025-12-18
2025-02-23,2.75,ECB_DFR,ECB Deposit Facility Rate,rates,ECB,2026-09-21T04:39:56+00:00,2025-12-18
2025-02-24,2.75,ECB_DFR,ECB Deposit Facility Rate,rates,ECB,2026-09-21T04:39:56+00:00,2025-12-18
2025-02-25,2.75,ECB_DFR,ECB Deposit Facility Rate,rates,ECB,2026-09-21T04:39:56+00:00,2025-12-18
2025-02-26,2.75,ECB_DFR,ECB Deposit Facility Rate,rates,ECB,2026-09-21T04:39:56+00:00,2025-12-18
2025-02-27,2.75,ECB_DFR,ECB Deposit Facility Rate,rates,ECB,2026-09-21T04:39:56+00:00,2025-12-18
2025-02-28,2.75,ECB_DFR,ECB Deposit Facility Rate,rates,ECB,2026-09-21T04:39:56+00:00,2025-12-18
2025-03-01,2.75,ECB_DFR,ECB Deposit Facility Rate,rates,ECB,2026-09-21T04:39:56+00:00,2025-12-18
2025-03-02,2.75,ECB_DFR,ECB Deposit Facility Rate,rates,ECB,2026-09-21T04:39:56+00:00,2025-12-18
2025-03-03,2.75,ECB_DFR,ECB Deposit Facility Rate,rates,ECB,2026-09-21T04:39:56+00:00,2025-12-18
2025-03-04,2.75,ECB_DFR,ECB Deposit Facility Rate,rates,ECB,2026-09-21T04:39:56+00:00,2025-12-18
2025-03-05,2.75,ECB_DFR,ECB Deposit Facility Rate,rates,ECB,2026-09-21T04:39:56+00:00,2025-12-18
2025-03-06,2.75,ECB_DFR,ECB Deposit Facility Rate,rates,ECB,2026-09-21T04:39:56+00:00,2025-12-18
2025-03-07,2.75,ECB_DFR,ECB Deposit Facility Rate,rates,ECB,2026-09-21T04:39:56+00:00,2025-12-18
2025-03-08,2.75,ECB_DFR,ECB Deposit Facility Rate,rates,ECB,2026-09-21T04:39:56+00:00,2025-12-18
2025-03-09,2.75,ECB_DFR,ECB Deposit Facility Rate,rates,ECB,2026-09-21T04:39:56+00:00,2025-12-18
2025-03-10,2.75,ECB_DFR,ECB Deposit Facility Rate,rates,ECB,2026-09-21T04:39:56+00:00,2025-12-18
2025-03-11,2.75,ECB_DFR,ECB Deposit Facility Rate,rates,ECB,2026-09-21T04:39:56+00:00,2025-12-18
2025-03-12,2.5,ECB_DFR,ECB Deposit Facility Rate,rates,ECB,2026-09-21T04:39:56+00:00,2025-12-18
2025-03-13,2.5,ECB_DFR,ECB Deposit Facility Rate,rates,ECB,2026-09-21T04:39:56+00:00,2025-12-18
2025-03-14,2.5,ECB_DFR,ECB Deposit Facility Rate,rates,ECB,2026-09-21T04:39:56+00:00,2025-12-18
2025-03-15,2.5,ECB_DFR,ECB Deposit Facility Rate,rates,ECB,2026-09-21T04:39:56+00:00,2025-12-18
2025-03-16,2.5,ECB_DFR,ECB Deposit Facility Rate,rates,ECB,2026-09-21T04:39:56+00:00,2025-12-18
2025-03-17,2.5,ECB_DFR,ECB Deposit Facility Rate,rates,ECB,2026-09-21T04:39:56+00:00,2025-12-18
2025-03-18,2.5,ECB_DFR,ECB Deposit Facility Rate,rates,ECB,2026-09-21T04:39:56+00:00,2025-12-18
2025-03-19,2.5,ECB_DFR,ECB Deposit Facility Rate,rates,ECB,2026-09-21T04:39:56+00:00,2025-12-18
2025-03-20,2.5,ECB_DFR,ECB Deposit Facility Rate,rates,ECB,2026-09-21T04:39:56+00:00,2025-12-18
2025-03-21,2.5,ECB_DFR,ECB Deposit Facility Rate,rates,ECB,2026-09-21T04:39:56+00:00,2025-12-18
2025-03-22,2.5,ECB_DFR,ECB Deposit Facility Rate,rates,ECB,2026-09-21T04:39:56+00:00,2025-12-18
2025-03-23,2.5,ECB_DFR,ECB Deposit Facility Rate,rates,ECB,2026-09-21T04:39:56+00:00,2025-12-18
2025-03-24,2.5,ECB_DFR,ECB Deposit Facility Rate,rates,ECB,2026-09-21T04:39:56+00:00,2025-12-18
2025-03-25,2.5,ECB_DFR,ECB Deposit Facility Rate,rates,ECB,2026-09-21T04:39:56+00:00,2025-12-18
2025-03-26,2.5,ECB_DFR,ECB Deposit Facility Rate,rates,ECB,2026-09-21T04:39:56+00:00,2025-12-18
2025-03-27,2.5,ECB_DFR,ECB Deposit Facility Rate,rates,ECB,2026-09-21T04:39:56+00:00,2025-12-18
2025-03-28,2.5,ECB_DFR,ECB Deposit Facility Rate,rates,ECB,2026-09-21T04:39:56+00:00,2025-12-18
2025-03-29,2.5,ECB_DFR,ECB Deposit Facility Rate,rates,ECB,2026-09-21T04:39:56+00:00,2025-12-18
2025-03-30,2.5,ECB_DFR,ECB Deposit Facility Rate,rates,ECB,2026-09-21T04:39:56+00:00,2025-12-18
2025-03-31,2.5,ECB_DFR,ECB Deposit Facility Rate,rates,ECB,2026-09-21T04:39:56+00:00,2025-12-18
2025-04-01,2.5,ECB_DFR,ECB Deposit Facility Rate,rates,ECB,2026-09-21T04:39:56+00:00,2025-12-18
2025-04-02,2.5,ECB_DFR,ECB Deposit Facility Rate,rates,ECB,2026-09-21T04:39:56+00:00,2025-12-18
2025-04-03,2.5,ECB_DFR,ECB Deposit Facility Rate,rates,ECB,2026-09-21T04:39:56+00:00,2025-12-18
2025-04-04,2.5,ECB_DFR,ECB Deposit Facility Rate,rates,ECB,2026-09-21T04:39:56+00:00,2025-12-18
2025-04-05,2.5,ECB_DFR,ECB Deposit Facility Rate,rates,ECB,2026-09-21T04:39:56+00:00,2025-12-18
2025-04-06,2.5,ECB_DFR,ECB Deposit Facility Rate,rates,ECB,2026-09-21T04:39:56+00:00,2025-12-18
2025-04-07,2.5,ECB_DFR,ECB Deposit Facility Rate,rates,ECB,2026-09-21T04:39:56+00:00,2025-12-18
2025-04-08,2.5,ECB_DFR,ECB Deposit Facility Rate,rates,ECB,2026-09-21T04:39:56+00:00,2025-12-18
2025-04-09,2.5,ECB_DFR,ECB Deposit Facility Rate,rates,ECB,2026-09-21T04:39:56+00:00,2025-12-18
2025-04-10,2.5,ECB_DFR,ECB Deposit Facility Rate,rates,ECB,2026-09-21T04:39:56+00:00,2025-12-18
2025-04-11,2.5,ECB_DFR,ECB Deposit Facility Rate,rates,ECB,2026-09-21T04:39:56+00:00,2025-12-18
2025-04-12,2.5,ECB_DFR,ECB Deposit Facility Rate,rates,ECB,2026-09-21T04:39:56+00:00,2025-12-18
2025-04-13,2.5,ECB_DFR,ECB Deposit Facility Rate,rates,ECB,2026-09-21T04:39:56+00:00,2025-12-18
2025-04-14,2.5,ECB_DFR,ECB Deposit Facility Rate,rates,ECB,2026-09-21T04:39:56+00:00,2025-12-18
2025-04-15,2.5,ECB_DFR,ECB Deposit Facility Rate,rates,ECB,2026-09-21T04:39:56+00:00,2025-12-18
2025-04-16,2.5,ECB_DFR,ECB Deposit Facility Rate,rates,ECB,2026-09-21T04:39:56+00:00,2025-12-18
2025-04-17,2.5,ECB_DFR,ECB Deposit Facility Rate,rates,ECB,2026-09-21T04:39:56+00:00,2025-12-18
2025-04-18,2.5,ECB_DFR,ECB Deposit Facility Rate,rates,ECB,2026-09-21T04:39:56+00:00,2025-12-18
2025-04-19,2.5,ECB_DFR,ECB Deposit Facility Rate,rates,ECB,2026-09-21T04:39:56+00:00,2025-12-18
2025-04-20,2.5,ECB_DFR,ECB Deposit Facility Rate,rates,ECB,2026-09-21T04:39:56+00:00,2025-12-18
2025-04-21,2.5,ECB_DFR,ECB Deposit Facility Rate,rates,ECB,2026-09-21T04:39:56+00:00,2025-12-18
2025-04-22,2.5,ECB_DFR,ECB Deposit Facility Rate,rates,ECB,2026-09-21T04:39:56+00:00,2025-12-18
2025-04-23,2.25,ECB_DFR,ECB Deposit Facility Rate,rates,ECB,2026-09-21T04:39:56+00:00,2025-12-18
2025-04-24,2.25,ECB_DFR,ECB Deposit Facility Rate,rates,ECB,2026-09-21T04:39:56+00:00,2025-12-18
2025-04-25,2.25,ECB_DFR,ECB Deposit Facility Rate,rates,ECB,2026-09-21T04:39:56+00:00,2025-12-18
2025-04-26,2.25,ECB_DFR,ECB Deposit Facility Rate,rates,ECB,2026-09-21T04:39:56+00:00,2025-12-18
2025-04-27,2.25,ECB_DFR,ECB Deposit Facility Rate,rates,ECB,2026-09-21T04:39:56+00:00,2025-12-18
2025-04-28,2.25,ECB_DFR,ECB Deposit Facility Rate,rates,ECB,2026-09-21T04:39:56+00:00,2025-12-18
2025-04-29,2.25,ECB_DFR,ECB Deposit Facility Rate,rates,ECB,2026-09-21T04:39:56+00:00,2025-12-18
2025-04-30,2.25,ECB_DFR,ECB Deposit Facility Rate,rates,ECB,2026-09-21T04:39:56+00:00,2025-12-18
2025-05-01,2.25,ECB_DFR,ECB Deposit Facility Rate,rates,ECB,2026-09-21T04:39:56+00:00,2025-12-18
2025-05-02,2.25,ECB_DFR,ECB Deposit Facility Rate,rates,ECB,2026-09-21T04:39:56+00:00,2025-12-18
2025-05-03,2.25,ECB_DFR,ECB Deposit Facility Rate,rates,ECB,2026-09-21T04:39:56+00:00,2025-12-18
2025-05-04,2.25,ECB_DFR,ECB Deposit Facility Rate,rates,ECB,2026-09-21T04:39:56+00:00,2025-12-18
2025-05-05,2.25,ECB_DFR,ECB Deposit Facility Rate,rates,ECB,2026-09-21T04:39:56+00:00,2025-12-18
2025-05-06,2.25,ECB_DFR,ECB Deposit Facility Rate,rates,ECB,2026-09-21T04:39:56+00:00,2025-12-18
2025-05-07,2.25,ECB_DFR,ECB Deposit Facility Rate,rates,ECB,2026-09-21T04:39:56+00:00,2025-12-18
2025-05-08,2.25,ECB_DFR,ECB Deposit Facility Rate,rates,ECB,2026-09-21T04:39:56+00:00,2025-12-18
2025-05-09,2.25,ECB_DFR,ECB Deposit Facility Rate,rates,ECB,2026-09-21T04:39:56+00:00,2025-12-18
2025-05-10,2.25,ECB_DFR,ECB Deposit Facility Rate,rates,ECB,2026-09-21T04:39:56+00:00,2025-12-18
2025-05-11,2.25,ECB_DFR,ECB Deposit Facility Rate,rates,ECB,2026-09-21T04:39:56+00:00,2025-12-18
2025-05-12,2.25,ECB_DFR,ECB Deposit Facility Rate,rates,ECB,2026-09-21T04:39:56+00:00,2025-12-18
2025-05-13,2.25,ECB_DFR,ECB Deposit Facility Rate,rates,ECB,2026-09-21T04:39:56+00:00,2025-12-18
2025-05-14,2.25,ECB_DFR,ECB Deposit Facility Rate,rates,ECB,2026-09-21T04:39:56+00:00,2025-12-18
2025-05-15,2.25,ECB_DFR,ECB Deposit Facility Rate,rates,ECB,2026-09-21T04:39:56+00:00,2025-12-18
2025-05-16,2.25,ECB_DFR,ECB Deposit Facility Rate,rates,ECB,2026-09-21T04:39:56+00:00,2025-12-18
2025-05-17,2.25,ECB_DFR,ECB Deposit Facility Rate,rates,ECB,2026-09-21T04:39:56+00:00,2025-12-18
2025-05-18,2.25,ECB_DFR,ECB Deposit Facility Rate,rates,ECB,2026-09-21T04:39:56+00:00,2025-12-18
2025-05-19,2.25,ECB_DFR,ECB Deposit Facility Rate,rates,ECB,2026-09-21T04:39:56+00:00,2025-12-18
2025-05-20,2.25,ECB_DFR,ECB Deposit Facility Rate,rates,ECB,2026-09-21T04:39:56+00:00,2025-12-18
2025-05-21,2.25,ECB_DFR,ECB Deposit Facility Rate,rates,ECB,2026-09-21T04:39:56+00:00,2025-12-18
2025-05-22,2.25,ECB_DFR,ECB Deposit Facility Rate,rates,ECB,2026-09-21T04:39:56+00:00,2025-12-18
2025-05-23,2.25,ECB_DFR,ECB Deposit Facility Rate,rates,ECB,2026-09-21T04:39:56+00:00,2025-12-18
2025-05-24,2.25,ECB_DFR,ECB Deposit Facility Rate,rates,ECB,2026-09-21T04:39:56+00:00,2025-12-18
2025-05-25,2.25,ECB_DFR,ECB Deposit Facility Rate,rates,ECB,2026-09-21T04:39:56+00:00,2025-12-18
2025-05-26,2.25,ECB_DFR,ECB Deposit Facility Rate,rates,ECB,2026-09-21T04:39:56+00:00,2025-12-18
2025-05-27,2.25,ECB_DFR,ECB Deposit Facility Rate,rates,ECB,2026-09-21T04:39:56+00:00,2025-12-18
2025-05-28,2.25,ECB_DFR,ECB Deposit Facility Rate,rates,ECB,2026-09-21T04:39:56+00:00,2025-12-18
2025-05-29,2.25,ECB_DFR,ECB Deposit Facility Rate,rates,ECB,2026-09-21T04:39:56+00:00,2025-12-18
2025-05-30,2.25,ECB_DFR,ECB Deposit Facility Rate,rates,ECB,2026-09-21T04:39:56+00:00,2025-12-18
2025-05-31,2.25,ECB_DFR,ECB Deposit Facility Rate,rates,ECB,2026-09-21T04:39:56+00:00,2025-12-18
2025-06-01,2.25,ECB_DFR,ECB Deposit Facility Rate,rates,ECB,2026-09-21T04:39:56+00:00,2025-12-18
2025-06-02,2.25,ECB_DFR,ECB Deposit Facility Rate,rates,ECB,2026-09-21T04:39:56+00:00,2025-12-18
2025-06-03,2.25,ECB_DFR,ECB Deposit Facility Rate,rates,ECB,2026-09-21T04:39:56+00:00,2025-12-18
2025-06-04,2.25,ECB_DFR,ECB Deposit Facility Rate,rates,ECB,2026-09-21T04:39:56+00:00,2025-12-18
2025-06-05,2.25,ECB_DFR,ECB Deposit Facility Rate,rates,ECB,2026-09-21T04:39:56+00:00,2025-12-18
2025-06-06,2.25,ECB_DFR,ECB Deposit Facility Rate,rates,ECB,2026-09-21T04:39:56+00:00,2025-12-18
2025-06-07,2.25,ECB_DFR,ECB Deposit Facility Rate,rates,ECB,2026-09-21T04:39:56+00:00,2025-12-18
2025-06-08,2.25,ECB_DFR,ECB Deposit Facility Rate,rates,ECB,2026-09-21T04:39:56+00:00,2025-12-18
2025-06-09,2.25,ECB_DFR,ECB Deposit Facility Rate,rates,ECB,2026-09-21T04:39:56+00:00,2025-12-18
2025-06-10,2.25,ECB_DFR,ECB Deposit Facility Rate,rates,ECB,2026-09-21T04:39:56+00:00,2025-12-18
2025-06-11,2.0,ECB_DFR,ECB Deposit Facility Rate,rates,ECB,2026-09-21T04:39:56+00:00,2025-12-18
2025-06-12,2.0,ECB_DFR,ECB Deposit Facility Rate,rates,ECB,2026-09-21T04:39:56+00:00,2025-12-18
2025-06-13,2.0,ECB_DFR,ECB Deposit Facility Rate,rates,ECB,2026-09-21T04:39:56+00:00,2025-12-18
2025-06-14,2.0,ECB_DFR,ECB Deposit Facility Rate,rates,ECB,2026-09-21T04:39:56+00:00,2025-12-18
2025-06-15,2.0,ECB_DFR,ECB Deposit Facility Rate,rates,ECB,2026-09-21T04:39:56+00:00,2025-12-18
2025-06-16,2.0,ECB_DFR,ECB Deposit Facility Rate,rates,ECB,2026-09-21T04:39:56+00:00,2025-12-18
2025-06-17,2.0,ECB_DFR,ECB Deposit Facility Rate,rates,ECB,2026-09-21T04:39:56+00:00,2025-12-18
2025-06-18,2.0,ECB_DFR,ECB Deposit Facility Rate,rates,ECB,2026-09-21T04:39:56+00:00,2025-12-18
2025-06-19,2.0,ECB_DFR,ECB Deposit Facility Rate,rates,ECB,2026-09-21T04:39:56+00:00,2025-12-18
2025-06-20,2.0,ECB_DFR,ECB Deposit Facility Rate,rates,ECB,2026-09-21T04:39:56+00:00,2025-12-18
2025-06-21,2.0,ECB_DFR,ECB Deposit Facility Rate,rates,ECB,2026-09-21T04:39:56+00:00,2025-12-18
2025-06-22,2.0,ECB_DFR,ECB Deposit Facility Rate,rates,ECB,2026-09-21T04:39:56+00:00,2025-12-18
2025-06-23,2.0,ECB_DFR,ECB Deposit Facility Rate,rates,ECB,2026-09-21T04:39:56+00:00,2025-12-18
2025-06-24,2.0,ECB_DFR,ECB Deposit Facility Rate,rates,ECB,2026-09-21T04:39:56+00:00,2025-12-18
2025-06-25,2.0,ECB_DFR,ECB Deposit Facility Rate,rates,ECB,2026-09-21T04:39:56+00:00,2025-12-18
2025-06-26,2.0,ECB_DFR,ECB Deposit Facility Rate,rates,ECB,2026-09-21T04:39:56+00:00,2025-12-18
2025-06-27,2.0,ECB_DFR,ECB Deposit Facility Rate,rates,ECB,2026-09-21T04:39:56+00:00,2025-12-18
2025-06-28,2.0,ECB_DFR,ECB Deposit Facility Rate,rates,ECB,2026-09-21T04:39:56+00:00,2025-12-18
2025-06-29,2.0,ECB_DFR,ECB Deposit Facility Rate,rates,ECB,2026-09-21T04:39:56+00:00,2025-12-18
2025-06-30,2.0,ECB_DFR,ECB Deposit Facility Rate,rates,ECB,2026-09-21T04:39:56+00:00,2025-12-18
2025-07-01,2.0,ECB_DFR,ECB Deposit Facility Rate,rates,ECB,2026-09-21T04:39:56+00:00,2025-12-18
2025-07-02,2.0,ECB_DFR,ECB Deposit Facility Rate,rates,ECB,2026-09-21T04:39:56+00:00,2025-12-18
2025-07-03,2.0,ECB_DFR,ECB Deposit Facility Rate,rates,ECB,2026-09-21T04:39:56+00:00,2025-12-18
2025-07-04,2.0,ECB_DFR,ECB Deposit Facility Rate,rates,ECB,2026-09-21T04:39:56+00:00,2025-12-18
2025-07-05,2.0,ECB_DFR,ECB Deposit Facility Rate,rates,ECB,2026-09-21T04:39:56+00:00,2025-12-18
2025-07-06,2.0,ECB_DFR,ECB Deposit Facility Rate,rates,ECB,2026-09-21T04:39:56+00:00,2025-12-18
2025-07-07,2.0,ECB_DFR,ECB Deposit Facility Rate,rates,ECB,2026-09-21T04:39:56+00:00,2025-12-18
2025-07-08,2.0,ECB_DFR,ECB Deposit Facility Rate,rates,ECB,2026-09-21T04:39:56+00:00,2025-12-18
2025-07-09,2.0,ECB_DFR,ECB Deposit Facility Rate,rates,ECB,2026-09-21T04:39:56+00:00,2025-12-18
2025-07-10,2.0,ECB_DFR,ECB Deposit Facility Rate,rates,ECB,2026-09-21T04:39:56+00:00,2025-12-18
2025-07-11,2.0,ECB_DFR,ECB Deposit Facility Rate,rates,ECB,2026-09-21T04:39:56+00:00,2025-12-18
2025-07-12,2.0,ECB_DFR,ECB Deposit Facility Rate,rates,ECB,2026-09-21T04:39:56+00:00,2025-12-18
2025-07-13,2.0,ECB_DFR,ECB Deposit Facility Rate,rates,ECB,2026-09-21T04:39:56+00:00,2025-12-18
2025-07-14,2.0,ECB_DFR,ECB Deposit Facility Rate,rates,ECB,2026-09-21T04:39:56+00:00,2025-12-18
2025-07-15,2.0,ECB_DFR,ECB Deposit Facility Rate,rates,ECB,2026-09-21T04:39:56+00:00,2025-12-18
2025-07-16,2.0,ECB_DFR,ECB Deposit Facility Rate,rates,ECB,2026-09-21T04:39:56+00:00,2025-12-18
2025-07-17,2.0,ECB_DFR,ECB Deposit Facility Rate,rates,ECB,2026-09-21T04:39:56+00:00,2025-12-18
2025-07-18,2.0,ECB_DFR,ECB Deposit Facility Rate,rates,ECB,2026-09-21T04:39:56+00:00,2025-12-18
2025-07-19,2.0,ECB_DFR,ECB Deposit Facility Rate,rates,ECB,2026-09-21T04:39:56+00:00,2025-12-18
2025-07-20,2.0,ECB_DFR,ECB Deposit Facility Rate,rates,ECB,2026-09-21T04:39:56+00:00,2025-12-18
2025-07-21,2.0,ECB_DFR,ECB Deposit Facility Rate,rates,ECB,2026-09-21T04:39:56+00:00,2025-12-18
2025-07-22,2.0,ECB_DFR,ECB Deposit Facility Rate,rates,ECB,2026-09-21T04:39:56+00:00,2025-12-18
2025-07-23,2.0,ECB_DFR,ECB Deposit Facility Rate,rates,ECB,2026-09-21T04:39:56+00:00,2025-12-18
2025-07-24,2.0,ECB_DFR,ECB Deposit Facility Rate,rates,ECB,2026-09-21T04:39:56+00:00,2025-12-18
2025-07-25,2.0,ECB_DFR,ECB Deposit Facility Rate,rates,ECB,2026-09-21T04:39:56+00:00,2025-12-18
2025-07-26,2.0,ECB_DFR,ECB Deposit Facility Rate,rates,ECB,2026-09-21T04:39:56+00:00,2025-12-18
2025-07-27,2.0,ECB_DFR,ECB Deposit Facility Rate,rates,ECB,2026-09-21T04:39:56+00:00,2025-12-18
2025-07-28,2.0,ECB_DFR,ECB Deposit Facility Rate,rates,ECB,2026-09-21T04:39:56+00:00,2025-12-18
2025-07-29,2.0,ECB_DFR,ECB Deposit Facility Rate,rates,ECB,2026-09-21T04:39:56+00:00,2025-12-18
2025-07-30,2.0,ECB_DFR,ECB Deposit Facility Rate,rates,ECB,2026-09-21T04:39:56+00:00,2025-12-18
2025-07-31,2.0,ECB_DFR,ECB Deposit Facility Rate,rates,ECB,2026-09-21T04:39:56+00:00,2025-12-18
2025-08-01,2.0,ECB_DFR,ECB Deposit Facility Rate,rates,ECB,2026-09-21T04:39:56+00:00,2025-12-18
2025-08-02,2.0,ECB_DFR,ECB Deposit Facility Rate,rates,ECB,2026-09-21T04:39:56+00:00,2025-12-18
2025-08-03,2.0,ECB_DFR,ECB Deposit Facility Rate,rates,ECB,2026-09-21T04:39:56+00:00,2025-12-18
2025-08-04,2.0,ECB_DFR,ECB Deposit Facility Rate,rates,ECB,2026-09-21T04:39:56+00:00,2025-12-18
2025-08-05,2.0,ECB_DFR,ECB Deposit Facility Rate,rates,ECB,2026-09-21T04:39:56+00:00,2025-12-18
2025-08-06,2.0,ECB_DFR,ECB Deposit Facility Rate,rates,ECB,2026-09-21T04:39:56+00:00,2025-12-18
2025-08-07,2.0,ECB_DFR,ECB Deposit Facility Rate,rates,ECB,2026-09-21T04:39:56+00:00,2025-12-18
2025-08-08,2.0,ECB_DFR,ECB Deposit Facility Rate,rates,ECB,2026-09-21T04:39:56+00:00,2025-12-18
2025-08-09,2.0,ECB_DFR,ECB Deposit Facility Rate,rates,ECB,2026-09-21T04:39:56+00:00,2025-12-18
2025-08-10,2.0,ECB_DFR,ECB Deposit Facility Rate,rates,ECB,2026-09-21T04:39:56+00:00,2025-12-18
2025-08-11,2.0,ECB_DFR,ECB Deposit Facility Rate,rates,ECB,2026-09-21T04:39:56+00:00,2025-12-18
2025-08-12,2.0,ECB_DFR,ECB Deposit Facility Rate,rates,ECB,2026-09-21T04:39:56+00:00,2025-12-18
2025-08-13,2.0,ECB_DFR,ECB Deposit Facility Rate,rates,ECB,2026-09-21T04:39:56+00:00,2025-12-18
2025-08-14,2.0,ECB_DFR,ECB Deposit Facility Rate,rates,ECB,2026-09-21T04:39:56+00:00,2025-12-18
2025-08-15,2.0,ECB_DFR,ECB Deposit Facility Rate,rates,ECB,2026-09-21T04:39:56+00:00,2025-12-18
2025-08-16,2.0,ECB_DFR,ECB Deposit Facility Rate,rates,ECB,2026-09-21T04:39:56+00:00,2025-12-18
2025-08-17,2.0,ECB_DFR,ECB Deposit Facility Rate,rates,ECB,2026-09-21T04:39:56+00:00,2025-12-18
2025-08-18,2.0,ECB_DFR,ECB Deposit Facility Rate,rates,ECB,2026-09-21T04:39:56+00:00,2025-12-18
2025-08-19,2.0,ECB_DFR,ECB Deposit Facility Rate,rates,ECB,2026-09-21T04:39:56+00:00,2025-12-18
2025-08-20,2.0,ECB_DFR,ECB Deposit Facility Rate,rates,ECB,2026-09-21T04:39:56+00:00,2025-12-18
2025-08-21,2.0,ECB_DFR,ECB Deposit Facility Rate,rates,ECB,2026-09-21T04:39:56+00:00,2025-12-18
2025-08-22,2.0,ECB_DFR,ECB Deposit Facility Rate,rates,ECB,2026-09-21T04:39:56+00:00,2025-12-18
2025-08-23,2.0,ECB_DFR,ECB Deposit Facility Rate,rates,ECB,2026-09-21T04:39:56+00:00,2025-12-18
2025-08-24,2.0,ECB_DFR,ECB Deposit Facility Rate,rates,ECB,2026-09-21T04:39:56+00:00,2025-12-18
2025-08-25,2.0,ECB_DFR,ECB Deposit Facility Rate,rates,ECB,2026-09-21T04:39:56+00:00,2025-12-18
2025-08-26,2.0,ECB_DFR,ECB Deposit Facility Rate,rates,ECB,2026-09-21T04:39:56+00:00,2025-12-18
2025-08-27,2.0,ECB_DFR,ECB Deposit Facility Rate,rates,ECB,2026-09-21T04:39:56+00:00,2025-12-18
2025-08-28,2.0,ECB_DFR,ECB Deposit Facility Rate,rates,ECB,2026-09-21T04:39:56+00:00,2025-12-18
2025-08-29,2.0,ECB_DFR,ECB Deposit Facility Rate,rates,ECB,2026-09-21T04:39:56+00:00,2025-12-18
2025-08-30,2.0,ECB_DFR,ECB Deposit Facility Rate,rates,ECB,2026-09-21T04:39:56+00:00,2025-12-18
2025-08-31,2.0,ECB_DFR,ECB Deposit Facility Rate,rates,ECB,2026-09-21T04:39:56+00:00,2025-12-18
2025-09-01,2.0,ECB_DFR,ECB Deposit Facility Rate,rates,ECB,2026-09-21T04:39:56+00:00,2025-12-18
2025-09-02,2.0,ECB_DFR,ECB Deposit Facility Rate,rates,ECB,2026-09-21T04:39:56+00:00,2025-12-18
2025-09-03,2.0,ECB_DFR,ECB Deposit Facility Rate,rates,ECB,2026-09-21T04:39:56+00:00,2025-12-18
2025-09-04,2.0,ECB_DFR,ECB Deposit Facility Rate,rates,ECB,2026-09-21T04:39:56+00:00,2025-12-18
2025-09-05,2.0,ECB_DFR,ECB Deposit Facility Rate,rates,ECB,2026-09-21T04:39:56+00:00,2025-12-18
2025-09-06,2.0,ECB_DFR,ECB Deposit Facility Rate,rates,ECB,2026-09-21T04:39:56+00:00,2025-12-18
2025-09-07,2.0,ECB_DFR,ECB Deposit Facility Rate,rates,ECB,2026-09-21T04:39:56+00:00,2025-12-18
2025-09-08,2.0,ECB_DFR,ECB Deposit Facility Rate,rates,ECB,2026-09-21T04:39:56+00:00,2025-12-18
2025-09-09,2.0,ECB_DFR,ECB Deposit Facility Rate,rates,ECB,2026-09-21T04:39:56+00:00,2025-12-18
2025-09-10,2.0,ECB_DFR,ECB Deposit Facility Rate,rates,ECB,2026-09-21T04:39:56+00:00,2025-12-18
2025-09-11,2.0,ECB_DFR,ECB Deposit Facility Rate,rates,ECB,2026-09-21T04:39:56+00:00,2025-12-18
2025-09-12,2.0,ECB_DFR,ECB Deposit Facility Rate,rates,ECB,2026-09-21T04:39:56+00:00,2025-12-18
2025-09-13,2.0,ECB_DFR,ECB Deposit Facility Rate,rates,ECB,2026-09-21T04:39:56+00:00,2025-12-18
2025-09-14,2.0,ECB_DFR,ECB Deposit Facility Rate,rates,ECB,2026-09-21T04:39:56+00:00,2025-12-18
2025-09-15,2.0,ECB_DFR,ECB Deposit Facility Rate,rates,ECB,2026-09-21T04:39:56+00:00,2025-12-18
2025-09-16,2.0,ECB_DFR,ECB Deposit Facility Rate,rates,ECB,2026-09-21T04:39:56+00:00,2025-12-18
2025-09-17,2.0,ECB_DFR,ECB Deposit Facility Rate,rates,ECB,2026-09-21T04:39:56+00:00,2025-12-18
2025-09-18,2.0,ECB_DFR,ECB Deposit Facility Rate,rates,ECB,2026-09-21T04:39:56+00:00,2025-12-18
2025-09-19,2.0,ECB_DFR,ECB Deposit Facility Rate,rates,ECB,2026-09-21T04:39:56+00:00,2025-12-18
2025-09-20,2.0,ECB_DFR,ECB Deposit Facility Rate,rates,ECB,2026-09-21T04:39:56+00:00,2025-12-18
2025-09-21,2.0,ECB_DFR,ECB Deposit Facility Rate,rates,ECB,2026-09-21T04:39:56+00:00,2025-12-18
2025-09-22,2.0,ECB_DFR,ECB Deposit Facility Rate,rates,ECB,2026-09-21T04:39:56+00:00,2025-12-18
2025-09-23,2.0,ECB_DFR,ECB Deposit Facility Rate,rates,ECB,2026-09-21T04:39:56+00:00,2025-12-18
2025-09-24,2.0,ECB_DFR,ECB Deposit Facility Rate,rates,ECB,2026-09-21T04:39:56+00:00,2025-12-18
2025-09-25,2.0,ECB_DFR,ECB Deposit Facility Rate,rates,ECB,2026-09-21T04:39:56+00:00,2025-12-18
2025-09-26,2.0,ECB_DFR,ECB Deposit Facility Rate,rates,ECB,2026-09-21T04:39:56+00:00,2025-12-18
2025-09-27,2.0,ECB_DFR,ECB Deposit Facility Rate,rates,ECB,2026-09-21T04:39:56+00:00,2025-12-18
2025-09-28,2.0,ECB_DFR,ECB Deposit Facility Rate,rates,ECB,2026-09-21T04:39:56+00:00,2025-12-18
2025-09-29,2.0,ECB_DFR,ECB Deposit Facility Rate,rates,ECB,2026-09-21T04:39:56+00:00,2025-12-18
2025-09-30,2.0,ECB_DFR,ECB Deposit Facility Rate,rates,ECB,2026-09-21T04:39:56+00:00,2025-12-18
2025-10-01,2.0,ECB_DFR,ECB Deposit Facility Rate,rates,ECB,2026-09-21T04:39:56+00:00,2025-12-18
2025-10-02,2.0,ECB_DFR,ECB Deposit Facility Rate,rates,ECB,2026-09-21T04:39:56+00:00,2025-12-18
2025-10-03,2.0,ECB_DFR,ECB Deposit Facility Rate,rates,ECB,2026-09-21T04:39:56+00:00,2025-12-18
2025-10-04,2.0,ECB_DFR,ECB Deposit Facility Rate,rates,ECB,2026-09-21T04:39:56+00:00,2025-12-18
2025-10-05,2.0,ECB_DFR,ECB Deposit Facility Rate,rates,ECB,2026-09-21T04:39:56+00:00,2025-12-18
2025-10-06,2.0,ECB_DFR,ECB Deposit Facility Rate,rates,ECB,2026-09-21T04:39:56+00:00,2025-12-18
2025-10-07,2.0,ECB_DFR,ECB Deposit Facility Rate,rates,ECB,2026-09-21T04:39:56+00:00,2025-12-18
2025-10-08,2.0,ECB_DFR,ECB Deposit Facility Rate,rates,ECB,2026-09-21T04:39:56+00:00,2025-12-18
2025-10-09,2.0,ECB_DFR,ECB Deposit Facility Rate,rates,ECB,2026-09-21T04:39:56+00:00,2025-12-18
2025-10-10,2.0,ECB_DFR,ECB Deposit Facility Rate,rates,ECB,2026-09-21T04:39:56+00:00,2025-12-18
2025-10-11,2.0,ECB_DFR,ECB Deposit Facility Rate,rates,ECB,2026-09-21T04:39:56+00:00,2025-12-18
2025-10-12,2.0,ECB_DFR,ECB Deposit Facility Rate,rates,ECB,2026-09-21T04:39:56+00:00,2025-12-18
2025-10-13,2.0,ECB_DFR,ECB Deposit Facility Rate,rates,ECB,2026-09-21T04:39:56+00:00,2025-12-18
2025-10-14,2.0,ECB_DFR,ECB Deposit Facility Rate,rates,ECB,2026-09-21T04:39:56+00:00,2025-12-18
2025-10-15,2.0,ECB_DFR,ECB Deposit Facility Rate,rates,ECB,2026-09-21T04:39:56+00:00,2025-12-18
2025-10-16,2.0,ECB_DFR,ECB Deposit Facility Rate,rates,ECB,2026-09-21T04:39:56+00:00,2025-12-18
2025-10-17,2.0,ECB_DFR,ECB Deposit Facility Rate,rates,ECB,2026-09-21T04:39:56+00:00,2025-12-18
2025-10-18,2.0,ECB_DFR,ECB Deposit Facility Rate,rates,ECB,2026-09-21T04:39:56+00:00,2025-12-18
2025-10-19,2.0,ECB_DFR,ECB Deposit Facility Rate,rates,ECB,2026-09-21T04:39:56+00:00,2025-12-18
2025-10-20,2.0,ECB_DFR,ECB Deposit Facility Rate,rates,ECB,2026-09-21T04:39:56+00:00,2025-12-18
2025-10-21,2.0,ECB_DFR,ECB Deposit Facility Rate,rates,ECB,2026-09-21T04:39:56+00:00,2025-12-18
2025-10-22,2.0,ECB_DFR,ECB Deposit Facility Rate,rates,ECB,2026-09-21T04:39:56+00:00,2025-12-18
2025-10-23,2.0,ECB_DFR,ECB Deposit Facility Rate,rates,ECB,2026-09-21T04:39:56+00:00,2025-12-18
2025-10-24,2.0,ECB_DFR,ECB Deposit Facility Rate,rates,ECB,2026-09-21T04:39:56+00:00,2025-12-18
2025-10-25,2.0,ECB_DFR,ECB Deposit Facility Rate,rates,ECB,2026-09-21T04:39:56+00:00,2025-12-18
2025-10-26,2.0,ECB_DFR,ECB Deposit Facility Rate,rates,ECB,2026-09-21T04:39:56+00:00,2025-12-18
2025-10-27,2.0,ECB_DFR,ECB Deposit Facility Rate,rates,ECB,2026-09-21T04:39:56+00:00,2025-12-18
2025-10-28,2.0,ECB_DFR,ECB Deposit Facility Rate,rates,ECB,2026-09-21T04:39:56+00:00,2025-12-18
2025-10-29,2.0,ECB_DFR,ECB Deposit Facility Rate,rates,ECB,2026-09-21T04:39:56+00:00,2025-12-18
2025-10-30,2.0,ECB_DFR,ECB Deposit Facility Rate,rates,ECB,2026-09-21T04:39:56+00:00,2025-12-18
2025-10-31,2.0,ECB_DFR,ECB Deposit Facility Rate,rates,ECB,2026-09-21T04:39:56+00:00,2025-12-18
2025-11-01,2.0,ECB_DFR,ECB Deposit Facility Rate,rates,ECB,2026-09-21T04:39:56+00:00,2025-12-18
2025-11-02,2.0,ECB_DFR,ECB Deposit Facility Rate,rates,ECB,2026-09-21T04:39:56+00:00,2025-12-18
2025-11-03,2.0,ECB_DFR,ECB Deposit Facility Rate,rates,ECB,2026-09-21T04:39:56+00:00,2025-12-18
2025-11-04,2.0,ECB_DFR,ECB Deposit Facility Rate,rates,ECB,2026-09-21T04:39:56+00:00,2025-12-18
2025-11-05,2.0,ECB_DFR,ECB Deposit Facility Rate,rates,ECB,2026-09-21T04:39:56+00:00,2025-12-18
2025-11-06,2.0,ECB_DFR,ECB Deposit Facility Rate,rates,ECB,2026-09-21T04:39:56+00:00,2025-12-18
2025-11-07,2.0,ECB_DFR,ECB Deposit Facility Rate,rates,ECB,2026-09-21T04:39:56+00:00,2025-12-18
2025-11-08,2.0,ECB_DFR,ECB Deposit Facility Rate,rates,ECB,2026-09-21T04:39:56+00:00,2025-12-18
2025-11-09,2.0,ECB_DFR,ECB Deposit Facility Rate,rates,ECB,2026-09-21T04:39:56+00:00,2025-12-18
2025-11-10,2.0,ECB_DFR,ECB Deposit Facility Rate,rates,ECB,2026-09-21T04:39:56+00:00,2025-12-18
2025-11-11,2.0,ECB_DFR,ECB Deposit Facility Rate,rates,ECB,2026-09-21T04:39:56+00:00,2025-12-18
2025-11-12,2.0,ECB_DFR,ECB Deposit Facility Rate,rates,ECB,2026-09-21T04:39:56+00:00,2025-12-18
2025-11-13,2.0,ECB_DFR,ECB Deposit Facility Rate,rates,ECB,2026-09-21T04:39:56+00:00,2025-12-18
2025-11-14,2.0,ECB_DFR,ECB Deposit Facility Rate,rates,ECB,2026-09-21T04:39:56+00:00,2025-12-18
2025-11-15,2.0,ECB_DFR,ECB Deposit Facility Rate,rates,ECB,2026-09-21T04:39:56+00:00,2025-12-18
2025-11-16,2.0,ECB_DFR,ECB Deposit Facility Rate,rates,ECB,2026-09-21T04:39:56+00:00,2025-12-18
2025-11-17,2.0,ECB_DFR,ECB Deposit Facility Rate,rates,ECB,2026-09-21T04:39:56+00:00,2025-12-18
2025-11-18,2.0,ECB_DFR,ECB Deposit Facility Rate,rates,ECB,2026-09-21T04:39:56+00:00,2025-12-18
2025-11-19,2.0,ECB_DFR,ECB Deposit Facility Rate,rates,ECB,2026-09-21T04:39:56+00:00,2025-12-18
2025-11-20,2.0,ECB_DFR,ECB Deposit Facility Rate,rates,ECB,2026-09-21T04:39:56+00:00,2025-12-18
2025-11-21,2.0,ECB_DFR,ECB Deposit Facility Rate,rates,ECB,2026-09-21T04:39:56+00:00,2025-12-18
2025-11-22,2.0,ECB_DFR,ECB Deposit Facility Rate,rates,ECB,2026-09-21T04:39:56+00:00,2025-12-18
2025-11-23,2.0,ECB_DFR,ECB Deposit Facility Rate,rates,ECB,2026-09-21T04:39:56+00:00,2025-12-18
2025-11-24,2.0,ECB_DFR,ECB Deposit Facility Rate,rates,ECB,2026-09-21T04:39:56+00:00,2025-12-18
2025-11-25,2.0,ECB_DFR,ECB Deposit Facility Rate,rates,ECB,2026-09-21T04:39:56+00:00,2025-12-18
2025-11-26,2.0,ECB_DFR,ECB Deposit Facility Rate,rates,ECB,2026-09-21T04:39:56+00:00,2025-12-18
2025-11-27,2.0,ECB_DFR,ECB Deposit Facility Rate,rates,ECB,2026-09-21T04:39:56+00:00,2025-12-18
2025-11-28,2.0,ECB_DFR,ECB Deposit Facility Rate,rates,ECB,2026-09-21T04:39:56+00:00,2025-12-18
2025-11-29,2.0,ECB_DFR,ECB Deposit Facility Rate,rates,ECB,2026-09-21T04:39:56+00:00,2025-12-18
2025-11-30,2.0,ECB_DFR,ECB Deposit Facility Rate,rates,ECB,2026-09-21T04:39:56+00:00,2025-12-18
2025-12-01,2.0,ECB_DFR,ECB Deposit Facility Rate,rates,ECB,2026-09-21T04:39:56+00:00,2025-12-18
2025-12-02,2.0,ECB_DFR,ECB Deposit Facility Rate,rates,ECB,2026-09-21T04:39:56+00:00,2025-12-18
2025-12-03,2.0,ECB_DFR,ECB Deposit Facility Rate,rates,ECB,2026-09-21T04:39:56+00:00,2025-12-18
2025-12-04,2.0,ECB_DFR,ECB Deposit Facility Rate,rates,ECB,2026-09-21T04:39:56+00:00,2025-12-18
2025-12-05,2.0,ECB_DFR,ECB Deposit Facility Rate,rates,ECB,2026-09-21T04:39:56+00:00,2025-12-18
2025-12-06,2.0,ECB_DFR,ECB Deposit Facility Rate,rates,ECB,2026-09-21T04:39:56+00:00,2025-12-18
2025-12-07,2.0,ECB_DFR,ECB Deposit Facility Rate,rates,ECB,2026-09-21T04:39:56+00:00,2025-12-18
2025-12-08,2.0,ECB_DFR,ECB Deposit Facility Rate,rates,ECB,2026-09-21T04:39:56+00:00,2025-12-18
2025-12-09,2.0,ECB_DFR,ECB Deposit Facility Rate,rates,ECB,2026-09-21T04:39:56+00:00,2025-12-18
2025-12-10,2.0,ECB_DFR,ECB Deposit Facility Rate,rates,ECB,2026-09-21T04:39:56+00:00,2025-12-18
2025-12-11,2.0,ECB_DFR,ECB Deposit Facility Rate,rates,ECB,2026-09-21T04:39:56+00:00,2025-12-18
2025-12-12,2.0,ECB_DFR,ECB Deposit Facility Rate,rates,ECB,2026-09-21T04:39:56+00:00,2025-12-18
2025-12-13,2.0,ECB_DFR,ECB Deposit Facility Rate,rates,ECB,2026-09-21T04:39:56+00:00,2025-12-18
2025-12-14,2.0,ECB_DFR,ECB Deposit Facility Rate,rates,ECB,2026-09-21T04:39:56+00:00,2025-12-18
2025-12-15,2.0,ECB_DFR,ECB Deposit Facility Rate,rates,ECB,2026-09-21T04:39:56+00:00,2025-12-18
2025-12-16,2.0,ECB_DFR,ECB Deposit Facility Rate,rates,ECB,2026-09-21T04:39:56+00:00,2025-12-18
2025-12-17,2.0,ECB_DFR,ECB Deposit Facility Rate,rates,ECB,2026-09-21T04:39:56+00:00,2025-12-18
2025-12-18,2.0,ECB_DFR,ECB Deposit Facility Rate,rates,ECB,2026-09-21T04:39:56+00:00,2025-12-18
2024-12-13,3.4,ECB_MRO,ECB Main Refi Rate,rates,ECB,2026-09-21T04:39:56+00:00,2025-12-18
2024-12-14,3.4,ECB_MRO,ECB Main Refi Rate,rates,ECB,2026-09-21T04:39:56+00:00,2025-12-18
2024-12-15,3.4,ECB_MRO,ECB Main Refi Rate,rates,ECB,2026-09-21T04:39:56+00:00,2025-12-18
2024-12-16,3.4,ECB_MRO,ECB Main Refi Rate,rates,ECB,2026-09-21T04:39:56+00:00,2025-12-18
2024-12-17,3.4,ECB_MRO,ECB Main Refi Rate,rates,ECB,2026-09-21T04:39:56+00:00,2025-12-18
2024-12-18,3.15,ECB_MRO,ECB Main Refi Rate,rates,ECB,2026-09-21T04:39:56+00:00,2025-12-18
2024-12-19,3.15,ECB_MRO,ECB Main Refi Rate,rates,ECB,2026-09-21T04:39:56+00:00,2025-12-18
2024-12-20,3.15,ECB_MRO,ECB Main Refi Rate,rates,ECB,2026-09-21T04:39:56+00:00,2025-12-18
2024-12-21,3.15,ECB_MRO,ECB Main Refi Rate,rates,ECB,2026-09-21T04:39:56+00:00,2025-12-18
2024-12-22,3.15,ECB_MRO,ECB Main Refi Rate,rates,ECB,2026-09-21T04:39:56+00:00,2025-12-18
2024-12-23,3.15,ECB_MRO,ECB Main Refi Rate,rates,ECB,2026-09-21T04:39:56+00:00,2025-12-18
2024-12-24,3.15,ECB_MRO,ECB Main Refi Rate,rates,ECB,2026-09-21T04:39:56+00:00,2025-12-18
2024-12-25,3.15,ECB_MRO,ECB Main Refi Rate,rates,ECB,2026-09-21T04:39:56+00:00,2025-12-18
2024-12-26,3.15,ECB_MRO,ECB Main Refi Rate,rates,ECB,2026-09-21T04:39:56+00:00,2025-12-18
2024-12-27,3.15,ECB_MRO,ECB Main Refi Rate,rates,ECB,2026-09-21T04:39:56+00:00,2025-12-18
2024-12-28,3.15,ECB_MRO,ECB Main Refi Rate,rates,ECB,2026-09-21T04:39:56+00:00,2025-12-18
2024-12-29,3.15,ECB_MRO,ECB Main Refi Rate,rates,ECB,2026-09-21T04:39:56+00:00,2025-12-18
2024-12-30,3.15,ECB_MRO,ECB Main Refi Rate,rates,ECB,2026-09-21T04:39:56+00:00,2025-12-18
2024-12-31,3.15,ECB_MRO,ECB Main Refi Rate,rates,ECB,2026-09-21T04:39:56+00:00,2025-12-18
2025-01-01,3.15,ECB_MRO,ECB Main Refi Rate,rates,ECB,2026-09-21T04:39:56+00:00,2025-12-18
2025-01-02,3.15,ECB_MRO,ECB Main Refi Rate,rates,ECB,2026-09-21T04:39:56+00:00,2025-12-18
2025-01-03,3.15,ECB_MRO,ECB Main Refi Rate,rates,ECB,2026-09-21T04:39:56+00:00,2025-12-18
2025-01-04,3.15,ECB_MRO,ECB Main Refi Rate,rates,ECB,2026-09-21T04:39:56+00:00,2025-12-18
2025-01-05,3.15,ECB_MRO,ECB Main Refi Rate,rates,ECB,2026-09-21T04:39:56+00:00,2025-12-18
2025-01-06,3.15,ECB_MRO,ECB Main Refi Rate,rates,ECB,2026-09-21T04:39:56+00:00,2025-12-18
2025-01-07,3.15,ECB_MRO,ECB Main Refi Rate,rates,ECB,2026-09-21T04:39:56+00:00,2025-12-18
2025-01-08,3.15,ECB_MRO,ECB Main Refi Rate,rates,ECB,2026-09-21T04:39:56+00:00,2025-12-18
2025-01-09,3.15,ECB_MRO,ECB Main Refi Rate,rates,ECB,2026-09-21T04:39:56+00:00,2025-12-18
2025-01-10,3.15,ECB_MRO,ECB Main Refi Rate,rates,ECB,2026-09-21T04:39:56+00:00,2025-12-18
2025-01-11,3.15,ECB_MRO,ECB Main Refi Rate,rates,ECB,2026-09-21T04:39:56+00:00,2025-12-18
2025-01-12,3.15,ECB_MRO,ECB Main Refi Rate,rates,ECB,2026-09-21T04:39:56+00:00,2025-12-18
2025-01-13,3.15,ECB_MRO,ECB Main Refi Rate,rates,ECB,2026-09-21T04:39:56+00:00,2025-12-18
2025-01-14,3.15,ECB_MRO,ECB Main Refi Rate,rates,ECB,2026-09-21T04:39:56+00:00,2025-12-18
2025-01-15,3.15,ECB_MRO,ECB Main Refi Rate,rates,ECB,2026-09-21T04:39:56+00:00,2025-12-18
2025-01-16,3.15,ECB_MRO,ECB Main Refi Rate,rates,ECB,2026-09-21T04:39:56+00:00,2025-12-18
2025-01-17,3.15,ECB_MRO,ECB Main Refi Rate,rates,ECB,2026-09-21T04:39:56+00:00,2025-12-18
2025-01-18,3.15,ECB_MRO,ECB Main Refi Rate,rates,ECB,2026-09-21T04:39:56+00:00,2025-12-18
2025-01-19,3.15,ECB_MRO,ECB Main Refi Rate,rates,ECB,2026-09-21T04:39:56+00:00,2025-12-18
2025-01-20,3.15,ECB_MRO,ECB Main Refi Rate,rates,ECB,2026-09-21T04:39:56+00:00,2025-12-18
2025-01-21,3.15,ECB_MRO,ECB Main Refi Rate,rates,ECB,2026-09-21T04:39:56+00:00,2025-12-18
2025-01-22,3.15,ECB_MRO,ECB Main Refi Rate,rates,ECB,2026-09-21T04:39:56+00:00,2025-12-18
2025-01-23,3.15,ECB_MRO,ECB Main Refi Rate,rates,ECB,2026-09-21T04:39:56+00:00,2025-12-18
2025-01-24,3.15,ECB_MRO,ECB Main Refi Rate,rates,ECB,2026-09-21T04:39:56+00:00,2025-12-18
2025-01-25,3.15,ECB_MRO,ECB Main Refi Rate,rates,ECB,2026-09-21T04:39:56+00:00,2025-12-18
2025-01-26,3.15,ECB_MRO,ECB Main Refi Rate,rates,ECB,2026-09-21T04:39:56+00:00,2025-12-18
2025-01-27,3.15,ECB_MRO,ECB Main Refi Rate,rates,ECB,2026-09-21T04:39:56+00:00,2025-12-18
2025-01-28,3.15,ECB_MRO,ECB Main Refi Rate,rates,ECB,2026-09-21T04:39:56+00:00,2025-12-18
2025-01-29,3.15,ECB_MRO,ECB Main Refi Rate,rates,ECB,2026-09-21T04:39:56+00:00,2025-12-18
2025-01-30,3.15,ECB_MRO,ECB Main Refi Rate,rates,ECB,2026-09-21T04:39:56+00:00,2025-12-18
2025-01-31,3.15,ECB_MRO,ECB Main Refi Rate,rates,ECB,2026-09-21T04:39:56+00:00,2025-12-18
2025-02-01,3.15,ECB_MRO,ECB Main Refi Rate,rates,ECB,2026-09-21T04:39:56+00:00,2025-12-18
2025-02-02,3.15,ECB_MRO,ECB Main Refi Rate,rates,ECB,2026-09-21T04:39:56+00:00,2025-12-18
2025-02-03,3.15,ECB_MRO,ECB Main Refi Rate,rates,ECB,2026-09-21T04:39:56+00:00,2025-12-18
2025-02-04,3.15,ECB_MRO,ECB Main Refi Rate,rates,ECB,2026-09-21T04:39:56+00:00,2025-12-18
2025-02-05,2.9,ECB_MRO,ECB Main Refi Rate,rates,ECB,2026-09-21T04:39:56+00:00,2025-12-18
2025-02-06,2.9,ECB_MRO,ECB Main Refi Rate,rates,ECB,2026-09-21T04:39:56+00:00,2025-12-18
2025-02-07,2.9,ECB_MRO,ECB Main Refi Rate,rates,ECB,2026-09-21T04:39:56+00:00,2025-12-18
2025-02-08,2.9,ECB_MRO,ECB Main Refi Rate,rates,ECB,2026-09-21T04:39:56+00:00,2025-12-18
2025-02-09,2.9,ECB_MRO,ECB Main Refi Rate,rates,ECB,2026-09-21T04:39:56+00:00,2025-12-18
2025-02-10,2.9,ECB_MRO,ECB Main Refi Rate,rates,ECB,2026-09-21T04:39:56+00:00,2025-12-18
2025-02-11,2.9,ECB_MRO,ECB Main Refi Rate,rates,ECB,2026-09-21T04:39:56+00:00,2025-12-18
2025-02-12,2.9,ECB_MRO,ECB Main Refi Rate,rates,ECB,2026-09-21T04:39:56+00:00,2025-12-18
2025-02-13,2.9,ECB_MRO,ECB Main Refi Rate,rates,ECB,2026-09-21T04:39:56+00:00,2025-12-18
2025-02-14,2.9,ECB_MRO,ECB Main Refi Rate,rates,ECB,2026-09-21T04:39:56+00:00,2025-12-18
2025-02-15,2.9,ECB_MRO,ECB Main Refi Rate,rates,ECB,2026-09-21T04:39:56+00:00,2025-12-18
2025-02-16,2.9,ECB_MRO,ECB Main Refi Rate,rates,ECB,2026-09-21T04:39:56+00:00,2025-12-18
2025-02-17,2.9,ECB_MRO,ECB Main Refi Rate,rates,ECB,2026-09-21T04:39:56+00:00,2025-12-18
2025-02-18,2.9,ECB_MRO,ECB Main Refi Rate,rates,ECB,2026-09-21T04:39:56+00:00,2025-12-18
2025-02-19,2.9,ECB_MRO,ECB Main Refi Rate,rates,ECB,2026-09-21T04:39:56+00:00,2025-12-18
2025-02-20,2.9,ECB_MRO,ECB Main Refi Rate,rates,ECB,2026-09-21T04:39:56+00:00,2025-12-18
2025-02-21,2.9,ECB_MRO,ECB Main Refi Rate,rates,ECB,2026-09-21T04:39:56+00:00,2025-12-18
2025-02-22,2.9,ECB_MRO,ECB Main Refi Rate,rates,ECB,2026-09-21T04:39:56+00:00,2025-12-18
2025-02-23,2.9,ECB_MRO,ECB Main Refi Rate,rates,ECB,2026-09-21T04:39:56+00:00,2025-12-18
2025-02-24,2.9,ECB_MRO,ECB Main Refi Rate,rates,ECB,2026-09-21T04:39:56+00:00,2025-12-18
2025-02-25,2.9,ECB_MRO,ECB Main Refi Rate,rates,ECB,2026-09-21T04:39:56+00:00,2025-12-18
2025-02-26,2.9,ECB_MRO,ECB Main Refi Rate,rates,ECB,2026-09-21T04:39:56+00:00,2025-12-18
2025-02-27,2.9,ECB_MRO,ECB Main Refi Rate,rates,ECB,2026-09-21T04:39:56+00:00,2025-12-18
2025-02-28,2.9,ECB_MRO,ECB Main Refi Rate,rates,ECB,2026-09-21T04:39:56+00:00,2025-12-18
2025-03-01,2.9,ECB_MRO,ECB Main Refi Rate,rates,ECB,2026-09-21T04:39:56+00:00,2025-12-18
2025-03-02,2.9,ECB_MRO,ECB Main Refi Rate,rates,ECB,2026-09-21T04:39:56+00:00,2025-12-18
2025-03-03,2.9,ECB_MRO,ECB Main Refi Rate,rates,ECB,2026-09-21T04:39:56+00:00,2025-12-18
2025-03-04,2.9,ECB_MRO,ECB Main Refi Rate,rates,ECB,2026-09-21T04:39:56+00:00,2025-12-18
2025-03-05,2.9,ECB_MRO,ECB Main Refi Rate,rates,ECB,2026-09-21T04:39:56+00:00,2025-12-18
2025-03-06,2.9,ECB_MRO,ECB Main Refi Rate,rates,ECB,2026-09-21T04:39:56+00:00,2025-12-18
2025-03-07,2.9,ECB_MRO,ECB Main Refi Rate,rates,ECB,2026-09-21T04:39:56+00:00,2025-12-18
2025-03-08,2.9,ECB_MRO,ECB Main Refi Rate,rates,ECB,2026-09-21T04:39:56+00:00,2025-12-18
2025-03-09,2.9,ECB_MRO,ECB Main Refi Rate,rates,ECB,2026-09-21T04:39:56+00:00,2025-12-18
2025-03-10,2.9,ECB_MRO,ECB Main Refi Rate,rates,ECB,2026-09-21T04:39:56+00:00,2025-12-18
2025-03-11,2.9,ECB_MRO,ECB Main Refi Rate,rates,ECB,2026-09-21T04:39:56+00:00,2025-12-18
2025-03-12,2.65,ECB_MRO,ECB Main Refi Rate,rates,ECB,2026-09-21T04:39:56+00:00,2025-12-18
2025-03-13,2.65,ECB_MRO,ECB Main Refi Rate,rates,ECB,2026-09-21T04:39:56+00:00,2025-12-18
2025-03-14,2.65,ECB_MRO,ECB Main Refi Rate,rates,ECB,2026-09-21T04:39:56+00:00,2025-12-18
2025-03-15,2.65,ECB_MRO,ECB Main Refi Rate,rates,ECB,2026-09-21T04:39:56+00:00,2025-12-18
2025-03-16,2.65,ECB_MRO,ECB Main Refi Rate,rates,ECB,2026-09-21T04:39:56+00:00,2025-12-18
2025-03-17,2.65,ECB_MRO,ECB Main Refi Rate,rates,ECB,2026-09-21T04:39:56+00:00,2025-12-18
2025-03-18,2.65,ECB_MRO,ECB Main Refi Rate,rates,ECB,2026-09-21T04:39:56+00:00,2025-12-18
2025-03-19,2.65,ECB_MRO,ECB Main Refi Rate,rates,ECB,2026-09-21T04:39:56+00:00,2025-12-18
2025-03-20,2.65,ECB_MRO,ECB Main Refi Rate,rates,ECB,2026-09-21T04:39:56+00:00,2025-12-18
2025-03-21,2.65,ECB_MRO,ECB Main Refi Rate,rates,ECB,2026-09-21T04:39:56+00:00,2025-12-18
2025-03-22,2.65,ECB_MRO,ECB Main Refi Rate,rates,ECB,2026-09-21T04:39:56+00:00,2025-12-18
2025-03-23,2.65,ECB_MRO,ECB Main Refi Rate,rates,ECB,2026-09-21T04:39:56+00:00,2025-12-18
2025-03-24,2.65,ECB_MRO,ECB Main Refi Rate,rates,ECB,2026-09-21T04:39:56+00:00,2025-12-18
2025-03-25,2.65,ECB_MRO,ECB Main Refi Rate,rates,ECB,2026-09-21T04:39:56+00:00,2025-12-18
2025-03-26,2.65,ECB_MRO,ECB Main Refi Rate,rates,ECB,2026-09-21T04:39:56+00:00,2025-12-18
2025-03-27,2.65,ECB_MRO,ECB Main Refi Rate,rates,ECB,2026-09-21T04:39:56+00:00,2025-12-18
2025-03-28,2.65,ECB_MRO,ECB Main Refi Rate,rates,ECB,2026-09-21T04:39:56+00:00,2025-12-18
2025-03-29,2.65,ECB_MRO,ECB Main Refi Rate,rates,ECB,2026-09-21T04:39:56+00:00,2025-12-18
2025-03-30,2.65,ECB_MRO,ECB Main Refi Rate,rates,ECB,2026-09-21T04:39:56+00:00,2025-12-18
2025-03-31,2.65,ECB_MRO,ECB Main Refi Rate,rates,ECB,2026-09-21T04:39:56+00:00,2025-12-18
2025-04-01,2.65,ECB_MRO,ECB Main Refi Rate,rates,ECB,2026-09-21T04:39:56+00:00,2025-12-18
2025-04-02,2.65,ECB_MRO,ECB Main Refi Rate,rates,ECB,2026-09-21T04:39:56+00:00,2025-12-18
2025-04-03,2.65,ECB_MRO,ECB Main Refi Rate,rates,ECB,2026-09-21T04:39:56+00:00,2025-12-18
2025-04-04,2.65,ECB_MRO,ECB Main Refi Rate,rates,ECB,2026-09-21T04:39:56+00:00,2025-12-18
2025-04-05,2.65,ECB_MRO,ECB Main Refi Rate,rates,ECB,2026-09-21T04:39:56+00:00,2025-12-18
2025-04-06,2.65,ECB_MRO,ECB Main Refi Rate,rates,ECB,2026-09-21T04:39:56+00:00,2025-12-18
2025-04-07,2.65,ECB_MRO,ECB Main Refi Rate,rates,ECB,2026-09-21T04:39:56+00:00,2025-12-18
2025-04-08,2.65,ECB_MRO,ECB Main Refi Rate,rates,ECB,2026-09-21T04:39:56+00:00,2025-12-18
2025-04-09,2.65,ECB_MRO,ECB Main Refi Rate,rates,ECB,2026-09-21T04:39:56+00:00,2025-12-18
2025-04-10,2.65,ECB_MRO,ECB Main Refi Rate,rates,ECB,2026-09-21T04:39:56+00:00,2025-12-18
2025-04-11,2.65,ECB_MRO,ECB Main Refi Rate,rates,ECB,2026-09-21T04:39:56+00:00,2025-12-18
2025-04-12,2.65,ECB_MRO,ECB Main Refi Rate,rates,ECB,2026-09-21T04:39:56+00:00,2025-12-18
2025-04-13,2.65,ECB_MRO,ECB Main Refi Rate,rates,ECB,2026-09-21T04:39:56+00:00,2025-12-18
2025-04-14,2.65,ECB_MRO,ECB Main Refi Rate,rates,ECB,2026-09-21T04:39:56+00:00,2025-12-18
2025-04-15,2.65,ECB_MRO,ECB Main Refi Rate,rates,ECB,2026-09-21T04:39:56+00:00,2025-12-18
2025-04-16,2.65,ECB_MRO,ECB Main Refi Rate,rates,ECB,2026-09-21T04:39:56+00:00,2025-12-18
2025-04-17,2.65,ECB_MRO,ECB Main Refi Rate,rates,ECB,2026-09-21T04:39:56+00:00,2025-12-18
2025-04-18,2.65,ECB_MRO,ECB Main Refi Rate,rates,ECB,2026-09-21T04:39:56+00:00,2025-12-18
2025-04-19,2.65,ECB_MRO,ECB Main Refi Rate,rates,ECB,2026-09-21T04:39:56+00:00,2025-12-18
2025-04-20,2.65,ECB_MRO,ECB Main Refi Rate,rates,ECB,2026-09-21T04:39:56+00:00,2025-12-18
2025-04-21,2.65,ECB_MRO,ECB Main Refi Rate,rates,ECB,2026-09-21T04:39:56+00:00,2025-12-18
2025-04-22,2.65,ECB_MRO,ECB Main Refi Rate,rates,ECB,2026-09-21T04:39:56+00:00,2025-12-18
2025-04-23,2.4,ECB_MRO,ECB Main Refi Rate,rates,ECB,2026-09-21T04:39:56+00:00,2025-12-18
2025-04-24,2.4,ECB_MRO,ECB Main Refi Rate,rates,ECB,2026-09-21T04:39:56+00:00,2025-12-18
2025-04-25,2.4,ECB_MRO,ECB Main Refi Rate,rates,ECB,2026-09-21T04:39:56+00:00,2025-12-18
2025-04-26,2.4,ECB_MRO,ECB Main Refi Rate,rates,ECB,2026-09-21T04:39:56+00:00,2025-12-18
2025-04-27,2.4,ECB_MRO,ECB Main Refi Rate,rates,ECB,2026-09-21T04:39:56+00:00,2025-12-18
2025-04-28,2.4,ECB_MRO,ECB Main Refi Rate,rates,ECB,2026-09-21T04:39:56+00:00,2025-12-18
2025-04-29,2.4,ECB_MRO,ECB Main Refi Rate,rates,ECB,2026-09-21T04:39:56+00:00,2025-12-18
2025-04-30,2.4,ECB_MRO,ECB Main Refi Rate,rates,ECB,2026-09-21T04:39:56+00:00,2025-12-18
2025-05-01,2.4,ECB_MRO,ECB Main Refi Rate,rates,ECB,2026-09-21T04:39:56+00:00,2025-12-18
2025-05-02,2.4,ECB_MRO,ECB Main Refi Rate,rates,ECB,2026-09-21T04:39:56+00:00,2025-12-18
2025-05-03,2.4,ECB_MRO,ECB Main Refi Rate,rates,ECB,2026-09-21T04:39:56+00:00,2025-12-18
2025-05-04,2.4,ECB_MRO,ECB Main Refi Rate,rates,ECB,2026-09-21T04:39:56+00:00,2025-12-18
2025-05-05,2.4,ECB_MRO,ECB Main Refi Rate,rates,ECB,2026-09-21T04:39:56+00:00,2025-12-18
2025-05-06,2.4,ECB_MRO,ECB Main Refi Rate,rates,ECB,2026-09-21T04:39:56+00:00,2025-12-18
2025-05-07,2.4,ECB_MRO,ECB Main Refi Rate,rates,ECB,2026-09-21T04:39:56+00:00,2025-12-18
2025-05-08,2.4,ECB_MRO,ECB Main Refi Rate,rates,ECB,2026-09-21T04:39:56+00:00,2025-12-18
2025-05-09,2.4,ECB_MRO,ECB Main Refi Rate,rates,ECB,2026-09-21T04:39:56+00:00,2025-12-18
2025-05-10,2.4,ECB_MRO,ECB Main Refi Rate,rates,ECB,2026-09-21T04:39:56+00:00,2025-12-18
2025-05-11,2.4,ECB_MRO,ECB Main Refi Rate,rates,ECB,2026-09-21T04:39:56+00:00,2025-12-18
2025-05-12,2.4,ECB_MRO,ECB Main Refi Rate,rates,ECB,2026-09-21T04:39:56+00:00,2025-12-18
2025-05-13,2.4,ECB_MRO,ECB Main Refi Rate,rates,ECB,2026-09-21T04:39:56+00:00,2025-12-18
2025-05-14,2.4,ECB_MRO,ECB Main Refi Rate,rates,ECB,2026-09-21T04:39:56+00:00,2025-12-18
2025-05-15,2.4,ECB_MRO,ECB Main Refi Rate,rates,ECB,2026-09-21T04:39:56+00:00,2025-12-18
2025-05-16,2.4,ECB_MRO,ECB Main Refi Rate,rates,ECB,2026-09-21T04:39:56+00:00,2025-12-18
2025-05-17,2.4,ECB_MRO,ECB Main Refi Rate,rates,ECB,2026-09-21T04:39:56+00:00,2025-12-18
2025-05-18,2.4,ECB_MRO,ECB Main Refi Rate,rates,ECB,2026-09-21T04:39:56+00:00,2025-12-18
2025-05-19,2.4,ECB_MRO,ECB Main Refi Rate,rates,ECB,2026-09-21T04:39:56+00:00,2025-12-18
2025-05-20,2.4,ECB_MRO,ECB Main Refi Rate,rates,ECB,2026-09-21T04:39:56+00:00,2025-12-18
2025-05-21,2.4,ECB_MRO,ECB Main Refi Rate,rates,ECB,2026-09-21T04:39:56+00:00,2025-12-18
2025-05-22,2.4,ECB_MRO,ECB Main Refi Rate,rates,ECB,2026-09-21T04:39:56+00:00,2025-12-18
2025-05-23,2.4,ECB_MRO,ECB Main Refi Rate,rates,ECB,2026-09-21T04:39:56+00:00,2025-12-18
2025-05-24,2.4,ECB_MRO,ECB Main Refi Rate,rates,ECB,2026-09-21T04:39:56+00:00,2025-12-18
2025-05-25,2.4,ECB_MRO,ECB Main Refi Rate,rates,ECB,2026-09-21T04:39:56+00:00,2025-12-18
2025-05-26,2.4,ECB_MRO,ECB Main Refi Rate,rates,ECB,2026-09-21T04:39:56+00:00,2025-12-18
2025-05-27,2.4,ECB_MRO,ECB Main Refi Rate,rates,ECB,2026-09-21T04:39:56+00:00,2025-12-18
2025-05-28,2.4,ECB_MRO,ECB Main Refi Rate,rates,ECB,2026-09-21T04:39:56+00:00,2025-12-18
2025-05-29,2.4,ECB_MRO,ECB Main Refi Rate,rates,ECB,2026-09-21T04:39:56+00:00,2025-12-18
2025-05-30,2.4,ECB_MRO,ECB Main Refi Rate,rates,ECB,2026-09-21T04:39:56+00:00,2025-12-18
2025-05-31,2.4,ECB_MRO,ECB Main Refi Rate,rates,ECB,2026-09-21T04:39:56+00:00,2025-12-18
2025-06-01,2.4,ECB_MRO,ECB Main Refi Rate,rates,ECB,2026-09-21T04:39:56+00:00,2025-12-18
2025-06-02,2.4,ECB_MRO,ECB Main Refi Rate,rates,ECB,2026-09-21T04:39:56+00:00,2025-12-18
2025-06-03,2.4,ECB_MRO,ECB Main Refi Rate,rates,ECB,2026-09-21T04:39:56+00:00,2025-12-18
2025-06-04,2.4,ECB_MRO,ECB Main Refi Rate,rates,ECB,2026-09-21T04:39:56+00:00,2025-12-18
2025-06-05,2.4,ECB_MRO,ECB Main Refi Rate,rates,ECB,2026-09-21T04:39:56+00:00,2025-12-18
2025-06-06,2.4,ECB_MRO,ECB Main Refi Rate,rates,ECB,2026-09-21T04:39:56+00:00,2025-12-18
2025-06-07,2.4,ECB_MRO,ECB Main Refi Rate,rates,ECB,2026-09-21T04:39:56+00:00,2025-12-18
2025-06-08,2.4,ECB_MRO,ECB Main Refi Rate,rates,ECB,2026-09-21T04:39:56+00:00,2025-12-18
2025-06-09,2.4,ECB_MRO,ECB Main Refi Rate,rates,ECB,2026-09-21T04:39:56+00:00,2025-12-18
2025-06-10,2.4,ECB_MRO,ECB Main Refi Rate,rates,ECB,2026-09-21T04:39:56+00:00,2025-12-18
2025-06-11,2.15,ECB_MRO,ECB Main Refi Rate,rates,ECB,2026-09-21T04:39:56+00:00,2025-12-18
2025-06-12,2.15,ECB_MRO,ECB Main Refi Rate,rates,ECB,2026-09-21T04:39:56+00:00,2025-12-18
2025-06-13,2.15,ECB_MRO,ECB Main Refi Rate,rates,ECB,2026-09-21T04:39:56+00:00,2025-12-18
2025-06-14,2.15,ECB_MRO,ECB Main Refi Rate,rates,ECB,2026-09-21T04:39:56+00:00,2025-12-18
2025-06-15,2.15,ECB_MRO,ECB Main Refi Rate,rates,ECB,2026-09-21T04:39:56+00:00,2025-12-18
2025-06-16,2.15,ECB_MRO,ECB Main Refi Rate,rates,ECB,2026-09-21T04:39:56+00:00,2025-12-18
2025-06-17,2.15,ECB_MRO,ECB Main Refi Rate,rates,ECB,2026-09-21T04:39:56+00:00,2025-12-18
2025-06-18,2.15,ECB_MRO,ECB Main Refi Rate,rates,ECB,2026-09-21T04:39:56+00:00,2025-12-18
2025-06-19,2.15,ECB_MRO,ECB Main Refi Rate,rates,ECB,2026-09-21T04:39:56+00:00,2025-12-18
2025-06-20,2.15,ECB_MRO,ECB Main Refi Rate,rates,ECB,2026-09-21T04:39:56+00:00,2025-12-18
2025-06-21,2.15,ECB_MRO,ECB Main Refi Rate,rates,ECB,2026-09-21T04:39:56+00:00,2025-12-18
2025-06-22,2.15,ECB_MRO,ECB Main Refi Rate,rates,ECB,2026-09-21T04:39:56+00:00,2025-12-18
2025-06-23,2.15,ECB_MRO,ECB Main Refi Rate,rates,ECB,2026-09-21T04:39:56+00:00,2025-12-18
2025-06-24,2.15,ECB_MRO,ECB Main Refi Rate,rates,ECB,2026-09-21T04:39:56+00:00,2025-12-18
2025-06-25,2.15,ECB_MRO,ECB Main Refi Rate,rates,ECB,2026-09-21T04:39:56+00:00,2025-12-18
2025-06-26,2.15,ECB_MRO,ECB Main Refi Rate,rates,ECB,2026-09-21T04:39:56+00:00,2025-12-18
2025-06-27,2.15,ECB_MRO,ECB Main Refi Rate,rates,ECB,2026-09-21T04:39:56+00:00,2025-12-18
2025-06-28,2.15,ECB_MRO,ECB Main Refi Rate,rates,ECB,2026-09-21T04:39:56+00:00,2025-12-18
2025-06-29,2.15,ECB_MRO,ECB Main Refi Rate,rates,ECB,2026-09-21T04:39:56+00:00,2025-12-18
2025-06-30,2.15,ECB_MRO,ECB Main Refi Rate,rates,ECB,2026-09-21T04:39:56+00:00,2025-12-18
2025-07-01,2.15,ECB_MRO,ECB Main Refi Rate,rates,ECB,2026-09-21T04:39:56+00:00,2025-12-18
2025-07-02,2.15,ECB_MRO,ECB Main Refi Rate,rates,ECB,2026-09-21T04:39:56+00:00,2025-12-18
2025-07-03,2.15,ECB_MRO,ECB Main Refi Rate,rates,ECB,2026-09-21T04:39:56+00:00,2025-12-18
2025-07-04,2.15,ECB_MRO,ECB Main Refi Rate,rates,ECB,2026-09-21T04:39:56+00:00,2025-12-18
2025-07-05,2.15,ECB_MRO,ECB Main Refi Rate,rates,ECB,2026-09-21T04:39:56+00:00,2025-12-18
2025-07-06,2.15,ECB_MRO,ECB Main Refi Rate,rates,ECB,2026-09-21T04:39:56+00:00,2025-12-18
2025-07-07,2.15,ECB_MRO,ECB Main Refi Rate,rates,ECB,2026-09-21T04:39:56+00:00,2025-12-18
2025-07-08,2.15,ECB_MRO,ECB Main Refi Rate,rates,ECB,2026-09-21T04:39:56+00:00,2025-12-18
2025-07-09,2.15,ECB_MRO,ECB Main Refi Rate,rates,ECB,2026-09-21T04:39:56+00:00,2025-12-18
2025-07-10,2.15,ECB_MRO,ECB Main Refi Rate,rates,ECB,2026-09-21T04:39:56+00:00,2025-12-18
2025-07-11,2.15,ECB_MRO,ECB Main Refi Rate,rates,ECB,2026-09-21T04:39:56+00:00,2025-12-18
2025-07-12,2.15,ECB_MRO,ECB Main Refi Rate,rates,ECB,2026-09-21T04:39:56+00:00,2025-12-18
2025-07-13,2.15,ECB_MRO,ECB Main Refi Rate,rates,ECB,2026-09-21T04:39:56+00:00,2025-12-18
2025-07-14,2.15,ECB_MRO,ECB Main Refi Rate,rates,ECB,2026-09-21T04:39:56+00:00,2025-12-18
2025-07-15,2.15,ECB_MRO,ECB Main Refi Rate,rates,ECB,2026-09-21T04:39:56+00:00,2025-12-18
2025-07-16,2.15,ECB_MRO,ECB Main Refi Rate,rates,ECB,2026-09-21T04:39:56+00:00,2025-12-18
2025-07-17,2.15,ECB_MRO,ECB Main Refi Rate,rates,ECB,2026-09-21T04:39:56+00:00,2025-12-18
2025-07-18,2.15,ECB_MRO,ECB Main Refi Rate,rates,ECB,2026-09-21T04:39:56+00:00,2025-12-18
2025-07-19,2.15,ECB_MRO,ECB Main Refi Rate,rates,ECB,2026-09-21T04:39:56+00:00,2025-12-18
2025-07-20,2.15,ECB_MRO,ECB Main Refi Rate,rates,ECB,2026-09-21T04:39:56+00:00,2025-12-18
2025-07-21,2.15,ECB_MRO,ECB Main Refi Rate,rates,ECB,2026-09-21T04:39:56+00:00,2025-12-18
2025-07-22,2.15,ECB_MRO,ECB Main Refi Rate,rates,ECB,2026-09-21T04:39:56+00:00,2025-12-18
2025-07-23,2.15,ECB_MRO,ECB Main Refi Rate,rates,ECB,2026-09-21T04:39:56+00:00,2025-12-18
2025-07-24,2.15,ECB_MRO,ECB Main Refi Rate,rates,ECB,2026-09-21T04:39:56+00:00,2025-12-18
2025-07-25,2.15,ECB_MRO,ECB Main Refi Rate,rates,ECB,2026-09-21T04:39:56+00:00,2025-12-18
2025-07-26,2.15,ECB_MRO,ECB Main Refi Rate,rates,ECB,2026-09-21T04:39:56+00:00,2025-12-18
2025-07-27,2.15,ECB_MRO,ECB Main Refi Rate,rates,ECB,2026-09-21T04:39:56+00:00,2025-12-18
2025-07-28,2.15,ECB_MRO,ECB Main Refi Rate,rates,ECB,2026-09-21T04:39:56+00:00,2025-12-18
2025-07-29,2.15,ECB_MRO,ECB Main Refi Rate,rates,ECB,2026-09-21T04:39:56+00:00,2025-12-18
2025-07-30,2.15,ECB_MRO,ECB Main Refi Rate,rates,ECB,2026-09-21T04:39:56+00:00,2025-12-18
2025-07-31,2.15,ECB_MRO,ECB Main Refi Rate,rates,ECB,2026-09-21T04:39:56+00:00,2025-12-18
2025-08-01,2.15,ECB_MRO,ECB Main Refi Rate,rates,ECB,2026-09-21T04:39:56+00:00,2025-12-18
2025-08-02,2.15,ECB_MRO,ECB Main Refi Rate,rates,ECB,2026-09-21T04:39:56+00:00,2025-12-18
2025-08-03,2.15,ECB_MRO,ECB Main Refi Rate,rates,ECB,2026-09-21T04:39:56+00:00,2025-12-18
2025-08-04,2.15,ECB_MRO,ECB Main Refi Rate,rates,ECB,2026-09-21T04:39:56+00:00,2025-12-18
2025-08-05,2.15,ECB_MRO,ECB Main Refi Rate,rates,ECB,2026-09-21T04:39:56+00:00,2025-12-18
2025-08-06,2.15,ECB_MRO,ECB Main Refi Rate,rates,ECB,2026-09-21T04:39:56+00:00,2025-12-18
2025-08-07,2.15,ECB_MRO,ECB Main Refi Rate,rates,ECB,2026-09-21T04:39:56+00:00,2025-12-18
2025-08-08,2.15,ECB_MRO,ECB Main Refi Rate,rates,ECB,2026-09-21T04:39:56+00:00,2025-12-18
2025-08-09,2.15,ECB_MRO,ECB Main Refi Rate,rates,ECB,2026-09-21T04:39:56+00:00,2025-12-18
2025-08-10,2.15,ECB_MRO,ECB Main Refi Rate,rates,ECB,2026-09-21T04:39:56+00:00,2025-12-18
2025-08-11,2.15,ECB_MRO,ECB Main Refi Rate,rates,ECB,2026-09-21T04:39:56+00:00,2025-12-18
2025-08-12,2.15,ECB_MRO,ECB Main Refi Rate,rates,ECB,2026-09-21T04:39:56+00:00,2025-12-18
2025-08-13,2.15,ECB_MRO,ECB Main Refi Rate,rates,ECB,2026-09-21T04:39:56+00:00,2025-12-18
2025-08-14,2.15,ECB_MRO,ECB Main Refi Rate,rates,ECB,2026-09-21T04:39:56+00:00,2025-12-18
2025-08-15,2.15,ECB_MRO,ECB Main Refi Rate,rates,ECB,2026-09-21T04:39:56+00:00,2025-12-18
2025-08-16,2.15,ECB_MRO,ECB Main Refi Rate,rates,ECB,2026-09-21T04:39:56+00:00,2025-12-18
2025-08-17,2.15,ECB_MRO,ECB Main Refi Rate,rates,ECB,2026-09-21T04:39:56+00:00,2025-12-18
2025-08-18,2.15,ECB_MRO,ECB Main Refi Rate,rates,ECB,2026-09-21T04:39:56+00:00,2025-12-18
2025-08-19,2.15,ECB_MRO,ECB Main Refi Rate,rates,ECB,2026-09-21T04:39:56+00:00,2025-12-18
2025-08-20,2.15,ECB_MRO,ECB Main Refi Rate,rates,ECB,2026-09-21T04:39:56+00:00,2025-12-18
2025-08-21,2.15,ECB_MRO,ECB Main Refi Rate,rates,ECB,2026-09-21T04:39:56+00:00,2025-12-18
2025-08-22,2.15,ECB_MRO,ECB Main Refi Rate,rates,ECB,2026-09-21T04:39:56+00:00,2025-12-18
2025-08-23,2.15,ECB_MRO,ECB Main Refi Rate,rates,ECB,2026-09-21T04:39:56+00:00,2025-12-18
2025-08-24,2.15,ECB_MRO,ECB Main Refi Rate,rates,ECB,2026-09-21T04:39:56+00:00,2025-12-18
2025-08-25,2.15,ECB_MRO,ECB Main Refi Rate,rates,ECB,2026-09-21T04:39:56+00:00,2025-12-18
2025-08-26,2.15,ECB_MRO,ECB Main Refi Rate,rates,ECB,2026-09-21T04:39:56+00:00,2025-12-18
2025-08-27,2.15,ECB_MRO,ECB Main Refi Rate,rates,ECB,2026-09-21T04:39:56+00:00,2025-12-18
2025-08-28,2.15,ECB_MRO,ECB Main Refi Rate,rates,ECB,2026-09-21T04:39:56+00:00,2025-12-18
2025-08-29,2.15,ECB_MRO,ECB Main Refi Rate,rates,ECB,2026-09-21T04:39:56+00:00,2025-12-18
2025-08-30,2.15,ECB_MRO,ECB Main Refi Rate,rates,ECB,2026-09-21T04:39:56+00:00,2025-12-18
2025-08-31,2.15,ECB_MRO,ECB Main Refi Rate,rates,ECB,2026-09-21T04:39:56+00:00,2025-12-18
2025-09-01,2.15,ECB_MRO,ECB Main Refi Rate,rates,ECB,2026-09-21T04:39:56+00:00,2025-12-18
2025-09-02,2.15,ECB_MRO,ECB Main Refi Rate,rates,ECB,2026-09-21T04:39:56+00:00,2025-12-18
2025-09-03,2.15,ECB_MRO,ECB Main Refi Rate,rates,ECB,2026-09-21T04:39:56+00:00,2025-12-18
2025-09-04,2.15,ECB_MRO,ECB Main Refi Rate,rates,ECB,2026-09-21T04:39:56+00:00,2025-12-18
2025-09-05,2.15,ECB_MRO,ECB Main Refi Rate,rates,ECB,2026-09-21T04:39:56+00:00,2025-12-18
2025-09-06,2.15,ECB_MRO,ECB Main Refi Rate,rates,ECB,2026-09-21T04:39:56+00:00,2025-12-18
2025-09-07,2.15,ECB_MRO,ECB Main Refi Rate,rates,ECB,2026-09-21T04:39:56+00:00,2025-12-18
2025-09-08,2.15,ECB_MRO,ECB Main Refi Rate,rates,ECB,2026-09-21T04:39:56+00:00,2025-12-18
2025-09-09,2.15,ECB_MRO,ECB Main Refi Rate,rates,ECB,2026-09-21T04:39:56+00:00,2025-12-18
2025-09-10,2.15,ECB_MRO,ECB Main Refi Rate,rates,ECB,2026-09-21T04:39:56+00:00,2025-12-18
2025-09-11,2.15,ECB_MRO,ECB Main Refi Rate,rates,ECB,2026-09-21T04:39:56+00:00,2025-12-18
2025-09-12,2.15,ECB_MRO,ECB Main Refi Rate,rates,ECB,2026-09-21T04:39:56+00:00,2025-12-18
2025-09-13,2.15,ECB_MRO,ECB Main Refi Rate,rates,ECB,2026-09-21T04:39:56+00:00,2025-12-18
2025-09-14,2.15,ECB_MRO,ECB Main Refi Rate,rates,ECB,2026-09-21T04:39:56+00:00,2025-12-18
2025-09-15,2.15,ECB_MRO,ECB Main Refi Rate,rates,ECB,2026-09-21T04:39:56+00:00,2025-12-18
2025-09-16,2.15,ECB_MRO,ECB Main Refi Rate,rates,ECB,2026-09-21T04:39:56+00:00,2025-12-18
2025-09-17,2.15,ECB_MRO,ECB Main Refi Rate,rates,ECB,2026-09-21T04:39:56+00:00,2025-12-18
2025-09-18,2.15,ECB_MRO,ECB Main Refi Rate,rates,ECB,2026-09-21T04:39:56+00:00,2025-12-18
2025-09-19,2.15,ECB_MRO,ECB Main Refi Rate,rates,ECB,2026-09-21T04:39:56+00:00,2025-12-18
2025-09-20,2.15,ECB_MRO,ECB Main Refi Rate,rates,ECB,2026-09-21T04:39:56+00:00,2025-12-18
2025-09-21,2.15,ECB_MRO,ECB Main Refi Rate,rates,ECB,2026-09-21T04:39:56+00:00,2025-12-18
2025-09-22,2.15,ECB_MRO,ECB Main Refi Rate,rates,ECB,2026-09-21T04:39:56+00:00,2025-12-18
2025-09-23,2.15,ECB_MRO,ECB Main Refi Rate,rates,ECB,2026-09-21T04:39:56+00:00,2025-12-18
2025-09-24,2.15,ECB_MRO,ECB Main Refi Rate,rates,ECB,2026-09-21T04:39:56+00:00,2025-12-18
2025-09-25,2.15,ECB_MRO,ECB Main Refi Rate,rates,ECB,2026-09-21T04:39:56+00:00,2025-12-18
2025-09-26,2.15,ECB_MRO,ECB Main Refi Rate,rates,ECB,2026-09-21T04:39:56+00:00,2025-12-18
2025-09-27,2.15,ECB_MRO,ECB Main Refi Rate,rates,ECB,2026-09-21T04:39:56+00:00,2025-12-18
2025-09-28,2.15,ECB_MRO,ECB Main Refi Rate,rates,ECB,2026-09-21T04:39:56+00:00,2025-12-18
2025-09-29,2.15,ECB_MRO,ECB Main Refi Rate,rates,ECB,2026-09-21T04:39:56+00:00,2025-12-18
2025-09-30,2.15,ECB_MRO,ECB Main Refi Rate,rates,ECB,2026-09-21T04:39:56+00:00,2025-12-18
2025-10-01,2.15,ECB_MRO,ECB Main Refi Rate,rates,ECB,2026-09-21T04:39:56+00:00,2025-12-18
2025-10-02,2.15,ECB_MRO,ECB Main Refi Rate,rates,ECB,2026-09-21T04:39:56+00:00,2025-12-18
2025-10-03,2.15,ECB_MRO,ECB Main Refi Rate,rates,ECB,2026-09-21T04:39:56+00:00,2025-12-18
2025-10-04,2.15,ECB_MRO,ECB Main Refi Rate,rates,ECB,2026-09-21T04:39:56+00:00,2025-12-18
2025-10-05,2.15,ECB_MRO,ECB Main Refi Rate,rates,ECB,2026-09-21T04:39:56+00:00,2025-12-18
2025-10-06,2.15,ECB_MRO,ECB Main Refi Rate,rates,ECB,2026-09-21T04:39:56+00:00,2025-12-18
2025-10-07,2.15,ECB_MRO,ECB Main Refi Rate,rates,ECB,2026-09-21T04:39:56+00:00,2025-12-18
2025-10-08,2.15,ECB_MRO,ECB Main Refi Rate,rates,ECB,2026-09-21T04:39:56+00:00,2025-12-18
2025-10-09,2.15,ECB_MRO,ECB Main Refi Rate,rates,ECB,2026-09-21T04:39:56+00:00,2025-12-18
2025-10-10,2.15,ECB_MRO,ECB Main Refi Rate,rates,ECB,2026-09-21T04:39:56+00:00,2025-12-18
2025-10-11,2.15,ECB_MRO,ECB Main Refi Rate,rates,ECB,2026-09-21T04:39:56+00:00,2025-12-18
2025-10-12,2.15,ECB_MRO,ECB Main Refi Rate,rates,ECB,2026-09-21T04:39:56+00:00,2025-12-18
2025-10-13,2.15,ECB_MRO,ECB Main Refi Rate,rates,ECB,2026-09-21T04:39:56+00:00,2025-12-18
2025-10-14,2.15,ECB_MRO,ECB Main Refi Rate,rates,ECB,2026-09-21T04:39:56+00:00,2025-12-18
2025-10-15,2.15,ECB_MRO,ECB Main Refi Rate,rates,ECB,2026-09-21T04:39:56+00:00,2025-12-18
2025-10-16,2.15,ECB_MRO,ECB Main Refi Rate,rates,ECB,2026-09-21T04:39:56+00:00,2025-12-18
2025-10-17,2.15,ECB_MRO,ECB Main Refi Rate,rates,ECB,2026-09-21T04:39:56+00:00,2025-12-18
2025-10-18,2.15,ECB_MRO,ECB Main Refi Rate,rates,ECB,2026-09-21T04:39:56+00:00,2025-12-18
2025-10-19,2.15,ECB_MRO,ECB Main Refi Rate,rates,ECB,2026-09-21T04:39:56+00:00,2025-12-18
2025-10-20,2.15,ECB_MRO,ECB Main Refi Rate,rates,ECB,2026-09-21T04:39:56+00:00,2025-12-18
2025-10-21,2.15,ECB_MRO,ECB Main Refi Rate,rates,ECB,2026-09-21T04:39:56+00:00,2025-12-18
2025-10-22,2.15,ECB_MRO,ECB Main Refi Rate,rates,ECB,2026-09-21T04:39:56+00:00,2025-12-18
2025-10-23,2.15,ECB_MRO,ECB Main Refi Rate,rates,ECB,2026-09-21T04:39:56+00:00,2025-12-18
2025-10-24,2.15,ECB_MRO,ECB Main Refi Rate,rates,ECB,2026-09-21T04:39:56+00:00,2025-12-18
2025-10-25,2.15,ECB_MRO,ECB Main Refi Rate,rates,ECB,2026-09-21T04:39:56+00:00,2025-12-18
2025-10-26,2.15,ECB_MRO,ECB Main Refi Rate,rates,ECB,2026-09-21T04:39:56+00:00,2025-12-18
2025-10-27,2.15,ECB_MRO,ECB Main Refi Rate,rates,ECB,2026-09-21T04:39:56+00:00,2025-12-18
2025-10-28,2.15,ECB_MRO,ECB Main Refi Rate,rates,ECB,2026-09-21T04:39:56+00:00,2025-12-18
2025-10-29,2.15,ECB_MRO,ECB Main Refi Rate,rates,ECB,2026-09-21T04:39:56+00:00,2025-12-18
2025-10-30,2.15,ECB_MRO,ECB Main Refi Rate,rates,ECB,2026-09-21T04:39:56+00:00,2025-12-18
2025-10-31,2.15,ECB_MRO,ECB Main Refi Rate,rates,ECB,2026-09-21T04:39:56+00:00,2025-12-18
2025-11-01,2.15,ECB_MRO,ECB Main Refi Rate,rates,ECB,2026-09-21T04:39:56+00:00,2025-12-18
2025-11-02,2.15,ECB_MRO,ECB Main Refi Rate,rates,ECB,2026-09-21T04:39:56+00:00,2025-12-18
2025-11-03,2.15,ECB_MRO,ECB Main Refi Rate,rates,ECB,2026-09-21T04:39:56+00:00,2025-12-18
2025-11-04,2.15,ECB_MRO,ECB Main Refi Rate,rates,ECB,2026-09-21T04:39:56+00:00,2025-12-18
2025-11-05,2.15,ECB_MRO,ECB Main Refi Rate,rates,ECB,2026-09-21T04:39:56+00:00,2025-12-18
2025-11-06,2.15,ECB_MRO,ECB Main Refi Rate,rates,ECB,2026-09-21T04:39:56+00:00,2025-12-18
2025-11-07,2.15,ECB_MRO,ECB Main Refi Rate,rates,ECB,2026-09-21T04:39:56+00:00,2025-12-18
2025-11-08,2.15,ECB_MRO,ECB Main Refi Rate,rates,ECB,2026-09-21T04:39:56+00:00,2025-12-18
2025-11-09,2.15,ECB_MRO,ECB Main Refi Rate,rates,ECB,2026-09-21T04:39:56+00:00,2025-12-18
2025-11-10,2.15,ECB_MRO,ECB Main Refi Rate,rates,ECB,2026-09-21T04:39:56+00:00,2025-12-18
2025-11-11,2.15,ECB_MRO,ECB Main Refi Rate,rates,ECB,2026-09-21T04:39:56+00:00,2025-12-18
2025-11-12,2.15,ECB_MRO,ECB Main Refi Rate,rates,ECB,2026-09-21T04:39:56+00:00,2025-12-18
2025-11-13,2.15,ECB_MRO,ECB Main Refi Rate,rates,ECB,2026-09-21T04:39:56+00:00,2025-12-18
2025-11-14,2.15,ECB_MRO,ECB Main Refi Rate,rates,ECB,2026-09-21T04:39:56+00:00,2025-12-18
2025-11-15,2.15,ECB_MRO,ECB Main Refi Rate,rates,ECB,2026-09-21T04:39:56+00:00,2025-12-18
2025-11-16,2.15,ECB_MRO,ECB Main Refi Rate,rates,ECB,2026-09-21T04:39:56+00:00,2025-12-18
2025-11-17,2.15,ECB_MRO,ECB Main Refi Rate,rates,ECB,2026-09-21T04:39:56+00:00,2025-12-18
2025-11-18,2.15,ECB_MRO,ECB Main Refi Rate,rates,ECB,2026-09-21T04:39:56+00:00,2025-12-18
2025-11-19,2.15,ECB_MRO,ECB Main Refi Rate,rates,ECB,2026-09-21T04:39:56+00:00,2025-12-18
2025-11-20,2.15,ECB_MRO,ECB Main Refi Rate,rates,ECB,2026-09-21T04:39:56+00:00,2025-12-18
2025-11-21,2.15,ECB_MRO,ECB Main Refi Rate,rates,ECB,2026-09-21T04:39:56+00:00,2025-12-18
2025-11-22,2.15,ECB_MRO,ECB Main Refi Rate,rates,ECB,2026-09-21T04:39:56+00:00,2025-12-18
2025-11-23,2.15,ECB_MRO,ECB Main Refi Rate,rates,ECB,2026-09-21T04:39:56+00:00,2025-12-18
2025-11-24,2.15,ECB_MRO,ECB Main Refi Rate,rates,ECB,2026-09-21T04:39:56+00:00,2025-12-18
2025-11-25,2.15,ECB_MRO,ECB Main Refi Rate,rates,ECB,2026-09-21T04:39:56+00:00,2025-12-18
2025-11-26,2.15,ECB_MRO,ECB Main Refi Rate,rates,ECB,2026-09-21T04:39:56+00:00,2025-12-18
2025-11-27,2.15,ECB_MRO,ECB Main Refi Rate,rates,ECB,2026-09-21T04:39:56+00:00,2025-12-18
2025-11-28,2.15,ECB_MRO,ECB Main Refi Rate,rates,ECB,2026-09-21T04:39:56+00:00,2025-12-18
2025-11-29,2.15,ECB_MRO,ECB Main Refi Rate,rates,ECB,2026-09-21T04:39:56+00:00,2025-12-18
2025-11-30,2.15,ECB_MRO,ECB Main Refi Rate,rates,ECB,2026-09-21T04:39:56+00:00,2025-12-18
2025-12-01,2.15,ECB_MRO,ECB Main Refi Rate,rates,ECB,2026-09-21T04:39:56+00:00,2025-12-18
2025-12-02,2.15,ECB_MRO,ECB Main Refi Rate,rates,ECB,2026-09-21T04:39:56+00:00,2025-12-18
2025-12-03,2.15,ECB_MRO,ECB Main Refi Rate,rates,ECB,2026-09-21T04:39:56+00:00,2025-12-18
2025-12-04,2.15,ECB_MRO,ECB Main Refi Rate,rates,ECB,2026-09-21T04:39:56+00:00,2025-12-18
2025-12-05,2.15,ECB_MRO,ECB Main Refi Rate,rates,ECB,2026-09-21T04:39:56+00:00,2025-12-18
2025-12-06,2.15,ECB_MRO,ECB Main Refi Rate,rates,ECB,2026-09-21T04:39:56+00:00,2025-12-18
2025-12-07,2.15,ECB_MRO,ECB Main Refi Rate,rates,ECB,2026-09-21T04:39:56+00:00,2025-12-18
2025-12-08,2.15,ECB_MRO,ECB Main Refi Rate,rates,ECB,2026-09-21T04:39:56+00:00,2025-12-18
2025-12-09,2.15,ECB_MRO,ECB Main Refi Rate,rates,ECB,2026-09-21T04:39:56+00:00,2025-12-18
2025-12-10,2.15,ECB_MRO,ECB Main Refi Rate,rates,ECB,2026-09-21T04:39:56+00:00,2025-12-18
2025-12-11,2.15,ECB_MRO,ECB Main Refi Rate,rates,ECB,2026-09-21T04:39:56+00:00,2025-12-18
2025-12-12,2.15,ECB_MRO,ECB Main Refi Rate,rates,ECB,2026-09-21T04:39:56+00:00,2025-12-18
2025-12-13,2.15,ECB_MRO,ECB Main Refi Rate,rates,ECB,2026-09-21T04:39:56+00:00,2025-12-18
2025-12-14,2.15,ECB_MRO,ECB Main Refi Rate,rates,ECB,2026-09-21T04:39:56+00:00,2025-12-18
2025-12-15,2.15,ECB_MRO,ECB Main Refi Rate,rates,ECB,2026-09-21T04:39:56+00:00,2025-12-18
2025-12-16,2.15,ECB_MRO,ECB Main Refi Rate,rates,ECB,2026-09-21T04:39:56+00:00,2025-12-18
2025-12-17,2.15,ECB_MRO,ECB Main Refi Rate,rates,ECB,2026-09-21T04:39:56+00:00,2025-12-18
2025-12-18,2.15,ECB_MRO,ECB Main Refi Rate,rates,ECB,2026-09-21T04:39:56+00:00,2025-12-18
2024-12-13,1.0518,EURUSD,USD per EUR,fx,ECB,2026-09-21T04:39:56+00:00,2025-12-18
2024-12-16,1.0498,EURUSD,USD per EUR,fx,ECB,2026-09-21T04:39:56+00:00,2025-12-18
2024-12-17,1.0497,EURUSD,USD per EUR,fx,ECB,2026-09-21T04:39:56+00:00,2025-12-18
2024-12-18,1.0496,EURUSD,USD per EUR,fx,ECB,2026-09-21T04:39:56+00:00,2025-12-18
2024-12-19,1.0395,EURUSD,USD per EUR,fx,ECB,2026-09-21T04:39:56+00:00,2025-12-18
2024-12-20,1.039,EURUSD,USD per EUR,fx,ECB,2026-09-21T04:39:56+00:00,2025-12-18
2024-12-23,1.0393,EURUSD,USD per EUR,fx,ECB,2026-09-21T04:39:56+00:00,2025-12-18
2024-12-24,1.0395,EURUSD,USD per EUR,fx,ECB,2026-09-21T04:39:56+00:00,2025-12-18
2024-12-27,1.0435,EURUSD,USD per EUR,fx,ECB,2026-09-21T04:39:56+00:00,2025-12-18
2024-12-30,1.0444,EURUSD,USD per EUR,fx,ECB,2026-09-21T04:39:56+00:00,2025-12-18
2024-12-31,1.0389,EURUSD,USD per EUR,fx,ECB,2026-09-21T04:39:56+00:00,2025-12-18
2025-01-02,1.0321,EURUSD,USD per EUR,fx,ECB,2026-09-21T04:39:56+00:00,2025-12-18
2025-01-03,1.0299,EURUSD,USD per EUR,fx,ECB,2026-09-21T04:39:56+00:00,2025-12-18
2025-01-06,1.0426,EURUSD,USD per EUR,fx,ECB,2026-09-21T04:39:56+00:00,2025-12-18
2025-01-07,1.0393,EURUSD,USD per EUR,fx,ECB,2026-09-21T04:39:56+00:00,2025-12-18
2025-01-08,1.0286,EURUSD,USD per EUR,fx,ECB,2026-09-21T04:39:56+00:00,2025-12-18
2025-01-09,1.0305,EURUSD,USD per EUR,fx,ECB,2026-09-21T04:39:56+00:00,2025-12-18
2025-01-10,1.0304,EURUSD,USD per EUR,fx,ECB,2026-09-21T04:39:56+00:00,2025-12-18
2025-01-13,1.0198,EURUSD,USD per EUR,fx,ECB,2026-09-21T04:39:56+00:00,2025-12-18
2025-01-14,1.0245,EURUSD,USD per EUR,fx,ECB,2026-09-21T04:39:56+00:00,2025-12-18
2025-01-15,1.03,EURUSD,USD per EUR,fx,ECB,2026-09-21T04:39:56+00:00,2025-12-18
2025-01-16,1.0272,EURUSD,USD per EUR,fx,ECB,2026-09-21T04:39:56+00:00,2025-12-18
2025-01-17,1.0298,EURUSD,USD per EUR,fx,ECB,2026-09-21T04:39:56+00:00,2025-12-18
2025-01-20,1.0316,EURUSD,USD per EUR,fx,ECB,2026-09-21T04:39:56+00:00,2025-12-18
2025-01-21,1.0357,EURUSD,USD per EUR,fx,ECB,2026-09-21T04:39:56+00:00,2025-12-18
2025-01-22,1.0443,EURUSD,USD per EUR,fx,ECB,2026-09-21T04:39:56+00:00,2025-12-18
2025-01-23,1.0404,EURUSD,USD per EUR,fx,ECB,2026-09-21T04:39:56+00:00,2025-12-18
2025-01-24,1.0472,EURUSD,USD per EUR,fx,ECB,2026-09-21T04:39:56+00:00,2025-12-18
2025-01-27,1.053,EURUSD,USD per EUR,fx,ECB,2026-09-21T04:39:56+00:00,2025-12-18
2025-01-28,1.0421,EURUSD,USD per EUR,fx,ECB,2026-09-21T04:39:56+00:00,2025-12-18
2025-01-29,1.0396,EURUSD,USD per EUR,fx,ECB,2026-09-21T04:39:56+00:00,2025-12-18
2025-01-30,1.0403,EURUSD,USD per EUR,fx,ECB,2026-09-21T04:39:56+00:00,2025-12-18
2025-01-31,1.0393,EURUSD,USD per EUR,fx,ECB,2026-09-21T04:39:56+00:00,2025-12-18
2025-02-03,1.0274,EURUSD,USD per EUR,fx,ECB,2026-09-21T04:39:56+00:00,2025-12-18
2025-02-04,1.0335,EURUSD,USD per EUR,fx,ECB,2026-09-21T04:39:56+00:00,2025-12-18
2025-02-05,1.0422,EURUSD,USD per EUR,fx,ECB,2026-09-21T04:39:56+00:00,2025-12-18
2025-02-06,1.036,EURUSD,USD per EUR,fx,ECB,2026-09-21T04:39:56+00:00,2025-12-18
2025-02-07,1.0377,EURUSD,USD per EUR,fx,ECB,2026-09-21T04:39:56+00:00,2025-12-18
2025-02-10,1.032,EURUSD,USD per EUR,fx,ECB,2026-09-21T04:39:56+00:00,2025-12-18
2025-02-11,1.0324,EURUSD,USD per EUR,fx,ECB,2026-09-21T04:39:56+00:00,2025-12-18
2025-02-12,1.037,EURUSD,USD per EUR,fx,ECB,2026-09-21T04:39:56+00:00,2025-12-18
2025-02-13,1.039,EURUSD,USD per EUR,fx,ECB,2026-09-21T04:39:56+00:00,2025-12-18
2025-02-14,1.0478,EURUSD,USD per EUR,fx,ECB,2026-09-21T04:39:56+00:00,2025-12-18
2025-02-17,1.0473,EURUSD,USD per EUR,fx,ECB,2026-09-21T04:39:56+00:00,2025-12-18
2025-02-18,1.0447,EURUSD,USD per EUR,fx,ECB,2026-09-21T04:39:56+00:00,2025-12-18
2025-02-19,1.0434,EURUSD,USD per EUR,fx,ECB,2026-09-21T04:39:56+00:00,2025-12-18
2025-02-20,1.0443,EURUSD,USD per EUR,fx,ECB,2026-09-21T04:39:56+00:00,2025-12-18
2025-02-21,1.0465,EURUSD,USD per EUR,fx,ECB,2026-09-21T04:39:56+00:00,2025-12-18
2025-02-24,1.0466,EURUSD,USD per EUR,fx,ECB,2026-09-21T04:39:56+00:00,2025-12-18
2025-02-25,1.0497,EURUSD,USD per EUR,fx,ECB,2026-09-21T04:39:56+00:00,2025-12-18
2025-02-26,1.0487,EURUSD,USD per EUR,fx,ECB,2026-09-21T04:39:56+00:00,2025-12-18
2025-02-27,1.0477,EURUSD,USD per EUR,fx,ECB,2026-09-21T04:39:56+00:00,2025-12-18
2025-02-28,1.0411,EURUSD,USD per EUR,fx,ECB,2026-09-21T04:39:56+00:00,2025-12-18
2025-03-03,1.0465,EURUSD,USD per EUR,fx,ECB,2026-09-21T04:39:56+00:00,2025-12-18
2025-03-04,1.0557,EURUSD,USD per EUR,fx,ECB,2026-09-21T04:39:56+00:00,2025-12-18
2025-03-05,1.0694,EURUSD,USD per EUR,fx,ECB,2026-09-21T04:39:56+00:00,2025-12-18
2025-03-06,1.0796,EURUSD,USD per EUR,fx,ECB,2026-09-21T04:39:56+00:00,2025-12-18
2025-03-07,1.0857,EURUSD,USD per EUR,fx,ECB,2026-09-21T04:39:56+00:00,2025-12-18
2025-03-10,1.0845,EURUSD,USD per EUR,fx,ECB,2026-09-21T04:39:56+00:00,2025-12-18
2025-03-11,1.0912,EURUSD,USD per EUR,fx,ECB,2026-09-21T04:39:56+00:00,2025-12-18
2025-03-12,1.0886,EURUSD,USD per EUR,fx,ECB,2026-09-21T04:39:56+00:00,2025-12-18
2025-03-13,1.083,EURUSD,USD per EUR,fx,ECB,2026-09-21T04:39:56+00:00,2025-12-18
2025-03-14,1.0889,EURUSD,USD per EUR,fx,ECB,2026-09-21T04:39:56+00:00,2025-12-18
2025-03-17,1.0903,EURUSD,USD per EUR,fx,ECB,2026-09-21T04:39:56+00:00,2025-12-18
2025-03-18,1.0918,EURUSD,USD per EUR,fx,ECB,2026-09-21T04:39:56+00:00,2025-12-18
2025-03-19,1.0897,EURUSD,USD per EUR,fx,ECB,2026-09-21T04:39:56+00:00,2025-12-18
2025-03-20,1.0833,EURUSD,USD per EUR,fx,ECB,2026-09-21T04:39:56+00:00,2025-12-18
2025-03-21,1.0827,EURUSD,USD per EUR,fx,ECB,2026-09-21T04:39:56+00:00,2025-12-18
2025-03-24,1.0824,EURUSD,USD per EUR,fx,ECB,2026-09-21T04:39:56+00:00,2025-12-18
2025-03-25,1.0825,EURUSD,USD per EUR,fx,ECB,2026-09-21T04:39:56+00:00,2025-12-18
2025-03-26,1.0788,EURUSD,USD per EUR,fx,ECB,2026-09-21T04:39:56+00:00,2025-12-18
2025-03-27,1.0785,EURUSD,USD per EUR,fx,ECB,2026-09-21T04:39:56+00:00,2025-12-18
2025-03-28,1.0797,EURUSD,USD per EUR,fx,ECB,2026-09-21T04:39:56+00:00,2025-12-18
2025-03-31,1.0815,EURUSD,USD per EUR,fx,ECB,2026-09-21T04:39:56+00:00,2025-12-18
2025-04-01,1.0788,EURUSD,USD per EUR,fx,ECB,2026-09-21T04:39:56+00:00,2025-12-18
2025-04-02,1.0803,EURUSD,USD per EUR,fx,ECB,2026-09-21T04:39:56+00:00,2025-12-18
2025-04-03,1.1097,EURUSD,USD per EUR,fx,ECB,2026-09-21T04:39:56+00:00,2025-12-18
2025-04-04,1.1057,EURUSD,USD per EUR,fx,ECB,2026-09-21T04:39:56+00:00,2025-12-18
2025-04-07,1.0967,EURUSD,USD per EUR,fx,ECB,2026-09-21T04:39:56+00:00,2025-12-18
2025-04-08,1.095,EURUSD,USD per EUR,fx,ECB,2026-09-21T04:39:56+00:00,2025-12-18
2025-04-09,1.1045,EURUSD,USD per EUR,fx,ECB,2026-09-21T04:39:56+00:00,2025-12-18
2025-04-10,1.1082,EURUSD,USD per EUR,fx,ECB,2026-09-21T04:39:56+00:00,2025-12-18
2025-04-11,1.1346,EURUSD,USD per EUR,fx,ECB,2026-09-21T04:39:56+00:00,2025-12-18
2025-04-14,1.1377,EURUSD,USD per EUR,fx,ECB,2026-09-21T04:39:56+00:00,2025-12-18
2025-04-15,1.1324,EURUSD,USD per EUR,fx,ECB,2026-09-21T04:39:56+00:00,2025-12-18
2025-04-16,1.1355,EURUSD,USD per EUR,fx,ECB,2026-09-21T04:39:56+00:00,2025-12-18
2025-04-17,1.136,EURUSD,USD per EUR,fx,ECB,2026-09-21T04:39:56+00:00,2025-12-18
2025-04-22,1.1476,EURUSD,USD per EUR,fx,ECB,2026-09-21T04:39:56+00:00,2025-12-18
2025-04-23,1.1415,EURUSD,USD per EUR,fx,ECB,2026-09-21T04:39:56+00:00,2025-12-18
2025-04-24,1.1376,EURUSD,USD per EUR,fx,ECB,2026-09-21T04:39:56+00:00,2025-12-18
2025-04-25,1.1357,EURUSD,USD per EUR,fx,ECB,2026-09-21T04:39:56+00:00,2025-12-18
2025-04-28,1.1358,EURUSD,USD per EUR,fx,ECB,2026-09-21T04:39:56+00:00,2025-12-18
2025-04-29,1.1373,EURUSD,USD per EUR,fx,ECB,2026-09-21T04:39:56+00:00,2025-12-18
2025-04-30,1.1373,EURUSD,USD per EUR,fx,ECB,2026-09-21T04:39:56+00:00,2025-12-18
2025-05-02,1.1343,EURUSD,USD per EUR,fx,ECB,2026-09-21T04:39:56+00:00,2025-12-18
2025-05-05,1.1343,EURUSD,USD per EUR,fx,ECB,2026-09-21T04:39:56+00:00,2025-12-18
2025-05-06,1.1325,EURUSD,USD per EUR,fx,ECB,2026-09-21T04:39:56+00:00,2025-12-18
2025-05-07,1.136,EURUSD,USD per EUR,fx,ECB,2026-09-21T04:39:56+00:00,2025-12-18
2025-05-08,1.1297,EURUSD,USD per EUR,fx,ECB,2026-09-21T04:39:56+00:00,2025-12-18
2025-05-09,1.1252,EURUSD,USD per EUR,fx,ECB,2026-09-21T04:39:56+00:00,2025-12-18
2025-05-12,1.1106,EURUSD,USD per EUR,fx,ECB,2026-09-21T04:39:56+00:00,2025-12-18
2025-05-13,1.1112,EURUSD,USD per EUR,fx,ECB,2026-09-21T04:39:56+00:00,2025-12-18
2025-05-14,1.1214,EURUSD,USD per EUR,fx,ECB,2026-09-21T04:39:56+00:00,2025-12-18
2025-05-15,1.1185,EURUSD,USD per EUR,fx,ECB,2026-09-21T04:39:56+00:00,2025-12-18
2025-05-16,1.1194,EURUSD,USD per EUR,fx,ECB,2026-09-21T04:39:56+00:00,2025-12-18
2025-05-19,1.1262,EURUSD,USD per EUR,fx,ECB,2026-09-21T04:39:56+00:00,2025-12-18
2025-05-20,1.1241,EURUSD,USD per EUR,fx,ECB,2026-09-21T04:39:56+00:00,2025-12-18
2025-05-21,1.1321,EURUSD,USD per EUR,fx,ECB,2026-09-21T04:39:56+00:00,2025-12-18
2025-05-22,1.1309,EURUSD,USD per EUR,fx,ECB,2026-09-21T04:39:56+00:00,2025-12-18
2025-05-23,1.1301,EURUSD,USD per EUR,fx,ECB,2026-09-21T04:39:56+00:00,2025-12-18
2025-05-26,1.1381,EURUSD,USD per EUR,fx,ECB,2026-09-21T04:39:56+00:00,2025-12-18
2025-05-27,1.1356,EURUSD,USD per EUR,fx,ECB,2026-09-21T04:39:56+00:00,2025-12-18
2025-05-28,1.1317,EURUSD,USD per EUR,fx,ECB,2026-09-21T04:39:56+00:00,2025-12-18
2025-05-29,1.1281,EURUSD,USD per EUR,fx,ECB,2026-09-21T04:39:56+00:00,2025-12-18
2025-05-30,1.1339,EURUSD,USD per EUR,fx,ECB,2026-09-21T04:39:56+00:00,2025-12-18
2025-06-02,1.1419,EURUSD,USD per EUR,fx,ECB,2026-09-21T04:39:56+00:00,2025-12-18
2025-06-03,1.1386,EURUSD,USD per EUR,fx,ECB,2026-09-21T04:39:56+00:00,2025-12-18
2025-06-04,1.1384,EURUSD,USD per EUR,fx,ECB,2026-09-21T04:39:56+00:00,2025-12-18
2025-06-05,1.1423,EURUSD,USD per EUR,fx,ECB,2026-09-21T04:39:56+00:00,2025-12-18
2025-06-06,1.1411,EURUSD,USD per EUR,fx,ECB,2026-09-21T04:39:56+00:00,2025-12-18
2025-06-09,1.141,EURUSD,USD per EUR,fx,ECB,2026-09-21T04:39:56+00:00,2025-12-18
2025-06-10,1.1429,EURUSD,USD per EUR,fx,ECB,2026-09-21T04:39:56+00:00,2025-12-18
2025-06-11,1.1433,EURUSD,USD per EUR,fx,ECB,2026-09-21T04:39:56+00:00,2025-12-18
2025-06-12,1.1594,EURUSD,USD per EUR,fx,ECB,2026-09-21T04:39:56+00:00,2025-12-18
2025-06-13,1.1512,EURUSD,USD per EUR,fx,ECB,2026-09-21T04:39:56+00:00,2025-12-18
2025-06-16,1.1574,EURUSD,USD per EUR,fx,ECB,2026-09-21T04:39:56+00:00,2025-12-18
2025-06-17,1.1568,EURUSD,USD per EUR,fx,ECB,2026-09-21T04:39:56+00:00,2025-12-18
2025-06-18,1.1508,EURUSD,USD per EUR,fx,ECB,2026-09-21T04:39:56+00:00,2025-12-18
2025-06-19,1.1478,EURUSD,USD per EUR,fx,ECB,2026-09-21T04:39:56+00:00,2025-12-18
2025-06-20,1.1515,EURUSD,USD per EUR,fx,ECB,2026-09-21T04:39:56+00:00,2025-12-18
2025-06-23,1.1472,EURUSD,USD per EUR,fx,ECB,2026-09-21T04:39:56+00:00,2025-12-18
2025-06-24,1.1607,EURUSD,USD per EUR,fx,ECB,2026-09-21T04:39:56+00:00,2025-12-18
2025-06-25,1.1598,EURUSD,USD per EUR,fx,ECB,2026-09-21T04:39:56+00:00,2025-12-18
2025-06-26,1.1695,EURUSD,USD per EUR,fx,ECB,2026-09-21T04:39:56+00:00,2025-12-18
2025-06-27,1.1704,EURUSD,USD per EUR,fx,ECB,2026-09-21T04:39:56+00:00,2025-12-18
2025-06-30,1.172,EURUSD,USD per EUR,fx,ECB,2026-09-21T04:39:56+00:00,2025-12-18
2025-07-01,1.181,EURUSD,USD per EUR,fx,ECB,2026-09-21T04:39:56+00:00,2025-12-18
2025-07-02,1.1755,EURUSD,USD per EUR,fx,ECB,2026-09-21T04:39:56+00:00,2025-12-18
2025-07-03,1.1782,EURUSD,USD per EUR,fx,ECB,2026-09-21T04:39:56+00:00,2025-12-18
2025-07-04,1.1767,EURUSD,USD per EUR,fx,ECB,2026-09-21T04:39:56+00:00,2025-12-18
2025-07-07,1.1728,EURUSD,USD per EUR,fx,ECB,2026-09-21T04:39:56+00:00,2025-12-18
2025-07-08,1.1718,EURUSD,USD per EUR,fx,ECB,2026-09-21T04:39:56+00:00,2025-12-18
2025-07-09,1.1698,EURUSD,USD per EUR,fx,ECB,2026-09-21T04:39:56+00:00,2025-12-18
2025-07-10,1.1709,EURUSD,USD per EUR,fx,ECB,2026-09-21T04:39:56+00:00,2025-12-18
2025-07-11,1.1683,EURUSD,USD per EUR,fx,ECB,2026-09-21T04:39:56+00:00,2025-12-18
2025-07-14,1.169,EURUSD,USD per EUR,fx,ECB,2026-09-21T04:39:56+00:00,2025-12-18
2025-07-15,1.1665,EURUSD,USD per EUR,fx,ECB,2026-09-21T04:39:56+00:00,2025-12-18
2025-07-16,1.1602,EURUSD,USD per EUR,fx,ECB,2026-09-21T04:39:56+00:00,2025-12-18
2025-07-17,1.1579,EURUSD,USD per EUR,fx,ECB,2026-09-21T04:39:56+00:00,2025-12-18
2025-07-18,1.165,EURUSD,USD per EUR,fx,ECB,2026-09-21T04:39:56+00:00,2025-12-18
2025-07-21,1.1667,EURUSD,USD per EUR,fx,ECB,2026-09-21T04:39:56+00:00,2025-12-18
2025-07-22,1.1699,EURUSD,USD per EUR,fx,ECB,2026-09-21T04:39:56+00:00,2025-12-18
2025-07-23,1.1726,EURUSD,USD per EUR,fx,ECB,2026-09-21T04:39:56+00:00,2025-12-18
2025-07-24,1.1756,EURUSD,USD per EUR,fx,ECB,2026-09-21T04:39:56+00:00,2025-12-18
2025-07-25,1.1724,EURUSD,USD per EUR,fx,ECB,2026-09-21T04:39:56+00:00,2025-12-18
2025-07-28,1.1654,EURUSD,USD per EUR,fx,ECB,2026-09-21T04:39:56+00:00,2025-12-18
2025-07-29,1.1533,EURUSD,USD per EUR,fx,ECB,2026-09-21T04:39:56+00:00,2025-12-18
2025-07-30,1.1527,EURUSD,USD per EUR,fx,ECB,2026-09-21T04:39:56+00:00,2025-12-18
2025-07-31,1.1446,EURUSD,USD per EUR,fx,ECB,2026-09-21T04:39:56+00:00,2025-12-18
2025-08-01,1.1404,EURUSD,USD per EUR,fx,ECB,2026-09-21T04:39:56+00:00,2025-12-18
2025-08-04,1.1565,EURUSD,USD per EUR,fx,ECB,2026-09-21T04:39:56+00:00,2025-12-18
2025-08-05,1.1546,EURUSD,USD per EUR,fx,ECB,2026-09-21T04:39:56+00:00,2025-12-18
2025-08-06,1.1604,EURUSD,USD per EUR,fx,ECB,2026-09-21T04:39:56+00:00,2025-12-18
2025-08-07,1.1643,EURUSD,USD per EUR,fx,ECB,2026-09-21T04:39:56+00:00,2025-12-18
2025-08-08,1.1648,EURUSD,USD per EUR,fx,ECB,2026-09-21T04:39:56+00:00,2025-12-18
2025-08-11,1.1622,EURUSD,USD per EUR,fx,ECB,2026-09-21T04:39:56+00:00,2025-12-18
2025-08-12,1.1606,EURUSD,USD per EUR,fx,ECB,2026-09-21T04:39:56+00:00,2025-12-18
2025-08-13,1.1711,EURUSD,USD per EUR,fx,ECB,2026-09-21T04:39:56+00:00,2025-12-18
2025-08-14,1.169,EURUSD,USD per EUR,fx,ECB,2026-09-21T04:39:56+00:00,2025-12-18
2025-08-15,1.1688,EURUSD,USD per EUR,fx,ECB,2026-09-21T04:39:56+00:00,2025-12-18
2025-08-18,1.1673,EURUSD,USD per EUR,fx,ECB,2026-09-21T04:39:56+00:00,2025-12-18
2025-08-19,1.1682,EURUSD,USD per EUR,fx,ECB,2026-09-21T04:39:56+00:00,2025-12-18
2025-08-20,1.1651,EURUSD,USD per EUR,fx,ECB,2026-09-21T04:39:56+00:00,2025-12-18
2025-08-21,1.1639,EURUSD,USD per EUR,fx,ECB,2026-09-21T04:39:56+00:00,2025-12-18
2025-08-22,1.1608,EURUSD,USD per EUR,fx,ECB,2026-09-21T04:39:56+00:00,2025-12-18
2025-08-25,1.1697,EURUSD,USD per EUR,fx,ECB,2026-09-21T04:39:56+00:00,2025-12-18
2025-08-26,1.1656,EURUSD,USD per EUR,fx,ECB,2026-09-21T04:39:56+00:00,2025-12-18
2025-08-27,1.1593,EURUSD,USD per EUR,fx,ECB,2026-09-21T04:39:56+00:00,2025-12-18
2025-08-28,1.1676,EURUSD,USD per EUR,fx,ECB,2026-09-21T04:39:56+00:00,2025-12-18
2025-08-29,1.1658,EURUSD,USD per EUR,fx,ECB,2026-09-21T04:39:56+00:00,2025-12-18
2025-09-01,1.1715,EURUSD,USD per EUR,fx,ECB,2026-09-21T04:39:56+00:00,2025-12-18
2025-09-02,1.1646,EURUSD,USD per EUR,fx,ECB,2026-09-21T04:39:56+00:00,2025-12-18
2025-09-03,1.1653,EURUSD,USD per EUR,fx,ECB,2026-09-21T04:39:56+00:00,2025-12-18
2025-09-04,1.1647,EURUSD,USD per EUR,fx,ECB,2026-09-21T04:39:56+00:00,2025-12-18
2025-09-05,1.1697,EURUSD,USD per EUR,fx,ECB,2026-09-21T04:39:56+00:00,2025-12-18
2025-09-08,1.1728,EURUSD,USD per EUR,fx,ECB,2026-09-21T04:39:56+00:00,2025-12-18
2025-09-09,1.1744,EURUSD,USD per EUR,fx,ECB,2026-09-21T04:39:56+00:00,2025-12-18
2025-09-10,1.1707,EURUSD,USD per EUR,fx,ECB,2026-09-21T04:39:56+00:00,2025-12-18
2025-09-11,1.1685,EURUSD,USD per EUR,fx,ECB,2026-09-21T04:39:56+00:00,2025-12-18
2025-09-12,1.1718,EURUSD,USD per EUR,fx,ECB,2026-09-21T04:39:56+00:00,2025-12-18
2025-09-15,1.1766,EURUSD,USD per EUR,fx,ECB,2026-09-21T04:39:56+00:00,2025-12-18
2025-09-16,1.1807,EURUSD,USD per EUR,fx,ECB,2026-09-21T04:39:56+00:00,2025-12-18
2025-09-17,1.1837,EURUSD,USD per EUR,fx,ECB,2026-09-21T04:39:56+00:00,2025-12-18
2025-09-18,1.1818,EURUSD,USD per EUR,fx,ECB,2026-09-21T04:39:56+00:00,2025-12-18
2025-09-19,1.1736,EURUSD,USD per EUR,fx,ECB,2026-09-21T04:39:56+00:00,2025-12-18
2025-09-22,1.1781,EURUSD,USD per EUR,fx,ECB,2026-09-21T04:39:56+00:00,2025-12-18
2025-09-23,1.1793,EURUSD,USD per EUR,fx,ECB,2026-09-21T04:39:56+00:00,2025-12-18
2025-09-24,1.1756,EURUSD,USD per EUR,fx,ECB,2026-09-21T04:39:56+00:00,2025-12-18
2025-09-25,1.1739,EURUSD,USD per EUR,fx,ECB,2026-09-21T04:39:56+00:00,2025-12-18
2025-09-26,1.1672,EURUSD,USD per EUR,fx,ECB,2026-09-21T04:39:56+00:00,2025-12-18
2025-09-29,1.1723,EURUSD,USD per EUR,fx,ECB,2026-09-21T04:39:56+00:00,2025-12-18
2025-09-30,1.1741,EURUSD,USD per EUR,fx,ECB,2026-09-21T04:39:56+00:00,2025-12-18
2025-10-01,1.1724,EURUSD,USD per EUR,fx,ECB,2026-09-21T04:39:56+00:00,2025-12-18
2025-10-02,1.1754,EURUSD,USD per EUR,fx,ECB,2026-09-21T04:39:56+00:00,2025-12-18
2025-10-03,1.1734,EURUSD,USD per EUR,fx,ECB,2026-09-21T04:39:56+00:00,2025-12-18
2025-10-06,1.1678,EURUSD,USD per EUR,fx,ECB,2026-09-21T04:39:56+00:00,2025-12-18
2025-10-07,1.1666,EURUSD,USD per EUR,fx,ECB,2026-09-21T04:39:56+00:00,2025-12-18
2025-10-08,1.1627,EURUSD,USD per EUR,fx,ECB,2026-09-21T04:39:56+00:00,2025-12-18
2025-10-09,1.1611,EURUSD,USD per EUR,fx,ECB,2026-09-21T04:39:56+00:00,2025-12-18
2025-10-10,1.1568,EURUSD,USD per EUR,fx,ECB,2026-09-21T04:39:56+00:00,2025-12-18
2025-10-13,1.1569,EURUSD,USD per EUR,fx,ECB,2026-09-21T04:39:56+00:00,2025-12-18
2025-10-14,1.1553,EURUSD,USD per EUR,fx,ECB,2026-09-21T04:39:56+00:00,2025-12-18
2025-10-15,1.1622,EURUSD,USD per EUR,fx,ECB,2026-09-21T04:39:56+00:00,2025-12-18
2025-10-16,1.1649,EURUSD,USD per EUR,fx,ECB,2026-09-21T04:39:56+00:00,2025-12-18
2025-10-17,1.1681,EURUSD,USD per EUR,fx,ECB,2026-09-21T04:39:56+00:00,2025-12-18
2025-10-20,1.1655,EURUSD,USD per EUR,fx,ECB,2026-09-21T04:39:56+00:00,2025-12-18
2025-10-21,1.1607,EURUSD,USD per EUR,fx,ECB,2026-09-21T04:39:56+00:00,2025-12-18
2025-10-22,1.1587,EURUSD,USD per EUR,fx,ECB,2026-09-21T04:39:56+00:00,2025-12-18
2025-10-23,1.1593,EURUSD,USD per EUR,fx,ECB,2026-09-21T04:39:56+00:00,2025-12-18
2025-10-24,1.1612,EURUSD,USD per EUR,fx,ECB,2026-09-21T04:39:56+00:00,2025-12-18
2025-10-27,1.164,EURUSD,USD per EUR,fx,ECB,2026-09-21T04:39:56+00:00,2025-12-18
2025-10-28,1.163,EURUSD,USD per EUR,fx,ECB,2026-09-21T04:39:56+00:00,2025-12-18
2025-10-29,1.1636,EURUSD,USD per EUR,fx,ECB,2026-09-21T04:39:56+00:00,2025-12-18
2025-10-30,1.155,EURUSD,USD per EUR,fx,ECB,2026-09-21T04:39:56+00:00,2025-12-18
2025-10-31,1.1554,EURUSD,USD per EUR,fx,ECB,2026-09-21T04:39:56+00:00,2025-12-18
2025-11-03,1.1514,EURUSD,USD per EUR,fx,ECB,2026-09-21T04:39:56+00:00,2025-12-18
2025-11-04,1.1491,EURUSD,USD per EUR,fx,ECB,2026-09-21T04:39:56+00:00,2025-12-18
2025-11-05,1.1492,EURUSD,USD per EUR,fx,ECB,2026-09-21T04:39:56+00:00,2025-12-18
2025-11-06,1.1533,EURUSD,USD per EUR,fx,ECB,2026-09-21T04:39:56+00:00,2025-12-18
2025-11-07,1.1561,EURUSD,USD per EUR,fx,ECB,2026-09-21T04:39:56+00:00,2025-12-18
2025-11-10,1.1571,EURUSD,USD per EUR,fx,ECB,2026-09-21T04:39:56+00:00,2025-12-18
2025-11-11,1.1575,EURUSD,USD per EUR,fx,ECB,2026-09-21T04:39:56+00:00,2025-12-18
2025-11-12,1.1576,EURUSD,USD per EUR,fx,ECB,2026-09-21T04:39:56+00:00,2025-12-18
2025-11-13,1.1619,EURUSD,USD per EUR,fx,ECB,2026-09-21T04:39:56+00:00,2025-12-18
2025-11-14,1.1648,EURUSD,USD per EUR,fx,ECB,2026-09-21T04:39:56+00:00,2025-12-18
2025-11-17,1.1593,EURUSD,USD per EUR,fx,ECB,2026-09-21T04:39:56+00:00,2025-12-18
2025-11-18,1.159,EURUSD,USD per EUR,fx,ECB,2026-09-21T04:39:56+00:00,2025-12-18
2025-11-19,1.1583,EURUSD,USD per EUR,fx,ECB,2026-09-21T04:39:56+00:00,2025-12-18
2025-11-20,1.1514,EURUSD,USD per EUR,fx,ECB,2026-09-21T04:39:56+00:00,2025-12-18
2025-11-21,1.152,EURUSD,USD per EUR,fx,ECB,2026-09-21T04:39:56+00:00,2025-12-18
2025-11-24,1.1544,EURUSD,USD per EUR,fx,ECB,2026-09-21T04:39:56+00:00,2025-12-18
2025-11-25,1.1551,EURUSD,USD per EUR,fx,ECB,2026-09-21T04:39:56+00:00,2025-12-18
2025-11-26,1.1577,EURUSD,USD per EUR,fx,ECB,2026-09-21T04:39:56+00:00,2025-12-18
2025-11-27,1.1586,EURUSD,USD per EUR,fx,ECB,2026-09-21T04:39:56+00:00,2025-12-18
2025-11-28,1.1566,EURUSD,USD per EUR,fx,ECB,2026-09-21T04:39:56+00:00,2025-12-18
2025-12-01,1.1646,EURUSD,USD per EUR,fx,ECB,2026-09-21T04:39:56+00:00,2025-12-18
2025-12-02,1.1614,EURUSD,USD per EUR,fx,ECB,2026-09-21T04:39:56+00:00,2025-12-18
2025-12-03,1.1668,EURUSD,USD per EUR,fx,ECB,2026-09-21T04:39:56+00:00,2025-12-18
2025-12-04,1.1666,EURUSD,USD per EUR,fx,ECB,2026-09-21T04:39:56+00:00,2025-12-18
2025-12-05,1.1645,EURUSD,USD per EUR,fx,ECB,2026-09-21T04:39:56+00:00,2025-12-18
2025-12-08,1.1655,EURUSD,USD per EUR,fx,ECB,2026-09-21T04:39:56+00:00,2025-12-18
2025-12-09,1.1637,EURUSD,USD per EUR,fx,ECB,2026-09-21T04:39:56+00:00,2025-12-18
2025-12-10,1.1634,EURUSD,USD per EUR,fx,ECB,2026-09-21T04:39:56+00:00,2025-12-18
2025-12-11,1.1714,EURUSD,USD per EUR,fx,ECB,2026-09-21T04:39:56+00:00,2025-12-18
2025-12-12,1.1731,EURUSD,USD per EUR,fx,ECB,2026-09-21T04:39:56+00:00,2025-12-18
2025-12-15,1.1753,EURUSD,USD per EUR,fx,ECB,2026-09-21T04:39:56+00:00,2025-12-18
2025-12-16,1.1776,EURUSD,USD per EUR,fx,ECB,2026-09-21T04:39:56+00:00,2025-12-18
2025-12-17,1.1722,EURUSD,USD per EUR,fx,ECB,2026-09-21T04:39:56+00:00,2025-12-18
2025-12-18,1.1719,EURUSD,USD per EUR,fx,ECB,2026-09-21T04:39:56+00:00,2025-12-18
2024-12-13,0.83043,GBPEUR,GBP per EUR,fx,ECB,2026-09-21T04:39:56+00:00,2025-12-18
2024-12-16,0.82945,GBPEUR,GBP per EUR,fx,ECB,2026-09-21T04:39:56+00:00,2025-12-18
2024-12-17,0.82648,GBPEUR,GBP per EUR,fx,ECB,2026-09-21T04:39:56+00:00,2025-12-18
2024-12-18,0.8252,GBPEUR,GBP per EUR,fx,ECB,2026-09-21T04:39:56+00:00,2025-12-18
2024-12-19,0.82445,GBPEUR,GBP per EUR,fx,ECB,2026-09-21T04:39:56+00:00,2025-12-18
2024-12-20,0.82965,GBPEUR,GBP per EUR,fx,ECB,2026-09-21T04:39:56+00:00,2025-12-18
2024-12-23,0.82995,GBPEUR,GBP per EUR,fx,ECB,2026-09-21T04:39:56+00:00,2025-12-18
2024-12-24,0.82805,GBPEUR,GBP per EUR,fx,ECB,2026-09-21T04:39:56+00:00,2025-12-18
2024-12-27,0.83098,GBPEUR,GBP per EUR,fx,ECB,2026-09-21T04:39:56+00:00,2025-12-18
2024-12-30,0.8295,GBPEUR,GBP per EUR,fx,ECB,2026-09-21T04:39:56+00:00,2025-12-18
2024-12-31,0.82918,GBPEUR,GBP per EUR,fx,ECB,2026-09-21T04:39:56+00:00,2025-12-18
2025-01-02,0.83118,GBPEUR,GBP per EUR,fx,ECB,2026-09-21T04:39:56+00:00,2025-12-18
2025-01-03,0.82993,GBPEUR,GBP per EUR,fx,ECB,2026-09-21T04:39:56+00:00,2025-12-18
2025-01-06,0.83098,GBPEUR,GBP per EUR,fx,ECB,2026-09-21T04:39:56+00:00,2025-12-18
2025-01-07,0.82915,GBPEUR,GBP per EUR,fx,ECB,2026-09-21T04:39:56+00:00,2025-12-18
2025-01-08,0.83403,GBPEUR,GBP per EUR,fx,ECB,2026-09-21T04:39:56+00:00,2025-12-18
2025-01-09,0.83808,GBPEUR,GBP per EUR,fx,ECB,2026-09-21T04:39:56+00:00,2025-12-18
2025-01-10,0.83693,GBPEUR,GBP per EUR,fx,ECB,2026-09-21T04:39:56+00:00,2025-12-18
2025-01-13,0.8416,GBPEUR,GBP per EUR,fx,ECB,2026-09-21T04:39:56+00:00,2025-12-18
2025-01-14,0.84288,GBPEUR,GBP per EUR,fx,ECB,2026-09-21T04:39:56+00:00,2025-12-18
2025-01-15,0.84313,GBPEUR,GBP per EUR,fx,ECB,2026-09-21T04:39:56+00:00,2025-12-18
2025-01-16,0.84258,GBPEUR,GBP per EUR,fx,ECB,2026-09-21T04:39:56+00:00,2025-12-18
2025-01-17,0.84453,GBPEUR,GBP per EUR,fx,ECB,2026-09-21T04:39:56+00:00,2025-12-18
2025-01-20,0.84588,GBPEUR,GBP per EUR,fx,ECB,2026-09-21T04:39:56+00:00,2025-12-18
2025-01-21,0.84553,GBPEUR,GBP per EUR,fx,ECB,2026-09-21T04:39:56+00:00,2025-12-18
2025-01-22,0.84466,GBPEUR,GBP per EUR,fx,ECB,2026-09-21T04:39:56+00:00,2025-12-18
2025-01-23,0.84468,GBPEUR,GBP per EUR,fx,ECB,2026-09-21T04:39:56+00:00,2025-12-18
2025-01-24,0.84413,GBPEUR,GBP per EUR,fx,ECB,2026-09-21T04:39:56+00:00,2025-12-18
2025-01-27,0.84106,GBPEUR,GBP per EUR,fx,ECB,2026-09-21T04:39:56+00:00,2025-12-18
2025-01-28,0.83868,GBPEUR,GBP per EUR,fx,ECB,2026-09-21T04:39:56+00:00,2025-12-18
2025-01-29,0.83723,GBPEUR,GBP per EUR,fx,ECB,2026-09-21T04:39:56+00:00,2025-12-18
2025-01-30,0.83685,GBPEUR,GBP per EUR,fx,ECB,2026-09-21T04:39:56+00:00,2025-12-18
2025-01-31,0.83608,GBPEUR,GBP per EUR,fx,ECB,2026-09-21T04:39:56+00:00,2025-12-18
2025-02-03,0.83136,GBPEUR,GBP per EUR,fx,ECB,2026-09-21T04:39:56+00:00,2025-12-18
2025-02-04,0.83188,GBPEUR,GBP per EUR,fx,ECB,2026-09-21T04:39:56+00:00,2025-12-18
2025-02-05,0.83085,GBPEUR,GBP per EUR,fx,ECB,2026-09-21T04:39:56+00:00,2025-12-18
2025-02-06,0.83688,GBPEUR,GBP per EUR,fx,ECB,2026-09-21T04:39:56+00:00,2025-12-18
2025-02-07,0.83353,GBPEUR,GBP per EUR,fx,ECB,2026-09-21T04:39:56+00:00,2025-12-18
2025-02-10,0.83283,GBPEUR,GBP per EUR,fx,ECB,2026-09-21T04:39:56+00:00,2025-12-18
2025-02-11,0.83355,GBPEUR,GBP per EUR,fx,ECB,2026-09-21T04:39:56+00:00,2025-12-18
2025-02-12,0.83338,GBPEUR,GBP per EUR,fx,ECB,2026-09-21T04:39:56+00:00,2025-12-18
2025-02-13,0.83313,GBPEUR,GBP per EUR,fx,ECB,2026-09-21T04:39:56+00:00,2025-12-18
2025-02-14,0.83215,GBPEUR,GBP per EUR,fx,ECB,2026-09-21T04:39:56+00:00,2025-12-18
2025-02-17,0.83133,GBPEUR,GBP per EUR,fx,ECB,2026-09-21T04:39:56+00:00,2025-12-18
2025-02-18,0.83025,GBPEUR,GBP per EUR,fx,ECB,2026-09-21T04:39:56+00:00,2025-12-18
2025-02-19,0.82838,GBPEUR,GBP per EUR,fx,ECB,2026-09-21T04:39:56+00:00,2025-12-18
2025-02-20,0.82823,GBPEUR,GBP per EUR,fx,ECB,2026-09-21T04:39:56+00:00,2025-12-18
2025-02-21,0.8276,GBPEUR,GBP per EUR,fx,ECB,2026-09-21T04:39:56+00:00,2025-12-18
2025-02-24,0.8283,GBPEUR,GBP per EUR,fx,ECB,2026-09-21T04:39:56+00:00,2025-12-18
2025-02-25,0.82908,GBPEUR,GBP per EUR,fx,ECB,2026-09-21T04:39:56+00:00,2025-12-18
2025-02-26,0.82868,GBPEUR,GBP per EUR,fx,ECB,2026-09-21T04:39:56+00:00,2025-12-18
2025-02-27,0.82673,GBPEUR,GBP per EUR,fx,ECB,2026-09-21T04:39:56+00:00,2025-12-18
2025-02-28,0.82608,GBPEUR,GBP per EUR,fx,ECB,2026-09-21T04:39:56+00:00,2025-12-18
2025-03-03,0.8253,GBPEUR,GBP per EUR,fx,ECB,2026-09-21T04:39:56+00:00,2025-12-18
2025-03-04,0.82788,GBPEUR,GBP per EUR,fx,ECB,2026-09-21T04:39:56+00:00,2025-12-18
2025-03-05,0.835,GBPEUR,GBP per EUR,fx,ECB,2026-09-21T04:39:56+00:00,2025-12-18
2025-03-06,0.8379,GBPEUR,GBP per EUR,fx,ECB,2026-09-21T04:39:56+00:00,2025-12-18
2025-03-07,0.84088,GBPEUR,GBP per EUR,fx,ECB,2026-09-21T04:39:56+00:00,2025-12-18
2025-03-10,0.83849,GBPEUR,GBP per EUR,fx,ECB,2026-09-21T04:39:56+00:00,2025-12-18
2025-03-11,0.84374,GBPEUR,GBP per EUR,fx,ECB,2026-09-21T04:39:56+00:00,2025-12-18
2025-03-12,0.84078,GBPEUR,GBP per EUR,fx,ECB,2026-09-21T04:39:56+00:00,2025-12-18
2025-03-13,0.83778,GBPEUR,GBP per EUR,fx,ECB,2026-09-21T04:39:56+00:00,2025-12-18
2025-03-14,0.84183,GBPEUR,GBP per EUR,fx,ECB,2026-09-21T04:39:56+00:00,2025-12-18
2025-03-17,0.84026,GBPEUR,GBP per EUR,fx,ECB,2026-09-21T04:39:56+00:00,2025-12-18
2025-03-18,0.84173,GBPEUR,GBP per EUR,fx,ECB,2026-09-21T04:39:56+00:00,2025-12-18
2025-03-19,0.84078,GBPEUR,GBP per EUR,fx,ECB,2026-09-21T04:39:56+00:00,2025-12-18
2025-03-20,0.8369,GBPEUR,GBP per EUR,fx,ECB,2026-09-21T04:39:56+00:00,2025-12-18
2025-03-21,0.83765,GBPEUR,GBP per EUR,fx,ECB,2026-09-21T04:39:56+00:00,2025-12-18
2025-03-24,0.83663,GBPEUR,GBP per EUR,fx,ECB,2026-09-21T04:39:56+00:00,2025-12-18
2025-03-25,0.83565,GBPEUR,GBP per EUR,fx,ECB,2026-09-21T04:39:56+00:00,2025-12-18
2025-03-26,0.83623,GBPEUR,GBP per EUR,fx,ECB,2026-09-21T04:39:56+00:00,2025-12-18
2025-03-27,0.83318,GBPEUR,GBP per EUR,fx,ECB,2026-09-21T04:39:56+00:00,2025-12-18
2025-03-28,0.83358,GBPEUR,GBP per EUR,fx,ECB,2026-09-21T04:39:56+00:00,2025-12-18
2025-03-31,0.83536,GBPEUR,GBP per EUR,fx,ECB,2026-09-21T04:39:56+00:00,2025-12-18
2025-04-01,0.83665,GBPEUR,GBP per EUR,fx,ECB,2026-09-21T04:39:56+00:00,2025-12-18
2025-04-02,0.83455,GBPEUR,GBP per EUR,fx,ECB,2026-09-21T04:39:56+00:00,2025-12-18
2025-04-03,0.84163,GBPEUR,GBP per EUR,fx,ECB,2026-09-21T04:39:56+00:00,2025-12-18
2025-04-04,0.84985,GBPEUR,GBP per EUR,fx,ECB,2026-09-21T04:39:56+00:00,2025-12-18
2025-04-07,0.85588,GBPEUR,GBP per EUR,fx,ECB,2026-09-21T04:39:56+00:00,2025-12-18
2025-04-08,0.85644,GBPEUR,GBP per EUR,fx,ECB,2026-09-21T04:39:56+00:00,2025-12-18
2025-04-09,0.86435,GBPEUR,GBP per EUR,fx,ECB,2026-09-21T04:39:56+00:00,2025-12-18
2025-04-10,0.85755,GBPEUR,GBP per EUR,fx,ECB,2026-09-21T04:39:56+00:00,2025-12-18
2025-04-11,0.86678,GBPEUR,GBP per EUR,fx,ECB,2026-09-21T04:39:56+00:00,2025-12-18
2025-04-14,0.86383,GBPEUR,GBP per EUR,fx,ECB,2026-09-21T04:39:56+00:00,2025-12-18
2025-04-15,0.8557,GBPEUR,GBP per EUR,fx,ECB,2026-09-21T04:39:56+00:00,2025-12-18
2025-04-16,0.85618,GBPEUR,GBP per EUR,fx,ECB,2026-09-21T04:39:56+00:00,2025-12-18
2025-04-17,0.85873,GBPEUR,GBP per EUR,fx,ECB,2026-09-21T04:39:56+00:00,2025-12-18
2025-04-22,0.85858,GBPEUR,GBP per EUR,fx,ECB,2026-09-21T04:39:56+00:00,2025-12-18
2025-04-23,0.85793,GBPEUR,GBP per EUR,fx,ECB,2026-09-21T04:39:56+00:00,2025-12-18
2025-04-24,0.855,GBPEUR,GBP per EUR,fx,ECB,2026-09-21T04:39:56+00:00,2025-12-18
2025-04-25,0.8531,GBPEUR,GBP per EUR,fx,ECB,2026-09-21T04:39:56+00:00,2025-12-18
2025-04-28,0.8514,GBPEUR,GBP per EUR,fx,ECB,2026-09-21T04:39:56+00:00,2025-12-18
2025-04-29,0.8498,GBPEUR,GBP per EUR,fx,ECB,2026-09-21T04:39:56+00:00,2025-12-18
2025-04-30,0.8518,GBPEUR,GBP per EUR,fx,ECB,2026-09-21T04:39:56+00:00,2025-12-18
2025-05-02,0.8533,GBPEUR,GBP per EUR,fx,ECB,2026-09-21T04:39:56+00:00,2025-12-18
2025-05-05,0.8515,GBPEUR,GBP per EUR,fx,ECB,2026-09-21T04:39:56+00:00,2025-12-18
2025-05-06,0.8469,GBPEUR,GBP per EUR,fx,ECB,2026-09-21T04:39:56+00:00,2025-12-18
2025-05-07,0.8511,GBPEUR,GBP per EUR,fx,ECB,2026-09-21T04:39:56+00:00,2025-12-18
2025-05-08,0.8476,GBPEUR,GBP per EUR,fx,ECB,2026-09-21T04:39:56+00:00,2025-12-18
2025-05-09,0.8477,GBPEUR,GBP per EUR,fx,ECB,2026-09-21T04:39:56+00:00,2025-12-18
2025-05-12,0.8429,GBPEUR,GBP per EUR,fx,ECB,2026-09-21T04:39:56+00:00,2025-12-18
2025-05-13,0.8406,GBPEUR,GBP per EUR,fx,ECB,2026-09-21T04:39:56+00:00,2025-12-18
2025-05-14,0.8415,GBPEUR,GBP per EUR,fx,ECB,2026-09-21T04:39:56+00:00,2025-12-18
2025-05-15,0.8424,GBPEUR,GBP per EUR,fx,ECB,2026-09-21T04:39:56+00:00,2025-12-18
2025-05-16,0.8427,GBPEUR,GBP per EUR,fx,ECB,2026-09-21T04:39:56+00:00,2025-12-18
2025-05-19,0.8419,GBPEUR,GBP per EUR,fx,ECB,2026-09-21T04:39:56+00:00,2025-12-18
2025-05-20,0.8418,GBPEUR,GBP per EUR,fx,ECB,2026-09-21T04:39:56+00:00,2025-12-18
2025-05-21,0.8446,GBPEUR,GBP per EUR,fx,ECB,2026-09-21T04:39:56+00:00,2025-12-18
2025-05-22,0.8427,GBPEUR,GBP per EUR,fx,ECB,2026-09-21T04:39:56+00:00,2025-12-18
2025-05-23,0.8382,GBPEUR,GBP per EUR,fx,ECB,2026-09-21T04:39:56+00:00,2025-12-18
2025-05-26,0.8392,GBPEUR,GBP per EUR,fx,ECB,2026-09-21T04:39:56+00:00,2025-12-18
2025-05-27,0.8381,GBPEUR,GBP per EUR,fx,ECB,2026-09-21T04:39:56+00:00,2025-12-18
2025-05-28,0.8398,GBPEUR,GBP per EUR,fx,ECB,2026-09-21T04:39:56+00:00,2025-12-18
2025-05-29,0.8377,GBPEUR,GBP per EUR,fx,ECB,2026-09-21T04:39:56+00:00,2025-12-18
2025-05-30,0.8412,GBPEUR,GBP per EUR,fx,ECB,2026-09-21T04:39:56+00:00,2025-12-18
2025-06-02,0.8434,GBPEUR,GBP per EUR,fx,ECB,2026-09-21T04:39:56+00:00,2025-12-18
2025-06-03,0.8436,GBPEUR,GBP per EUR,fx,ECB,2026-09-21T04:39:56+00:00,2025-12-18
2025-06-04,0.8421,GBPEUR,GBP per EUR,fx,ECB,2026-09-21T04:39:56+00:00,2025-12-18
2025-06-05,0.8419,GBPEUR,GBP per EUR,fx,ECB,2026-09-21T04:39:56+00:00,2025-12-18
2025-06-06,0.8426,GBPEUR,GBP per EUR,fx,ECB,2026-09-21T04:39:56+00:00,2025-12-18
2025-06-09,0.8424,GBPEUR,GBP per EUR,fx,ECB,2026-09-21T04:39:56+00:00,2025-12-18
2025-06-10,0.8464,GBPEUR,GBP per EUR,fx,ECB,2026-09-21T04:39:56+00:00,2025-12-18
2025-06-11,0.8476,GBPEUR,GBP per EUR,fx,ECB,2026-09-21T04:39:56+00:00,2025-12-18
2025-06-12,0.8538,GBPEUR,GBP per EUR,fx,ECB,2026-09-21T04:39:56+00:00,2025-12-18
2025-06-13,0.8505,GBPEUR,GBP per EUR,fx,ECB,2026-09-21T04:39:56+00:00,2025-12-18
2025-06-16,0.8523,GBPEUR,GBP per EUR,fx,ECB,2026-09-21T04:39:56+00:00,2025-12-18
2025-06-17,0.8525,GBPEUR,GBP per EUR,fx,ECB,2026-09-21T04:39:56+00:00,2025-12-18
2025-06-18,0.8552,GBPEUR,GBP per EUR,fx,ECB,2026-09-21T04:39:56+00:00,2025-12-18
2025-06-19,0.8541,GBPEUR,GBP per EUR,fx,ECB,2026-09-21T04:39:56+00:00,2025-12-18
2025-06-20,0.8537,GBPEUR,GBP per EUR,fx,ECB,2026-09-21T04:39:56+00:00,2025-12-18
2025-06-23,0.8567,GBPEUR,GBP per EUR,fx,ECB,2026-09-21T04:39:56+00:00,2025-12-18
2025-06-24,0.8527,GBPEUR,GBP per EUR,fx,ECB,2026-09-21T04:39:56+00:00,2025-12-18
2025-06-25,0.8526,GBPEUR,GBP per EUR,fx,ECB,2026-09-21T04:39:56+00:00,2025-12-18
2025-06-26,0.8535,GBPEUR,GBP per EUR,fx,ECB,2026-09-21T04:39:56+00:00,2025-12-18
2025-06-27,0.8529,GBPEUR,GBP per EUR,fx,ECB,2026-09-21T04:39:56+00:00,2025-12-18
2025-06-30,0.8555,GBPEUR,GBP per EUR,fx,ECB,2026-09-21T04:39:56+00:00,2025-12-18
2025-07-01,0.8588,GBPEUR,GBP per EUR,fx,ECB,2026-09-21T04:39:56+00:00,2025-12-18
2025-07-02,0.8605,GBPEUR,GBP per EUR,fx,ECB,2026-09-21T04:39:56+00:00,2025-12-18
2025-07-03,0.8629,GBPEUR,GBP per EUR,fx,ECB,2026-09-21T04:39:56+00:00,2025-12-18
2025-07-04,0.8625,GBPEUR,GBP per EUR,fx,ECB,2026-09-21T04:39:56+00:00,2025-12-18
2025-07-07,0.8611,GBPEUR,GBP per EUR,fx,ECB,2026-09-21T04:39:56+00:00,2025-12-18
2025-07-08,0.8632,GBPEUR,GBP per EUR,fx,ECB,2026-09-21T04:39:56+00:00,2025-12-18
2025-07-09,0.8613,GBPEUR,GBP per EUR,fx,ECB,2026-09-21T04:39:56+00:00,2025-12-18
2025-07-10,0.8627,GBPEUR,GBP per EUR,fx,ECB,2026-09-21T04:39:56+00:00,2025-12-18
2025-07-11,0.8657,GBPEUR,GBP per EUR,fx,ECB,2026-09-21T04:39:56+00:00,2025-12-18
2025-07-14,0.8667,GBPEUR,GBP per EUR,fx,ECB,2026-09-21T04:39:56+00:00,2025-12-18
2025-07-15,0.8679,GBPEUR,GBP per EUR,fx,ECB,2026-09-21T04:39:56+00:00,2025-12-18
2025-07-16,0.8659,GBPEUR,GBP per EUR,fx,ECB,2026-09-21T04:39:56+00:00,2025-12-18
2025-07-17,0.8644,GBPEUR,GBP per EUR,fx,ECB,2026-09-21T04:39:56+00:00,2025-12-18
2025-07-18,0.8656,GBPEUR,GBP per EUR,fx,ECB,2026-09-21T04:39:56+00:00,2025-12-18
2025-07-21,0.8656,GBPEUR,GBP per EUR,fx,ECB,2026-09-21T04:39:56+00:00,2025-12-18
2025-07-22,0.8675,GBPEUR,GBP per EUR,fx,ECB,2026-09-21T04:39:56+00:00,2025-12-18
2025-07-23,0.8665,GBPEUR,GBP per EUR,fx,ECB,2026-09-21T04:39:56+00:00,2025-12-18
2025-07-24,0.8675,GBPEUR,GBP per EUR,fx,ECB,2026-09-21T04:39:56+00:00,2025-12-18
2025-07-25,0.8715,GBPEUR,GBP per EUR,fx,ECB,2026-09-21T04:39:56+00:00,2025-12-18
2025-07-28,0.8679,GBPEUR,GBP per EUR,fx,ECB,2026-09-21T04:39:56+00:00,2025-12-18
2025-07-29,0.865,GBPEUR,GBP per EUR,fx,ECB,2026-09-21T04:39:56+00:00,2025-12-18
2025-07-30,0.8622,GBPEUR,GBP per EUR,fx,ECB,2026-09-21T04:39:56+00:00,2025-12-18
2025-07-31,0.8649,GBPEUR,GBP per EUR,fx,ECB,2026-09-21T04:39:56+00:00,2025-12-18
2025-08-01,0.8665,GBPEUR,GBP per EUR,fx,ECB,2026-09-21T04:39:56+00:00,2025-12-18
2025-08-04,0.8704,GBPEUR,GBP per EUR,fx,ECB,2026-09-21T04:39:56+00:00,2025-12-18
2025-08-05,0.8693,GBPEUR,GBP per EUR,fx,ECB,2026-09-21T04:39:56+00:00,2025-12-18
2025-08-06,0.8717,GBPEUR,GBP per EUR,fx,ECB,2026-09-21T04:39:56+00:00,2025-12-18
2025-08-07,0.8673,GBPEUR,GBP per EUR,fx,ECB,2026-09-21T04:39:56+00:00,2025-12-18
2025-08-08,0.8671,GBPEUR,GBP per EUR,fx,ECB,2026-09-21T04:39:56+00:00,2025-12-18
2025-08-11,0.8656,GBPEUR,GBP per EUR,fx,ECB,2026-09-21T04:39:56+00:00,2025-12-18
2025-08-12,0.8621,GBPEUR,GBP per EUR,fx,ECB,2026-09-21T04:39:56+00:00,2025-12-18
2025-08-13,0.8631,GBPEUR,GBP per EUR,fx,ECB,2026-09-21T04:39:56+00:00,2025-12-18
2025-08-14,0.861,GBPEUR,GBP per EUR,fx,ECB,2026-09-21T04:39:56+00:00,2025-12-18
2025-08-15,0.8622,GBPEUR,GBP per EUR,fx,ECB,2026-09-21T04:39:56+00:00,2025-12-18
2025-08-18,0.8621,GBPEUR,GBP per EUR,fx,ECB,2026-09-21T04:39:56+00:00,2025-12-18
2025-08-19,0.864,GBPEUR,GBP per EUR,fx,ECB,2026-09-21T04:39:56+00:00,2025-12-18
2025-08-20,0.8645,GBPEUR,GBP per EUR,fx,ECB,2026-09-21T04:39:56+00:00,2025-12-18
2025-08-21,0.8654,GBPEUR,GBP per EUR,fx,ECB,2026-09-21T04:39:56+00:00,2025-12-18
2025-08-22,0.8653,GBPEUR,GBP per EUR,fx,ECB,2026-09-21T04:39:56+00:00,2025-12-18
2025-08-25,0.8659,GBPEUR,GBP per EUR,fx,ECB,2026-09-21T04:39:56+00:00,2025-12-18
2025-08-26,0.8642,GBPEUR,GBP per EUR,fx,ECB,2026-09-21T04:39:56+00:00,2025-12-18
2025-08-27,0.8626,GBPEUR,GBP per EUR,fx,ECB,2026-09-21T04:39:56+00:00,2025-12-18
2025-08-28,0.8637,GBPEUR,GBP per EUR,fx,ECB,2026-09-21T04:39:56+00:00,2025-12-18
2025-08-29,0.8668,GBPEUR,GBP per EUR,fx,ECB,2026-09-21T04:39:56+00:00,2025-12-18
2025-09-01,0.8662,GBPEUR,GBP per EUR,fx,ECB,2026-09-21T04:39:56+00:00,2025-12-18
2025-09-02,0.8702,GBPEUR,GBP per EUR,fx,ECB,2026-09-21T04:39:56+00:00,2025-12-18
2025-09-03,0.8687,GBPEUR,GBP per EUR,fx,ECB,2026-09-21T04:39:56+00:00,2025-12-18
2025-09-04,0.8663,GBPEUR,GBP per EUR,fx,ECB,2026-09-21T04:39:56+00:00,2025-12-18
2025-09-05,0.8678,GBPEUR,GBP per EUR,fx,ECB,2026-09-21T04:39:56+00:00,2025-12-18
2025-09-08,0.8669,GBPEUR,GBP per EUR,fx,ECB,2026-09-21T04:39:56+00:00,2025-12-18
2025-09-09,0.8663,GBPEUR,GBP per EUR,fx,ECB,2026-09-21T04:39:56+00:00,2025-12-18
2025-09-10,0.865,GBPEUR,GBP per EUR,fx,ECB,2026-09-21T04:39:56+00:00,2025-12-18
2025-09-11,0.8647,GBPEUR,GBP per EUR,fx,ECB,2026-09-21T04:39:56+00:00,2025-12-18
2025-09-12,0.8653,GBPEUR,GBP per EUR,fx,ECB,2026-09-21T04:39:56+00:00,2025-12-18
2025-09-15,0.8641,GBPEUR,GBP per EUR,fx,ECB,2026-09-21T04:39:56+00:00,2025-12-18
2025-09-16,0.8656,GBPEUR,GBP per EUR,fx,ECB,2026-09-21T04:39:56+00:00,2025-12-18
2025-09-17,0.8675,GBPEUR,GBP per EUR,fx,ECB,2026-09-21T04:39:56+00:00,2025-12-18
2025-09-18,0.868,GBPEUR,GBP per EUR,fx,ECB,2026-09-21T04:39:56+00:00,2025-12-18
2025-09-19,0.8708,GBPEUR,GBP per EUR,fx,ECB,2026-09-21T04:39:56+00:00,2025-12-18
2025-09-22,0.8729,GBPEUR,GBP per EUR,fx,ECB,2026-09-21T04:39:56+00:00,2025-12-18
2025-09-23,0.8729,GBPEUR,GBP per EUR,fx,ECB,2026-09-21T04:39:56+00:00,2025-12-18
2025-09-24,0.8731,GBPEUR,GBP per EUR,fx,ECB,2026-09-21T04:39:56+00:00,2025-12-18
2025-09-25,0.8748,GBPEUR,GBP per EUR,fx,ECB,2026-09-21T04:39:56+00:00,2025-12-18
2025-09-26,0.874,GBPEUR,GBP per EUR,fx,ECB,2026-09-21T04:39:56+00:00,2025-12-18
2025-09-29,0.8723,GBPEUR,GBP per EUR,fx,ECB,2026-09-21T04:39:56+00:00,2025-12-18
2025-09-30,0.8734,GBPEUR,GBP per EUR,fx,ECB,2026-09-21T04:39:56+00:00,2025-12-18
2025-10-01,0.8704,GBPEUR,GBP per EUR,fx,ECB,2026-09-21T04:39:56+00:00,2025-12-18
2025-10-02,0.8721,GBPEUR,GBP per EUR,fx,ECB,2026-09-21T04:39:56+00:00,2025-12-18
2025-10-03,0.8726,GBPEUR,GBP per EUR,fx,ECB,2026-09-21T04:39:56+00:00,2025-12-18
2025-10-06,0.8695,GBPEUR,GBP per EUR,fx,ECB,2026-09-21T04:39:56+00:00,2025-12-18
2025-10-07,0.8703,GBPEUR,GBP per EUR,fx,ECB,2026-09-21T04:39:56+00:00,2025-12-18
2025-10-08,0.8671,GBPEUR,GBP per EUR,fx,ECB,2026-09-21T04:39:56+00:00,2025-12-18
2025-10-09,0.8683,GBPEUR,GBP per EUR,fx,ECB,2026-09-21T04:39:56+00:00,2025-12-18
2025-10-10,0.8709,GBPEUR,GBP per EUR,fx,ECB,2026-09-21T04:39:56+00:00,2025-12-18
2025-10-13,0.8677,GBPEUR,GBP per EUR,fx,ECB,2026-09-21T04:39:56+00:00,2025-12-18
2025-10-14,0.8712,GBPEUR,GBP per EUR,fx,ECB,2026-09-21T04:39:56+00:00,2025-12-18
2025-10-15,0.8705,GBPEUR,GBP per EUR,fx,ECB,2026-09-21T04:39:56+00:00,2025-12-18
2025-10-16,0.8676,GBPEUR,GBP per EUR,fx,ECB,2026-09-21T04:39:56+00:00,2025-12-18
2025-10-17,0.8695,GBPEUR,GBP per EUR,fx,ECB,2026-09-21T04:39:56+00:00,2025-12-18
2025-10-20,0.8691,GBPEUR,GBP per EUR,fx,ECB,2026-09-21T04:39:56+00:00,2025-12-18
2025-10-21,0.8678,GBPEUR,GBP per EUR,fx,ECB,2026-09-21T04:39:56+00:00,2025-12-18
2025-10-22,0.8689,GBPEUR,GBP per EUR,fx,ECB,2026-09-21T04:39:56+00:00,2025-12-18
2025-10-23,0.8691,GBPEUR,GBP per EUR,fx,ECB,2026-09-21T04:39:56+00:00,2025-12-18
2025-10-24,0.8726,GBPEUR,GBP per EUR,fx,ECB,2026-09-21T04:39:56+00:00,2025-12-18
2025-10-27,0.8721,GBPEUR,GBP per EUR,fx,ECB,2026-09-21T04:39:56+00:00,2025-12-18
2025-10-28,0.876,GBPEUR,GBP per EUR,fx,ECB,2026-09-21T04:39:56+00:00,2025-12-18
2025-10-29,0.8807,GBPEUR,GBP per EUR,fx,ECB,2026-09-21T04:39:56+00:00,2025-12-18
2025-10-30,0.8801,GBPEUR,GBP per EUR,fx,ECB,2026-09-21T04:39:56+00:00,2025-12-18
2025-10-31,0.8816,GBPEUR,GBP per EUR,fx,ECB,2026-09-21T04:39:56+00:00,2025-12-18
2025-11-03,0.8765,GBPEUR,GBP per EUR,fx,ECB,2026-09-21T04:39:56+00:00,2025-12-18
2025-11-04,0.8795,GBPEUR,GBP per EUR,fx,ECB,2026-09-21T04:39:56+00:00,2025-12-18
2025-11-05,0.881,GBPEUR,GBP per EUR,fx,ECB,2026-09-21T04:39:56+00:00,2025-12-18
2025-11-06,0.8807,GBPEUR,GBP per EUR,fx,ECB,2026-09-21T04:39:56+00:00,2025-12-18
2025-11-07,0.8811,GBPEUR,GBP per EUR,fx,ECB,2026-09-21T04:39:56+00:00,2025-12-18
2025-11-10,0.8778,GBPEUR,GBP per EUR,fx,ECB,2026-09-21T04:39:56+00:00,2025-12-18
2025-11-11,0.8804,GBPEUR,GBP per EUR,fx,ECB,2026-09-21T04:39:56+00:00,2025-12-18
2025-11-12,0.8823,GBPEUR,GBP per EUR,fx,ECB,2026-09-21T04:39:56+00:00,2025-12-18
2025-11-13,0.8819,GBPEUR,GBP per EUR,fx,ECB,2026-09-21T04:39:56+00:00,2025-12-18
2025-11-14,0.8846,GBPEUR,GBP per EUR,fx,ECB,2026-09-21T04:39:56+00:00,2025-12-18
2025-11-17,0.8795,GBPEUR,GBP per EUR,fx,ECB,2026-09-21T04:39:56+00:00,2025-12-18
2025-11-18,0.8821,GBPEUR,GBP per EUR,fx,ECB,2026-09-21T04:39:56+00:00,2025-12-18
2025-11-19,0.8827,GBPEUR,GBP per EUR,fx,ECB,2026-09-21T04:39:56+00:00,2025-12-18
2025-11-20,0.8815,GBPEUR,GBP per EUR,fx,ECB,2026-09-21T04:39:56+00:00,2025-12-18
2025-11-21,0.8803,GBPEUR,GBP per EUR,fx,ECB,2026-09-21T04:39:56+00:00,2025-12-18
2025-11-24,0.8804,GBPEUR,GBP per EUR,fx,ECB,2026-09-21T04:39:56+00:00,2025-12-18
2025-11-25,0.8788,GBPEUR,GBP per EUR,fx,ECB,2026-09-21T04:39:56+00:00,2025-12-18
2025-11-26,0.8776,GBPEUR,GBP per EUR,fx,ECB,2026-09-21T04:39:56+00:00,2025-12-18
2025-11-27,0.8754,GBPEUR,GBP per EUR,fx,ECB,2026-09-21T04:39:56+00:00,2025-12-18
2025-11-28,0.8752,GBPEUR,GBP per EUR,fx,ECB,2026-09-21T04:39:56+00:00,2025-12-18
2025-12-01,0.8778,GBPEUR,GBP per EUR,fx,ECB,2026-09-21T04:39:56+00:00,2025-12-18
2025-12-02,0.8796,GBPEUR,GBP per EUR,fx,ECB,2026-09-21T04:39:56+00:00,2025-12-18
2025-12-03,0.8766,GBPEUR,GBP per EUR,fx,ECB,2026-09-21T04:39:56+00:00,2025-12-18
2025-12-04,0.8745,GBPEUR,GBP per EUR,fx,ECB,2026-09-21T04:39:56+00:00,2025-12-18
2025-12-05,0.8727,GBPEUR,GBP per EUR,fx,ECB,2026-09-21T04:39:56+00:00,2025-12-18
2025-12-08,0.8746,GBPEUR,GBP per EUR,fx,ECB,2026-09-21T04:39:56+00:00,2025-12-18
2025-12-09,0.8735,GBPEUR,GBP per EUR,fx,ECB,2026-09-21T04:39:56+00:00,2025-12-18
2025-12-10,0.8741,GBPEUR,GBP per EUR,fx,ECB,2026-09-21T04:39:56+00:00,2025-12-18
2025-12-11,0.8751,GBPEUR,GBP per EUR,fx,ECB,2026-09-21T04:39:56+00:00,2025-12-18
2025-12-12,0.8767,GBPEUR,GBP per EUR,fx,ECB,2026-09-21T04:39:56+00:00,2025-12-18
2025-12-15,0.8779,GBPEUR,GBP per EUR,fx,ECB,2026-09-21T04:39:56+00:00,2025-12-18
2025-12-16,0.8764,GBPEUR,GBP per EUR,fx,ECB,2026-09-21T04:39:56+00:00,2025-12-18
2025-12-17,0.8785,GBPEUR,GBP per EUR,fx,ECB,2026-09-21T04:39:56+00:00,2025-12-18
2025-12-18,0.8746,GBPEUR,GBP per EUR,fx,ECB,2026-09-21T04:39:56+00:00,2025-12-18
